ISO-10303-21;
HEADER;
/* Generated by software containing ST-Developer
 * from STEP Tools, Inc. (www.steptools.com) 
 */
/* OPTION: using custom renumber hook */

FILE_DESCRIPTION(
/* description */ ('STEP AP242 Edition 2',
'CAx-IF Rec.Pracs.---Representation and Presentation of Product Manufa
cturing Information (PMI)---4.0---2014-10-13',
'CAx-IF Rec.Pracs.---3D Tessellated Geometry---0.4---2014-09-14','2;1',
'CAx-IF Rec.Pracs.---User Defined Attributes---1.5---2016-08-15'),
/* implementation_level */ '2;1');

FILE_NAME(
/* name */ 'happy plant - air water barrier',
/* time_stamp */ '2026-10-08T17:28:05Z',
/* author */ (''),
/* organization */ (''),
/* preprocessor_version */ 'ST-DEVELOPER v20',
/* originating_system */ 'ONSHAPE BY PTC INC, 1.221',
/* authorisation */ '  ');

FILE_SCHEMA (('AP242_MANAGED_MODEL_BASED_3D_ENGINEERING_MIM_LF { 1 0 10303 442 3 1 4 }'));
ENDSEC;

DATA;
#10=SHAPE_REPRESENTATION_RELATIONSHIP('','',#2406,#11);
#11=ADVANCED_BREP_SHAPE_REPRESENTATION('',(#2404),#4060);
#12=PLANE('',#2417);
#13=PLANE('',#2418);
#14=PLANE('',#2419);
#15=PLANE('',#2420);
#16=PLANE('',#2421);
#17=PLANE('',#2692);
#18=PLANE('',#2693);
#19=PLANE('',#2694);
#20=PLANE('',#2703);
#21=PLANE('',#2706);
#22=PLANE('',#2707);
#23=PLANE('',#2708);
#24=PLANE('',#2710);
#25=PLANE('',#2713);
#26=PLANE('',#2714);
#27=PLANE('',#2716);
#28=PLANE('',#2719);
#29=PLANE('',#2720);
#30=PLANE('',#2724);
#31=PLANE('',#2725);
#32=PLANE('',#2726);
#33=LINE('',#3446,#92);
#34=LINE('',#3450,#93);
#35=LINE('',#3455,#94);
#36=LINE('',#3459,#95);
#37=LINE('',#3464,#96);
#38=LINE('',#3468,#97);
#39=LINE('',#3470,#98);
#40=LINE('',#3473,#99);
#41=LINE('',#3475,#100);
#42=LINE('',#3477,#101);
#43=LINE('',#3479,#102);
#44=LINE('',#3480,#103);
#45=LINE('',#3482,#104);
#46=LINE('',#3485,#105);
#47=LINE('',#3486,#106);
#48=LINE('',#3487,#107);
#49=LINE('',#3489,#108);
#50=LINE('',#3491,#109);
#51=LINE('',#3493,#110);
#52=LINE('',#3495,#111);
#53=LINE('',#3497,#112);
#54=LINE('',#3500,#113);
#55=LINE('',#3501,#114);
#56=LINE('',#3502,#115);
#57=LINE('',#3504,#116);
#58=LINE('',#3506,#117);
#59=LINE('',#3931,#118);
#60=LINE('',#3935,#119);
#61=LINE('',#3961,#120);
#62=LINE('',#3963,#121);
#63=LINE('',#3965,#122);
#64=LINE('',#3967,#123);
#65=LINE('',#3977,#124);
#66=LINE('',#3981,#125);
#67=LINE('',#3982,#126);
#68=LINE('',#3986,#127);
#69=LINE('',#3987,#128);
#70=LINE('',#3991,#129);
#71=LINE('',#3993,#130);
#72=LINE('',#3994,#131);
#73=LINE('',#3998,#132);
#74=LINE('',#4002,#133);
#75=LINE('',#4004,#134);
#76=LINE('',#4008,#135);
#77=LINE('',#4010,#136);
#78=LINE('',#4012,#137);
#79=LINE('',#4014,#138);
#80=LINE('',#4017,#139);
#81=LINE('',#4019,#140);
#82=LINE('',#4023,#141);
#83=LINE('',#4025,#142);
#84=LINE('',#4030,#143);
#85=LINE('',#4032,#144);
#86=LINE('',#4036,#145);
#87=LINE('',#4038,#146);
#88=LINE('',#4043,#147);
#89=LINE('',#4047,#148);
#90=LINE('',#4049,#149);
#91=LINE('',#4051,#150);
#92=VECTOR('',#2738,1.);
#93=VECTOR('',#2741,1.);
#94=VECTOR('',#2746,1.);
#95=VECTOR('',#2749,1.);
#96=VECTOR('',#2754,1.);
#97=VECTOR('',#2757,1.);
#98=VECTOR('',#2760,1.);
#99=VECTOR('',#2761,1.);
#100=VECTOR('',#2762,1.);
#101=VECTOR('',#2763,1.);
#102=VECTOR('',#2764,1.);
#103=VECTOR('',#2765,1.);
#104=VECTOR('',#2768,1.);
#105=VECTOR('',#2769,1.);
#106=VECTOR('',#2770,1.);
#107=VECTOR('',#2771,1.);
#108=VECTOR('',#2774,1.);
#109=VECTOR('',#2775,1.);
#110=VECTOR('',#2776,1.);
#111=VECTOR('',#2777,1.);
#112=VECTOR('',#2780,1.);
#113=VECTOR('',#2781,1.);
#114=VECTOR('',#2782,1.);
#115=VECTOR('',#2783,1.);
#116=VECTOR('',#2786,1.);
#117=VECTOR('',#2787,1.);
#118=VECTOR('',#3294,1.);
#119=VECTOR('',#3297,1.);
#120=VECTOR('',#3332,1.);
#121=VECTOR('',#3335,1.);
#122=VECTOR('',#3336,1.);
#123=VECTOR('',#3337,1.);
#124=VECTOR('',#3348,1.);
#125=VECTOR('',#3351,1.);
#126=VECTOR('',#3352,1.);
#127=VECTOR('',#3355,1.);
#128=VECTOR('',#3356,1.);
#129=VECTOR('',#3359,1.);
#130=VECTOR('',#3360,1.);
#131=VECTOR('',#3361,1.);
#132=VECTOR('',#3364,1.);
#133=VECTOR('',#3369,1.);
#134=VECTOR('',#3370,1.);
#135=VECTOR('',#3373,1.);
#136=VECTOR('',#3376,1.);
#137=VECTOR('',#3379,1.);
#138=VECTOR('',#3382,1.);
#139=VECTOR('',#3387,1.);
#140=VECTOR('',#3388,1.);
#141=VECTOR('',#3393,1.);
#142=VECTOR('',#3396,1.);
#143=VECTOR('',#3403,1.);
#144=VECTOR('',#3404,1.);
#145=VECTOR('',#3409,1.);
#146=VECTOR('',#3412,1.);
#147=VECTOR('',#3419,1.);
#148=VECTOR('',#3422,1.);
#149=VECTOR('',#3425,1.);
#150=VECTOR('',#3428,1.);
#151=ORIENTED_EDGE('',*,*,#673,.F.);
#152=ORIENTED_EDGE('',*,*,#674,.T.);
#153=ORIENTED_EDGE('',*,*,#675,.T.);
#154=ORIENTED_EDGE('',*,*,#676,.F.);
#155=ORIENTED_EDGE('',*,*,#677,.F.);
#156=ORIENTED_EDGE('',*,*,#678,.T.);
#157=ORIENTED_EDGE('',*,*,#679,.T.);
#158=ORIENTED_EDGE('',*,*,#680,.F.);
#159=ORIENTED_EDGE('',*,*,#681,.F.);
#160=ORIENTED_EDGE('',*,*,#682,.T.);
#161=ORIENTED_EDGE('',*,*,#683,.T.);
#162=ORIENTED_EDGE('',*,*,#684,.F.);
#163=ORIENTED_EDGE('',*,*,#685,.T.);
#164=ORIENTED_EDGE('',*,*,#686,.T.);
#165=ORIENTED_EDGE('',*,*,#687,.T.);
#166=ORIENTED_EDGE('',*,*,#688,.T.);
#167=ORIENTED_EDGE('',*,*,#689,.T.);
#168=ORIENTED_EDGE('',*,*,#684,.T.);
#169=ORIENTED_EDGE('',*,*,#690,.F.);
#170=ORIENTED_EDGE('',*,*,#691,.F.);
#171=ORIENTED_EDGE('',*,*,#692,.T.);
#172=ORIENTED_EDGE('',*,*,#680,.T.);
#173=ORIENTED_EDGE('',*,*,#693,.T.);
#174=ORIENTED_EDGE('',*,*,#674,.F.);
#175=ORIENTED_EDGE('',*,*,#694,.F.);
#176=ORIENTED_EDGE('',*,*,#695,.F.);
#177=ORIENTED_EDGE('',*,*,#696,.T.);
#178=ORIENTED_EDGE('',*,*,#697,.F.);
#179=ORIENTED_EDGE('',*,*,#698,.F.);
#180=ORIENTED_EDGE('',*,*,#678,.F.);
#181=ORIENTED_EDGE('',*,*,#699,.F.);
#182=ORIENTED_EDGE('',*,*,#700,.T.);
#183=ORIENTED_EDGE('',*,*,#676,.T.);
#184=ORIENTED_EDGE('',*,*,#701,.T.);
#185=ORIENTED_EDGE('',*,*,#682,.F.);
#186=ORIENTED_EDGE('',*,*,#702,.F.);
#187=ORIENTED_EDGE('',*,*,#703,.F.);
#188=ORIENTED_EDGE('',*,*,#690,.T.);
#189=ORIENTED_EDGE('',*,*,#683,.F.);
#190=ORIENTED_EDGE('',*,*,#701,.F.);
#191=ORIENTED_EDGE('',*,*,#675,.F.);
#192=ORIENTED_EDGE('',*,*,#693,.F.);
#193=ORIENTED_EDGE('',*,*,#679,.F.);
#194=ORIENTED_EDGE('',*,*,#698,.T.);
#195=ORIENTED_EDGE('',*,*,#704,.T.);
#196=ORIENTED_EDGE('',*,*,#705,.F.);
#197=ORIENTED_EDGE('',*,*,#706,.F.);
#198=ORIENTED_EDGE('',*,*,#707,.F.);
#199=ORIENTED_EDGE('',*,*,#708,.F.);
#200=ORIENTED_EDGE('',*,*,#709,.F.);
#201=ORIENTED_EDGE('',*,*,#710,.F.);
#202=ORIENTED_EDGE('',*,*,#711,.F.);
#203=ORIENTED_EDGE('',*,*,#712,.F.);
#204=ORIENTED_EDGE('',*,*,#713,.F.);
#205=ORIENTED_EDGE('',*,*,#714,.F.);
#206=ORIENTED_EDGE('',*,*,#715,.F.);
#207=ORIENTED_EDGE('',*,*,#716,.F.);
#208=ORIENTED_EDGE('',*,*,#717,.F.);
#209=ORIENTED_EDGE('',*,*,#718,.F.);
#210=ORIENTED_EDGE('',*,*,#719,.F.);
#211=ORIENTED_EDGE('',*,*,#720,.F.);
#212=ORIENTED_EDGE('',*,*,#721,.F.);
#213=ORIENTED_EDGE('',*,*,#722,.F.);
#214=ORIENTED_EDGE('',*,*,#723,.F.);
#215=ORIENTED_EDGE('',*,*,#724,.F.);
#216=ORIENTED_EDGE('',*,*,#725,.F.);
#217=ORIENTED_EDGE('',*,*,#726,.F.);
#218=ORIENTED_EDGE('',*,*,#727,.F.);
#219=ORIENTED_EDGE('',*,*,#728,.F.);
#220=ORIENTED_EDGE('',*,*,#729,.F.);
#221=ORIENTED_EDGE('',*,*,#730,.F.);
#222=ORIENTED_EDGE('',*,*,#731,.F.);
#223=ORIENTED_EDGE('',*,*,#732,.F.);
#224=ORIENTED_EDGE('',*,*,#733,.F.);
#225=ORIENTED_EDGE('',*,*,#734,.F.);
#226=ORIENTED_EDGE('',*,*,#735,.F.);
#227=ORIENTED_EDGE('',*,*,#736,.F.);
#228=ORIENTED_EDGE('',*,*,#737,.F.);
#229=ORIENTED_EDGE('',*,*,#738,.F.);
#230=ORIENTED_EDGE('',*,*,#739,.F.);
#231=ORIENTED_EDGE('',*,*,#740,.F.);
#232=ORIENTED_EDGE('',*,*,#741,.F.);
#233=ORIENTED_EDGE('',*,*,#742,.F.);
#234=ORIENTED_EDGE('',*,*,#743,.F.);
#235=ORIENTED_EDGE('',*,*,#744,.F.);
#236=ORIENTED_EDGE('',*,*,#745,.F.);
#237=ORIENTED_EDGE('',*,*,#746,.F.);
#238=ORIENTED_EDGE('',*,*,#747,.F.);
#239=ORIENTED_EDGE('',*,*,#748,.F.);
#240=ORIENTED_EDGE('',*,*,#749,.F.);
#241=ORIENTED_EDGE('',*,*,#750,.F.);
#242=ORIENTED_EDGE('',*,*,#751,.F.);
#243=ORIENTED_EDGE('',*,*,#752,.F.);
#244=ORIENTED_EDGE('',*,*,#753,.F.);
#245=ORIENTED_EDGE('',*,*,#754,.F.);
#246=ORIENTED_EDGE('',*,*,#755,.F.);
#247=ORIENTED_EDGE('',*,*,#756,.F.);
#248=ORIENTED_EDGE('',*,*,#757,.F.);
#249=ORIENTED_EDGE('',*,*,#758,.F.);
#250=ORIENTED_EDGE('',*,*,#759,.F.);
#251=ORIENTED_EDGE('',*,*,#760,.F.);
#252=ORIENTED_EDGE('',*,*,#761,.F.);
#253=ORIENTED_EDGE('',*,*,#762,.F.);
#254=ORIENTED_EDGE('',*,*,#763,.F.);
#255=ORIENTED_EDGE('',*,*,#764,.F.);
#256=ORIENTED_EDGE('',*,*,#765,.F.);
#257=ORIENTED_EDGE('',*,*,#766,.F.);
#258=ORIENTED_EDGE('',*,*,#767,.F.);
#259=ORIENTED_EDGE('',*,*,#768,.F.);
#260=ORIENTED_EDGE('',*,*,#769,.F.);
#261=ORIENTED_EDGE('',*,*,#770,.F.);
#262=ORIENTED_EDGE('',*,*,#771,.F.);
#263=ORIENTED_EDGE('',*,*,#772,.F.);
#264=ORIENTED_EDGE('',*,*,#773,.F.);
#265=ORIENTED_EDGE('',*,*,#774,.F.);
#266=ORIENTED_EDGE('',*,*,#775,.F.);
#267=ORIENTED_EDGE('',*,*,#776,.F.);
#268=ORIENTED_EDGE('',*,*,#777,.F.);
#269=ORIENTED_EDGE('',*,*,#778,.F.);
#270=ORIENTED_EDGE('',*,*,#779,.F.);
#271=ORIENTED_EDGE('',*,*,#780,.F.);
#272=ORIENTED_EDGE('',*,*,#781,.F.);
#273=ORIENTED_EDGE('',*,*,#782,.F.);
#274=ORIENTED_EDGE('',*,*,#783,.F.);
#275=ORIENTED_EDGE('',*,*,#784,.F.);
#276=ORIENTED_EDGE('',*,*,#785,.F.);
#277=ORIENTED_EDGE('',*,*,#786,.F.);
#278=ORIENTED_EDGE('',*,*,#787,.F.);
#279=ORIENTED_EDGE('',*,*,#788,.F.);
#280=ORIENTED_EDGE('',*,*,#789,.F.);
#281=ORIENTED_EDGE('',*,*,#790,.F.);
#282=ORIENTED_EDGE('',*,*,#791,.F.);
#283=ORIENTED_EDGE('',*,*,#792,.F.);
#284=ORIENTED_EDGE('',*,*,#793,.F.);
#285=ORIENTED_EDGE('',*,*,#794,.F.);
#286=ORIENTED_EDGE('',*,*,#795,.F.);
#287=ORIENTED_EDGE('',*,*,#794,.T.);
#288=ORIENTED_EDGE('',*,*,#796,.F.);
#289=ORIENTED_EDGE('',*,*,#793,.T.);
#290=ORIENTED_EDGE('',*,*,#797,.F.);
#291=ORIENTED_EDGE('',*,*,#792,.T.);
#292=ORIENTED_EDGE('',*,*,#798,.F.);
#293=ORIENTED_EDGE('',*,*,#791,.T.);
#294=ORIENTED_EDGE('',*,*,#799,.F.);
#295=ORIENTED_EDGE('',*,*,#790,.T.);
#296=ORIENTED_EDGE('',*,*,#800,.F.);
#297=ORIENTED_EDGE('',*,*,#789,.T.);
#298=ORIENTED_EDGE('',*,*,#801,.F.);
#299=ORIENTED_EDGE('',*,*,#788,.T.);
#300=ORIENTED_EDGE('',*,*,#802,.F.);
#301=ORIENTED_EDGE('',*,*,#787,.T.);
#302=ORIENTED_EDGE('',*,*,#803,.F.);
#303=ORIENTED_EDGE('',*,*,#786,.T.);
#304=ORIENTED_EDGE('',*,*,#804,.F.);
#305=ORIENTED_EDGE('',*,*,#785,.T.);
#306=ORIENTED_EDGE('',*,*,#805,.F.);
#307=ORIENTED_EDGE('',*,*,#784,.T.);
#308=ORIENTED_EDGE('',*,*,#806,.F.);
#309=ORIENTED_EDGE('',*,*,#783,.T.);
#310=ORIENTED_EDGE('',*,*,#807,.F.);
#311=ORIENTED_EDGE('',*,*,#782,.T.);
#312=ORIENTED_EDGE('',*,*,#808,.F.);
#313=ORIENTED_EDGE('',*,*,#781,.T.);
#314=ORIENTED_EDGE('',*,*,#809,.F.);
#315=ORIENTED_EDGE('',*,*,#780,.T.);
#316=ORIENTED_EDGE('',*,*,#810,.F.);
#317=ORIENTED_EDGE('',*,*,#779,.T.);
#318=ORIENTED_EDGE('',*,*,#811,.F.);
#319=ORIENTED_EDGE('',*,*,#778,.T.);
#320=ORIENTED_EDGE('',*,*,#812,.F.);
#321=ORIENTED_EDGE('',*,*,#777,.T.);
#322=ORIENTED_EDGE('',*,*,#813,.F.);
#323=ORIENTED_EDGE('',*,*,#776,.T.);
#324=ORIENTED_EDGE('',*,*,#814,.F.);
#325=ORIENTED_EDGE('',*,*,#775,.T.);
#326=ORIENTED_EDGE('',*,*,#815,.F.);
#327=ORIENTED_EDGE('',*,*,#774,.T.);
#328=ORIENTED_EDGE('',*,*,#816,.F.);
#329=ORIENTED_EDGE('',*,*,#773,.T.);
#330=ORIENTED_EDGE('',*,*,#817,.F.);
#331=ORIENTED_EDGE('',*,*,#772,.T.);
#332=ORIENTED_EDGE('',*,*,#818,.F.);
#333=ORIENTED_EDGE('',*,*,#771,.T.);
#334=ORIENTED_EDGE('',*,*,#819,.F.);
#335=ORIENTED_EDGE('',*,*,#770,.T.);
#336=ORIENTED_EDGE('',*,*,#820,.F.);
#337=ORIENTED_EDGE('',*,*,#769,.T.);
#338=ORIENTED_EDGE('',*,*,#821,.F.);
#339=ORIENTED_EDGE('',*,*,#768,.T.);
#340=ORIENTED_EDGE('',*,*,#822,.F.);
#341=ORIENTED_EDGE('',*,*,#767,.T.);
#342=ORIENTED_EDGE('',*,*,#823,.F.);
#343=ORIENTED_EDGE('',*,*,#766,.T.);
#344=ORIENTED_EDGE('',*,*,#824,.F.);
#345=ORIENTED_EDGE('',*,*,#765,.T.);
#346=ORIENTED_EDGE('',*,*,#825,.F.);
#347=ORIENTED_EDGE('',*,*,#764,.T.);
#348=ORIENTED_EDGE('',*,*,#826,.F.);
#349=ORIENTED_EDGE('',*,*,#763,.T.);
#350=ORIENTED_EDGE('',*,*,#827,.F.);
#351=ORIENTED_EDGE('',*,*,#762,.T.);
#352=ORIENTED_EDGE('',*,*,#828,.F.);
#353=ORIENTED_EDGE('',*,*,#761,.T.);
#354=ORIENTED_EDGE('',*,*,#829,.F.);
#355=ORIENTED_EDGE('',*,*,#760,.T.);
#356=ORIENTED_EDGE('',*,*,#830,.F.);
#357=ORIENTED_EDGE('',*,*,#759,.T.);
#358=ORIENTED_EDGE('',*,*,#831,.F.);
#359=ORIENTED_EDGE('',*,*,#758,.T.);
#360=ORIENTED_EDGE('',*,*,#832,.F.);
#361=ORIENTED_EDGE('',*,*,#757,.T.);
#362=ORIENTED_EDGE('',*,*,#833,.F.);
#363=ORIENTED_EDGE('',*,*,#756,.T.);
#364=ORIENTED_EDGE('',*,*,#834,.F.);
#365=ORIENTED_EDGE('',*,*,#755,.T.);
#366=ORIENTED_EDGE('',*,*,#835,.F.);
#367=ORIENTED_EDGE('',*,*,#754,.T.);
#368=ORIENTED_EDGE('',*,*,#836,.F.);
#369=ORIENTED_EDGE('',*,*,#753,.T.);
#370=ORIENTED_EDGE('',*,*,#837,.F.);
#371=ORIENTED_EDGE('',*,*,#752,.T.);
#372=ORIENTED_EDGE('',*,*,#838,.F.);
#373=ORIENTED_EDGE('',*,*,#751,.T.);
#374=ORIENTED_EDGE('',*,*,#839,.F.);
#375=ORIENTED_EDGE('',*,*,#750,.T.);
#376=ORIENTED_EDGE('',*,*,#840,.F.);
#377=ORIENTED_EDGE('',*,*,#749,.T.);
#378=ORIENTED_EDGE('',*,*,#841,.F.);
#379=ORIENTED_EDGE('',*,*,#748,.T.);
#380=ORIENTED_EDGE('',*,*,#842,.F.);
#381=ORIENTED_EDGE('',*,*,#747,.T.);
#382=ORIENTED_EDGE('',*,*,#843,.F.);
#383=ORIENTED_EDGE('',*,*,#746,.T.);
#384=ORIENTED_EDGE('',*,*,#844,.F.);
#385=ORIENTED_EDGE('',*,*,#745,.T.);
#386=ORIENTED_EDGE('',*,*,#845,.F.);
#387=ORIENTED_EDGE('',*,*,#744,.T.);
#388=ORIENTED_EDGE('',*,*,#846,.F.);
#389=ORIENTED_EDGE('',*,*,#743,.T.);
#390=ORIENTED_EDGE('',*,*,#847,.F.);
#391=ORIENTED_EDGE('',*,*,#742,.T.);
#392=ORIENTED_EDGE('',*,*,#848,.F.);
#393=ORIENTED_EDGE('',*,*,#741,.T.);
#394=ORIENTED_EDGE('',*,*,#849,.F.);
#395=ORIENTED_EDGE('',*,*,#740,.T.);
#396=ORIENTED_EDGE('',*,*,#850,.F.);
#397=ORIENTED_EDGE('',*,*,#739,.T.);
#398=ORIENTED_EDGE('',*,*,#851,.F.);
#399=ORIENTED_EDGE('',*,*,#738,.T.);
#400=ORIENTED_EDGE('',*,*,#852,.F.);
#401=ORIENTED_EDGE('',*,*,#737,.T.);
#402=ORIENTED_EDGE('',*,*,#853,.F.);
#403=ORIENTED_EDGE('',*,*,#736,.T.);
#404=ORIENTED_EDGE('',*,*,#854,.F.);
#405=ORIENTED_EDGE('',*,*,#735,.T.);
#406=ORIENTED_EDGE('',*,*,#855,.F.);
#407=ORIENTED_EDGE('',*,*,#734,.T.);
#408=ORIENTED_EDGE('',*,*,#856,.F.);
#409=ORIENTED_EDGE('',*,*,#733,.T.);
#410=ORIENTED_EDGE('',*,*,#857,.F.);
#411=ORIENTED_EDGE('',*,*,#732,.T.);
#412=ORIENTED_EDGE('',*,*,#858,.F.);
#413=ORIENTED_EDGE('',*,*,#731,.T.);
#414=ORIENTED_EDGE('',*,*,#859,.F.);
#415=ORIENTED_EDGE('',*,*,#730,.T.);
#416=ORIENTED_EDGE('',*,*,#860,.F.);
#417=ORIENTED_EDGE('',*,*,#729,.T.);
#418=ORIENTED_EDGE('',*,*,#861,.F.);
#419=ORIENTED_EDGE('',*,*,#728,.T.);
#420=ORIENTED_EDGE('',*,*,#862,.F.);
#421=ORIENTED_EDGE('',*,*,#727,.T.);
#422=ORIENTED_EDGE('',*,*,#863,.F.);
#423=ORIENTED_EDGE('',*,*,#726,.T.);
#424=ORIENTED_EDGE('',*,*,#864,.F.);
#425=ORIENTED_EDGE('',*,*,#725,.T.);
#426=ORIENTED_EDGE('',*,*,#865,.F.);
#427=ORIENTED_EDGE('',*,*,#724,.T.);
#428=ORIENTED_EDGE('',*,*,#866,.F.);
#429=ORIENTED_EDGE('',*,*,#723,.T.);
#430=ORIENTED_EDGE('',*,*,#867,.F.);
#431=ORIENTED_EDGE('',*,*,#722,.T.);
#432=ORIENTED_EDGE('',*,*,#868,.F.);
#433=ORIENTED_EDGE('',*,*,#721,.T.);
#434=ORIENTED_EDGE('',*,*,#869,.F.);
#435=ORIENTED_EDGE('',*,*,#720,.T.);
#436=ORIENTED_EDGE('',*,*,#870,.F.);
#437=ORIENTED_EDGE('',*,*,#719,.T.);
#438=ORIENTED_EDGE('',*,*,#871,.F.);
#439=ORIENTED_EDGE('',*,*,#718,.T.);
#440=ORIENTED_EDGE('',*,*,#872,.F.);
#441=ORIENTED_EDGE('',*,*,#717,.T.);
#442=ORIENTED_EDGE('',*,*,#873,.F.);
#443=ORIENTED_EDGE('',*,*,#716,.T.);
#444=ORIENTED_EDGE('',*,*,#874,.F.);
#445=ORIENTED_EDGE('',*,*,#715,.T.);
#446=ORIENTED_EDGE('',*,*,#875,.F.);
#447=ORIENTED_EDGE('',*,*,#714,.T.);
#448=ORIENTED_EDGE('',*,*,#876,.T.);
#449=ORIENTED_EDGE('',*,*,#877,.F.);
#450=ORIENTED_EDGE('',*,*,#878,.F.);
#451=ORIENTED_EDGE('',*,*,#705,.T.);
#452=ORIENTED_EDGE('',*,*,#879,.F.);
#453=ORIENTED_EDGE('',*,*,#713,.T.);
#454=ORIENTED_EDGE('',*,*,#880,.F.);
#455=ORIENTED_EDGE('',*,*,#712,.T.);
#456=ORIENTED_EDGE('',*,*,#881,.F.);
#457=ORIENTED_EDGE('',*,*,#711,.T.);
#458=ORIENTED_EDGE('',*,*,#882,.F.);
#459=ORIENTED_EDGE('',*,*,#710,.T.);
#460=ORIENTED_EDGE('',*,*,#883,.F.);
#461=ORIENTED_EDGE('',*,*,#709,.T.);
#462=ORIENTED_EDGE('',*,*,#884,.F.);
#463=ORIENTED_EDGE('',*,*,#708,.T.);
#464=ORIENTED_EDGE('',*,*,#885,.F.);
#465=ORIENTED_EDGE('',*,*,#707,.T.);
#466=ORIENTED_EDGE('',*,*,#886,.F.);
#467=ORIENTED_EDGE('',*,*,#706,.T.);
#468=ORIENTED_EDGE('',*,*,#887,.F.);
#469=ORIENTED_EDGE('',*,*,#876,.F.);
#470=ORIENTED_EDGE('',*,*,#704,.F.);
#471=ORIENTED_EDGE('',*,*,#697,.T.);
#472=ORIENTED_EDGE('',*,*,#888,.T.);
#473=ORIENTED_EDGE('',*,*,#889,.T.);
#474=ORIENTED_EDGE('',*,*,#890,.F.);
#475=ORIENTED_EDGE('',*,*,#685,.F.);
#476=ORIENTED_EDGE('',*,*,#703,.T.);
#477=ORIENTED_EDGE('',*,*,#878,.T.);
#478=ORIENTED_EDGE('',*,*,#891,.F.);
#479=ORIENTED_EDGE('',*,*,#892,.F.);
#480=ORIENTED_EDGE('',*,*,#893,.F.);
#481=ORIENTED_EDGE('',*,*,#894,.F.);
#482=ORIENTED_EDGE('',*,*,#691,.T.);
#483=ORIENTED_EDGE('',*,*,#895,.F.);
#484=ORIENTED_EDGE('',*,*,#896,.T.);
#485=ORIENTED_EDGE('',*,*,#897,.T.);
#486=ORIENTED_EDGE('',*,*,#699,.T.);
#487=ORIENTED_EDGE('',*,*,#898,.F.);
#488=ORIENTED_EDGE('',*,*,#899,.T.);
#489=ORIENTED_EDGE('',*,*,#900,.T.);
#490=ORIENTED_EDGE('',*,*,#688,.F.);
#491=ORIENTED_EDGE('',*,*,#901,.T.);
#492=ORIENTED_EDGE('',*,*,#902,.T.);
#493=ORIENTED_EDGE('',*,*,#903,.T.);
#494=ORIENTED_EDGE('',*,*,#904,.T.);
#495=ORIENTED_EDGE('',*,*,#888,.F.);
#496=ORIENTED_EDGE('',*,*,#877,.T.);
#497=ORIENTED_EDGE('',*,*,#887,.T.);
#498=ORIENTED_EDGE('',*,*,#696,.F.);
#499=ORIENTED_EDGE('',*,*,#905,.T.);
#500=ORIENTED_EDGE('',*,*,#906,.T.);
#501=ORIENTED_EDGE('',*,*,#907,.F.);
#502=ORIENTED_EDGE('',*,*,#886,.T.);
#503=ORIENTED_EDGE('',*,*,#885,.T.);
#504=ORIENTED_EDGE('',*,*,#884,.T.);
#505=ORIENTED_EDGE('',*,*,#883,.T.);
#506=ORIENTED_EDGE('',*,*,#882,.T.);
#507=ORIENTED_EDGE('',*,*,#881,.T.);
#508=ORIENTED_EDGE('',*,*,#880,.T.);
#509=ORIENTED_EDGE('',*,*,#879,.T.);
#510=ORIENTED_EDGE('',*,*,#875,.T.);
#511=ORIENTED_EDGE('',*,*,#874,.T.);
#512=ORIENTED_EDGE('',*,*,#873,.T.);
#513=ORIENTED_EDGE('',*,*,#872,.T.);
#514=ORIENTED_EDGE('',*,*,#871,.T.);
#515=ORIENTED_EDGE('',*,*,#870,.T.);
#516=ORIENTED_EDGE('',*,*,#869,.T.);
#517=ORIENTED_EDGE('',*,*,#868,.T.);
#518=ORIENTED_EDGE('',*,*,#867,.T.);
#519=ORIENTED_EDGE('',*,*,#866,.T.);
#520=ORIENTED_EDGE('',*,*,#865,.T.);
#521=ORIENTED_EDGE('',*,*,#864,.T.);
#522=ORIENTED_EDGE('',*,*,#863,.T.);
#523=ORIENTED_EDGE('',*,*,#862,.T.);
#524=ORIENTED_EDGE('',*,*,#861,.T.);
#525=ORIENTED_EDGE('',*,*,#860,.T.);
#526=ORIENTED_EDGE('',*,*,#859,.T.);
#527=ORIENTED_EDGE('',*,*,#858,.T.);
#528=ORIENTED_EDGE('',*,*,#857,.T.);
#529=ORIENTED_EDGE('',*,*,#856,.T.);
#530=ORIENTED_EDGE('',*,*,#855,.T.);
#531=ORIENTED_EDGE('',*,*,#854,.T.);
#532=ORIENTED_EDGE('',*,*,#853,.T.);
#533=ORIENTED_EDGE('',*,*,#852,.T.);
#534=ORIENTED_EDGE('',*,*,#851,.T.);
#535=ORIENTED_EDGE('',*,*,#850,.T.);
#536=ORIENTED_EDGE('',*,*,#849,.T.);
#537=ORIENTED_EDGE('',*,*,#848,.T.);
#538=ORIENTED_EDGE('',*,*,#847,.T.);
#539=ORIENTED_EDGE('',*,*,#846,.T.);
#540=ORIENTED_EDGE('',*,*,#845,.T.);
#541=ORIENTED_EDGE('',*,*,#844,.T.);
#542=ORIENTED_EDGE('',*,*,#843,.T.);
#543=ORIENTED_EDGE('',*,*,#842,.T.);
#544=ORIENTED_EDGE('',*,*,#841,.T.);
#545=ORIENTED_EDGE('',*,*,#840,.T.);
#546=ORIENTED_EDGE('',*,*,#839,.T.);
#547=ORIENTED_EDGE('',*,*,#838,.T.);
#548=ORIENTED_EDGE('',*,*,#837,.T.);
#549=ORIENTED_EDGE('',*,*,#836,.T.);
#550=ORIENTED_EDGE('',*,*,#835,.T.);
#551=ORIENTED_EDGE('',*,*,#834,.T.);
#552=ORIENTED_EDGE('',*,*,#833,.T.);
#553=ORIENTED_EDGE('',*,*,#832,.T.);
#554=ORIENTED_EDGE('',*,*,#831,.T.);
#555=ORIENTED_EDGE('',*,*,#830,.T.);
#556=ORIENTED_EDGE('',*,*,#829,.T.);
#557=ORIENTED_EDGE('',*,*,#828,.T.);
#558=ORIENTED_EDGE('',*,*,#827,.T.);
#559=ORIENTED_EDGE('',*,*,#826,.T.);
#560=ORIENTED_EDGE('',*,*,#825,.T.);
#561=ORIENTED_EDGE('',*,*,#824,.T.);
#562=ORIENTED_EDGE('',*,*,#823,.T.);
#563=ORIENTED_EDGE('',*,*,#822,.T.);
#564=ORIENTED_EDGE('',*,*,#821,.T.);
#565=ORIENTED_EDGE('',*,*,#820,.T.);
#566=ORIENTED_EDGE('',*,*,#819,.T.);
#567=ORIENTED_EDGE('',*,*,#818,.T.);
#568=ORIENTED_EDGE('',*,*,#817,.T.);
#569=ORIENTED_EDGE('',*,*,#816,.T.);
#570=ORIENTED_EDGE('',*,*,#815,.T.);
#571=ORIENTED_EDGE('',*,*,#814,.T.);
#572=ORIENTED_EDGE('',*,*,#813,.T.);
#573=ORIENTED_EDGE('',*,*,#812,.T.);
#574=ORIENTED_EDGE('',*,*,#811,.T.);
#575=ORIENTED_EDGE('',*,*,#810,.T.);
#576=ORIENTED_EDGE('',*,*,#809,.T.);
#577=ORIENTED_EDGE('',*,*,#808,.T.);
#578=ORIENTED_EDGE('',*,*,#807,.T.);
#579=ORIENTED_EDGE('',*,*,#806,.T.);
#580=ORIENTED_EDGE('',*,*,#805,.T.);
#581=ORIENTED_EDGE('',*,*,#804,.T.);
#582=ORIENTED_EDGE('',*,*,#803,.T.);
#583=ORIENTED_EDGE('',*,*,#802,.T.);
#584=ORIENTED_EDGE('',*,*,#801,.T.);
#585=ORIENTED_EDGE('',*,*,#800,.T.);
#586=ORIENTED_EDGE('',*,*,#799,.T.);
#587=ORIENTED_EDGE('',*,*,#798,.T.);
#588=ORIENTED_EDGE('',*,*,#797,.T.);
#589=ORIENTED_EDGE('',*,*,#796,.T.);
#590=ORIENTED_EDGE('',*,*,#795,.T.);
#591=ORIENTED_EDGE('',*,*,#908,.F.);
#592=ORIENTED_EDGE('',*,*,#686,.F.);
#593=ORIENTED_EDGE('',*,*,#890,.T.);
#594=ORIENTED_EDGE('',*,*,#909,.F.);
#595=ORIENTED_EDGE('',*,*,#910,.F.);
#596=ORIENTED_EDGE('',*,*,#911,.F.);
#597=ORIENTED_EDGE('',*,*,#912,.F.);
#598=ORIENTED_EDGE('',*,*,#889,.F.);
#599=ORIENTED_EDGE('',*,*,#904,.F.);
#600=ORIENTED_EDGE('',*,*,#913,.F.);
#601=ORIENTED_EDGE('',*,*,#909,.T.);
#602=ORIENTED_EDGE('',*,*,#903,.F.);
#603=ORIENTED_EDGE('',*,*,#914,.F.);
#604=ORIENTED_EDGE('',*,*,#910,.T.);
#605=ORIENTED_EDGE('',*,*,#913,.T.);
#606=ORIENTED_EDGE('',*,*,#901,.F.);
#607=ORIENTED_EDGE('',*,*,#687,.F.);
#608=ORIENTED_EDGE('',*,*,#912,.T.);
#609=ORIENTED_EDGE('',*,*,#915,.T.);
#610=ORIENTED_EDGE('',*,*,#902,.F.);
#611=ORIENTED_EDGE('',*,*,#915,.F.);
#612=ORIENTED_EDGE('',*,*,#911,.T.);
#613=ORIENTED_EDGE('',*,*,#914,.T.);
#614=ORIENTED_EDGE('',*,*,#898,.T.);
#615=ORIENTED_EDGE('',*,*,#702,.T.);
#616=ORIENTED_EDGE('',*,*,#916,.F.);
#617=ORIENTED_EDGE('',*,*,#917,.T.);
#618=ORIENTED_EDGE('',*,*,#899,.F.);
#619=ORIENTED_EDGE('',*,*,#917,.F.);
#620=ORIENTED_EDGE('',*,*,#918,.T.);
#621=ORIENTED_EDGE('',*,*,#919,.T.);
#622=ORIENTED_EDGE('',*,*,#900,.F.);
#623=ORIENTED_EDGE('',*,*,#919,.F.);
#624=ORIENTED_EDGE('',*,*,#920,.T.);
#625=ORIENTED_EDGE('',*,*,#689,.F.);
#626=ORIENTED_EDGE('',*,*,#921,.F.);
#627=ORIENTED_EDGE('',*,*,#916,.T.);
#628=ORIENTED_EDGE('',*,*,#681,.T.);
#629=ORIENTED_EDGE('',*,*,#920,.F.);
#630=ORIENTED_EDGE('',*,*,#918,.F.);
#631=ORIENTED_EDGE('',*,*,#905,.F.);
#632=ORIENTED_EDGE('',*,*,#695,.T.);
#633=ORIENTED_EDGE('',*,*,#922,.T.);
#634=ORIENTED_EDGE('',*,*,#923,.T.);
#635=ORIENTED_EDGE('',*,*,#906,.F.);
#636=ORIENTED_EDGE('',*,*,#923,.F.);
#637=ORIENTED_EDGE('',*,*,#924,.T.);
#638=ORIENTED_EDGE('',*,*,#925,.T.);
#639=ORIENTED_EDGE('',*,*,#907,.T.);
#640=ORIENTED_EDGE('',*,*,#925,.F.);
#641=ORIENTED_EDGE('',*,*,#926,.F.);
#642=ORIENTED_EDGE('',*,*,#692,.F.);
#643=ORIENTED_EDGE('',*,*,#927,.F.);
#644=ORIENTED_EDGE('',*,*,#922,.F.);
#645=ORIENTED_EDGE('',*,*,#677,.T.);
#646=ORIENTED_EDGE('',*,*,#926,.T.);
#647=ORIENTED_EDGE('',*,*,#924,.F.);
#648=ORIENTED_EDGE('',*,*,#896,.F.);
#649=ORIENTED_EDGE('',*,*,#928,.F.);
#650=ORIENTED_EDGE('',*,*,#929,.T.);
#651=ORIENTED_EDGE('',*,*,#930,.T.);
#652=ORIENTED_EDGE('',*,*,#897,.F.);
#653=ORIENTED_EDGE('',*,*,#930,.F.);
#654=ORIENTED_EDGE('',*,*,#931,.T.);
#655=ORIENTED_EDGE('',*,*,#700,.F.);
#656=ORIENTED_EDGE('',*,*,#895,.T.);
#657=ORIENTED_EDGE('',*,*,#694,.T.);
#658=ORIENTED_EDGE('',*,*,#932,.F.);
#659=ORIENTED_EDGE('',*,*,#928,.T.);
#660=ORIENTED_EDGE('',*,*,#933,.F.);
#661=ORIENTED_EDGE('',*,*,#932,.T.);
#662=ORIENTED_EDGE('',*,*,#673,.T.);
#663=ORIENTED_EDGE('',*,*,#931,.F.);
#664=ORIENTED_EDGE('',*,*,#929,.F.);
#665=ORIENTED_EDGE('',*,*,#933,.T.);
#666=ORIENTED_EDGE('',*,*,#892,.T.);
#667=ORIENTED_EDGE('',*,*,#927,.T.);
#668=ORIENTED_EDGE('',*,*,#893,.T.);
#669=ORIENTED_EDGE('',*,*,#921,.T.);
#670=ORIENTED_EDGE('',*,*,#891,.T.);
#671=ORIENTED_EDGE('',*,*,#908,.T.);
#672=ORIENTED_EDGE('',*,*,#894,.T.);
#673=EDGE_CURVE('',#934,#935,#1168,.T.);
#674=EDGE_CURVE('',#934,#936,#33,.T.);
#675=EDGE_CURVE('',#936,#937,#1169,.T.);
#676=EDGE_CURVE('',#935,#937,#34,.T.);
#677=EDGE_CURVE('',#938,#939,#1170,.T.);
#678=EDGE_CURVE('',#938,#940,#35,.T.);
#679=EDGE_CURVE('',#940,#941,#1171,.T.);
#680=EDGE_CURVE('',#939,#941,#36,.T.);
#681=EDGE_CURVE('',#942,#943,#1172,.T.);
#682=EDGE_CURVE('',#942,#944,#37,.T.);
#683=EDGE_CURVE('',#944,#945,#1173,.T.);
#684=EDGE_CURVE('',#943,#945,#38,.T.);
#685=EDGE_CURVE('',#946,#947,#39,.T.);
#686=EDGE_CURVE('',#947,#948,#40,.T.);
#687=EDGE_CURVE('',#948,#949,#41,.T.);
#688=EDGE_CURVE('',#949,#950,#42,.T.);
#689=EDGE_CURVE('',#950,#943,#43,.T.);
#690=EDGE_CURVE('',#946,#945,#44,.T.);
#691=EDGE_CURVE('',#951,#952,#45,.T.);
#692=EDGE_CURVE('',#951,#939,#46,.T.);
#693=EDGE_CURVE('',#941,#936,#47,.T.);
#694=EDGE_CURVE('',#952,#934,#48,.T.);
#695=EDGE_CURVE('',#953,#938,#49,.T.);
#696=EDGE_CURVE('',#953,#954,#50,.T.);
#697=EDGE_CURVE('',#955,#954,#51,.T.);
#698=EDGE_CURVE('',#940,#955,#52,.T.);
#699=EDGE_CURVE('',#956,#957,#53,.T.);
#700=EDGE_CURVE('',#956,#935,#54,.T.);
#701=EDGE_CURVE('',#937,#944,#55,.T.);
#702=EDGE_CURVE('',#957,#942,#56,.T.);
#703=EDGE_CURVE('',#946,#958,#57,.T.);
#704=EDGE_CURVE('',#955,#959,#58,.T.);
#705=EDGE_CURVE('',#958,#959,#1174,.T.);
#706=EDGE_CURVE('',#960,#960,#1175,.T.);
#707=EDGE_CURVE('',#961,#961,#1176,.T.);
#708=EDGE_CURVE('',#962,#962,#1177,.T.);
#709=EDGE_CURVE('',#963,#963,#1178,.T.);
#710=EDGE_CURVE('',#964,#964,#1179,.T.);
#711=EDGE_CURVE('',#965,#965,#1180,.T.);
#712=EDGE_CURVE('',#966,#966,#1181,.T.);
#713=EDGE_CURVE('',#967,#967,#1182,.T.);
#714=EDGE_CURVE('',#968,#968,#1183,.T.);
#715=EDGE_CURVE('',#969,#969,#1184,.T.);
#716=EDGE_CURVE('',#970,#970,#1185,.T.);
#717=EDGE_CURVE('',#971,#971,#1186,.T.);
#718=EDGE_CURVE('',#972,#972,#1187,.T.);
#719=EDGE_CURVE('',#973,#973,#1188,.T.);
#720=EDGE_CURVE('',#974,#974,#1189,.T.);
#721=EDGE_CURVE('',#975,#975,#1190,.T.);
#722=EDGE_CURVE('',#976,#976,#1191,.T.);
#723=EDGE_CURVE('',#977,#977,#1192,.T.);
#724=EDGE_CURVE('',#978,#978,#1193,.T.);
#725=EDGE_CURVE('',#979,#979,#1194,.T.);
#726=EDGE_CURVE('',#980,#980,#1195,.T.);
#727=EDGE_CURVE('',#981,#981,#1196,.T.);
#728=EDGE_CURVE('',#982,#982,#1197,.T.);
#729=EDGE_CURVE('',#983,#983,#1198,.T.);
#730=EDGE_CURVE('',#984,#984,#1199,.T.);
#731=EDGE_CURVE('',#985,#985,#1200,.T.);
#732=EDGE_CURVE('',#986,#986,#1201,.T.);
#733=EDGE_CURVE('',#987,#987,#1202,.T.);
#734=EDGE_CURVE('',#988,#988,#1203,.T.);
#735=EDGE_CURVE('',#989,#989,#1204,.T.);
#736=EDGE_CURVE('',#990,#990,#1205,.T.);
#737=EDGE_CURVE('',#991,#991,#1206,.T.);
#738=EDGE_CURVE('',#992,#992,#1207,.T.);
#739=EDGE_CURVE('',#993,#993,#1208,.T.);
#740=EDGE_CURVE('',#994,#994,#1209,.T.);
#741=EDGE_CURVE('',#995,#995,#1210,.T.);
#742=EDGE_CURVE('',#996,#996,#1211,.T.);
#743=EDGE_CURVE('',#997,#997,#1212,.T.);
#744=EDGE_CURVE('',#998,#998,#1213,.T.);
#745=EDGE_CURVE('',#999,#999,#1214,.T.);
#746=EDGE_CURVE('',#1000,#1000,#1215,.T.);
#747=EDGE_CURVE('',#1001,#1001,#1216,.T.);
#748=EDGE_CURVE('',#1002,#1002,#1217,.T.);
#749=EDGE_CURVE('',#1003,#1003,#1218,.T.);
#750=EDGE_CURVE('',#1004,#1004,#1219,.T.);
#751=EDGE_CURVE('',#1005,#1005,#1220,.T.);
#752=EDGE_CURVE('',#1006,#1006,#1221,.T.);
#753=EDGE_CURVE('',#1007,#1007,#1222,.T.);
#754=EDGE_CURVE('',#1008,#1008,#1223,.T.);
#755=EDGE_CURVE('',#1009,#1009,#1224,.T.);
#756=EDGE_CURVE('',#1010,#1010,#1225,.T.);
#757=EDGE_CURVE('',#1011,#1011,#1226,.T.);
#758=EDGE_CURVE('',#1012,#1012,#1227,.T.);
#759=EDGE_CURVE('',#1013,#1013,#1228,.T.);
#760=EDGE_CURVE('',#1014,#1014,#1229,.T.);
#761=EDGE_CURVE('',#1015,#1015,#1230,.T.);
#762=EDGE_CURVE('',#1016,#1016,#1231,.T.);
#763=EDGE_CURVE('',#1017,#1017,#1232,.T.);
#764=EDGE_CURVE('',#1018,#1018,#1233,.T.);
#765=EDGE_CURVE('',#1019,#1019,#1234,.T.);
#766=EDGE_CURVE('',#1020,#1020,#1235,.T.);
#767=EDGE_CURVE('',#1021,#1021,#1236,.T.);
#768=EDGE_CURVE('',#1022,#1022,#1237,.T.);
#769=EDGE_CURVE('',#1023,#1023,#1238,.T.);
#770=EDGE_CURVE('',#1024,#1024,#1239,.T.);
#771=EDGE_CURVE('',#1025,#1025,#1240,.T.);
#772=EDGE_CURVE('',#1026,#1026,#1241,.T.);
#773=EDGE_CURVE('',#1027,#1027,#1242,.T.);
#774=EDGE_CURVE('',#1028,#1028,#1243,.T.);
#775=EDGE_CURVE('',#1029,#1029,#1244,.T.);
#776=EDGE_CURVE('',#1030,#1030,#1245,.T.);
#777=EDGE_CURVE('',#1031,#1031,#1246,.T.);
#778=EDGE_CURVE('',#1032,#1032,#1247,.T.);
#779=EDGE_CURVE('',#1033,#1033,#1248,.T.);
#780=EDGE_CURVE('',#1034,#1034,#1249,.T.);
#781=EDGE_CURVE('',#1035,#1035,#1250,.T.);
#782=EDGE_CURVE('',#1036,#1036,#1251,.T.);
#783=EDGE_CURVE('',#1037,#1037,#1252,.T.);
#784=EDGE_CURVE('',#1038,#1038,#1253,.T.);
#785=EDGE_CURVE('',#1039,#1039,#1254,.T.);
#786=EDGE_CURVE('',#1040,#1040,#1255,.T.);
#787=EDGE_CURVE('',#1041,#1041,#1256,.T.);
#788=EDGE_CURVE('',#1042,#1042,#1257,.T.);
#789=EDGE_CURVE('',#1043,#1043,#1258,.T.);
#790=EDGE_CURVE('',#1044,#1044,#1259,.T.);
#791=EDGE_CURVE('',#1045,#1045,#1260,.T.);
#792=EDGE_CURVE('',#1046,#1046,#1261,.T.);
#793=EDGE_CURVE('',#1047,#1047,#1262,.T.);
#794=EDGE_CURVE('',#1048,#1048,#1263,.T.);
#795=EDGE_CURVE('',#1049,#1049,#1264,.T.);
#796=EDGE_CURVE('',#1050,#1050,#1265,.T.);
#797=EDGE_CURVE('',#1051,#1051,#1266,.T.);
#798=EDGE_CURVE('',#1052,#1052,#1267,.T.);
#799=EDGE_CURVE('',#1053,#1053,#1268,.T.);
#800=EDGE_CURVE('',#1054,#1054,#1269,.T.);
#801=EDGE_CURVE('',#1055,#1055,#1270,.T.);
#802=EDGE_CURVE('',#1056,#1056,#1271,.T.);
#803=EDGE_CURVE('',#1057,#1057,#1272,.T.);
#804=EDGE_CURVE('',#1058,#1058,#1273,.T.);
#805=EDGE_CURVE('',#1059,#1059,#1274,.T.);
#806=EDGE_CURVE('',#1060,#1060,#1275,.T.);
#807=EDGE_CURVE('',#1061,#1061,#1276,.T.);
#808=EDGE_CURVE('',#1062,#1062,#1277,.T.);
#809=EDGE_CURVE('',#1063,#1063,#1278,.T.);
#810=EDGE_CURVE('',#1064,#1064,#1279,.T.);
#811=EDGE_CURVE('',#1065,#1065,#1280,.T.);
#812=EDGE_CURVE('',#1066,#1066,#1281,.T.);
#813=EDGE_CURVE('',#1067,#1067,#1282,.T.);
#814=EDGE_CURVE('',#1068,#1068,#1283,.T.);
#815=EDGE_CURVE('',#1069,#1069,#1284,.T.);
#816=EDGE_CURVE('',#1070,#1070,#1285,.T.);
#817=EDGE_CURVE('',#1071,#1071,#1286,.T.);
#818=EDGE_CURVE('',#1072,#1072,#1287,.T.);
#819=EDGE_CURVE('',#1073,#1073,#1288,.T.);
#820=EDGE_CURVE('',#1074,#1074,#1289,.T.);
#821=EDGE_CURVE('',#1075,#1075,#1290,.T.);
#822=EDGE_CURVE('',#1076,#1076,#1291,.T.);
#823=EDGE_CURVE('',#1077,#1077,#1292,.T.);
#824=EDGE_CURVE('',#1078,#1078,#1293,.T.);
#825=EDGE_CURVE('',#1079,#1079,#1294,.T.);
#826=EDGE_CURVE('',#1080,#1080,#1295,.T.);
#827=EDGE_CURVE('',#1081,#1081,#1296,.T.);
#828=EDGE_CURVE('',#1082,#1082,#1297,.T.);
#829=EDGE_CURVE('',#1083,#1083,#1298,.T.);
#830=EDGE_CURVE('',#1084,#1084,#1299,.T.);
#831=EDGE_CURVE('',#1085,#1085,#1300,.T.);
#832=EDGE_CURVE('',#1086,#1086,#1301,.T.);
#833=EDGE_CURVE('',#1087,#1087,#1302,.T.);
#834=EDGE_CURVE('',#1088,#1088,#1303,.T.);
#835=EDGE_CURVE('',#1089,#1089,#1304,.T.);
#836=EDGE_CURVE('',#1090,#1090,#1305,.T.);
#837=EDGE_CURVE('',#1091,#1091,#1306,.T.);
#838=EDGE_CURVE('',#1092,#1092,#1307,.T.);
#839=EDGE_CURVE('',#1093,#1093,#1308,.T.);
#840=EDGE_CURVE('',#1094,#1094,#1309,.T.);
#841=EDGE_CURVE('',#1095,#1095,#1310,.T.);
#842=EDGE_CURVE('',#1096,#1096,#1311,.T.);
#843=EDGE_CURVE('',#1097,#1097,#1312,.T.);
#844=EDGE_CURVE('',#1098,#1098,#1313,.T.);
#845=EDGE_CURVE('',#1099,#1099,#1314,.T.);
#846=EDGE_CURVE('',#1100,#1100,#1315,.T.);
#847=EDGE_CURVE('',#1101,#1101,#1316,.T.);
#848=EDGE_CURVE('',#1102,#1102,#1317,.T.);
#849=EDGE_CURVE('',#1103,#1103,#1318,.T.);
#850=EDGE_CURVE('',#1104,#1104,#1319,.T.);
#851=EDGE_CURVE('',#1105,#1105,#1320,.T.);
#852=EDGE_CURVE('',#1106,#1106,#1321,.T.);
#853=EDGE_CURVE('',#1107,#1107,#1322,.T.);
#854=EDGE_CURVE('',#1108,#1108,#1323,.T.);
#855=EDGE_CURVE('',#1109,#1109,#1324,.T.);
#856=EDGE_CURVE('',#1110,#1110,#1325,.T.);
#857=EDGE_CURVE('',#1111,#1111,#1326,.T.);
#858=EDGE_CURVE('',#1112,#1112,#1327,.T.);
#859=EDGE_CURVE('',#1113,#1113,#1328,.T.);
#860=EDGE_CURVE('',#1114,#1114,#1329,.T.);
#861=EDGE_CURVE('',#1115,#1115,#1330,.T.);
#862=EDGE_CURVE('',#1116,#1116,#1331,.T.);
#863=EDGE_CURVE('',#1117,#1117,#1332,.T.);
#864=EDGE_CURVE('',#1118,#1118,#1333,.T.);
#865=EDGE_CURVE('',#1119,#1119,#1334,.T.);
#866=EDGE_CURVE('',#1120,#1120,#1335,.T.);
#867=EDGE_CURVE('',#1121,#1121,#1336,.T.);
#868=EDGE_CURVE('',#1122,#1122,#1337,.T.);
#869=EDGE_CURVE('',#1123,#1123,#1338,.T.);
#870=EDGE_CURVE('',#1124,#1124,#1339,.T.);
#871=EDGE_CURVE('',#1125,#1125,#1340,.T.);
#872=EDGE_CURVE('',#1126,#1126,#1341,.T.);
#873=EDGE_CURVE('',#1127,#1127,#1342,.T.);
#874=EDGE_CURVE('',#1128,#1128,#1343,.T.);
#875=EDGE_CURVE('',#1129,#1129,#1344,.T.);
#876=EDGE_CURVE('',#959,#1130,#59,.T.);
#877=EDGE_CURVE('',#1131,#1130,#1345,.T.);
#878=EDGE_CURVE('',#958,#1131,#60,.T.);
#879=EDGE_CURVE('',#1132,#1132,#1346,.T.);
#880=EDGE_CURVE('',#1133,#1133,#1347,.T.);
#881=EDGE_CURVE('',#1134,#1134,#1348,.T.);
#882=EDGE_CURVE('',#1135,#1135,#1349,.T.);
#883=EDGE_CURVE('',#1136,#1136,#1350,.T.);
#884=EDGE_CURVE('',#1137,#1137,#1351,.T.);
#885=EDGE_CURVE('',#1138,#1138,#1352,.T.);
#886=EDGE_CURVE('',#1139,#1139,#1353,.T.);
#887=EDGE_CURVE('',#1130,#954,#61,.T.);
#888=EDGE_CURVE('',#1131,#1140,#62,.T.);
#889=EDGE_CURVE('',#1140,#1141,#63,.T.);
#890=EDGE_CURVE('',#947,#1141,#64,.T.);
#891=EDGE_CURVE('',#1142,#1142,#1354,.F.);
#892=EDGE_CURVE('',#1143,#1143,#1355,.F.);
#893=EDGE_CURVE('',#1144,#1144,#1356,.F.);
#894=EDGE_CURVE('',#1145,#1145,#1357,.F.);
#895=EDGE_CURVE('',#1146,#952,#65,.T.);
#896=EDGE_CURVE('',#1146,#1147,#1358,.T.);
#897=EDGE_CURVE('',#1147,#956,#66,.T.);
#898=EDGE_CURVE('',#1148,#957,#67,.T.);
#899=EDGE_CURVE('',#1148,#1149,#1359,.T.);
#900=EDGE_CURVE('',#1149,#950,#68,.T.);
#901=EDGE_CURVE('',#949,#1150,#69,.T.);
#902=EDGE_CURVE('',#1150,#1151,#1360,.T.);
#903=EDGE_CURVE('',#1151,#1152,#70,.T.);
#904=EDGE_CURVE('',#1152,#1140,#71,.T.);
#905=EDGE_CURVE('',#953,#1153,#72,.T.);
#906=EDGE_CURVE('',#1153,#1154,#1361,.T.);
#907=EDGE_CURVE('',#951,#1154,#73,.T.);
#908=EDGE_CURVE('',#1155,#1155,#1362,.F.);
#909=EDGE_CURVE('',#1156,#1141,#74,.T.);
#910=EDGE_CURVE('',#1157,#1156,#75,.T.);
#911=EDGE_CURVE('',#1158,#1157,#1363,.T.);
#912=EDGE_CURVE('',#948,#1158,#76,.T.);
#913=EDGE_CURVE('',#1156,#1152,#77,.T.);
#914=EDGE_CURVE('',#1157,#1151,#78,.T.);
#915=EDGE_CURVE('',#1158,#1150,#79,.T.);
#916=EDGE_CURVE('',#1159,#942,#80,.T.);
#917=EDGE_CURVE('',#1159,#1148,#81,.T.);
#918=EDGE_CURVE('',#1159,#1160,#1364,.T.);
#919=EDGE_CURVE('',#1160,#1149,#82,.T.);
#920=EDGE_CURVE('',#1160,#943,#83,.T.);
#921=EDGE_CURVE('',#1161,#1161,#1365,.F.);
#922=EDGE_CURVE('',#938,#1162,#84,.T.);
#923=EDGE_CURVE('',#1162,#1153,#85,.T.);
#924=EDGE_CURVE('',#1162,#1163,#1366,.T.);
#925=EDGE_CURVE('',#1163,#1154,#86,.T.);
#926=EDGE_CURVE('',#939,#1163,#87,.T.);
#927=EDGE_CURVE('',#1164,#1164,#1367,.F.);
#928=EDGE_CURVE('',#1165,#1146,#88,.T.);
#929=EDGE_CURVE('',#1165,#1166,#1368,.T.);
#930=EDGE_CURVE('',#1166,#1147,#89,.T.);
#931=EDGE_CURVE('',#1166,#935,#90,.T.);
#932=EDGE_CURVE('',#1165,#934,#91,.T.);
#933=EDGE_CURVE('',#1167,#1167,#1369,.F.);
#934=VERTEX_POINT('',#3444);
#935=VERTEX_POINT('',#3445);
#936=VERTEX_POINT('',#3447);
#937=VERTEX_POINT('',#3449);
#938=VERTEX_POINT('',#3453);
#939=VERTEX_POINT('',#3454);
#940=VERTEX_POINT('',#3456);
#941=VERTEX_POINT('',#3458);
#942=VERTEX_POINT('',#3462);
#943=VERTEX_POINT('',#3463);
#944=VERTEX_POINT('',#3465);
#945=VERTEX_POINT('',#3467);
#946=VERTEX_POINT('',#3471);
#947=VERTEX_POINT('',#3472);
#948=VERTEX_POINT('',#3474);
#949=VERTEX_POINT('',#3476);
#950=VERTEX_POINT('',#3478);
#951=VERTEX_POINT('',#3483);
#952=VERTEX_POINT('',#3484);
#953=VERTEX_POINT('',#3490);
#954=VERTEX_POINT('',#3492);
#955=VERTEX_POINT('',#3494);
#956=VERTEX_POINT('',#3498);
#957=VERTEX_POINT('',#3499);
#958=VERTEX_POINT('',#3505);
#959=VERTEX_POINT('',#3507);
#960=VERTEX_POINT('',#3510);
#961=VERTEX_POINT('',#3512);
#962=VERTEX_POINT('',#3514);
#963=VERTEX_POINT('',#3516);
#964=VERTEX_POINT('',#3518);
#965=VERTEX_POINT('',#3520);
#966=VERTEX_POINT('',#3522);
#967=VERTEX_POINT('',#3524);
#968=VERTEX_POINT('',#3526);
#969=VERTEX_POINT('',#3528);
#970=VERTEX_POINT('',#3530);
#971=VERTEX_POINT('',#3532);
#972=VERTEX_POINT('',#3534);
#973=VERTEX_POINT('',#3536);
#974=VERTEX_POINT('',#3538);
#975=VERTEX_POINT('',#3540);
#976=VERTEX_POINT('',#3542);
#977=VERTEX_POINT('',#3544);
#978=VERTEX_POINT('',#3546);
#979=VERTEX_POINT('',#3548);
#980=VERTEX_POINT('',#3550);
#981=VERTEX_POINT('',#3552);
#982=VERTEX_POINT('',#3554);
#983=VERTEX_POINT('',#3556);
#984=VERTEX_POINT('',#3558);
#985=VERTEX_POINT('',#3560);
#986=VERTEX_POINT('',#3562);
#987=VERTEX_POINT('',#3564);
#988=VERTEX_POINT('',#3566);
#989=VERTEX_POINT('',#3568);
#990=VERTEX_POINT('',#3570);
#991=VERTEX_POINT('',#3572);
#992=VERTEX_POINT('',#3574);
#993=VERTEX_POINT('',#3576);
#994=VERTEX_POINT('',#3578);
#995=VERTEX_POINT('',#3580);
#996=VERTEX_POINT('',#3582);
#997=VERTEX_POINT('',#3584);
#998=VERTEX_POINT('',#3586);
#999=VERTEX_POINT('',#3588);
#1000=VERTEX_POINT('',#3590);
#1001=VERTEX_POINT('',#3592);
#1002=VERTEX_POINT('',#3594);
#1003=VERTEX_POINT('',#3596);
#1004=VERTEX_POINT('',#3598);
#1005=VERTEX_POINT('',#3600);
#1006=VERTEX_POINT('',#3602);
#1007=VERTEX_POINT('',#3604);
#1008=VERTEX_POINT('',#3606);
#1009=VERTEX_POINT('',#3608);
#1010=VERTEX_POINT('',#3610);
#1011=VERTEX_POINT('',#3612);
#1012=VERTEX_POINT('',#3614);
#1013=VERTEX_POINT('',#3616);
#1014=VERTEX_POINT('',#3618);
#1015=VERTEX_POINT('',#3620);
#1016=VERTEX_POINT('',#3622);
#1017=VERTEX_POINT('',#3624);
#1018=VERTEX_POINT('',#3626);
#1019=VERTEX_POINT('',#3628);
#1020=VERTEX_POINT('',#3630);
#1021=VERTEX_POINT('',#3632);
#1022=VERTEX_POINT('',#3634);
#1023=VERTEX_POINT('',#3636);
#1024=VERTEX_POINT('',#3638);
#1025=VERTEX_POINT('',#3640);
#1026=VERTEX_POINT('',#3642);
#1027=VERTEX_POINT('',#3644);
#1028=VERTEX_POINT('',#3646);
#1029=VERTEX_POINT('',#3648);
#1030=VERTEX_POINT('',#3650);
#1031=VERTEX_POINT('',#3652);
#1032=VERTEX_POINT('',#3654);
#1033=VERTEX_POINT('',#3656);
#1034=VERTEX_POINT('',#3658);
#1035=VERTEX_POINT('',#3660);
#1036=VERTEX_POINT('',#3662);
#1037=VERTEX_POINT('',#3664);
#1038=VERTEX_POINT('',#3666);
#1039=VERTEX_POINT('',#3668);
#1040=VERTEX_POINT('',#3670);
#1041=VERTEX_POINT('',#3672);
#1042=VERTEX_POINT('',#3674);
#1043=VERTEX_POINT('',#3676);
#1044=VERTEX_POINT('',#3678);
#1045=VERTEX_POINT('',#3680);
#1046=VERTEX_POINT('',#3682);
#1047=VERTEX_POINT('',#3684);
#1048=VERTEX_POINT('',#3686);
#1049=VERTEX_POINT('',#3689);
#1050=VERTEX_POINT('',#3692);
#1051=VERTEX_POINT('',#3695);
#1052=VERTEX_POINT('',#3698);
#1053=VERTEX_POINT('',#3701);
#1054=VERTEX_POINT('',#3704);
#1055=VERTEX_POINT('',#3707);
#1056=VERTEX_POINT('',#3710);
#1057=VERTEX_POINT('',#3713);
#1058=VERTEX_POINT('',#3716);
#1059=VERTEX_POINT('',#3719);
#1060=VERTEX_POINT('',#3722);
#1061=VERTEX_POINT('',#3725);
#1062=VERTEX_POINT('',#3728);
#1063=VERTEX_POINT('',#3731);
#1064=VERTEX_POINT('',#3734);
#1065=VERTEX_POINT('',#3737);
#1066=VERTEX_POINT('',#3740);
#1067=VERTEX_POINT('',#3743);
#1068=VERTEX_POINT('',#3746);
#1069=VERTEX_POINT('',#3749);
#1070=VERTEX_POINT('',#3752);
#1071=VERTEX_POINT('',#3755);
#1072=VERTEX_POINT('',#3758);
#1073=VERTEX_POINT('',#3761);
#1074=VERTEX_POINT('',#3764);
#1075=VERTEX_POINT('',#3767);
#1076=VERTEX_POINT('',#3770);
#1077=VERTEX_POINT('',#3773);
#1078=VERTEX_POINT('',#3776);
#1079=VERTEX_POINT('',#3779);
#1080=VERTEX_POINT('',#3782);
#1081=VERTEX_POINT('',#3785);
#1082=VERTEX_POINT('',#3788);
#1083=VERTEX_POINT('',#3791);
#1084=VERTEX_POINT('',#3794);
#1085=VERTEX_POINT('',#3797);
#1086=VERTEX_POINT('',#3800);
#1087=VERTEX_POINT('',#3803);
#1088=VERTEX_POINT('',#3806);
#1089=VERTEX_POINT('',#3809);
#1090=VERTEX_POINT('',#3812);
#1091=VERTEX_POINT('',#3815);
#1092=VERTEX_POINT('',#3818);
#1093=VERTEX_POINT('',#3821);
#1094=VERTEX_POINT('',#3824);
#1095=VERTEX_POINT('',#3827);
#1096=VERTEX_POINT('',#3830);
#1097=VERTEX_POINT('',#3833);
#1098=VERTEX_POINT('',#3836);
#1099=VERTEX_POINT('',#3839);
#1100=VERTEX_POINT('',#3842);
#1101=VERTEX_POINT('',#3845);
#1102=VERTEX_POINT('',#3848);
#1103=VERTEX_POINT('',#3851);
#1104=VERTEX_POINT('',#3854);
#1105=VERTEX_POINT('',#3857);
#1106=VERTEX_POINT('',#3860);
#1107=VERTEX_POINT('',#3863);
#1108=VERTEX_POINT('',#3866);
#1109=VERTEX_POINT('',#3869);
#1110=VERTEX_POINT('',#3872);
#1111=VERTEX_POINT('',#3875);
#1112=VERTEX_POINT('',#3878);
#1113=VERTEX_POINT('',#3881);
#1114=VERTEX_POINT('',#3884);
#1115=VERTEX_POINT('',#3887);
#1116=VERTEX_POINT('',#3890);
#1117=VERTEX_POINT('',#3893);
#1118=VERTEX_POINT('',#3896);
#1119=VERTEX_POINT('',#3899);
#1120=VERTEX_POINT('',#3902);
#1121=VERTEX_POINT('',#3905);
#1122=VERTEX_POINT('',#3908);
#1123=VERTEX_POINT('',#3911);
#1124=VERTEX_POINT('',#3914);
#1125=VERTEX_POINT('',#3917);
#1126=VERTEX_POINT('',#3920);
#1127=VERTEX_POINT('',#3923);
#1128=VERTEX_POINT('',#3926);
#1129=VERTEX_POINT('',#3929);
#1130=VERTEX_POINT('',#3932);
#1131=VERTEX_POINT('',#3934);
#1132=VERTEX_POINT('',#3938);
#1133=VERTEX_POINT('',#3941);
#1134=VERTEX_POINT('',#3944);
#1135=VERTEX_POINT('',#3947);
#1136=VERTEX_POINT('',#3950);
#1137=VERTEX_POINT('',#3953);
#1138=VERTEX_POINT('',#3956);
#1139=VERTEX_POINT('',#3959);
#1140=VERTEX_POINT('',#3964);
#1141=VERTEX_POINT('',#3966);
#1142=VERTEX_POINT('',#3970);
#1143=VERTEX_POINT('',#3972);
#1144=VERTEX_POINT('',#3974);
#1145=VERTEX_POINT('',#3976);
#1146=VERTEX_POINT('',#3978);
#1147=VERTEX_POINT('',#3980);
#1148=VERTEX_POINT('',#3983);
#1149=VERTEX_POINT('',#3985);
#1150=VERTEX_POINT('',#3988);
#1151=VERTEX_POINT('',#3990);
#1152=VERTEX_POINT('',#3992);
#1153=VERTEX_POINT('',#3995);
#1154=VERTEX_POINT('',#3997);
#1155=VERTEX_POINT('',#4001);
#1156=VERTEX_POINT('',#4003);
#1157=VERTEX_POINT('',#4005);
#1158=VERTEX_POINT('',#4007);
#1159=VERTEX_POINT('',#4018);
#1160=VERTEX_POINT('',#4022);
#1161=VERTEX_POINT('',#4028);
#1162=VERTEX_POINT('',#4031);
#1163=VERTEX_POINT('',#4035);
#1164=VERTEX_POINT('',#4041);
#1165=VERTEX_POINT('',#4044);
#1166=VERTEX_POINT('',#4046);
#1167=VERTEX_POINT('',#4054);
#1168=CIRCLE('',#2409,0.0127);
#1169=CIRCLE('',#2410,0.0127);
#1170=CIRCLE('',#2412,0.0127);
#1171=CIRCLE('',#2413,0.0127);
#1172=CIRCLE('',#2415,0.0127);
#1173=CIRCLE('',#2416,0.0127);
#1174=CIRCLE('',#2422,0.00635817271400649);
#1175=CIRCLE('',#2423,0.00635817271400649);
#1176=CIRCLE('',#2424,0.00635817271400649);
#1177=CIRCLE('',#2425,0.00635817271400648);
#1178=CIRCLE('',#2426,0.00635817271400648);
#1179=CIRCLE('',#2427,0.00635817271400648);
#1180=CIRCLE('',#2428,0.00635817271400648);
#1181=CIRCLE('',#2429,0.00635817271400648);
#1182=CIRCLE('',#2430,0.00635817271400648);
#1183=CIRCLE('',#2431,0.00635817271400649);
#1184=CIRCLE('',#2432,0.00635817271400649);
#1185=CIRCLE('',#2433,0.00635817271400648);
#1186=CIRCLE('',#2434,0.00635817271400648);
#1187=CIRCLE('',#2435,0.00635817271400648);
#1188=CIRCLE('',#2436,0.00635817271400648);
#1189=CIRCLE('',#2437,0.00635817271400648);
#1190=CIRCLE('',#2438,0.00635817271400649);
#1191=CIRCLE('',#2439,0.00635817271400649);
#1192=CIRCLE('',#2440,0.00635817271400649);
#1193=CIRCLE('',#2441,0.00635817271400649);
#1194=CIRCLE('',#2442,0.00635817271400648);
#1195=CIRCLE('',#2443,0.00635817271400648);
#1196=CIRCLE('',#2444,0.00635817271400648);
#1197=CIRCLE('',#2445,0.00635817271400648);
#1198=CIRCLE('',#2446,0.00635817271400648);
#1199=CIRCLE('',#2447,0.00635817271400649);
#1200=CIRCLE('',#2448,0.00635817271400649);
#1201=CIRCLE('',#2449,0.00635817271400649);
#1202=CIRCLE('',#2450,0.00635817271400649);
#1203=CIRCLE('',#2451,0.00635817271400648);
#1204=CIRCLE('',#2452,0.00635817271400648);
#1205=CIRCLE('',#2453,0.00635817271400648);
#1206=CIRCLE('',#2454,0.00635817271400648);
#1207=CIRCLE('',#2455,0.00635817271400648);
#1208=CIRCLE('',#2456,0.00635817271400649);
#1209=CIRCLE('',#2457,0.00635817271400649);
#1210=CIRCLE('',#2458,0.00635817271400649);
#1211=CIRCLE('',#2459,0.00635817271400649);
#1212=CIRCLE('',#2460,0.00635817271400648);
#1213=CIRCLE('',#2461,0.00635817271400648);
#1214=CIRCLE('',#2462,0.00635817271400648);
#1215=CIRCLE('',#2463,0.00635817271400648);
#1216=CIRCLE('',#2464,0.00635817271400648);
#1217=CIRCLE('',#2465,0.00635817271400649);
#1218=CIRCLE('',#2466,0.00635817271400649);
#1219=CIRCLE('',#2467,0.00635817271400649);
#1220=CIRCLE('',#2468,0.00635817271400649);
#1221=CIRCLE('',#2469,0.00635817271400648);
#1222=CIRCLE('',#2470,0.00635817271400648);
#1223=CIRCLE('',#2471,0.00635817271400648);
#1224=CIRCLE('',#2472,0.00635817271400648);
#1225=CIRCLE('',#2473,0.00635817271400648);
#1226=CIRCLE('',#2474,0.00635817271400649);
#1227=CIRCLE('',#2475,0.00635817271400649);
#1228=CIRCLE('',#2476,0.00635817271400649);
#1229=CIRCLE('',#2477,0.00635817271400649);
#1230=CIRCLE('',#2478,0.00635817271400648);
#1231=CIRCLE('',#2479,0.00635817271400648);
#1232=CIRCLE('',#2480,0.00635817271400648);
#1233=CIRCLE('',#2481,0.00635817271400648);
#1234=CIRCLE('',#2482,0.00635817271400648);
#1235=CIRCLE('',#2483,0.00635817271400649);
#1236=CIRCLE('',#2484,0.00635817271400649);
#1237=CIRCLE('',#2485,0.00635817271400649);
#1238=CIRCLE('',#2486,0.00635817271400649);
#1239=CIRCLE('',#2487,0.00635817271400648);
#1240=CIRCLE('',#2488,0.00635817271400648);
#1241=CIRCLE('',#2489,0.00635817271400648);
#1242=CIRCLE('',#2490,0.00635817271400648);
#1243=CIRCLE('',#2491,0.00635817271400648);
#1244=CIRCLE('',#2492,0.00635817271400649);
#1245=CIRCLE('',#2493,0.00635817271400649);
#1246=CIRCLE('',#2494,0.00635817271400649);
#1247=CIRCLE('',#2495,0.00635817271400649);
#1248=CIRCLE('',#2496,0.00635817271400648);
#1249=CIRCLE('',#2497,0.00635817271400648);
#1250=CIRCLE('',#2498,0.00635817271400648);
#1251=CIRCLE('',#2499,0.00635817271400648);
#1252=CIRCLE('',#2500,0.00635817271400648);
#1253=CIRCLE('',#2501,0.00635817271400649);
#1254=CIRCLE('',#2502,0.00635817271400649);
#1255=CIRCLE('',#2503,0.00635817271400649);
#1256=CIRCLE('',#2504,0.00635817271400649);
#1257=CIRCLE('',#2505,0.00635817271400648);
#1258=CIRCLE('',#2506,0.00635817271400648);
#1259=CIRCLE('',#2507,0.00635817271400648);
#1260=CIRCLE('',#2508,0.00635817271400648);
#1261=CIRCLE('',#2509,0.00635817271400648);
#1262=CIRCLE('',#2510,0.00635817271400649);
#1263=CIRCLE('',#2511,0.00635817271400649);
#1264=CIRCLE('',#2513,0.00635817271400649);
#1265=CIRCLE('',#2515,0.00635817271400649);
#1266=CIRCLE('',#2517,0.00635817271400648);
#1267=CIRCLE('',#2519,0.00635817271400648);
#1268=CIRCLE('',#2521,0.00635817271400648);
#1269=CIRCLE('',#2523,0.00635817271400648);
#1270=CIRCLE('',#2525,0.00635817271400648);
#1271=CIRCLE('',#2527,0.00635817271400649);
#1272=CIRCLE('',#2529,0.00635817271400649);
#1273=CIRCLE('',#2531,0.00635817271400649);
#1274=CIRCLE('',#2533,0.00635817271400649);
#1275=CIRCLE('',#2535,0.00635817271400648);
#1276=CIRCLE('',#2537,0.00635817271400648);
#1277=CIRCLE('',#2539,0.00635817271400648);
#1278=CIRCLE('',#2541,0.00635817271400648);
#1279=CIRCLE('',#2543,0.00635817271400648);
#1280=CIRCLE('',#2545,0.00635817271400649);
#1281=CIRCLE('',#2547,0.00635817271400649);
#1282=CIRCLE('',#2549,0.00635817271400649);
#1283=CIRCLE('',#2551,0.00635817271400649);
#1284=CIRCLE('',#2553,0.00635817271400648);
#1285=CIRCLE('',#2555,0.00635817271400648);
#1286=CIRCLE('',#2557,0.00635817271400648);
#1287=CIRCLE('',#2559,0.00635817271400648);
#1288=CIRCLE('',#2561,0.00635817271400648);
#1289=CIRCLE('',#2563,0.00635817271400649);
#1290=CIRCLE('',#2565,0.00635817271400649);
#1291=CIRCLE('',#2567,0.00635817271400649);
#1292=CIRCLE('',#2569,0.00635817271400649);
#1293=CIRCLE('',#2571,0.00635817271400648);
#1294=CIRCLE('',#2573,0.00635817271400648);
#1295=CIRCLE('',#2575,0.00635817271400648);
#1296=CIRCLE('',#2577,0.00635817271400648);
#1297=CIRCLE('',#2579,0.00635817271400648);
#1298=CIRCLE('',#2581,0.00635817271400649);
#1299=CIRCLE('',#2583,0.00635817271400649);
#1300=CIRCLE('',#2585,0.00635817271400649);
#1301=CIRCLE('',#2587,0.00635817271400649);
#1302=CIRCLE('',#2589,0.00635817271400648);
#1303=CIRCLE('',#2591,0.00635817271400648);
#1304=CIRCLE('',#2593,0.00635817271400648);
#1305=CIRCLE('',#2595,0.00635817271400648);
#1306=CIRCLE('',#2597,0.00635817271400648);
#1307=CIRCLE('',#2599,0.00635817271400649);
#1308=CIRCLE('',#2601,0.00635817271400649);
#1309=CIRCLE('',#2603,0.00635817271400649);
#1310=CIRCLE('',#2605,0.00635817271400649);
#1311=CIRCLE('',#2607,0.00635817271400648);
#1312=CIRCLE('',#2609,0.00635817271400648);
#1313=CIRCLE('',#2611,0.00635817271400648);
#1314=CIRCLE('',#2613,0.00635817271400648);
#1315=CIRCLE('',#2615,0.00635817271400648);
#1316=CIRCLE('',#2617,0.00635817271400649);
#1317=CIRCLE('',#2619,0.00635817271400649);
#1318=CIRCLE('',#2621,0.00635817271400649);
#1319=CIRCLE('',#2623,0.00635817271400649);
#1320=CIRCLE('',#2625,0.00635817271400648);
#1321=CIRCLE('',#2627,0.00635817271400648);
#1322=CIRCLE('',#2629,0.00635817271400648);
#1323=CIRCLE('',#2631,0.00635817271400648);
#1324=CIRCLE('',#2633,0.00635817271400648);
#1325=CIRCLE('',#2635,0.00635817271400649);
#1326=CIRCLE('',#2637,0.00635817271400649);
#1327=CIRCLE('',#2639,0.00635817271400649);
#1328=CIRCLE('',#2641,0.00635817271400649);
#1329=CIRCLE('',#2643,0.00635817271400648);
#1330=CIRCLE('',#2645,0.00635817271400648);
#1331=CIRCLE('',#2647,0.00635817271400648);
#1332=CIRCLE('',#2649,0.00635817271400648);
#1333=CIRCLE('',#2651,0.00635817271400648);
#1334=CIRCLE('',#2653,0.00635817271400649);
#1335=CIRCLE('',#2655,0.00635817271400649);
#1336=CIRCLE('',#2657,0.00635817271400649);
#1337=CIRCLE('',#2659,0.00635817271400649);
#1338=CIRCLE('',#2661,0.00635817271400648);
#1339=CIRCLE('',#2663,0.00635817271400648);
#1340=CIRCLE('',#2665,0.00635817271400648);
#1341=CIRCLE('',#2667,0.00635817271400648);
#1342=CIRCLE('',#2669,0.00635817271400648);
#1343=CIRCLE('',#2671,0.00635817271400649);
#1344=CIRCLE('',#2673,0.00635817271400649);
#1345=CIRCLE('',#2675,0.00635817271400649);
#1346=CIRCLE('',#2677,0.00635817271400648);
#1347=CIRCLE('',#2679,0.00635817271400648);
#1348=CIRCLE('',#2681,0.00635817271400648);
#1349=CIRCLE('',#2683,0.00635817271400648);
#1350=CIRCLE('',#2685,0.00635817271400648);
#1351=CIRCLE('',#2687,0.00635817271400648);
#1352=CIRCLE('',#2689,0.00635817271400649);
#1353=CIRCLE('',#2691,0.00635817271400649);
#1354=CIRCLE('',#2695,0.0025);
#1355=CIRCLE('',#2696,0.0025);
#1356=CIRCLE('',#2697,0.0025);
#1357=CIRCLE('',#2698,0.0025);
#1358=CIRCLE('',#2699,0.0127);
#1359=CIRCLE('',#2700,0.0127);
#1360=CIRCLE('',#2701,0.0127);
#1361=CIRCLE('',#2702,0.0127);
#1362=CIRCLE('',#2704,0.0025);
#1363=CIRCLE('',#2705,0.0127);
#1364=CIRCLE('',#2712,0.0127);
#1365=CIRCLE('',#2715,0.0025);
#1366=CIRCLE('',#2718,0.0127);
#1367=CIRCLE('',#2721,0.0025);
#1368=CIRCLE('',#2723,0.0127);
#1369=CIRCLE('',#2727,0.0025);
#1370=EDGE_LOOP('',(#151,#152,#153,#154));
#1371=EDGE_LOOP('',(#155,#156,#157,#158));
#1372=EDGE_LOOP('',(#159,#160,#161,#162));
#1373=EDGE_LOOP('',(#163,#164,#165,#166,#167,#168,#169));
#1374=EDGE_LOOP('',(#170,#171,#172,#173,#174,#175));
#1375=EDGE_LOOP('',(#176,#177,#178,#179,#180));
#1376=EDGE_LOOP('',(#181,#182,#183,#184,#185,#186));
#1377=EDGE_LOOP('',(#187,#188,#189,#190,#191,#192,#193,#194,#195,#196));
#1378=EDGE_LOOP('',(#197));
#1379=EDGE_LOOP('',(#198));
#1380=EDGE_LOOP('',(#199));
#1381=EDGE_LOOP('',(#200));
#1382=EDGE_LOOP('',(#201));
#1383=EDGE_LOOP('',(#202));
#1384=EDGE_LOOP('',(#203));
#1385=EDGE_LOOP('',(#204));
#1386=EDGE_LOOP('',(#205));
#1387=EDGE_LOOP('',(#206));
#1388=EDGE_LOOP('',(#207));
#1389=EDGE_LOOP('',(#208));
#1390=EDGE_LOOP('',(#209));
#1391=EDGE_LOOP('',(#210));
#1392=EDGE_LOOP('',(#211));
#1393=EDGE_LOOP('',(#212));
#1394=EDGE_LOOP('',(#213));
#1395=EDGE_LOOP('',(#214));
#1396=EDGE_LOOP('',(#215));
#1397=EDGE_LOOP('',(#216));
#1398=EDGE_LOOP('',(#217));
#1399=EDGE_LOOP('',(#218));
#1400=EDGE_LOOP('',(#219));
#1401=EDGE_LOOP('',(#220));
#1402=EDGE_LOOP('',(#221));
#1403=EDGE_LOOP('',(#222));
#1404=EDGE_LOOP('',(#223));
#1405=EDGE_LOOP('',(#224));
#1406=EDGE_LOOP('',(#225));
#1407=EDGE_LOOP('',(#226));
#1408=EDGE_LOOP('',(#227));
#1409=EDGE_LOOP('',(#228));
#1410=EDGE_LOOP('',(#229));
#1411=EDGE_LOOP('',(#230));
#1412=EDGE_LOOP('',(#231));
#1413=EDGE_LOOP('',(#232));
#1414=EDGE_LOOP('',(#233));
#1415=EDGE_LOOP('',(#234));
#1416=EDGE_LOOP('',(#235));
#1417=EDGE_LOOP('',(#236));
#1418=EDGE_LOOP('',(#237));
#1419=EDGE_LOOP('',(#238));
#1420=EDGE_LOOP('',(#239));
#1421=EDGE_LOOP('',(#240));
#1422=EDGE_LOOP('',(#241));
#1423=EDGE_LOOP('',(#242));
#1424=EDGE_LOOP('',(#243));
#1425=EDGE_LOOP('',(#244));
#1426=EDGE_LOOP('',(#245));
#1427=EDGE_LOOP('',(#246));
#1428=EDGE_LOOP('',(#247));
#1429=EDGE_LOOP('',(#248));
#1430=EDGE_LOOP('',(#249));
#1431=EDGE_LOOP('',(#250));
#1432=EDGE_LOOP('',(#251));
#1433=EDGE_LOOP('',(#252));
#1434=EDGE_LOOP('',(#253));
#1435=EDGE_LOOP('',(#254));
#1436=EDGE_LOOP('',(#255));
#1437=EDGE_LOOP('',(#256));
#1438=EDGE_LOOP('',(#257));
#1439=EDGE_LOOP('',(#258));
#1440=EDGE_LOOP('',(#259));
#1441=EDGE_LOOP('',(#260));
#1442=EDGE_LOOP('',(#261));
#1443=EDGE_LOOP('',(#262));
#1444=EDGE_LOOP('',(#263));
#1445=EDGE_LOOP('',(#264));
#1446=EDGE_LOOP('',(#265));
#1447=EDGE_LOOP('',(#266));
#1448=EDGE_LOOP('',(#267));
#1449=EDGE_LOOP('',(#268));
#1450=EDGE_LOOP('',(#269));
#1451=EDGE_LOOP('',(#270));
#1452=EDGE_LOOP('',(#271));
#1453=EDGE_LOOP('',(#272));
#1454=EDGE_LOOP('',(#273));
#1455=EDGE_LOOP('',(#274));
#1456=EDGE_LOOP('',(#275));
#1457=EDGE_LOOP('',(#276));
#1458=EDGE_LOOP('',(#277));
#1459=EDGE_LOOP('',(#278));
#1460=EDGE_LOOP('',(#279));
#1461=EDGE_LOOP('',(#280));
#1462=EDGE_LOOP('',(#281));
#1463=EDGE_LOOP('',(#282));
#1464=EDGE_LOOP('',(#283));
#1465=EDGE_LOOP('',(#284));
#1466=EDGE_LOOP('',(#285));
#1467=EDGE_LOOP('',(#286));
#1468=EDGE_LOOP('',(#287));
#1469=EDGE_LOOP('',(#288));
#1470=EDGE_LOOP('',(#289));
#1471=EDGE_LOOP('',(#290));
#1472=EDGE_LOOP('',(#291));
#1473=EDGE_LOOP('',(#292));
#1474=EDGE_LOOP('',(#293));
#1475=EDGE_LOOP('',(#294));
#1476=EDGE_LOOP('',(#295));
#1477=EDGE_LOOP('',(#296));
#1478=EDGE_LOOP('',(#297));
#1479=EDGE_LOOP('',(#298));
#1480=EDGE_LOOP('',(#299));
#1481=EDGE_LOOP('',(#300));
#1482=EDGE_LOOP('',(#301));
#1483=EDGE_LOOP('',(#302));
#1484=EDGE_LOOP('',(#303));
#1485=EDGE_LOOP('',(#304));
#1486=EDGE_LOOP('',(#305));
#1487=EDGE_LOOP('',(#306));
#1488=EDGE_LOOP('',(#307));
#1489=EDGE_LOOP('',(#308));
#1490=EDGE_LOOP('',(#309));
#1491=EDGE_LOOP('',(#310));
#1492=EDGE_LOOP('',(#311));
#1493=EDGE_LOOP('',(#312));
#1494=EDGE_LOOP('',(#313));
#1495=EDGE_LOOP('',(#314));
#1496=EDGE_LOOP('',(#315));
#1497=EDGE_LOOP('',(#316));
#1498=EDGE_LOOP('',(#317));
#1499=EDGE_LOOP('',(#318));
#1500=EDGE_LOOP('',(#319));
#1501=EDGE_LOOP('',(#320));
#1502=EDGE_LOOP('',(#321));
#1503=EDGE_LOOP('',(#322));
#1504=EDGE_LOOP('',(#323));
#1505=EDGE_LOOP('',(#324));
#1506=EDGE_LOOP('',(#325));
#1507=EDGE_LOOP('',(#326));
#1508=EDGE_LOOP('',(#327));
#1509=EDGE_LOOP('',(#328));
#1510=EDGE_LOOP('',(#329));
#1511=EDGE_LOOP('',(#330));
#1512=EDGE_LOOP('',(#331));
#1513=EDGE_LOOP('',(#332));
#1514=EDGE_LOOP('',(#333));
#1515=EDGE_LOOP('',(#334));
#1516=EDGE_LOOP('',(#335));
#1517=EDGE_LOOP('',(#336));
#1518=EDGE_LOOP('',(#337));
#1519=EDGE_LOOP('',(#338));
#1520=EDGE_LOOP('',(#339));
#1521=EDGE_LOOP('',(#340));
#1522=EDGE_LOOP('',(#341));
#1523=EDGE_LOOP('',(#342));
#1524=EDGE_LOOP('',(#343));
#1525=EDGE_LOOP('',(#344));
#1526=EDGE_LOOP('',(#345));
#1527=EDGE_LOOP('',(#346));
#1528=EDGE_LOOP('',(#347));
#1529=EDGE_LOOP('',(#348));
#1530=EDGE_LOOP('',(#349));
#1531=EDGE_LOOP('',(#350));
#1532=EDGE_LOOP('',(#351));
#1533=EDGE_LOOP('',(#352));
#1534=EDGE_LOOP('',(#353));
#1535=EDGE_LOOP('',(#354));
#1536=EDGE_LOOP('',(#355));
#1537=EDGE_LOOP('',(#356));
#1538=EDGE_LOOP('',(#357));
#1539=EDGE_LOOP('',(#358));
#1540=EDGE_LOOP('',(#359));
#1541=EDGE_LOOP('',(#360));
#1542=EDGE_LOOP('',(#361));
#1543=EDGE_LOOP('',(#362));
#1544=EDGE_LOOP('',(#363));
#1545=EDGE_LOOP('',(#364));
#1546=EDGE_LOOP('',(#365));
#1547=EDGE_LOOP('',(#366));
#1548=EDGE_LOOP('',(#367));
#1549=EDGE_LOOP('',(#368));
#1550=EDGE_LOOP('',(#369));
#1551=EDGE_LOOP('',(#370));
#1552=EDGE_LOOP('',(#371));
#1553=EDGE_LOOP('',(#372));
#1554=EDGE_LOOP('',(#373));
#1555=EDGE_LOOP('',(#374));
#1556=EDGE_LOOP('',(#375));
#1557=EDGE_LOOP('',(#376));
#1558=EDGE_LOOP('',(#377));
#1559=EDGE_LOOP('',(#378));
#1560=EDGE_LOOP('',(#379));
#1561=EDGE_LOOP('',(#380));
#1562=EDGE_LOOP('',(#381));
#1563=EDGE_LOOP('',(#382));
#1564=EDGE_LOOP('',(#383));
#1565=EDGE_LOOP('',(#384));
#1566=EDGE_LOOP('',(#385));
#1567=EDGE_LOOP('',(#386));
#1568=EDGE_LOOP('',(#387));
#1569=EDGE_LOOP('',(#388));
#1570=EDGE_LOOP('',(#389));
#1571=EDGE_LOOP('',(#390));
#1572=EDGE_LOOP('',(#391));
#1573=EDGE_LOOP('',(#392));
#1574=EDGE_LOOP('',(#393));
#1575=EDGE_LOOP('',(#394));
#1576=EDGE_LOOP('',(#395));
#1577=EDGE_LOOP('',(#396));
#1578=EDGE_LOOP('',(#397));
#1579=EDGE_LOOP('',(#398));
#1580=EDGE_LOOP('',(#399));
#1581=EDGE_LOOP('',(#400));
#1582=EDGE_LOOP('',(#401));
#1583=EDGE_LOOP('',(#402));
#1584=EDGE_LOOP('',(#403));
#1585=EDGE_LOOP('',(#404));
#1586=EDGE_LOOP('',(#405));
#1587=EDGE_LOOP('',(#406));
#1588=EDGE_LOOP('',(#407));
#1589=EDGE_LOOP('',(#408));
#1590=EDGE_LOOP('',(#409));
#1591=EDGE_LOOP('',(#410));
#1592=EDGE_LOOP('',(#411));
#1593=EDGE_LOOP('',(#412));
#1594=EDGE_LOOP('',(#413));
#1595=EDGE_LOOP('',(#414));
#1596=EDGE_LOOP('',(#415));
#1597=EDGE_LOOP('',(#416));
#1598=EDGE_LOOP('',(#417));
#1599=EDGE_LOOP('',(#418));
#1600=EDGE_LOOP('',(#419));
#1601=EDGE_LOOP('',(#420));
#1602=EDGE_LOOP('',(#421));
#1603=EDGE_LOOP('',(#422));
#1604=EDGE_LOOP('',(#423));
#1605=EDGE_LOOP('',(#424));
#1606=EDGE_LOOP('',(#425));
#1607=EDGE_LOOP('',(#426));
#1608=EDGE_LOOP('',(#427));
#1609=EDGE_LOOP('',(#428));
#1610=EDGE_LOOP('',(#429));
#1611=EDGE_LOOP('',(#430));
#1612=EDGE_LOOP('',(#431));
#1613=EDGE_LOOP('',(#432));
#1614=EDGE_LOOP('',(#433));
#1615=EDGE_LOOP('',(#434));
#1616=EDGE_LOOP('',(#435));
#1617=EDGE_LOOP('',(#436));
#1618=EDGE_LOOP('',(#437));
#1619=EDGE_LOOP('',(#438));
#1620=EDGE_LOOP('',(#439));
#1621=EDGE_LOOP('',(#440));
#1622=EDGE_LOOP('',(#441));
#1623=EDGE_LOOP('',(#442));
#1624=EDGE_LOOP('',(#443));
#1625=EDGE_LOOP('',(#444));
#1626=EDGE_LOOP('',(#445));
#1627=EDGE_LOOP('',(#446));
#1628=EDGE_LOOP('',(#447));
#1629=EDGE_LOOP('',(#448,#449,#450,#451));
#1630=EDGE_LOOP('',(#452));
#1631=EDGE_LOOP('',(#453));
#1632=EDGE_LOOP('',(#454));
#1633=EDGE_LOOP('',(#455));
#1634=EDGE_LOOP('',(#456));
#1635=EDGE_LOOP('',(#457));
#1636=EDGE_LOOP('',(#458));
#1637=EDGE_LOOP('',(#459));
#1638=EDGE_LOOP('',(#460));
#1639=EDGE_LOOP('',(#461));
#1640=EDGE_LOOP('',(#462));
#1641=EDGE_LOOP('',(#463));
#1642=EDGE_LOOP('',(#464));
#1643=EDGE_LOOP('',(#465));
#1644=EDGE_LOOP('',(#466));
#1645=EDGE_LOOP('',(#467));
#1646=EDGE_LOOP('',(#468,#469,#470,#471));
#1647=EDGE_LOOP('',(#472,#473,#474,#475,#476,#477));
#1648=EDGE_LOOP('',(#478));
#1649=EDGE_LOOP('',(#479));
#1650=EDGE_LOOP('',(#480));
#1651=EDGE_LOOP('',(#481));
#1652=EDGE_LOOP('',(#482,#483,#484,#485,#486,#487,#488,#489,#490,#491,#492,
#493,#494,#495,#496,#497,#498,#499,#500,#501));
#1653=EDGE_LOOP('',(#502));
#1654=EDGE_LOOP('',(#503));
#1655=EDGE_LOOP('',(#504));
#1656=EDGE_LOOP('',(#505));
#1657=EDGE_LOOP('',(#506));
#1658=EDGE_LOOP('',(#507));
#1659=EDGE_LOOP('',(#508));
#1660=EDGE_LOOP('',(#509));
#1661=EDGE_LOOP('',(#510));
#1662=EDGE_LOOP('',(#511));
#1663=EDGE_LOOP('',(#512));
#1664=EDGE_LOOP('',(#513));
#1665=EDGE_LOOP('',(#514));
#1666=EDGE_LOOP('',(#515));
#1667=EDGE_LOOP('',(#516));
#1668=EDGE_LOOP('',(#517));
#1669=EDGE_LOOP('',(#518));
#1670=EDGE_LOOP('',(#519));
#1671=EDGE_LOOP('',(#520));
#1672=EDGE_LOOP('',(#521));
#1673=EDGE_LOOP('',(#522));
#1674=EDGE_LOOP('',(#523));
#1675=EDGE_LOOP('',(#524));
#1676=EDGE_LOOP('',(#525));
#1677=EDGE_LOOP('',(#526));
#1678=EDGE_LOOP('',(#527));
#1679=EDGE_LOOP('',(#528));
#1680=EDGE_LOOP('',(#529));
#1681=EDGE_LOOP('',(#530));
#1682=EDGE_LOOP('',(#531));
#1683=EDGE_LOOP('',(#532));
#1684=EDGE_LOOP('',(#533));
#1685=EDGE_LOOP('',(#534));
#1686=EDGE_LOOP('',(#535));
#1687=EDGE_LOOP('',(#536));
#1688=EDGE_LOOP('',(#537));
#1689=EDGE_LOOP('',(#538));
#1690=EDGE_LOOP('',(#539));
#1691=EDGE_LOOP('',(#540));
#1692=EDGE_LOOP('',(#541));
#1693=EDGE_LOOP('',(#542));
#1694=EDGE_LOOP('',(#543));
#1695=EDGE_LOOP('',(#544));
#1696=EDGE_LOOP('',(#545));
#1697=EDGE_LOOP('',(#546));
#1698=EDGE_LOOP('',(#547));
#1699=EDGE_LOOP('',(#548));
#1700=EDGE_LOOP('',(#549));
#1701=EDGE_LOOP('',(#550));
#1702=EDGE_LOOP('',(#551));
#1703=EDGE_LOOP('',(#552));
#1704=EDGE_LOOP('',(#553));
#1705=EDGE_LOOP('',(#554));
#1706=EDGE_LOOP('',(#555));
#1707=EDGE_LOOP('',(#556));
#1708=EDGE_LOOP('',(#557));
#1709=EDGE_LOOP('',(#558));
#1710=EDGE_LOOP('',(#559));
#1711=EDGE_LOOP('',(#560));
#1712=EDGE_LOOP('',(#561));
#1713=EDGE_LOOP('',(#562));
#1714=EDGE_LOOP('',(#563));
#1715=EDGE_LOOP('',(#564));
#1716=EDGE_LOOP('',(#565));
#1717=EDGE_LOOP('',(#566));
#1718=EDGE_LOOP('',(#567));
#1719=EDGE_LOOP('',(#568));
#1720=EDGE_LOOP('',(#569));
#1721=EDGE_LOOP('',(#570));
#1722=EDGE_LOOP('',(#571));
#1723=EDGE_LOOP('',(#572));
#1724=EDGE_LOOP('',(#573));
#1725=EDGE_LOOP('',(#574));
#1726=EDGE_LOOP('',(#575));
#1727=EDGE_LOOP('',(#576));
#1728=EDGE_LOOP('',(#577));
#1729=EDGE_LOOP('',(#578));
#1730=EDGE_LOOP('',(#579));
#1731=EDGE_LOOP('',(#580));
#1732=EDGE_LOOP('',(#581));
#1733=EDGE_LOOP('',(#582));
#1734=EDGE_LOOP('',(#583));
#1735=EDGE_LOOP('',(#584));
#1736=EDGE_LOOP('',(#585));
#1737=EDGE_LOOP('',(#586));
#1738=EDGE_LOOP('',(#587));
#1739=EDGE_LOOP('',(#588));
#1740=EDGE_LOOP('',(#589));
#1741=EDGE_LOOP('',(#590));
#1742=EDGE_LOOP('',(#591));
#1743=EDGE_LOOP('',(#592,#593,#594,#595,#596,#597));
#1744=EDGE_LOOP('',(#598,#599,#600,#601));
#1745=EDGE_LOOP('',(#602,#603,#604,#605));
#1746=EDGE_LOOP('',(#606,#607,#608,#609));
#1747=EDGE_LOOP('',(#610,#611,#612,#613));
#1748=EDGE_LOOP('',(#614,#615,#616,#617));
#1749=EDGE_LOOP('',(#618,#619,#620,#621));
#1750=EDGE_LOOP('',(#622,#623,#624,#625));
#1751=EDGE_LOOP('',(#626));
#1752=EDGE_LOOP('',(#627,#628,#629,#630));
#1753=EDGE_LOOP('',(#631,#632,#633,#634));
#1754=EDGE_LOOP('',(#635,#636,#637,#638));
#1755=EDGE_LOOP('',(#639,#640,#641,#642));
#1756=EDGE_LOOP('',(#643));
#1757=EDGE_LOOP('',(#644,#645,#646,#647));
#1758=EDGE_LOOP('',(#648,#649,#650,#651));
#1759=EDGE_LOOP('',(#652,#653,#654,#655));
#1760=EDGE_LOOP('',(#656,#657,#658,#659));
#1761=EDGE_LOOP('',(#660));
#1762=EDGE_LOOP('',(#661,#662,#663,#664));
#1763=EDGE_LOOP('',(#665));
#1764=EDGE_LOOP('',(#666));
#1765=EDGE_LOOP('',(#667));
#1766=EDGE_LOOP('',(#668));
#1767=EDGE_LOOP('',(#669));
#1768=EDGE_LOOP('',(#670));
#1769=EDGE_LOOP('',(#671));
#1770=EDGE_LOOP('',(#672));
#1771=FACE_BOUND('',#1370,.T.);
#1772=FACE_BOUND('',#1371,.T.);
#1773=FACE_BOUND('',#1372,.T.);
#1774=FACE_BOUND('',#1373,.T.);
#1775=FACE_BOUND('',#1374,.T.);
#1776=FACE_BOUND('',#1375,.T.);
#1777=FACE_BOUND('',#1376,.T.);
#1778=FACE_BOUND('',#1377,.T.);
#1779=FACE_BOUND('',#1378,.T.);
#1780=FACE_BOUND('',#1379,.T.);
#1781=FACE_BOUND('',#1380,.T.);
#1782=FACE_BOUND('',#1381,.T.);
#1783=FACE_BOUND('',#1382,.T.);
#1784=FACE_BOUND('',#1383,.T.);
#1785=FACE_BOUND('',#1384,.T.);
#1786=FACE_BOUND('',#1385,.T.);
#1787=FACE_BOUND('',#1386,.T.);
#1788=FACE_BOUND('',#1387,.T.);
#1789=FACE_BOUND('',#1388,.T.);
#1790=FACE_BOUND('',#1389,.T.);
#1791=FACE_BOUND('',#1390,.T.);
#1792=FACE_BOUND('',#1391,.T.);
#1793=FACE_BOUND('',#1392,.T.);
#1794=FACE_BOUND('',#1393,.T.);
#1795=FACE_BOUND('',#1394,.T.);
#1796=FACE_BOUND('',#1395,.T.);
#1797=FACE_BOUND('',#1396,.T.);
#1798=FACE_BOUND('',#1397,.T.);
#1799=FACE_BOUND('',#1398,.T.);
#1800=FACE_BOUND('',#1399,.T.);
#1801=FACE_BOUND('',#1400,.T.);
#1802=FACE_BOUND('',#1401,.T.);
#1803=FACE_BOUND('',#1402,.T.);
#1804=FACE_BOUND('',#1403,.T.);
#1805=FACE_BOUND('',#1404,.T.);
#1806=FACE_BOUND('',#1405,.T.);
#1807=FACE_BOUND('',#1406,.T.);
#1808=FACE_BOUND('',#1407,.T.);
#1809=FACE_BOUND('',#1408,.T.);
#1810=FACE_BOUND('',#1409,.T.);
#1811=FACE_BOUND('',#1410,.T.);
#1812=FACE_BOUND('',#1411,.T.);
#1813=FACE_BOUND('',#1412,.T.);
#1814=FACE_BOUND('',#1413,.T.);
#1815=FACE_BOUND('',#1414,.T.);
#1816=FACE_BOUND('',#1415,.T.);
#1817=FACE_BOUND('',#1416,.T.);
#1818=FACE_BOUND('',#1417,.T.);
#1819=FACE_BOUND('',#1418,.T.);
#1820=FACE_BOUND('',#1419,.T.);
#1821=FACE_BOUND('',#1420,.T.);
#1822=FACE_BOUND('',#1421,.T.);
#1823=FACE_BOUND('',#1422,.T.);
#1824=FACE_BOUND('',#1423,.T.);
#1825=FACE_BOUND('',#1424,.T.);
#1826=FACE_BOUND('',#1425,.T.);
#1827=FACE_BOUND('',#1426,.T.);
#1828=FACE_BOUND('',#1427,.T.);
#1829=FACE_BOUND('',#1428,.T.);
#1830=FACE_BOUND('',#1429,.T.);
#1831=FACE_BOUND('',#1430,.T.);
#1832=FACE_BOUND('',#1431,.T.);
#1833=FACE_BOUND('',#1432,.T.);
#1834=FACE_BOUND('',#1433,.T.);
#1835=FACE_BOUND('',#1434,.T.);
#1836=FACE_BOUND('',#1435,.T.);
#1837=FACE_BOUND('',#1436,.T.);
#1838=FACE_BOUND('',#1437,.T.);
#1839=FACE_BOUND('',#1438,.T.);
#1840=FACE_BOUND('',#1439,.T.);
#1841=FACE_BOUND('',#1440,.T.);
#1842=FACE_BOUND('',#1441,.T.);
#1843=FACE_BOUND('',#1442,.T.);
#1844=FACE_BOUND('',#1443,.T.);
#1845=FACE_BOUND('',#1444,.T.);
#1846=FACE_BOUND('',#1445,.T.);
#1847=FACE_BOUND('',#1446,.T.);
#1848=FACE_BOUND('',#1447,.T.);
#1849=FACE_BOUND('',#1448,.T.);
#1850=FACE_BOUND('',#1449,.T.);
#1851=FACE_BOUND('',#1450,.T.);
#1852=FACE_BOUND('',#1451,.T.);
#1853=FACE_BOUND('',#1452,.T.);
#1854=FACE_BOUND('',#1453,.T.);
#1855=FACE_BOUND('',#1454,.T.);
#1856=FACE_BOUND('',#1455,.T.);
#1857=FACE_BOUND('',#1456,.T.);
#1858=FACE_BOUND('',#1457,.T.);
#1859=FACE_BOUND('',#1458,.T.);
#1860=FACE_BOUND('',#1459,.T.);
#1861=FACE_BOUND('',#1460,.T.);
#1862=FACE_BOUND('',#1461,.T.);
#1863=FACE_BOUND('',#1462,.T.);
#1864=FACE_BOUND('',#1463,.T.);
#1865=FACE_BOUND('',#1464,.T.);
#1866=FACE_BOUND('',#1465,.T.);
#1867=FACE_BOUND('',#1466,.T.);
#1868=FACE_BOUND('',#1467,.T.);
#1869=FACE_BOUND('',#1468,.T.);
#1870=FACE_BOUND('',#1469,.T.);
#1871=FACE_BOUND('',#1470,.T.);
#1872=FACE_BOUND('',#1471,.T.);
#1873=FACE_BOUND('',#1472,.T.);
#1874=FACE_BOUND('',#1473,.T.);
#1875=FACE_BOUND('',#1474,.T.);
#1876=FACE_BOUND('',#1475,.T.);
#1877=FACE_BOUND('',#1476,.T.);
#1878=FACE_BOUND('',#1477,.T.);
#1879=FACE_BOUND('',#1478,.T.);
#1880=FACE_BOUND('',#1479,.T.);
#1881=FACE_BOUND('',#1480,.T.);
#1882=FACE_BOUND('',#1481,.T.);
#1883=FACE_BOUND('',#1482,.T.);
#1884=FACE_BOUND('',#1483,.T.);
#1885=FACE_BOUND('',#1484,.T.);
#1886=FACE_BOUND('',#1485,.T.);
#1887=FACE_BOUND('',#1486,.T.);
#1888=FACE_BOUND('',#1487,.T.);
#1889=FACE_BOUND('',#1488,.T.);
#1890=FACE_BOUND('',#1489,.T.);
#1891=FACE_BOUND('',#1490,.T.);
#1892=FACE_BOUND('',#1491,.T.);
#1893=FACE_BOUND('',#1492,.T.);
#1894=FACE_BOUND('',#1493,.T.);
#1895=FACE_BOUND('',#1494,.T.);
#1896=FACE_BOUND('',#1495,.T.);
#1897=FACE_BOUND('',#1496,.T.);
#1898=FACE_BOUND('',#1497,.T.);
#1899=FACE_BOUND('',#1498,.T.);
#1900=FACE_BOUND('',#1499,.T.);
#1901=FACE_BOUND('',#1500,.T.);
#1902=FACE_BOUND('',#1501,.T.);
#1903=FACE_BOUND('',#1502,.T.);
#1904=FACE_BOUND('',#1503,.T.);
#1905=FACE_BOUND('',#1504,.T.);
#1906=FACE_BOUND('',#1505,.T.);
#1907=FACE_BOUND('',#1506,.T.);
#1908=FACE_BOUND('',#1507,.T.);
#1909=FACE_BOUND('',#1508,.T.);
#1910=FACE_BOUND('',#1509,.T.);
#1911=FACE_BOUND('',#1510,.T.);
#1912=FACE_BOUND('',#1511,.T.);
#1913=FACE_BOUND('',#1512,.T.);
#1914=FACE_BOUND('',#1513,.T.);
#1915=FACE_BOUND('',#1514,.T.);
#1916=FACE_BOUND('',#1515,.T.);
#1917=FACE_BOUND('',#1516,.T.);
#1918=FACE_BOUND('',#1517,.T.);
#1919=FACE_BOUND('',#1518,.T.);
#1920=FACE_BOUND('',#1519,.T.);
#1921=FACE_BOUND('',#1520,.T.);
#1922=FACE_BOUND('',#1521,.T.);
#1923=FACE_BOUND('',#1522,.T.);
#1924=FACE_BOUND('',#1523,.T.);
#1925=FACE_BOUND('',#1524,.T.);
#1926=FACE_BOUND('',#1525,.T.);
#1927=FACE_BOUND('',#1526,.T.);
#1928=FACE_BOUND('',#1527,.T.);
#1929=FACE_BOUND('',#1528,.T.);
#1930=FACE_BOUND('',#1529,.T.);
#1931=FACE_BOUND('',#1530,.T.);
#1932=FACE_BOUND('',#1531,.T.);
#1933=FACE_BOUND('',#1532,.T.);
#1934=FACE_BOUND('',#1533,.T.);
#1935=FACE_BOUND('',#1534,.T.);
#1936=FACE_BOUND('',#1535,.T.);
#1937=FACE_BOUND('',#1536,.T.);
#1938=FACE_BOUND('',#1537,.T.);
#1939=FACE_BOUND('',#1538,.T.);
#1940=FACE_BOUND('',#1539,.T.);
#1941=FACE_BOUND('',#1540,.T.);
#1942=FACE_BOUND('',#1541,.T.);
#1943=FACE_BOUND('',#1542,.T.);
#1944=FACE_BOUND('',#1543,.T.);
#1945=FACE_BOUND('',#1544,.T.);
#1946=FACE_BOUND('',#1545,.T.);
#1947=FACE_BOUND('',#1546,.T.);
#1948=FACE_BOUND('',#1547,.T.);
#1949=FACE_BOUND('',#1548,.T.);
#1950=FACE_BOUND('',#1549,.T.);
#1951=FACE_BOUND('',#1550,.T.);
#1952=FACE_BOUND('',#1551,.T.);
#1953=FACE_BOUND('',#1552,.T.);
#1954=FACE_BOUND('',#1553,.T.);
#1955=FACE_BOUND('',#1554,.T.);
#1956=FACE_BOUND('',#1555,.T.);
#1957=FACE_BOUND('',#1556,.T.);
#1958=FACE_BOUND('',#1557,.T.);
#1959=FACE_BOUND('',#1558,.T.);
#1960=FACE_BOUND('',#1559,.T.);
#1961=FACE_BOUND('',#1560,.T.);
#1962=FACE_BOUND('',#1561,.T.);
#1963=FACE_BOUND('',#1562,.T.);
#1964=FACE_BOUND('',#1563,.T.);
#1965=FACE_BOUND('',#1564,.T.);
#1966=FACE_BOUND('',#1565,.T.);
#1967=FACE_BOUND('',#1566,.T.);
#1968=FACE_BOUND('',#1567,.T.);
#1969=FACE_BOUND('',#1568,.T.);
#1970=FACE_BOUND('',#1569,.T.);
#1971=FACE_BOUND('',#1570,.T.);
#1972=FACE_BOUND('',#1571,.T.);
#1973=FACE_BOUND('',#1572,.T.);
#1974=FACE_BOUND('',#1573,.T.);
#1975=FACE_BOUND('',#1574,.T.);
#1976=FACE_BOUND('',#1575,.T.);
#1977=FACE_BOUND('',#1576,.T.);
#1978=FACE_BOUND('',#1577,.T.);
#1979=FACE_BOUND('',#1578,.T.);
#1980=FACE_BOUND('',#1579,.T.);
#1981=FACE_BOUND('',#1580,.T.);
#1982=FACE_BOUND('',#1581,.T.);
#1983=FACE_BOUND('',#1582,.T.);
#1984=FACE_BOUND('',#1583,.T.);
#1985=FACE_BOUND('',#1584,.T.);
#1986=FACE_BOUND('',#1585,.T.);
#1987=FACE_BOUND('',#1586,.T.);
#1988=FACE_BOUND('',#1587,.T.);
#1989=FACE_BOUND('',#1588,.T.);
#1990=FACE_BOUND('',#1589,.T.);
#1991=FACE_BOUND('',#1590,.T.);
#1992=FACE_BOUND('',#1591,.T.);
#1993=FACE_BOUND('',#1592,.T.);
#1994=FACE_BOUND('',#1593,.T.);
#1995=FACE_BOUND('',#1594,.T.);
#1996=FACE_BOUND('',#1595,.T.);
#1997=FACE_BOUND('',#1596,.T.);
#1998=FACE_BOUND('',#1597,.T.);
#1999=FACE_BOUND('',#1598,.T.);
#2000=FACE_BOUND('',#1599,.T.);
#2001=FACE_BOUND('',#1600,.T.);
#2002=FACE_BOUND('',#1601,.T.);
#2003=FACE_BOUND('',#1602,.T.);
#2004=FACE_BOUND('',#1603,.T.);
#2005=FACE_BOUND('',#1604,.T.);
#2006=FACE_BOUND('',#1605,.T.);
#2007=FACE_BOUND('',#1606,.T.);
#2008=FACE_BOUND('',#1607,.T.);
#2009=FACE_BOUND('',#1608,.T.);
#2010=FACE_BOUND('',#1609,.T.);
#2011=FACE_BOUND('',#1610,.T.);
#2012=FACE_BOUND('',#1611,.T.);
#2013=FACE_BOUND('',#1612,.T.);
#2014=FACE_BOUND('',#1613,.T.);
#2015=FACE_BOUND('',#1614,.T.);
#2016=FACE_BOUND('',#1615,.T.);
#2017=FACE_BOUND('',#1616,.T.);
#2018=FACE_BOUND('',#1617,.T.);
#2019=FACE_BOUND('',#1618,.T.);
#2020=FACE_BOUND('',#1619,.T.);
#2021=FACE_BOUND('',#1620,.T.);
#2022=FACE_BOUND('',#1621,.T.);
#2023=FACE_BOUND('',#1622,.T.);
#2024=FACE_BOUND('',#1623,.T.);
#2025=FACE_BOUND('',#1624,.T.);
#2026=FACE_BOUND('',#1625,.T.);
#2027=FACE_BOUND('',#1626,.T.);
#2028=FACE_BOUND('',#1627,.T.);
#2029=FACE_BOUND('',#1628,.T.);
#2030=FACE_BOUND('',#1629,.T.);
#2031=FACE_BOUND('',#1630,.T.);
#2032=FACE_BOUND('',#1631,.T.);
#2033=FACE_BOUND('',#1632,.T.);
#2034=FACE_BOUND('',#1633,.T.);
#2035=FACE_BOUND('',#1634,.T.);
#2036=FACE_BOUND('',#1635,.T.);
#2037=FACE_BOUND('',#1636,.T.);
#2038=FACE_BOUND('',#1637,.T.);
#2039=FACE_BOUND('',#1638,.T.);
#2040=FACE_BOUND('',#1639,.T.);
#2041=FACE_BOUND('',#1640,.T.);
#2042=FACE_BOUND('',#1641,.T.);
#2043=FACE_BOUND('',#1642,.T.);
#2044=FACE_BOUND('',#1643,.T.);
#2045=FACE_BOUND('',#1644,.T.);
#2046=FACE_BOUND('',#1645,.T.);
#2047=FACE_BOUND('',#1646,.T.);
#2048=FACE_BOUND('',#1647,.T.);
#2049=FACE_BOUND('',#1648,.T.);
#2050=FACE_BOUND('',#1649,.T.);
#2051=FACE_BOUND('',#1650,.T.);
#2052=FACE_BOUND('',#1651,.T.);
#2053=FACE_BOUND('',#1652,.T.);
#2054=FACE_BOUND('',#1653,.T.);
#2055=FACE_BOUND('',#1654,.T.);
#2056=FACE_BOUND('',#1655,.T.);
#2057=FACE_BOUND('',#1656,.T.);
#2058=FACE_BOUND('',#1657,.T.);
#2059=FACE_BOUND('',#1658,.T.);
#2060=FACE_BOUND('',#1659,.T.);
#2061=FACE_BOUND('',#1660,.T.);
#2062=FACE_BOUND('',#1661,.T.);
#2063=FACE_BOUND('',#1662,.T.);
#2064=FACE_BOUND('',#1663,.T.);
#2065=FACE_BOUND('',#1664,.T.);
#2066=FACE_BOUND('',#1665,.T.);
#2067=FACE_BOUND('',#1666,.T.);
#2068=FACE_BOUND('',#1667,.T.);
#2069=FACE_BOUND('',#1668,.T.);
#2070=FACE_BOUND('',#1669,.T.);
#2071=FACE_BOUND('',#1670,.T.);
#2072=FACE_BOUND('',#1671,.T.);
#2073=FACE_BOUND('',#1672,.T.);
#2074=FACE_BOUND('',#1673,.T.);
#2075=FACE_BOUND('',#1674,.T.);
#2076=FACE_BOUND('',#1675,.T.);
#2077=FACE_BOUND('',#1676,.T.);
#2078=FACE_BOUND('',#1677,.T.);
#2079=FACE_BOUND('',#1678,.T.);
#2080=FACE_BOUND('',#1679,.T.);
#2081=FACE_BOUND('',#1680,.T.);
#2082=FACE_BOUND('',#1681,.T.);
#2083=FACE_BOUND('',#1682,.T.);
#2084=FACE_BOUND('',#1683,.T.);
#2085=FACE_BOUND('',#1684,.T.);
#2086=FACE_BOUND('',#1685,.T.);
#2087=FACE_BOUND('',#1686,.T.);
#2088=FACE_BOUND('',#1687,.T.);
#2089=FACE_BOUND('',#1688,.T.);
#2090=FACE_BOUND('',#1689,.T.);
#2091=FACE_BOUND('',#1690,.T.);
#2092=FACE_BOUND('',#1691,.T.);
#2093=FACE_BOUND('',#1692,.T.);
#2094=FACE_BOUND('',#1693,.T.);
#2095=FACE_BOUND('',#1694,.T.);
#2096=FACE_BOUND('',#1695,.T.);
#2097=FACE_BOUND('',#1696,.T.);
#2098=FACE_BOUND('',#1697,.T.);
#2099=FACE_BOUND('',#1698,.T.);
#2100=FACE_BOUND('',#1699,.T.);
#2101=FACE_BOUND('',#1700,.T.);
#2102=FACE_BOUND('',#1701,.T.);
#2103=FACE_BOUND('',#1702,.T.);
#2104=FACE_BOUND('',#1703,.T.);
#2105=FACE_BOUND('',#1704,.T.);
#2106=FACE_BOUND('',#1705,.T.);
#2107=FACE_BOUND('',#1706,.T.);
#2108=FACE_BOUND('',#1707,.T.);
#2109=FACE_BOUND('',#1708,.T.);
#2110=FACE_BOUND('',#1709,.T.);
#2111=FACE_BOUND('',#1710,.T.);
#2112=FACE_BOUND('',#1711,.T.);
#2113=FACE_BOUND('',#1712,.T.);
#2114=FACE_BOUND('',#1713,.T.);
#2115=FACE_BOUND('',#1714,.T.);
#2116=FACE_BOUND('',#1715,.T.);
#2117=FACE_BOUND('',#1716,.T.);
#2118=FACE_BOUND('',#1717,.T.);
#2119=FACE_BOUND('',#1718,.T.);
#2120=FACE_BOUND('',#1719,.T.);
#2121=FACE_BOUND('',#1720,.T.);
#2122=FACE_BOUND('',#1721,.T.);
#2123=FACE_BOUND('',#1722,.T.);
#2124=FACE_BOUND('',#1723,.T.);
#2125=FACE_BOUND('',#1724,.T.);
#2126=FACE_BOUND('',#1725,.T.);
#2127=FACE_BOUND('',#1726,.T.);
#2128=FACE_BOUND('',#1727,.T.);
#2129=FACE_BOUND('',#1728,.T.);
#2130=FACE_BOUND('',#1729,.T.);
#2131=FACE_BOUND('',#1730,.T.);
#2132=FACE_BOUND('',#1731,.T.);
#2133=FACE_BOUND('',#1732,.T.);
#2134=FACE_BOUND('',#1733,.T.);
#2135=FACE_BOUND('',#1734,.T.);
#2136=FACE_BOUND('',#1735,.T.);
#2137=FACE_BOUND('',#1736,.T.);
#2138=FACE_BOUND('',#1737,.T.);
#2139=FACE_BOUND('',#1738,.T.);
#2140=FACE_BOUND('',#1739,.T.);
#2141=FACE_BOUND('',#1740,.T.);
#2142=FACE_BOUND('',#1741,.T.);
#2143=FACE_BOUND('',#1742,.T.);
#2144=FACE_BOUND('',#1743,.T.);
#2145=FACE_BOUND('',#1744,.T.);
#2146=FACE_BOUND('',#1745,.T.);
#2147=FACE_BOUND('',#1746,.T.);
#2148=FACE_BOUND('',#1747,.T.);
#2149=FACE_BOUND('',#1748,.T.);
#2150=FACE_BOUND('',#1749,.T.);
#2151=FACE_BOUND('',#1750,.T.);
#2152=FACE_BOUND('',#1751,.T.);
#2153=FACE_BOUND('',#1752,.T.);
#2154=FACE_BOUND('',#1753,.T.);
#2155=FACE_BOUND('',#1754,.T.);
#2156=FACE_BOUND('',#1755,.T.);
#2157=FACE_BOUND('',#1756,.T.);
#2158=FACE_BOUND('',#1757,.T.);
#2159=FACE_BOUND('',#1758,.T.);
#2160=FACE_BOUND('',#1759,.T.);
#2161=FACE_BOUND('',#1760,.T.);
#2162=FACE_BOUND('',#1761,.T.);
#2163=FACE_BOUND('',#1762,.T.);
#2164=FACE_BOUND('',#1763,.T.);
#2165=FACE_BOUND('',#1764,.T.);
#2166=FACE_BOUND('',#1765,.T.);
#2167=FACE_BOUND('',#1766,.T.);
#2168=FACE_BOUND('',#1767,.T.);
#2169=FACE_BOUND('',#1768,.T.);
#2170=FACE_BOUND('',#1769,.T.);
#2171=FACE_BOUND('',#1770,.T.);
#2172=CYLINDRICAL_SURFACE('',#2408,0.0127);
#2173=CYLINDRICAL_SURFACE('',#2411,0.0127);
#2174=CYLINDRICAL_SURFACE('',#2414,0.0127);
#2175=CYLINDRICAL_SURFACE('',#2512,0.00635817271400649);
#2176=CYLINDRICAL_SURFACE('',#2514,0.00635817271400649);
#2177=CYLINDRICAL_SURFACE('',#2516,0.00635817271400648);
#2178=CYLINDRICAL_SURFACE('',#2518,0.00635817271400648);
#2179=CYLINDRICAL_SURFACE('',#2520,0.00635817271400648);
#2180=CYLINDRICAL_SURFACE('',#2522,0.00635817271400648);
#2181=CYLINDRICAL_SURFACE('',#2524,0.00635817271400648);
#2182=CYLINDRICAL_SURFACE('',#2526,0.00635817271400649);
#2183=CYLINDRICAL_SURFACE('',#2528,0.00635817271400649);
#2184=CYLINDRICAL_SURFACE('',#2530,0.00635817271400649);
#2185=CYLINDRICAL_SURFACE('',#2532,0.00635817271400649);
#2186=CYLINDRICAL_SURFACE('',#2534,0.00635817271400648);
#2187=CYLINDRICAL_SURFACE('',#2536,0.00635817271400648);
#2188=CYLINDRICAL_SURFACE('',#2538,0.00635817271400648);
#2189=CYLINDRICAL_SURFACE('',#2540,0.00635817271400648);
#2190=CYLINDRICAL_SURFACE('',#2542,0.00635817271400648);
#2191=CYLINDRICAL_SURFACE('',#2544,0.00635817271400649);
#2192=CYLINDRICAL_SURFACE('',#2546,0.00635817271400649);
#2193=CYLINDRICAL_SURFACE('',#2548,0.00635817271400649);
#2194=CYLINDRICAL_SURFACE('',#2550,0.00635817271400649);
#2195=CYLINDRICAL_SURFACE('',#2552,0.00635817271400648);
#2196=CYLINDRICAL_SURFACE('',#2554,0.00635817271400648);
#2197=CYLINDRICAL_SURFACE('',#2556,0.00635817271400648);
#2198=CYLINDRICAL_SURFACE('',#2558,0.00635817271400648);
#2199=CYLINDRICAL_SURFACE('',#2560,0.00635817271400648);
#2200=CYLINDRICAL_SURFACE('',#2562,0.00635817271400649);
#2201=CYLINDRICAL_SURFACE('',#2564,0.00635817271400649);
#2202=CYLINDRICAL_SURFACE('',#2566,0.00635817271400649);
#2203=CYLINDRICAL_SURFACE('',#2568,0.00635817271400649);
#2204=CYLINDRICAL_SURFACE('',#2570,0.00635817271400648);
#2205=CYLINDRICAL_SURFACE('',#2572,0.00635817271400648);
#2206=CYLINDRICAL_SURFACE('',#2574,0.00635817271400648);
#2207=CYLINDRICAL_SURFACE('',#2576,0.00635817271400648);
#2208=CYLINDRICAL_SURFACE('',#2578,0.00635817271400648);
#2209=CYLINDRICAL_SURFACE('',#2580,0.00635817271400649);
#2210=CYLINDRICAL_SURFACE('',#2582,0.00635817271400649);
#2211=CYLINDRICAL_SURFACE('',#2584,0.00635817271400649);
#2212=CYLINDRICAL_SURFACE('',#2586,0.00635817271400649);
#2213=CYLINDRICAL_SURFACE('',#2588,0.00635817271400648);
#2214=CYLINDRICAL_SURFACE('',#2590,0.00635817271400648);
#2215=CYLINDRICAL_SURFACE('',#2592,0.00635817271400648);
#2216=CYLINDRICAL_SURFACE('',#2594,0.00635817271400648);
#2217=CYLINDRICAL_SURFACE('',#2596,0.00635817271400648);
#2218=CYLINDRICAL_SURFACE('',#2598,0.00635817271400649);
#2219=CYLINDRICAL_SURFACE('',#2600,0.00635817271400649);
#2220=CYLINDRICAL_SURFACE('',#2602,0.00635817271400649);
#2221=CYLINDRICAL_SURFACE('',#2604,0.00635817271400649);
#2222=CYLINDRICAL_SURFACE('',#2606,0.00635817271400648);
#2223=CYLINDRICAL_SURFACE('',#2608,0.00635817271400648);
#2224=CYLINDRICAL_SURFACE('',#2610,0.00635817271400648);
#2225=CYLINDRICAL_SURFACE('',#2612,0.00635817271400648);
#2226=CYLINDRICAL_SURFACE('',#2614,0.00635817271400648);
#2227=CYLINDRICAL_SURFACE('',#2616,0.00635817271400649);
#2228=CYLINDRICAL_SURFACE('',#2618,0.00635817271400649);
#2229=CYLINDRICAL_SURFACE('',#2620,0.00635817271400649);
#2230=CYLINDRICAL_SURFACE('',#2622,0.00635817271400649);
#2231=CYLINDRICAL_SURFACE('',#2624,0.00635817271400648);
#2232=CYLINDRICAL_SURFACE('',#2626,0.00635817271400648);
#2233=CYLINDRICAL_SURFACE('',#2628,0.00635817271400648);
#2234=CYLINDRICAL_SURFACE('',#2630,0.00635817271400648);
#2235=CYLINDRICAL_SURFACE('',#2632,0.00635817271400648);
#2236=CYLINDRICAL_SURFACE('',#2634,0.00635817271400649);
#2237=CYLINDRICAL_SURFACE('',#2636,0.00635817271400649);
#2238=CYLINDRICAL_SURFACE('',#2638,0.00635817271400649);
#2239=CYLINDRICAL_SURFACE('',#2640,0.00635817271400649);
#2240=CYLINDRICAL_SURFACE('',#2642,0.00635817271400648);
#2241=CYLINDRICAL_SURFACE('',#2644,0.00635817271400648);
#2242=CYLINDRICAL_SURFACE('',#2646,0.00635817271400648);
#2243=CYLINDRICAL_SURFACE('',#2648,0.00635817271400648);
#2244=CYLINDRICAL_SURFACE('',#2650,0.00635817271400648);
#2245=CYLINDRICAL_SURFACE('',#2652,0.00635817271400649);
#2246=CYLINDRICAL_SURFACE('',#2654,0.00635817271400649);
#2247=CYLINDRICAL_SURFACE('',#2656,0.00635817271400649);
#2248=CYLINDRICAL_SURFACE('',#2658,0.00635817271400649);
#2249=CYLINDRICAL_SURFACE('',#2660,0.00635817271400648);
#2250=CYLINDRICAL_SURFACE('',#2662,0.00635817271400648);
#2251=CYLINDRICAL_SURFACE('',#2664,0.00635817271400648);
#2252=CYLINDRICAL_SURFACE('',#2666,0.00635817271400648);
#2253=CYLINDRICAL_SURFACE('',#2668,0.00635817271400648);
#2254=CYLINDRICAL_SURFACE('',#2670,0.00635817271400649);
#2255=CYLINDRICAL_SURFACE('',#2672,0.00635817271400649);
#2256=CYLINDRICAL_SURFACE('',#2674,0.00635817271400649);
#2257=CYLINDRICAL_SURFACE('',#2676,0.00635817271400648);
#2258=CYLINDRICAL_SURFACE('',#2678,0.00635817271400648);
#2259=CYLINDRICAL_SURFACE('',#2680,0.00635817271400648);
#2260=CYLINDRICAL_SURFACE('',#2682,0.00635817271400648);
#2261=CYLINDRICAL_SURFACE('',#2684,0.00635817271400648);
#2262=CYLINDRICAL_SURFACE('',#2686,0.00635817271400648);
#2263=CYLINDRICAL_SURFACE('',#2688,0.00635817271400649);
#2264=CYLINDRICAL_SURFACE('',#2690,0.00635817271400649);
#2265=CYLINDRICAL_SURFACE('',#2709,0.0127);
#2266=CYLINDRICAL_SURFACE('',#2711,0.0127);
#2267=CYLINDRICAL_SURFACE('',#2717,0.0127);
#2268=CYLINDRICAL_SURFACE('',#2722,0.0127);
#2269=CYLINDRICAL_SURFACE('',#2728,0.0025);
#2270=CYLINDRICAL_SURFACE('',#2729,0.0025);
#2271=CYLINDRICAL_SURFACE('',#2730,0.0025);
#2272=CYLINDRICAL_SURFACE('',#2731,0.0025);
#2273=ADVANCED_FACE('',(#1771),#2172,.T.);
#2274=ADVANCED_FACE('',(#1772),#2173,.T.);
#2275=ADVANCED_FACE('',(#1773),#2174,.T.);
#2276=ADVANCED_FACE('',(#1774),#12,.T.);
#2277=ADVANCED_FACE('',(#1775),#13,.F.);
#2278=ADVANCED_FACE('',(#1776),#14,.T.);
#2279=ADVANCED_FACE('',(#1777),#15,.F.);
#2280=ADVANCED_FACE('',(#1778,#1779,#1780,#1781,#1782,#1783,#1784,#1785,
#1786,#1787,#1788,#1789,#1790,#1791,#1792,#1793,#1794,#1795,#1796,#1797,
#1798,#1799,#1800,#1801,#1802,#1803,#1804,#1805,#1806,#1807,#1808,#1809,
#1810,#1811,#1812,#1813,#1814,#1815,#1816,#1817,#1818,#1819,#1820,#1821,
#1822,#1823,#1824,#1825,#1826,#1827,#1828,#1829,#1830,#1831,#1832,#1833,
#1834,#1835,#1836,#1837,#1838,#1839,#1840,#1841,#1842,#1843,#1844,#1845,
#1846,#1847,#1848,#1849,#1850,#1851,#1852,#1853,#1854,#1855,#1856,#1857,
#1858,#1859,#1860,#1861,#1862,#1863,#1864,#1865,#1866,#1867),#16,.T.);
#2281=ADVANCED_FACE('',(#1868,#1869),#2175,.F.);
#2282=ADVANCED_FACE('',(#1870,#1871),#2176,.F.);
#2283=ADVANCED_FACE('',(#1872,#1873),#2177,.F.);
#2284=ADVANCED_FACE('',(#1874,#1875),#2178,.F.);
#2285=ADVANCED_FACE('',(#1876,#1877),#2179,.F.);
#2286=ADVANCED_FACE('',(#1878,#1879),#2180,.F.);
#2287=ADVANCED_FACE('',(#1880,#1881),#2181,.F.);
#2288=ADVANCED_FACE('',(#1882,#1883),#2182,.F.);
#2289=ADVANCED_FACE('',(#1884,#1885),#2183,.F.);
#2290=ADVANCED_FACE('',(#1886,#1887),#2184,.F.);
#2291=ADVANCED_FACE('',(#1888,#1889),#2185,.F.);
#2292=ADVANCED_FACE('',(#1890,#1891),#2186,.F.);
#2293=ADVANCED_FACE('',(#1892,#1893),#2187,.F.);
#2294=ADVANCED_FACE('',(#1894,#1895),#2188,.F.);
#2295=ADVANCED_FACE('',(#1896,#1897),#2189,.F.);
#2296=ADVANCED_FACE('',(#1898,#1899),#2190,.F.);
#2297=ADVANCED_FACE('',(#1900,#1901),#2191,.F.);
#2298=ADVANCED_FACE('',(#1902,#1903),#2192,.F.);
#2299=ADVANCED_FACE('',(#1904,#1905),#2193,.F.);
#2300=ADVANCED_FACE('',(#1906,#1907),#2194,.F.);
#2301=ADVANCED_FACE('',(#1908,#1909),#2195,.F.);
#2302=ADVANCED_FACE('',(#1910,#1911),#2196,.F.);
#2303=ADVANCED_FACE('',(#1912,#1913),#2197,.F.);
#2304=ADVANCED_FACE('',(#1914,#1915),#2198,.F.);
#2305=ADVANCED_FACE('',(#1916,#1917),#2199,.F.);
#2306=ADVANCED_FACE('',(#1918,#1919),#2200,.F.);
#2307=ADVANCED_FACE('',(#1920,#1921),#2201,.F.);
#2308=ADVANCED_FACE('',(#1922,#1923),#2202,.F.);
#2309=ADVANCED_FACE('',(#1924,#1925),#2203,.F.);
#2310=ADVANCED_FACE('',(#1926,#1927),#2204,.F.);
#2311=ADVANCED_FACE('',(#1928,#1929),#2205,.F.);
#2312=ADVANCED_FACE('',(#1930,#1931),#2206,.F.);
#2313=ADVANCED_FACE('',(#1932,#1933),#2207,.F.);
#2314=ADVANCED_FACE('',(#1934,#1935),#2208,.F.);
#2315=ADVANCED_FACE('',(#1936,#1937),#2209,.F.);
#2316=ADVANCED_FACE('',(#1938,#1939),#2210,.F.);
#2317=ADVANCED_FACE('',(#1940,#1941),#2211,.F.);
#2318=ADVANCED_FACE('',(#1942,#1943),#2212,.F.);
#2319=ADVANCED_FACE('',(#1944,#1945),#2213,.F.);
#2320=ADVANCED_FACE('',(#1946,#1947),#2214,.F.);
#2321=ADVANCED_FACE('',(#1948,#1949),#2215,.F.);
#2322=ADVANCED_FACE('',(#1950,#1951),#2216,.F.);
#2323=ADVANCED_FACE('',(#1952,#1953),#2217,.F.);
#2324=ADVANCED_FACE('',(#1954,#1955),#2218,.F.);
#2325=ADVANCED_FACE('',(#1956,#1957),#2219,.F.);
#2326=ADVANCED_FACE('',(#1958,#1959),#2220,.F.);
#2327=ADVANCED_FACE('',(#1960,#1961),#2221,.F.);
#2328=ADVANCED_FACE('',(#1962,#1963),#2222,.F.);
#2329=ADVANCED_FACE('',(#1964,#1965),#2223,.F.);
#2330=ADVANCED_FACE('',(#1966,#1967),#2224,.F.);
#2331=ADVANCED_FACE('',(#1968,#1969),#2225,.F.);
#2332=ADVANCED_FACE('',(#1970,#1971),#2226,.F.);
#2333=ADVANCED_FACE('',(#1972,#1973),#2227,.F.);
#2334=ADVANCED_FACE('',(#1974,#1975),#2228,.F.);
#2335=ADVANCED_FACE('',(#1976,#1977),#2229,.F.);
#2336=ADVANCED_FACE('',(#1978,#1979),#2230,.F.);
#2337=ADVANCED_FACE('',(#1980,#1981),#2231,.F.);
#2338=ADVANCED_FACE('',(#1982,#1983),#2232,.F.);
#2339=ADVANCED_FACE('',(#1984,#1985),#2233,.F.);
#2340=ADVANCED_FACE('',(#1986,#1987),#2234,.F.);
#2341=ADVANCED_FACE('',(#1988,#1989),#2235,.F.);
#2342=ADVANCED_FACE('',(#1990,#1991),#2236,.F.);
#2343=ADVANCED_FACE('',(#1992,#1993),#2237,.F.);
#2344=ADVANCED_FACE('',(#1994,#1995),#2238,.F.);
#2345=ADVANCED_FACE('',(#1996,#1997),#2239,.F.);
#2346=ADVANCED_FACE('',(#1998,#1999),#2240,.F.);
#2347=ADVANCED_FACE('',(#2000,#2001),#2241,.F.);
#2348=ADVANCED_FACE('',(#2002,#2003),#2242,.F.);
#2349=ADVANCED_FACE('',(#2004,#2005),#2243,.F.);
#2350=ADVANCED_FACE('',(#2006,#2007),#2244,.F.);
#2351=ADVANCED_FACE('',(#2008,#2009),#2245,.F.);
#2352=ADVANCED_FACE('',(#2010,#2011),#2246,.F.);
#2353=ADVANCED_FACE('',(#2012,#2013),#2247,.F.);
#2354=ADVANCED_FACE('',(#2014,#2015),#2248,.F.);
#2355=ADVANCED_FACE('',(#2016,#2017),#2249,.F.);
#2356=ADVANCED_FACE('',(#2018,#2019),#2250,.F.);
#2357=ADVANCED_FACE('',(#2020,#2021),#2251,.F.);
#2358=ADVANCED_FACE('',(#2022,#2023),#2252,.F.);
#2359=ADVANCED_FACE('',(#2024,#2025),#2253,.F.);
#2360=ADVANCED_FACE('',(#2026,#2027),#2254,.F.);
#2361=ADVANCED_FACE('',(#2028,#2029),#2255,.F.);
#2362=ADVANCED_FACE('',(#2030),#2256,.F.);
#2363=ADVANCED_FACE('',(#2031,#2032),#2257,.F.);
#2364=ADVANCED_FACE('',(#2033,#2034),#2258,.F.);
#2365=ADVANCED_FACE('',(#2035,#2036),#2259,.F.);
#2366=ADVANCED_FACE('',(#2037,#2038),#2260,.F.);
#2367=ADVANCED_FACE('',(#2039,#2040),#2261,.F.);
#2368=ADVANCED_FACE('',(#2041,#2042),#2262,.F.);
#2369=ADVANCED_FACE('',(#2043,#2044),#2263,.F.);
#2370=ADVANCED_FACE('',(#2045,#2046),#2264,.F.);
#2371=ADVANCED_FACE('',(#2047),#17,.T.);
#2372=ADVANCED_FACE('',(#2048),#18,.F.);
#2373=ADVANCED_FACE('',(#2049,#2050,#2051,#2052,#2053,#2054,#2055,#2056,
#2057,#2058,#2059,#2060,#2061,#2062,#2063,#2064,#2065,#2066,#2067,#2068,
#2069,#2070,#2071,#2072,#2073,#2074,#2075,#2076,#2077,#2078,#2079,#2080,
#2081,#2082,#2083,#2084,#2085,#2086,#2087,#2088,#2089,#2090,#2091,#2092,
#2093,#2094,#2095,#2096,#2097,#2098,#2099,#2100,#2101,#2102,#2103,#2104,
#2105,#2106,#2107,#2108,#2109,#2110,#2111,#2112,#2113,#2114,#2115,#2116,
#2117,#2118,#2119,#2120,#2121,#2122,#2123,#2124,#2125,#2126,#2127,#2128,
#2129,#2130,#2131,#2132,#2133,#2134,#2135,#2136,#2137,#2138,#2139,#2140,
#2141,#2142),#19,.F.);
#2374=ADVANCED_FACE('',(#2143,#2144),#20,.F.);
#2375=ADVANCED_FACE('',(#2145),#21,.T.);
#2376=ADVANCED_FACE('',(#2146),#22,.T.);
#2377=ADVANCED_FACE('',(#2147),#23,.T.);
#2378=ADVANCED_FACE('',(#2148),#2265,.T.);
#2379=ADVANCED_FACE('',(#2149),#24,.F.);
#2380=ADVANCED_FACE('',(#2150),#2266,.T.);
#2381=ADVANCED_FACE('',(#2151),#25,.T.);
#2382=ADVANCED_FACE('',(#2152,#2153),#26,.F.);
#2383=ADVANCED_FACE('',(#2154),#27,.T.);
#2384=ADVANCED_FACE('',(#2155),#2267,.T.);
#2385=ADVANCED_FACE('',(#2156),#28,.F.);
#2386=ADVANCED_FACE('',(#2157,#2158),#29,.F.);
#2387=ADVANCED_FACE('',(#2159),#2268,.T.);
#2388=ADVANCED_FACE('',(#2160),#30,.T.);
#2389=ADVANCED_FACE('',(#2161),#31,.F.);
#2390=ADVANCED_FACE('',(#2162,#2163),#32,.F.);
#2391=ADVANCED_FACE('',(#2164,#2165),#2269,.F.);
#2392=ADVANCED_FACE('',(#2166,#2167),#2270,.F.);
#2393=ADVANCED_FACE('',(#2168,#2169),#2271,.F.);
#2394=ADVANCED_FACE('',(#2170,#2171),#2272,.F.);
#2395=CLOSED_SHELL('',(#2273,#2274,#2275,#2276,#2277,#2278,#2279,#2280,
#2281,#2282,#2283,#2284,#2285,#2286,#2287,#2288,#2289,#2290,#2291,#2292,
#2293,#2294,#2295,#2296,#2297,#2298,#2299,#2300,#2301,#2302,#2303,#2304,
#2305,#2306,#2307,#2308,#2309,#2310,#2311,#2312,#2313,#2314,#2315,#2316,
#2317,#2318,#2319,#2320,#2321,#2322,#2323,#2324,#2325,#2326,#2327,#2328,
#2329,#2330,#2331,#2332,#2333,#2334,#2335,#2336,#2337,#2338,#2339,#2340,
#2341,#2342,#2343,#2344,#2345,#2346,#2347,#2348,#2349,#2350,#2351,#2352,
#2353,#2354,#2355,#2356,#2357,#2358,#2359,#2360,#2361,#2362,#2363,#2364,
#2365,#2366,#2367,#2368,#2369,#2370,#2371,#2372,#2373,#2374,#2375,#2376,
#2377,#2378,#2379,#2380,#2381,#2382,#2383,#2384,#2385,#2386,#2387,#2388,
#2389,#2390,#2391,#2392,#2393,#2394));
#2396=STYLED_ITEM('',(#2397),#2404);
#2397=PRESENTATION_STYLE_ASSIGNMENT((#2398));
#2398=SURFACE_STYLE_USAGE(.BOTH.,#2399);
#2399=SURFACE_SIDE_STYLE('',(#2400));
#2400=SURFACE_STYLE_FILL_AREA(#2401);
#2401=FILL_AREA_STYLE('',(#2402));
#2402=FILL_AREA_STYLE_COLOUR('',#2403);
#2403=COLOUR_RGB('',0.972549019607843,0.529411764705882,0.00392156862745098);
#2404=MANIFOLD_SOLID_BREP('air water barrier',#2395);
#2405=SHAPE_DEFINITION_REPRESENTATION(#4065,#2406);
#2406=SHAPE_REPRESENTATION('air water barrier',(#2407),#4060);
#2407=AXIS2_PLACEMENT_3D('',#3441,#2732,#2733);
#2408=AXIS2_PLACEMENT_3D('',#3442,#2734,#2735);
#2409=AXIS2_PLACEMENT_3D('',#3443,#2736,#2737);
#2410=AXIS2_PLACEMENT_3D('',#3448,#2739,#2740);
#2411=AXIS2_PLACEMENT_3D('',#3451,#2742,#2743);
#2412=AXIS2_PLACEMENT_3D('',#3452,#2744,#2745);
#2413=AXIS2_PLACEMENT_3D('',#3457,#2747,#2748);
#2414=AXIS2_PLACEMENT_3D('',#3460,#2750,#2751);
#2415=AXIS2_PLACEMENT_3D('',#3461,#2752,#2753);
#2416=AXIS2_PLACEMENT_3D('',#3466,#2755,#2756);
#2417=AXIS2_PLACEMENT_3D('',#3469,#2758,#2759);
#2418=AXIS2_PLACEMENT_3D('',#3481,#2766,#2767);
#2419=AXIS2_PLACEMENT_3D('',#3488,#2772,#2773);
#2420=AXIS2_PLACEMENT_3D('',#3496,#2778,#2779);
#2421=AXIS2_PLACEMENT_3D('',#3503,#2784,#2785);
#2422=AXIS2_PLACEMENT_3D('',#3508,#2788,#2789);
#2423=AXIS2_PLACEMENT_3D('',#3509,#2790,#2791);
#2424=AXIS2_PLACEMENT_3D('',#3511,#2792,#2793);
#2425=AXIS2_PLACEMENT_3D('',#3513,#2794,#2795);
#2426=AXIS2_PLACEMENT_3D('',#3515,#2796,#2797);
#2427=AXIS2_PLACEMENT_3D('',#3517,#2798,#2799);
#2428=AXIS2_PLACEMENT_3D('',#3519,#2800,#2801);
#2429=AXIS2_PLACEMENT_3D('',#3521,#2802,#2803);
#2430=AXIS2_PLACEMENT_3D('',#3523,#2804,#2805);
#2431=AXIS2_PLACEMENT_3D('',#3525,#2806,#2807);
#2432=AXIS2_PLACEMENT_3D('',#3527,#2808,#2809);
#2433=AXIS2_PLACEMENT_3D('',#3529,#2810,#2811);
#2434=AXIS2_PLACEMENT_3D('',#3531,#2812,#2813);
#2435=AXIS2_PLACEMENT_3D('',#3533,#2814,#2815);
#2436=AXIS2_PLACEMENT_3D('',#3535,#2816,#2817);
#2437=AXIS2_PLACEMENT_3D('',#3537,#2818,#2819);
#2438=AXIS2_PLACEMENT_3D('',#3539,#2820,#2821);
#2439=AXIS2_PLACEMENT_3D('',#3541,#2822,#2823);
#2440=AXIS2_PLACEMENT_3D('',#3543,#2824,#2825);
#2441=AXIS2_PLACEMENT_3D('',#3545,#2826,#2827);
#2442=AXIS2_PLACEMENT_3D('',#3547,#2828,#2829);
#2443=AXIS2_PLACEMENT_3D('',#3549,#2830,#2831);
#2444=AXIS2_PLACEMENT_3D('',#3551,#2832,#2833);
#2445=AXIS2_PLACEMENT_3D('',#3553,#2834,#2835);
#2446=AXIS2_PLACEMENT_3D('',#3555,#2836,#2837);
#2447=AXIS2_PLACEMENT_3D('',#3557,#2838,#2839);
#2448=AXIS2_PLACEMENT_3D('',#3559,#2840,#2841);
#2449=AXIS2_PLACEMENT_3D('',#3561,#2842,#2843);
#2450=AXIS2_PLACEMENT_3D('',#3563,#2844,#2845);
#2451=AXIS2_PLACEMENT_3D('',#3565,#2846,#2847);
#2452=AXIS2_PLACEMENT_3D('',#3567,#2848,#2849);
#2453=AXIS2_PLACEMENT_3D('',#3569,#2850,#2851);
#2454=AXIS2_PLACEMENT_3D('',#3571,#2852,#2853);
#2455=AXIS2_PLACEMENT_3D('',#3573,#2854,#2855);
#2456=AXIS2_PLACEMENT_3D('',#3575,#2856,#2857);
#2457=AXIS2_PLACEMENT_3D('',#3577,#2858,#2859);
#2458=AXIS2_PLACEMENT_3D('',#3579,#2860,#2861);
#2459=AXIS2_PLACEMENT_3D('',#3581,#2862,#2863);
#2460=AXIS2_PLACEMENT_3D('',#3583,#2864,#2865);
#2461=AXIS2_PLACEMENT_3D('',#3585,#2866,#2867);
#2462=AXIS2_PLACEMENT_3D('',#3587,#2868,#2869);
#2463=AXIS2_PLACEMENT_3D('',#3589,#2870,#2871);
#2464=AXIS2_PLACEMENT_3D('',#3591,#2872,#2873);
#2465=AXIS2_PLACEMENT_3D('',#3593,#2874,#2875);
#2466=AXIS2_PLACEMENT_3D('',#3595,#2876,#2877);
#2467=AXIS2_PLACEMENT_3D('',#3597,#2878,#2879);
#2468=AXIS2_PLACEMENT_3D('',#3599,#2880,#2881);
#2469=AXIS2_PLACEMENT_3D('',#3601,#2882,#2883);
#2470=AXIS2_PLACEMENT_3D('',#3603,#2884,#2885);
#2471=AXIS2_PLACEMENT_3D('',#3605,#2886,#2887);
#2472=AXIS2_PLACEMENT_3D('',#3607,#2888,#2889);
#2473=AXIS2_PLACEMENT_3D('',#3609,#2890,#2891);
#2474=AXIS2_PLACEMENT_3D('',#3611,#2892,#2893);
#2475=AXIS2_PLACEMENT_3D('',#3613,#2894,#2895);
#2476=AXIS2_PLACEMENT_3D('',#3615,#2896,#2897);
#2477=AXIS2_PLACEMENT_3D('',#3617,#2898,#2899);
#2478=AXIS2_PLACEMENT_3D('',#3619,#2900,#2901);
#2479=AXIS2_PLACEMENT_3D('',#3621,#2902,#2903);
#2480=AXIS2_PLACEMENT_3D('',#3623,#2904,#2905);
#2481=AXIS2_PLACEMENT_3D('',#3625,#2906,#2907);
#2482=AXIS2_PLACEMENT_3D('',#3627,#2908,#2909);
#2483=AXIS2_PLACEMENT_3D('',#3629,#2910,#2911);
#2484=AXIS2_PLACEMENT_3D('',#3631,#2912,#2913);
#2485=AXIS2_PLACEMENT_3D('',#3633,#2914,#2915);
#2486=AXIS2_PLACEMENT_3D('',#3635,#2916,#2917);
#2487=AXIS2_PLACEMENT_3D('',#3637,#2918,#2919);
#2488=AXIS2_PLACEMENT_3D('',#3639,#2920,#2921);
#2489=AXIS2_PLACEMENT_3D('',#3641,#2922,#2923);
#2490=AXIS2_PLACEMENT_3D('',#3643,#2924,#2925);
#2491=AXIS2_PLACEMENT_3D('',#3645,#2926,#2927);
#2492=AXIS2_PLACEMENT_3D('',#3647,#2928,#2929);
#2493=AXIS2_PLACEMENT_3D('',#3649,#2930,#2931);
#2494=AXIS2_PLACEMENT_3D('',#3651,#2932,#2933);
#2495=AXIS2_PLACEMENT_3D('',#3653,#2934,#2935);
#2496=AXIS2_PLACEMENT_3D('',#3655,#2936,#2937);
#2497=AXIS2_PLACEMENT_3D('',#3657,#2938,#2939);
#2498=AXIS2_PLACEMENT_3D('',#3659,#2940,#2941);
#2499=AXIS2_PLACEMENT_3D('',#3661,#2942,#2943);
#2500=AXIS2_PLACEMENT_3D('',#3663,#2944,#2945);
#2501=AXIS2_PLACEMENT_3D('',#3665,#2946,#2947);
#2502=AXIS2_PLACEMENT_3D('',#3667,#2948,#2949);
#2503=AXIS2_PLACEMENT_3D('',#3669,#2950,#2951);
#2504=AXIS2_PLACEMENT_3D('',#3671,#2952,#2953);
#2505=AXIS2_PLACEMENT_3D('',#3673,#2954,#2955);
#2506=AXIS2_PLACEMENT_3D('',#3675,#2956,#2957);
#2507=AXIS2_PLACEMENT_3D('',#3677,#2958,#2959);
#2508=AXIS2_PLACEMENT_3D('',#3679,#2960,#2961);
#2509=AXIS2_PLACEMENT_3D('',#3681,#2962,#2963);
#2510=AXIS2_PLACEMENT_3D('',#3683,#2964,#2965);
#2511=AXIS2_PLACEMENT_3D('',#3685,#2966,#2967);
#2512=AXIS2_PLACEMENT_3D('',#3687,#2968,#2969);
#2513=AXIS2_PLACEMENT_3D('',#3688,#2970,#2971);
#2514=AXIS2_PLACEMENT_3D('',#3690,#2972,#2973);
#2515=AXIS2_PLACEMENT_3D('',#3691,#2974,#2975);
#2516=AXIS2_PLACEMENT_3D('',#3693,#2976,#2977);
#2517=AXIS2_PLACEMENT_3D('',#3694,#2978,#2979);
#2518=AXIS2_PLACEMENT_3D('',#3696,#2980,#2981);
#2519=AXIS2_PLACEMENT_3D('',#3697,#2982,#2983);
#2520=AXIS2_PLACEMENT_3D('',#3699,#2984,#2985);
#2521=AXIS2_PLACEMENT_3D('',#3700,#2986,#2987);
#2522=AXIS2_PLACEMENT_3D('',#3702,#2988,#2989);
#2523=AXIS2_PLACEMENT_3D('',#3703,#2990,#2991);
#2524=AXIS2_PLACEMENT_3D('',#3705,#2992,#2993);
#2525=AXIS2_PLACEMENT_3D('',#3706,#2994,#2995);
#2526=AXIS2_PLACEMENT_3D('',#3708,#2996,#2997);
#2527=AXIS2_PLACEMENT_3D('',#3709,#2998,#2999);
#2528=AXIS2_PLACEMENT_3D('',#3711,#3000,#3001);
#2529=AXIS2_PLACEMENT_3D('',#3712,#3002,#3003);
#2530=AXIS2_PLACEMENT_3D('',#3714,#3004,#3005);
#2531=AXIS2_PLACEMENT_3D('',#3715,#3006,#3007);
#2532=AXIS2_PLACEMENT_3D('',#3717,#3008,#3009);
#2533=AXIS2_PLACEMENT_3D('',#3718,#3010,#3011);
#2534=AXIS2_PLACEMENT_3D('',#3720,#3012,#3013);
#2535=AXIS2_PLACEMENT_3D('',#3721,#3014,#3015);
#2536=AXIS2_PLACEMENT_3D('',#3723,#3016,#3017);
#2537=AXIS2_PLACEMENT_3D('',#3724,#3018,#3019);
#2538=AXIS2_PLACEMENT_3D('',#3726,#3020,#3021);
#2539=AXIS2_PLACEMENT_3D('',#3727,#3022,#3023);
#2540=AXIS2_PLACEMENT_3D('',#3729,#3024,#3025);
#2541=AXIS2_PLACEMENT_3D('',#3730,#3026,#3027);
#2542=AXIS2_PLACEMENT_3D('',#3732,#3028,#3029);
#2543=AXIS2_PLACEMENT_3D('',#3733,#3030,#3031);
#2544=AXIS2_PLACEMENT_3D('',#3735,#3032,#3033);
#2545=AXIS2_PLACEMENT_3D('',#3736,#3034,#3035);
#2546=AXIS2_PLACEMENT_3D('',#3738,#3036,#3037);
#2547=AXIS2_PLACEMENT_3D('',#3739,#3038,#3039);
#2548=AXIS2_PLACEMENT_3D('',#3741,#3040,#3041);
#2549=AXIS2_PLACEMENT_3D('',#3742,#3042,#3043);
#2550=AXIS2_PLACEMENT_3D('',#3744,#3044,#3045);
#2551=AXIS2_PLACEMENT_3D('',#3745,#3046,#3047);
#2552=AXIS2_PLACEMENT_3D('',#3747,#3048,#3049);
#2553=AXIS2_PLACEMENT_3D('',#3748,#3050,#3051);
#2554=AXIS2_PLACEMENT_3D('',#3750,#3052,#3053);
#2555=AXIS2_PLACEMENT_3D('',#3751,#3054,#3055);
#2556=AXIS2_PLACEMENT_3D('',#3753,#3056,#3057);
#2557=AXIS2_PLACEMENT_3D('',#3754,#3058,#3059);
#2558=AXIS2_PLACEMENT_3D('',#3756,#3060,#3061);
#2559=AXIS2_PLACEMENT_3D('',#3757,#3062,#3063);
#2560=AXIS2_PLACEMENT_3D('',#3759,#3064,#3065);
#2561=AXIS2_PLACEMENT_3D('',#3760,#3066,#3067);
#2562=AXIS2_PLACEMENT_3D('',#3762,#3068,#3069);
#2563=AXIS2_PLACEMENT_3D('',#3763,#3070,#3071);
#2564=AXIS2_PLACEMENT_3D('',#3765,#3072,#3073);
#2565=AXIS2_PLACEMENT_3D('',#3766,#3074,#3075);
#2566=AXIS2_PLACEMENT_3D('',#3768,#3076,#3077);
#2567=AXIS2_PLACEMENT_3D('',#3769,#3078,#3079);
#2568=AXIS2_PLACEMENT_3D('',#3771,#3080,#3081);
#2569=AXIS2_PLACEMENT_3D('',#3772,#3082,#3083);
#2570=AXIS2_PLACEMENT_3D('',#3774,#3084,#3085);
#2571=AXIS2_PLACEMENT_3D('',#3775,#3086,#3087);
#2572=AXIS2_PLACEMENT_3D('',#3777,#3088,#3089);
#2573=AXIS2_PLACEMENT_3D('',#3778,#3090,#3091);
#2574=AXIS2_PLACEMENT_3D('',#3780,#3092,#3093);
#2575=AXIS2_PLACEMENT_3D('',#3781,#3094,#3095);
#2576=AXIS2_PLACEMENT_3D('',#3783,#3096,#3097);
#2577=AXIS2_PLACEMENT_3D('',#3784,#3098,#3099);
#2578=AXIS2_PLACEMENT_3D('',#3786,#3100,#3101);
#2579=AXIS2_PLACEMENT_3D('',#3787,#3102,#3103);
#2580=AXIS2_PLACEMENT_3D('',#3789,#3104,#3105);
#2581=AXIS2_PLACEMENT_3D('',#3790,#3106,#3107);
#2582=AXIS2_PLACEMENT_3D('',#3792,#3108,#3109);
#2583=AXIS2_PLACEMENT_3D('',#3793,#3110,#3111);
#2584=AXIS2_PLACEMENT_3D('',#3795,#3112,#3113);
#2585=AXIS2_PLACEMENT_3D('',#3796,#3114,#3115);
#2586=AXIS2_PLACEMENT_3D('',#3798,#3116,#3117);
#2587=AXIS2_PLACEMENT_3D('',#3799,#3118,#3119);
#2588=AXIS2_PLACEMENT_3D('',#3801,#3120,#3121);
#2589=AXIS2_PLACEMENT_3D('',#3802,#3122,#3123);
#2590=AXIS2_PLACEMENT_3D('',#3804,#3124,#3125);
#2591=AXIS2_PLACEMENT_3D('',#3805,#3126,#3127);
#2592=AXIS2_PLACEMENT_3D('',#3807,#3128,#3129);
#2593=AXIS2_PLACEMENT_3D('',#3808,#3130,#3131);
#2594=AXIS2_PLACEMENT_3D('',#3810,#3132,#3133);
#2595=AXIS2_PLACEMENT_3D('',#3811,#3134,#3135);
#2596=AXIS2_PLACEMENT_3D('',#3813,#3136,#3137);
#2597=AXIS2_PLACEMENT_3D('',#3814,#3138,#3139);
#2598=AXIS2_PLACEMENT_3D('',#3816,#3140,#3141);
#2599=AXIS2_PLACEMENT_3D('',#3817,#3142,#3143);
#2600=AXIS2_PLACEMENT_3D('',#3819,#3144,#3145);
#2601=AXIS2_PLACEMENT_3D('',#3820,#3146,#3147);
#2602=AXIS2_PLACEMENT_3D('',#3822,#3148,#3149);
#2603=AXIS2_PLACEMENT_3D('',#3823,#3150,#3151);
#2604=AXIS2_PLACEMENT_3D('',#3825,#3152,#3153);
#2605=AXIS2_PLACEMENT_3D('',#3826,#3154,#3155);
#2606=AXIS2_PLACEMENT_3D('',#3828,#3156,#3157);
#2607=AXIS2_PLACEMENT_3D('',#3829,#3158,#3159);
#2608=AXIS2_PLACEMENT_3D('',#3831,#3160,#3161);
#2609=AXIS2_PLACEMENT_3D('',#3832,#3162,#3163);
#2610=AXIS2_PLACEMENT_3D('',#3834,#3164,#3165);
#2611=AXIS2_PLACEMENT_3D('',#3835,#3166,#3167);
#2612=AXIS2_PLACEMENT_3D('',#3837,#3168,#3169);
#2613=AXIS2_PLACEMENT_3D('',#3838,#3170,#3171);
#2614=AXIS2_PLACEMENT_3D('',#3840,#3172,#3173);
#2615=AXIS2_PLACEMENT_3D('',#3841,#3174,#3175);
#2616=AXIS2_PLACEMENT_3D('',#3843,#3176,#3177);
#2617=AXIS2_PLACEMENT_3D('',#3844,#3178,#3179);
#2618=AXIS2_PLACEMENT_3D('',#3846,#3180,#3181);
#2619=AXIS2_PLACEMENT_3D('',#3847,#3182,#3183);
#2620=AXIS2_PLACEMENT_3D('',#3849,#3184,#3185);
#2621=AXIS2_PLACEMENT_3D('',#3850,#3186,#3187);
#2622=AXIS2_PLACEMENT_3D('',#3852,#3188,#3189);
#2623=AXIS2_PLACEMENT_3D('',#3853,#3190,#3191);
#2624=AXIS2_PLACEMENT_3D('',#3855,#3192,#3193);
#2625=AXIS2_PLACEMENT_3D('',#3856,#3194,#3195);
#2626=AXIS2_PLACEMENT_3D('',#3858,#3196,#3197);
#2627=AXIS2_PLACEMENT_3D('',#3859,#3198,#3199);
#2628=AXIS2_PLACEMENT_3D('',#3861,#3200,#3201);
#2629=AXIS2_PLACEMENT_3D('',#3862,#3202,#3203);
#2630=AXIS2_PLACEMENT_3D('',#3864,#3204,#3205);
#2631=AXIS2_PLACEMENT_3D('',#3865,#3206,#3207);
#2632=AXIS2_PLACEMENT_3D('',#3867,#3208,#3209);
#2633=AXIS2_PLACEMENT_3D('',#3868,#3210,#3211);
#2634=AXIS2_PLACEMENT_3D('',#3870,#3212,#3213);
#2635=AXIS2_PLACEMENT_3D('',#3871,#3214,#3215);
#2636=AXIS2_PLACEMENT_3D('',#3873,#3216,#3217);
#2637=AXIS2_PLACEMENT_3D('',#3874,#3218,#3219);
#2638=AXIS2_PLACEMENT_3D('',#3876,#3220,#3221);
#2639=AXIS2_PLACEMENT_3D('',#3877,#3222,#3223);
#2640=AXIS2_PLACEMENT_3D('',#3879,#3224,#3225);
#2641=AXIS2_PLACEMENT_3D('',#3880,#3226,#3227);
#2642=AXIS2_PLACEMENT_3D('',#3882,#3228,#3229);
#2643=AXIS2_PLACEMENT_3D('',#3883,#3230,#3231);
#2644=AXIS2_PLACEMENT_3D('',#3885,#3232,#3233);
#2645=AXIS2_PLACEMENT_3D('',#3886,#3234,#3235);
#2646=AXIS2_PLACEMENT_3D('',#3888,#3236,#3237);
#2647=AXIS2_PLACEMENT_3D('',#3889,#3238,#3239);
#2648=AXIS2_PLACEMENT_3D('',#3891,#3240,#3241);
#2649=AXIS2_PLACEMENT_3D('',#3892,#3242,#3243);
#2650=AXIS2_PLACEMENT_3D('',#3894,#3244,#3245);
#2651=AXIS2_PLACEMENT_3D('',#3895,#3246,#3247);
#2652=AXIS2_PLACEMENT_3D('',#3897,#3248,#3249);
#2653=AXIS2_PLACEMENT_3D('',#3898,#3250,#3251);
#2654=AXIS2_PLACEMENT_3D('',#3900,#3252,#3253);
#2655=AXIS2_PLACEMENT_3D('',#3901,#3254,#3255);
#2656=AXIS2_PLACEMENT_3D('',#3903,#3256,#3257);
#2657=AXIS2_PLACEMENT_3D('',#3904,#3258,#3259);
#2658=AXIS2_PLACEMENT_3D('',#3906,#3260,#3261);
#2659=AXIS2_PLACEMENT_3D('',#3907,#3262,#3263);
#2660=AXIS2_PLACEMENT_3D('',#3909,#3264,#3265);
#2661=AXIS2_PLACEMENT_3D('',#3910,#3266,#3267);
#2662=AXIS2_PLACEMENT_3D('',#3912,#3268,#3269);
#2663=AXIS2_PLACEMENT_3D('',#3913,#3270,#3271);
#2664=AXIS2_PLACEMENT_3D('',#3915,#3272,#3273);
#2665=AXIS2_PLACEMENT_3D('',#3916,#3274,#3275);
#2666=AXIS2_PLACEMENT_3D('',#3918,#3276,#3277);
#2667=AXIS2_PLACEMENT_3D('',#3919,#3278,#3279);
#2668=AXIS2_PLACEMENT_3D('',#3921,#3280,#3281);
#2669=AXIS2_PLACEMENT_3D('',#3922,#3282,#3283);
#2670=AXIS2_PLACEMENT_3D('',#3924,#3284,#3285);
#2671=AXIS2_PLACEMENT_3D('',#3925,#3286,#3287);
#2672=AXIS2_PLACEMENT_3D('',#3927,#3288,#3289);
#2673=AXIS2_PLACEMENT_3D('',#3928,#3290,#3291);
#2674=AXIS2_PLACEMENT_3D('',#3930,#3292,#3293);
#2675=AXIS2_PLACEMENT_3D('',#3933,#3295,#3296);
#2676=AXIS2_PLACEMENT_3D('',#3936,#3298,#3299);
#2677=AXIS2_PLACEMENT_3D('',#3937,#3300,#3301);
#2678=AXIS2_PLACEMENT_3D('',#3939,#3302,#3303);
#2679=AXIS2_PLACEMENT_3D('',#3940,#3304,#3305);
#2680=AXIS2_PLACEMENT_3D('',#3942,#3306,#3307);
#2681=AXIS2_PLACEMENT_3D('',#3943,#3308,#3309);
#2682=AXIS2_PLACEMENT_3D('',#3945,#3310,#3311);
#2683=AXIS2_PLACEMENT_3D('',#3946,#3312,#3313);
#2684=AXIS2_PLACEMENT_3D('',#3948,#3314,#3315);
#2685=AXIS2_PLACEMENT_3D('',#3949,#3316,#3317);
#2686=AXIS2_PLACEMENT_3D('',#3951,#3318,#3319);
#2687=AXIS2_PLACEMENT_3D('',#3952,#3320,#3321);
#2688=AXIS2_PLACEMENT_3D('',#3954,#3322,#3323);
#2689=AXIS2_PLACEMENT_3D('',#3955,#3324,#3325);
#2690=AXIS2_PLACEMENT_3D('',#3957,#3326,#3327);
#2691=AXIS2_PLACEMENT_3D('',#3958,#3328,#3329);
#2692=AXIS2_PLACEMENT_3D('',#3960,#3330,#3331);
#2693=AXIS2_PLACEMENT_3D('',#3962,#3333,#3334);
#2694=AXIS2_PLACEMENT_3D('',#3968,#3338,#3339);
#2695=AXIS2_PLACEMENT_3D('',#3969,#3340,#3341);
#2696=AXIS2_PLACEMENT_3D('',#3971,#3342,#3343);
#2697=AXIS2_PLACEMENT_3D('',#3973,#3344,#3345);
#2698=AXIS2_PLACEMENT_3D('',#3975,#3346,#3347);
#2699=AXIS2_PLACEMENT_3D('',#3979,#3349,#3350);
#2700=AXIS2_PLACEMENT_3D('',#3984,#3353,#3354);
#2701=AXIS2_PLACEMENT_3D('',#3989,#3357,#3358);
#2702=AXIS2_PLACEMENT_3D('',#3996,#3362,#3363);
#2703=AXIS2_PLACEMENT_3D('',#3999,#3365,#3366);
#2704=AXIS2_PLACEMENT_3D('',#4000,#3367,#3368);
#2705=AXIS2_PLACEMENT_3D('',#4006,#3371,#3372);
#2706=AXIS2_PLACEMENT_3D('',#4009,#3374,#3375);
#2707=AXIS2_PLACEMENT_3D('',#4011,#3377,#3378);
#2708=AXIS2_PLACEMENT_3D('',#4013,#3380,#3381);
#2709=AXIS2_PLACEMENT_3D('',#4015,#3383,#3384);
#2710=AXIS2_PLACEMENT_3D('',#4016,#3385,#3386);
#2711=AXIS2_PLACEMENT_3D('',#4020,#3389,#3390);
#2712=AXIS2_PLACEMENT_3D('',#4021,#3391,#3392);
#2713=AXIS2_PLACEMENT_3D('',#4024,#3394,#3395);
#2714=AXIS2_PLACEMENT_3D('',#4026,#3397,#3398);
#2715=AXIS2_PLACEMENT_3D('',#4027,#3399,#3400);
#2716=AXIS2_PLACEMENT_3D('',#4029,#3401,#3402);
#2717=AXIS2_PLACEMENT_3D('',#4033,#3405,#3406);
#2718=AXIS2_PLACEMENT_3D('',#4034,#3407,#3408);
#2719=AXIS2_PLACEMENT_3D('',#4037,#3410,#3411);
#2720=AXIS2_PLACEMENT_3D('',#4039,#3413,#3414);
#2721=AXIS2_PLACEMENT_3D('',#4040,#3415,#3416);
#2722=AXIS2_PLACEMENT_3D('',#4042,#3417,#3418);
#2723=AXIS2_PLACEMENT_3D('',#4045,#3420,#3421);
#2724=AXIS2_PLACEMENT_3D('',#4048,#3423,#3424);
#2725=AXIS2_PLACEMENT_3D('',#4050,#3426,#3427);
#2726=AXIS2_PLACEMENT_3D('',#4052,#3429,#3430);
#2727=AXIS2_PLACEMENT_3D('',#4053,#3431,#3432);
#2728=AXIS2_PLACEMENT_3D('',#4055,#3433,#3434);
#2729=AXIS2_PLACEMENT_3D('',#4056,#3435,#3436);
#2730=AXIS2_PLACEMENT_3D('',#4057,#3437,#3438);
#2731=AXIS2_PLACEMENT_3D('',#4058,#3439,#3440);
#2732=DIRECTION('',(0.,0.,1.));
#2733=DIRECTION('',(1.,0.,0.));
#2734=DIRECTION('',(0.,0.,-1.));
#2735=DIRECTION('',(-1.,0.,0.));
#2736=DIRECTION('',(0.,0.,1.));
#2737=DIRECTION('',(1.,0.,0.));
#2738=DIRECTION('',(0.,0.,-1.));
#2739=DIRECTION('',(0.,0.,1.));
#2740=DIRECTION('',(1.,0.,0.));
#2741=DIRECTION('',(0.,0.,-1.));
#2742=DIRECTION('',(0.,0.,-1.));
#2743=DIRECTION('',(-1.,0.,0.));
#2744=DIRECTION('',(0.,0.,1.));
#2745=DIRECTION('',(1.,0.,0.));
#2746=DIRECTION('',(0.,0.,-1.));
#2747=DIRECTION('',(0.,0.,1.));
#2748=DIRECTION('',(1.,0.,0.));
#2749=DIRECTION('',(0.,0.,-1.));
#2750=DIRECTION('',(0.,0.,-1.));
#2751=DIRECTION('',(-1.,0.,0.));
#2752=DIRECTION('',(0.,0.,1.));
#2753=DIRECTION('',(1.,0.,0.));
#2754=DIRECTION('',(0.,0.,-1.));
#2755=DIRECTION('',(0.,0.,1.));
#2756=DIRECTION('',(1.,0.,0.));
#2757=DIRECTION('',(0.,0.,-1.));
#2758=DIRECTION('',(-1.,-1.56105599637958E-16,0.));
#2759=DIRECTION('',(1.56105599637958E-16,-1.,0.));
#2760=DIRECTION('',(0.,0.,1.));
#2761=DIRECTION('',(0.,-1.,0.));
#2762=DIRECTION('',(0.,0.,1.));
#2763=DIRECTION('',(-1.56105599637958E-16,1.,0.));
#2764=DIRECTION('',(0.,0.,-1.));
#2765=DIRECTION('',(-1.56105599637958E-16,1.,0.));
#2766=DIRECTION('',(-1.,-1.56105599637958E-16,0.));
#2767=DIRECTION('',(1.56105599637958E-16,-1.,0.));
#2768=DIRECTION('',(-1.56105599637958E-16,1.,0.));
#2769=DIRECTION('',(0.,0.,-1.));
#2770=DIRECTION('',(-1.56105599637958E-16,1.,0.));
#2771=DIRECTION('',(0.,0.,-1.));
#2772=DIRECTION('',(1.56105599637958E-16,-1.,0.));
#2773=DIRECTION('',(1.,1.56105599637958E-16,0.));
#2774=DIRECTION('',(0.,0.,-1.));
#2775=DIRECTION('',(-1.,-1.56105599637958E-16,0.));
#2776=DIRECTION('',(0.,0.,1.));
#2777=DIRECTION('',(-1.,-1.56105599637958E-16,0.));
#2778=DIRECTION('',(0.,-1.,0.));
#2779=DIRECTION('',(0.,0.,-1.));
#2780=DIRECTION('',(-1.,0.,0.));
#2781=DIRECTION('',(0.,0.,-1.));
#2782=DIRECTION('',(-1.,0.,0.));
#2783=DIRECTION('',(0.,0.,-1.));
#2784=DIRECTION('',(0.,0.,-1.));
#2785=DIRECTION('',(1.,0.,0.));
#2786=DIRECTION('',(1.,0.,0.));
#2787=DIRECTION('',(0.,1.,0.));
#2788=DIRECTION('',(0.,0.,-1.));
#2789=DIRECTION('',(-1.,0.,0.));
#2790=DIRECTION('',(0.,0.,-1.));
#2791=DIRECTION('',(-1.,0.,0.));
#2792=DIRECTION('',(0.,0.,-1.));
#2793=DIRECTION('',(-1.,0.,0.));
#2794=DIRECTION('',(0.,0.,-1.));
#2795=DIRECTION('',(-1.,0.,0.));
#2796=DIRECTION('',(0.,0.,-1.));
#2797=DIRECTION('',(-1.,0.,0.));
#2798=DIRECTION('',(0.,0.,-1.));
#2799=DIRECTION('',(-1.,0.,0.));
#2800=DIRECTION('',(0.,0.,-1.));
#2801=DIRECTION('',(-1.,0.,0.));
#2802=DIRECTION('',(0.,0.,-1.));
#2803=DIRECTION('',(-1.,0.,0.));
#2804=DIRECTION('',(0.,0.,-1.));
#2805=DIRECTION('',(-1.,0.,0.));
#2806=DIRECTION('',(0.,0.,-1.));
#2807=DIRECTION('',(-1.,0.,0.));
#2808=DIRECTION('',(0.,0.,-1.));
#2809=DIRECTION('',(-1.,0.,0.));
#2810=DIRECTION('',(0.,0.,-1.));
#2811=DIRECTION('',(-1.,0.,0.));
#2812=DIRECTION('',(0.,0.,-1.));
#2813=DIRECTION('',(-1.,0.,0.));
#2814=DIRECTION('',(0.,0.,-1.));
#2815=DIRECTION('',(-1.,0.,0.));
#2816=DIRECTION('',(0.,0.,-1.));
#2817=DIRECTION('',(-1.,0.,0.));
#2818=DIRECTION('',(0.,0.,-1.));
#2819=DIRECTION('',(-1.,0.,0.));
#2820=DIRECTION('',(0.,0.,-1.));
#2821=DIRECTION('',(-1.,0.,0.));
#2822=DIRECTION('',(0.,0.,-1.));
#2823=DIRECTION('',(-1.,0.,0.));
#2824=DIRECTION('',(0.,0.,-1.));
#2825=DIRECTION('',(-1.,0.,0.));
#2826=DIRECTION('',(0.,0.,-1.));
#2827=DIRECTION('',(-1.,0.,0.));
#2828=DIRECTION('',(0.,0.,-1.));
#2829=DIRECTION('',(-1.,0.,0.));
#2830=DIRECTION('',(0.,0.,-1.));
#2831=DIRECTION('',(-1.,0.,0.));
#2832=DIRECTION('',(0.,0.,-1.));
#2833=DIRECTION('',(-1.,0.,0.));
#2834=DIRECTION('',(0.,0.,-1.));
#2835=DIRECTION('',(-1.,0.,0.));
#2836=DIRECTION('',(0.,0.,-1.));
#2837=DIRECTION('',(-1.,0.,0.));
#2838=DIRECTION('',(0.,0.,-1.));
#2839=DIRECTION('',(-1.,0.,0.));
#2840=DIRECTION('',(0.,0.,-1.));
#2841=DIRECTION('',(-1.,0.,0.));
#2842=DIRECTION('',(0.,0.,-1.));
#2843=DIRECTION('',(-1.,0.,0.));
#2844=DIRECTION('',(0.,0.,-1.));
#2845=DIRECTION('',(-1.,0.,0.));
#2846=DIRECTION('',(0.,0.,-1.));
#2847=DIRECTION('',(-1.,0.,0.));
#2848=DIRECTION('',(0.,0.,-1.));
#2849=DIRECTION('',(-1.,0.,0.));
#2850=DIRECTION('',(0.,0.,-1.));
#2851=DIRECTION('',(-1.,0.,0.));
#2852=DIRECTION('',(0.,0.,-1.));
#2853=DIRECTION('',(-1.,0.,0.));
#2854=DIRECTION('',(0.,0.,-1.));
#2855=DIRECTION('',(-1.,0.,0.));
#2856=DIRECTION('',(0.,0.,-1.));
#2857=DIRECTION('',(-1.,0.,0.));
#2858=DIRECTION('',(0.,0.,-1.));
#2859=DIRECTION('',(-1.,0.,0.));
#2860=DIRECTION('',(0.,0.,-1.));
#2861=DIRECTION('',(-1.,0.,0.));
#2862=DIRECTION('',(0.,0.,-1.));
#2863=DIRECTION('',(-1.,0.,0.));
#2864=DIRECTION('',(0.,0.,-1.));
#2865=DIRECTION('',(-1.,0.,0.));
#2866=DIRECTION('',(0.,0.,-1.));
#2867=DIRECTION('',(-1.,0.,0.));
#2868=DIRECTION('',(0.,0.,-1.));
#2869=DIRECTION('',(-1.,0.,0.));
#2870=DIRECTION('',(0.,0.,-1.));
#2871=DIRECTION('',(-1.,0.,0.));
#2872=DIRECTION('',(0.,0.,-1.));
#2873=DIRECTION('',(-1.,0.,0.));
#2874=DIRECTION('',(0.,0.,-1.));
#2875=DIRECTION('',(-1.,0.,0.));
#2876=DIRECTION('',(0.,0.,-1.));
#2877=DIRECTION('',(-1.,0.,0.));
#2878=DIRECTION('',(0.,0.,-1.));
#2879=DIRECTION('',(-1.,0.,0.));
#2880=DIRECTION('',(0.,0.,-1.));
#2881=DIRECTION('',(-1.,0.,0.));
#2882=DIRECTION('',(0.,0.,-1.));
#2883=DIRECTION('',(-1.,0.,0.));
#2884=DIRECTION('',(0.,0.,-1.));
#2885=DIRECTION('',(-1.,0.,0.));
#2886=DIRECTION('',(0.,0.,-1.));
#2887=DIRECTION('',(-1.,0.,0.));
#2888=DIRECTION('',(0.,0.,-1.));
#2889=DIRECTION('',(-1.,0.,0.));
#2890=DIRECTION('',(0.,0.,-1.));
#2891=DIRECTION('',(-1.,0.,0.));
#2892=DIRECTION('',(0.,0.,-1.));
#2893=DIRECTION('',(-1.,0.,0.));
#2894=DIRECTION('',(0.,0.,-1.));
#2895=DIRECTION('',(-1.,0.,0.));
#2896=DIRECTION('',(0.,0.,-1.));
#2897=DIRECTION('',(-1.,0.,0.));
#2898=DIRECTION('',(0.,0.,-1.));
#2899=DIRECTION('',(-1.,0.,0.));
#2900=DIRECTION('',(0.,0.,-1.));
#2901=DIRECTION('',(-1.,0.,0.));
#2902=DIRECTION('',(0.,0.,-1.));
#2903=DIRECTION('',(-1.,0.,0.));
#2904=DIRECTION('',(0.,0.,-1.));
#2905=DIRECTION('',(-1.,0.,0.));
#2906=DIRECTION('',(0.,0.,-1.));
#2907=DIRECTION('',(-1.,0.,0.));
#2908=DIRECTION('',(0.,0.,-1.));
#2909=DIRECTION('',(-1.,0.,0.));
#2910=DIRECTION('',(0.,0.,-1.));
#2911=DIRECTION('',(-1.,0.,0.));
#2912=DIRECTION('',(0.,0.,-1.));
#2913=DIRECTION('',(-1.,0.,0.));
#2914=DIRECTION('',(0.,0.,-1.));
#2915=DIRECTION('',(-1.,0.,0.));
#2916=DIRECTION('',(0.,0.,-1.));
#2917=DIRECTION('',(-1.,0.,0.));
#2918=DIRECTION('',(0.,0.,-1.));
#2919=DIRECTION('',(-1.,0.,0.));
#2920=DIRECTION('',(0.,0.,-1.));
#2921=DIRECTION('',(-1.,0.,0.));
#2922=DIRECTION('',(0.,0.,-1.));
#2923=DIRECTION('',(-1.,0.,0.));
#2924=DIRECTION('',(0.,0.,-1.));
#2925=DIRECTION('',(-1.,0.,0.));
#2926=DIRECTION('',(0.,0.,-1.));
#2927=DIRECTION('',(-1.,0.,0.));
#2928=DIRECTION('',(0.,0.,-1.));
#2929=DIRECTION('',(-1.,0.,0.));
#2930=DIRECTION('',(0.,0.,-1.));
#2931=DIRECTION('',(-1.,0.,0.));
#2932=DIRECTION('',(0.,0.,-1.));
#2933=DIRECTION('',(-1.,0.,0.));
#2934=DIRECTION('',(0.,0.,-1.));
#2935=DIRECTION('',(-1.,0.,0.));
#2936=DIRECTION('',(0.,0.,-1.));
#2937=DIRECTION('',(-1.,0.,0.));
#2938=DIRECTION('',(0.,0.,-1.));
#2939=DIRECTION('',(-1.,0.,0.));
#2940=DIRECTION('',(0.,0.,-1.));
#2941=DIRECTION('',(-1.,0.,0.));
#2942=DIRECTION('',(0.,0.,-1.));
#2943=DIRECTION('',(-1.,0.,0.));
#2944=DIRECTION('',(0.,0.,-1.));
#2945=DIRECTION('',(-1.,0.,0.));
#2946=DIRECTION('',(0.,0.,-1.));
#2947=DIRECTION('',(-1.,0.,0.));
#2948=DIRECTION('',(0.,0.,-1.));
#2949=DIRECTION('',(-1.,0.,0.));
#2950=DIRECTION('',(0.,0.,-1.));
#2951=DIRECTION('',(-1.,0.,0.));
#2952=DIRECTION('',(0.,0.,-1.));
#2953=DIRECTION('',(-1.,0.,0.));
#2954=DIRECTION('',(0.,0.,-1.));
#2955=DIRECTION('',(-1.,0.,0.));
#2956=DIRECTION('',(0.,0.,-1.));
#2957=DIRECTION('',(-1.,0.,0.));
#2958=DIRECTION('',(0.,0.,-1.));
#2959=DIRECTION('',(-1.,0.,0.));
#2960=DIRECTION('',(0.,0.,-1.));
#2961=DIRECTION('',(-1.,0.,0.));
#2962=DIRECTION('',(0.,0.,-1.));
#2963=DIRECTION('',(-1.,0.,0.));
#2964=DIRECTION('',(0.,0.,-1.));
#2965=DIRECTION('',(-1.,0.,0.));
#2966=DIRECTION('',(0.,0.,-1.));
#2967=DIRECTION('',(-1.,0.,0.));
#2968=DIRECTION('',(0.,0.,-1.));
#2969=DIRECTION('',(-1.,0.,0.));
#2970=DIRECTION('',(0.,0.,-1.));
#2971=DIRECTION('',(-1.,0.,0.));
#2972=DIRECTION('',(0.,0.,-1.));
#2973=DIRECTION('',(-1.,0.,0.));
#2974=DIRECTION('',(0.,0.,-1.));
#2975=DIRECTION('',(-1.,0.,0.));
#2976=DIRECTION('',(0.,0.,-1.));
#2977=DIRECTION('',(-1.,0.,0.));
#2978=DIRECTION('',(0.,0.,-1.));
#2979=DIRECTION('',(-1.,0.,0.));
#2980=DIRECTION('',(0.,0.,-1.));
#2981=DIRECTION('',(-1.,0.,0.));
#2982=DIRECTION('',(0.,0.,-1.));
#2983=DIRECTION('',(-1.,0.,0.));
#2984=DIRECTION('',(0.,0.,-1.));
#2985=DIRECTION('',(-1.,0.,0.));
#2986=DIRECTION('',(0.,0.,-1.));
#2987=DIRECTION('',(-1.,0.,0.));
#2988=DIRECTION('',(0.,0.,-1.));
#2989=DIRECTION('',(-1.,0.,0.));
#2990=DIRECTION('',(0.,0.,-1.));
#2991=DIRECTION('',(-1.,0.,0.));
#2992=DIRECTION('',(0.,0.,-1.));
#2993=DIRECTION('',(-1.,0.,0.));
#2994=DIRECTION('',(0.,0.,-1.));
#2995=DIRECTION('',(-1.,0.,0.));
#2996=DIRECTION('',(0.,0.,-1.));
#2997=DIRECTION('',(-1.,0.,0.));
#2998=DIRECTION('',(0.,0.,-1.));
#2999=DIRECTION('',(-1.,0.,0.));
#3000=DIRECTION('',(0.,0.,-1.));
#3001=DIRECTION('',(-1.,0.,0.));
#3002=DIRECTION('',(0.,0.,-1.));
#3003=DIRECTION('',(-1.,0.,0.));
#3004=DIRECTION('',(0.,0.,-1.));
#3005=DIRECTION('',(-1.,0.,0.));
#3006=DIRECTION('',(0.,0.,-1.));
#3007=DIRECTION('',(-1.,0.,0.));
#3008=DIRECTION('',(0.,0.,-1.));
#3009=DIRECTION('',(-1.,0.,0.));
#3010=DIRECTION('',(0.,0.,-1.));
#3011=DIRECTION('',(-1.,0.,0.));
#3012=DIRECTION('',(0.,0.,-1.));
#3013=DIRECTION('',(-1.,0.,0.));
#3014=DIRECTION('',(0.,0.,-1.));
#3015=DIRECTION('',(-1.,0.,0.));
#3016=DIRECTION('',(0.,0.,-1.));
#3017=DIRECTION('',(-1.,0.,0.));
#3018=DIRECTION('',(0.,0.,-1.));
#3019=DIRECTION('',(-1.,0.,0.));
#3020=DIRECTION('',(0.,0.,-1.));
#3021=DIRECTION('',(-1.,0.,0.));
#3022=DIRECTION('',(0.,0.,-1.));
#3023=DIRECTION('',(-1.,0.,0.));
#3024=DIRECTION('',(0.,0.,-1.));
#3025=DIRECTION('',(-1.,0.,0.));
#3026=DIRECTION('',(0.,0.,-1.));
#3027=DIRECTION('',(-1.,0.,0.));
#3028=DIRECTION('',(0.,0.,-1.));
#3029=DIRECTION('',(-1.,0.,0.));
#3030=DIRECTION('',(0.,0.,-1.));
#3031=DIRECTION('',(-1.,0.,0.));
#3032=DIRECTION('',(0.,0.,-1.));
#3033=DIRECTION('',(-1.,0.,0.));
#3034=DIRECTION('',(0.,0.,-1.));
#3035=DIRECTION('',(-1.,0.,0.));
#3036=DIRECTION('',(0.,0.,-1.));
#3037=DIRECTION('',(-1.,0.,0.));
#3038=DIRECTION('',(0.,0.,-1.));
#3039=DIRECTION('',(-1.,0.,0.));
#3040=DIRECTION('',(0.,0.,-1.));
#3041=DIRECTION('',(-1.,0.,0.));
#3042=DIRECTION('',(0.,0.,-1.));
#3043=DIRECTION('',(-1.,0.,0.));
#3044=DIRECTION('',(0.,0.,-1.));
#3045=DIRECTION('',(-1.,0.,0.));
#3046=DIRECTION('',(0.,0.,-1.));
#3047=DIRECTION('',(-1.,0.,0.));
#3048=DIRECTION('',(0.,0.,-1.));
#3049=DIRECTION('',(-1.,0.,0.));
#3050=DIRECTION('',(0.,0.,-1.));
#3051=DIRECTION('',(-1.,0.,0.));
#3052=DIRECTION('',(0.,0.,-1.));
#3053=DIRECTION('',(-1.,0.,0.));
#3054=DIRECTION('',(0.,0.,-1.));
#3055=DIRECTION('',(-1.,0.,0.));
#3056=DIRECTION('',(0.,0.,-1.));
#3057=DIRECTION('',(-1.,0.,0.));
#3058=DIRECTION('',(0.,0.,-1.));
#3059=DIRECTION('',(-1.,0.,0.));
#3060=DIRECTION('',(0.,0.,-1.));
#3061=DIRECTION('',(-1.,0.,0.));
#3062=DIRECTION('',(0.,0.,-1.));
#3063=DIRECTION('',(-1.,0.,0.));
#3064=DIRECTION('',(0.,0.,-1.));
#3065=DIRECTION('',(-1.,0.,0.));
#3066=DIRECTION('',(0.,0.,-1.));
#3067=DIRECTION('',(-1.,0.,0.));
#3068=DIRECTION('',(0.,0.,-1.));
#3069=DIRECTION('',(-1.,0.,0.));
#3070=DIRECTION('',(0.,0.,-1.));
#3071=DIRECTION('',(-1.,0.,0.));
#3072=DIRECTION('',(0.,0.,-1.));
#3073=DIRECTION('',(-1.,0.,0.));
#3074=DIRECTION('',(0.,0.,-1.));
#3075=DIRECTION('',(-1.,0.,0.));
#3076=DIRECTION('',(0.,0.,-1.));
#3077=DIRECTION('',(-1.,0.,0.));
#3078=DIRECTION('',(0.,0.,-1.));
#3079=DIRECTION('',(-1.,0.,0.));
#3080=DIRECTION('',(0.,0.,-1.));
#3081=DIRECTION('',(-1.,0.,0.));
#3082=DIRECTION('',(0.,0.,-1.));
#3083=DIRECTION('',(-1.,0.,0.));
#3084=DIRECTION('',(0.,0.,-1.));
#3085=DIRECTION('',(-1.,0.,0.));
#3086=DIRECTION('',(0.,0.,-1.));
#3087=DIRECTION('',(-1.,0.,0.));
#3088=DIRECTION('',(0.,0.,-1.));
#3089=DIRECTION('',(-1.,0.,0.));
#3090=DIRECTION('',(0.,0.,-1.));
#3091=DIRECTION('',(-1.,0.,0.));
#3092=DIRECTION('',(0.,0.,-1.));
#3093=DIRECTION('',(-1.,0.,0.));
#3094=DIRECTION('',(0.,0.,-1.));
#3095=DIRECTION('',(-1.,0.,0.));
#3096=DIRECTION('',(0.,0.,-1.));
#3097=DIRECTION('',(-1.,0.,0.));
#3098=DIRECTION('',(0.,0.,-1.));
#3099=DIRECTION('',(-1.,0.,0.));
#3100=DIRECTION('',(0.,0.,-1.));
#3101=DIRECTION('',(-1.,0.,0.));
#3102=DIRECTION('',(0.,0.,-1.));
#3103=DIRECTION('',(-1.,0.,0.));
#3104=DIRECTION('',(0.,0.,-1.));
#3105=DIRECTION('',(-1.,0.,0.));
#3106=DIRECTION('',(0.,0.,-1.));
#3107=DIRECTION('',(-1.,0.,0.));
#3108=DIRECTION('',(0.,0.,-1.));
#3109=DIRECTION('',(-1.,0.,0.));
#3110=DIRECTION('',(0.,0.,-1.));
#3111=DIRECTION('',(-1.,0.,0.));
#3112=DIRECTION('',(0.,0.,-1.));
#3113=DIRECTION('',(-1.,0.,0.));
#3114=DIRECTION('',(0.,0.,-1.));
#3115=DIRECTION('',(-1.,0.,0.));
#3116=DIRECTION('',(0.,0.,-1.));
#3117=DIRECTION('',(-1.,0.,0.));
#3118=DIRECTION('',(0.,0.,-1.));
#3119=DIRECTION('',(-1.,0.,0.));
#3120=DIRECTION('',(0.,0.,-1.));
#3121=DIRECTION('',(-1.,0.,0.));
#3122=DIRECTION('',(0.,0.,-1.));
#3123=DIRECTION('',(-1.,0.,0.));
#3124=DIRECTION('',(0.,0.,-1.));
#3125=DIRECTION('',(-1.,0.,0.));
#3126=DIRECTION('',(0.,0.,-1.));
#3127=DIRECTION('',(-1.,0.,0.));
#3128=DIRECTION('',(0.,0.,-1.));
#3129=DIRECTION('',(-1.,0.,0.));
#3130=DIRECTION('',(0.,0.,-1.));
#3131=DIRECTION('',(-1.,0.,0.));
#3132=DIRECTION('',(0.,0.,-1.));
#3133=DIRECTION('',(-1.,0.,0.));
#3134=DIRECTION('',(0.,0.,-1.));
#3135=DIRECTION('',(-1.,0.,0.));
#3136=DIRECTION('',(0.,0.,-1.));
#3137=DIRECTION('',(-1.,0.,0.));
#3138=DIRECTION('',(0.,0.,-1.));
#3139=DIRECTION('',(-1.,0.,0.));
#3140=DIRECTION('',(0.,0.,-1.));
#3141=DIRECTION('',(-1.,0.,0.));
#3142=DIRECTION('',(0.,0.,-1.));
#3143=DIRECTION('',(-1.,0.,0.));
#3144=DIRECTION('',(0.,0.,-1.));
#3145=DIRECTION('',(-1.,0.,0.));
#3146=DIRECTION('',(0.,0.,-1.));
#3147=DIRECTION('',(-1.,0.,0.));
#3148=DIRECTION('',(0.,0.,-1.));
#3149=DIRECTION('',(-1.,0.,0.));
#3150=DIRECTION('',(0.,0.,-1.));
#3151=DIRECTION('',(-1.,0.,0.));
#3152=DIRECTION('',(0.,0.,-1.));
#3153=DIRECTION('',(-1.,0.,0.));
#3154=DIRECTION('',(0.,0.,-1.));
#3155=DIRECTION('',(-1.,0.,0.));
#3156=DIRECTION('',(0.,0.,-1.));
#3157=DIRECTION('',(-1.,0.,0.));
#3158=DIRECTION('',(0.,0.,-1.));
#3159=DIRECTION('',(-1.,0.,0.));
#3160=DIRECTION('',(0.,0.,-1.));
#3161=DIRECTION('',(-1.,0.,0.));
#3162=DIRECTION('',(0.,0.,-1.));
#3163=DIRECTION('',(-1.,0.,0.));
#3164=DIRECTION('',(0.,0.,-1.));
#3165=DIRECTION('',(-1.,0.,0.));
#3166=DIRECTION('',(0.,0.,-1.));
#3167=DIRECTION('',(-1.,0.,0.));
#3168=DIRECTION('',(0.,0.,-1.));
#3169=DIRECTION('',(-1.,0.,0.));
#3170=DIRECTION('',(0.,0.,-1.));
#3171=DIRECTION('',(-1.,0.,0.));
#3172=DIRECTION('',(0.,0.,-1.));
#3173=DIRECTION('',(-1.,0.,0.));
#3174=DIRECTION('',(0.,0.,-1.));
#3175=DIRECTION('',(-1.,0.,0.));
#3176=DIRECTION('',(0.,0.,-1.));
#3177=DIRECTION('',(-1.,0.,0.));
#3178=DIRECTION('',(0.,0.,-1.));
#3179=DIRECTION('',(-1.,0.,0.));
#3180=DIRECTION('',(0.,0.,-1.));
#3181=DIRECTION('',(-1.,0.,0.));
#3182=DIRECTION('',(0.,0.,-1.));
#3183=DIRECTION('',(-1.,0.,0.));
#3184=DIRECTION('',(0.,0.,-1.));
#3185=DIRECTION('',(-1.,0.,0.));
#3186=DIRECTION('',(0.,0.,-1.));
#3187=DIRECTION('',(-1.,0.,0.));
#3188=DIRECTION('',(0.,0.,-1.));
#3189=DIRECTION('',(-1.,0.,0.));
#3190=DIRECTION('',(0.,0.,-1.));
#3191=DIRECTION('',(-1.,0.,0.));
#3192=DIRECTION('',(0.,0.,-1.));
#3193=DIRECTION('',(-1.,0.,0.));
#3194=DIRECTION('',(0.,0.,-1.));
#3195=DIRECTION('',(-1.,0.,0.));
#3196=DIRECTION('',(0.,0.,-1.));
#3197=DIRECTION('',(-1.,0.,0.));
#3198=DIRECTION('',(0.,0.,-1.));
#3199=DIRECTION('',(-1.,0.,0.));
#3200=DIRECTION('',(0.,0.,-1.));
#3201=DIRECTION('',(-1.,0.,0.));
#3202=DIRECTION('',(0.,0.,-1.));
#3203=DIRECTION('',(-1.,0.,0.));
#3204=DIRECTION('',(0.,0.,-1.));
#3205=DIRECTION('',(-1.,0.,0.));
#3206=DIRECTION('',(0.,0.,-1.));
#3207=DIRECTION('',(-1.,0.,0.));
#3208=DIRECTION('',(0.,0.,-1.));
#3209=DIRECTION('',(-1.,0.,0.));
#3210=DIRECTION('',(0.,0.,-1.));
#3211=DIRECTION('',(-1.,0.,0.));
#3212=DIRECTION('',(0.,0.,-1.));
#3213=DIRECTION('',(-1.,0.,0.));
#3214=DIRECTION('',(0.,0.,-1.));
#3215=DIRECTION('',(-1.,0.,0.));
#3216=DIRECTION('',(0.,0.,-1.));
#3217=DIRECTION('',(-1.,0.,0.));
#3218=DIRECTION('',(0.,0.,-1.));
#3219=DIRECTION('',(-1.,0.,0.));
#3220=DIRECTION('',(0.,0.,-1.));
#3221=DIRECTION('',(-1.,0.,0.));
#3222=DIRECTION('',(0.,0.,-1.));
#3223=DIRECTION('',(-1.,0.,0.));
#3224=DIRECTION('',(0.,0.,-1.));
#3225=DIRECTION('',(-1.,0.,0.));
#3226=DIRECTION('',(0.,0.,-1.));
#3227=DIRECTION('',(-1.,0.,0.));
#3228=DIRECTION('',(0.,0.,-1.));
#3229=DIRECTION('',(-1.,0.,0.));
#3230=DIRECTION('',(0.,0.,-1.));
#3231=DIRECTION('',(-1.,0.,0.));
#3232=DIRECTION('',(0.,0.,-1.));
#3233=DIRECTION('',(-1.,0.,0.));
#3234=DIRECTION('',(0.,0.,-1.));
#3235=DIRECTION('',(-1.,0.,0.));
#3236=DIRECTION('',(0.,0.,-1.));
#3237=DIRECTION('',(-1.,0.,0.));
#3238=DIRECTION('',(0.,0.,-1.));
#3239=DIRECTION('',(-1.,0.,0.));
#3240=DIRECTION('',(0.,0.,-1.));
#3241=DIRECTION('',(-1.,0.,0.));
#3242=DIRECTION('',(0.,0.,-1.));
#3243=DIRECTION('',(-1.,0.,0.));
#3244=DIRECTION('',(0.,0.,-1.));
#3245=DIRECTION('',(-1.,0.,0.));
#3246=DIRECTION('',(0.,0.,-1.));
#3247=DIRECTION('',(-1.,0.,0.));
#3248=DIRECTION('',(0.,0.,-1.));
#3249=DIRECTION('',(-1.,0.,0.));
#3250=DIRECTION('',(0.,0.,-1.));
#3251=DIRECTION('',(-1.,0.,0.));
#3252=DIRECTION('',(0.,0.,-1.));
#3253=DIRECTION('',(-1.,0.,0.));
#3254=DIRECTION('',(0.,0.,-1.));
#3255=DIRECTION('',(-1.,0.,0.));
#3256=DIRECTION('',(0.,0.,-1.));
#3257=DIRECTION('',(-1.,0.,0.));
#3258=DIRECTION('',(0.,0.,-1.));
#3259=DIRECTION('',(-1.,0.,0.));
#3260=DIRECTION('',(0.,0.,-1.));
#3261=DIRECTION('',(-1.,0.,0.));
#3262=DIRECTION('',(0.,0.,-1.));
#3263=DIRECTION('',(-1.,0.,0.));
#3264=DIRECTION('',(0.,0.,-1.));
#3265=DIRECTION('',(-1.,0.,0.));
#3266=DIRECTION('',(0.,0.,-1.));
#3267=DIRECTION('',(-1.,0.,0.));
#3268=DIRECTION('',(0.,0.,-1.));
#3269=DIRECTION('',(-1.,0.,0.));
#3270=DIRECTION('',(0.,0.,-1.));
#3271=DIRECTION('',(-1.,0.,0.));
#3272=DIRECTION('',(0.,0.,-1.));
#3273=DIRECTION('',(-1.,0.,0.));
#3274=DIRECTION('',(0.,0.,-1.));
#3275=DIRECTION('',(-1.,0.,0.));
#3276=DIRECTION('',(0.,0.,-1.));
#3277=DIRECTION('',(-1.,0.,0.));
#3278=DIRECTION('',(0.,0.,-1.));
#3279=DIRECTION('',(-1.,0.,0.));
#3280=DIRECTION('',(0.,0.,-1.));
#3281=DIRECTION('',(-1.,0.,0.));
#3282=DIRECTION('',(0.,0.,-1.));
#3283=DIRECTION('',(-1.,0.,0.));
#3284=DIRECTION('',(0.,0.,-1.));
#3285=DIRECTION('',(-1.,0.,0.));
#3286=DIRECTION('',(0.,0.,-1.));
#3287=DIRECTION('',(-1.,0.,0.));
#3288=DIRECTION('',(0.,0.,-1.));
#3289=DIRECTION('',(-1.,0.,0.));
#3290=DIRECTION('',(0.,0.,-1.));
#3291=DIRECTION('',(-1.,0.,0.));
#3292=DIRECTION('',(0.,0.,-1.));
#3293=DIRECTION('',(-1.,0.,0.));
#3294=DIRECTION('',(0.,0.,1.));
#3295=DIRECTION('',(0.,0.,-1.));
#3296=DIRECTION('',(-1.,0.,0.));
#3297=DIRECTION('',(0.,0.,1.));
#3298=DIRECTION('',(0.,0.,-1.));
#3299=DIRECTION('',(-1.,0.,0.));
#3300=DIRECTION('',(0.,0.,-1.));
#3301=DIRECTION('',(-1.,0.,0.));
#3302=DIRECTION('',(0.,0.,-1.));
#3303=DIRECTION('',(-1.,0.,0.));
#3304=DIRECTION('',(0.,0.,-1.));
#3305=DIRECTION('',(-1.,0.,0.));
#3306=DIRECTION('',(0.,0.,-1.));
#3307=DIRECTION('',(-1.,0.,0.));
#3308=DIRECTION('',(0.,0.,-1.));
#3309=DIRECTION('',(-1.,0.,0.));
#3310=DIRECTION('',(0.,0.,-1.));
#3311=DIRECTION('',(-1.,0.,0.));
#3312=DIRECTION('',(0.,0.,-1.));
#3313=DIRECTION('',(-1.,0.,0.));
#3314=DIRECTION('',(0.,0.,-1.));
#3315=DIRECTION('',(-1.,0.,0.));
#3316=DIRECTION('',(0.,0.,-1.));
#3317=DIRECTION('',(-1.,0.,0.));
#3318=DIRECTION('',(0.,0.,-1.));
#3319=DIRECTION('',(-1.,0.,0.));
#3320=DIRECTION('',(0.,0.,-1.));
#3321=DIRECTION('',(-1.,0.,0.));
#3322=DIRECTION('',(0.,0.,-1.));
#3323=DIRECTION('',(-1.,0.,0.));
#3324=DIRECTION('',(0.,0.,-1.));
#3325=DIRECTION('',(-1.,0.,0.));
#3326=DIRECTION('',(0.,0.,-1.));
#3327=DIRECTION('',(-1.,0.,0.));
#3328=DIRECTION('',(0.,0.,-1.));
#3329=DIRECTION('',(-1.,0.,0.));
#3330=DIRECTION('',(-1.,0.,0.));
#3331=DIRECTION('',(0.,0.,1.));
#3332=DIRECTION('',(0.,-1.,0.));
#3333=DIRECTION('',(0.,1.,0.));
#3334=DIRECTION('',(0.,0.,1.));
#3335=DIRECTION('',(-1.,0.,0.));
#3336=DIRECTION('',(0.,0.,-1.));
#3337=DIRECTION('',(1.,0.,0.));
#3338=DIRECTION('',(0.,0.,-1.));
#3339=DIRECTION('',(1.,0.,0.));
#3340=DIRECTION('',(0.,0.,-1.));
#3341=DIRECTION('',(-1.,0.,0.));
#3342=DIRECTION('',(0.,0.,-1.));
#3343=DIRECTION('',(-1.,0.,0.));
#3344=DIRECTION('',(0.,0.,-1.));
#3345=DIRECTION('',(-1.,0.,0.));
#3346=DIRECTION('',(0.,0.,-1.));
#3347=DIRECTION('',(-1.,0.,0.));
#3348=DIRECTION('',(-0.707106781186547,-0.707106781186548,0.));
#3349=DIRECTION('',(0.,0.,1.));
#3350=DIRECTION('',(1.,0.,0.));
#3351=DIRECTION('',(-0.707106781186547,-0.707106781186548,0.));
#3352=DIRECTION('',(0.707106781186548,-0.707106781186547,0.));
#3353=DIRECTION('',(0.,0.,1.));
#3354=DIRECTION('',(1.,0.,0.));
#3355=DIRECTION('',(0.70710678118655,-0.707106781186546,0.));
#3356=DIRECTION('',(-0.707106781186548,-0.707106781186548,0.));
#3357=DIRECTION('',(0.,0.,1.));
#3358=DIRECTION('',(1.,0.,0.));
#3359=DIRECTION('',(0.692954841026282,0.720980990247483,0.));
#3360=DIRECTION('',(0.,1.,0.));
#3361=DIRECTION('',(0.707106781186548,-0.707106781186547,0.));
#3362=DIRECTION('',(0.,0.,1.));
#3363=DIRECTION('',(1.,0.,0.));
#3364=DIRECTION('',(0.707106781186547,-0.707106781186548,0.));
#3365=DIRECTION('',(0.,0.,1.));
#3366=DIRECTION('',(1.,0.,0.));
#3367=DIRECTION('',(0.,0.,1.));
#3368=DIRECTION('',(1.,0.,0.));
#3369=DIRECTION('',(0.,1.,0.));
#3370=DIRECTION('',(0.692954841026282,0.720980990247483,0.));
#3371=DIRECTION('',(0.,0.,1.));
#3372=DIRECTION('',(1.,0.,0.));
#3373=DIRECTION('',(-0.707106781186548,-0.707106781186548,0.));
#3374=DIRECTION('',(1.,0.,0.));
#3375=DIRECTION('',(0.,0.,-1.));
#3376=DIRECTION('',(0.,0.,1.));
#3377=DIRECTION('',(0.720980990247483,-0.692954841026282,0.));
#3378=DIRECTION('',(0.692954841026282,0.720980990247483,0.));
#3379=DIRECTION('',(0.,0.,1.));
#3380=DIRECTION('',(-0.707106781186548,0.707106781186548,0.));
#3381=DIRECTION('',(-0.707106781186548,-0.707106781186548,0.));
#3382=DIRECTION('',(0.,0.,1.));
#3383=DIRECTION('',(0.,0.,1.));
#3384=DIRECTION('',(1.,0.,0.));
#3385=DIRECTION('',(-0.707106781186547,-0.707106781186548,0.));
#3386=DIRECTION('',(0.707106781186548,-0.707106781186547,0.));
#3387=DIRECTION('',(0.707106781186548,-0.707106781186547,0.));
#3388=DIRECTION('',(0.,0.,1.));
#3389=DIRECTION('',(0.,0.,1.));
#3390=DIRECTION('',(1.,0.,0.));
#3391=DIRECTION('',(0.,0.,1.));
#3392=DIRECTION('',(1.,0.,0.));
#3393=DIRECTION('',(0.,0.,1.));
#3394=DIRECTION('',(-0.707106781186546,-0.70710678118655,0.));
#3395=DIRECTION('',(0.70710678118655,-0.707106781186546,0.));
#3396=DIRECTION('',(0.70710678118655,-0.707106781186546,0.));
#3397=DIRECTION('',(0.,0.,1.));
#3398=DIRECTION('',(1.,0.,0.));
#3399=DIRECTION('',(0.,0.,1.));
#3400=DIRECTION('',(1.,0.,0.));
#3401=DIRECTION('',(-0.707106781186547,-0.707106781186548,0.));
#3402=DIRECTION('',(0.707106781186548,-0.707106781186547,0.));
#3403=DIRECTION('',(0.707106781186548,-0.707106781186547,0.));
#3404=DIRECTION('',(0.,0.,1.));
#3405=DIRECTION('',(0.,0.,1.));
#3406=DIRECTION('',(1.,0.,0.));
#3407=DIRECTION('',(0.,0.,1.));
#3408=DIRECTION('',(1.,0.,0.));
#3409=DIRECTION('',(0.,0.,1.));
#3410=DIRECTION('',(-0.707106781186548,-0.707106781186547,0.));
#3411=DIRECTION('',(0.707106781186547,-0.707106781186548,0.));
#3412=DIRECTION('',(0.707106781186547,-0.707106781186548,0.));
#3413=DIRECTION('',(0.,0.,1.));
#3414=DIRECTION('',(1.,0.,0.));
#3415=DIRECTION('',(0.,0.,1.));
#3416=DIRECTION('',(1.,0.,0.));
#3417=DIRECTION('',(0.,0.,1.));
#3418=DIRECTION('',(1.,0.,0.));
#3419=DIRECTION('',(0.,0.,1.));
#3420=DIRECTION('',(0.,0.,1.));
#3421=DIRECTION('',(1.,0.,0.));
#3422=DIRECTION('',(0.,0.,1.));
#3423=DIRECTION('',(-0.707106781186548,0.707106781186547,0.));
#3424=DIRECTION('',(-0.707106781186547,-0.707106781186548,0.));
#3425=DIRECTION('',(-0.707106781186547,-0.707106781186548,0.));
#3426=DIRECTION('',(-0.707106781186548,0.707106781186547,0.));
#3427=DIRECTION('',(-0.707106781186547,-0.707106781186548,0.));
#3428=DIRECTION('',(-0.707106781186547,-0.707106781186548,0.));
#3429=DIRECTION('',(0.,0.,1.));
#3430=DIRECTION('',(1.,0.,0.));
#3431=DIRECTION('',(0.,0.,1.));
#3432=DIRECTION('',(1.,0.,0.));
#3433=DIRECTION('',(0.,0.,-1.));
#3434=DIRECTION('',(-1.,0.,0.));
#3435=DIRECTION('',(0.,0.,-1.));
#3436=DIRECTION('',(-1.,0.,0.));
#3437=DIRECTION('',(0.,0.,-1.));
#3438=DIRECTION('',(-1.,0.,0.));
#3439=DIRECTION('',(0.,0.,-1.));
#3440=DIRECTION('',(-1.,0.,0.));
#3441=CARTESIAN_POINT('',(0.,0.,0.));
#3442=CARTESIAN_POINT('',(0.1397,0.12065,0.0538532969592676));
#3443=CARTESIAN_POINT('',(0.1397,0.12065,0.0488532969592676));
#3444=CARTESIAN_POINT('',(0.1524,0.12065,0.0488532969592676));
#3445=CARTESIAN_POINT('',(0.1397,0.13335,0.0488532969592676));
#3446=CARTESIAN_POINT('',(0.1524,0.12065,0.0538532969592676));
#3447=CARTESIAN_POINT('',(0.1524,0.12065,0.0487732969592676));
#3448=CARTESIAN_POINT('',(0.1397,0.12065,0.0487732969592676));
#3449=CARTESIAN_POINT('',(0.1397,0.13335,0.0487732969592676));
#3450=CARTESIAN_POINT('',(0.1397,0.13335,0.0538532969592676));
#3451=CARTESIAN_POINT('',(0.1397,-0.05715,0.0538532969592676));
#3452=CARTESIAN_POINT('',(0.1397,-0.05715,0.0488532969592676));
#3453=CARTESIAN_POINT('',(0.1397,-0.06985,0.0488532969592676));
#3454=CARTESIAN_POINT('',(0.1524,-0.05715,0.0488532969592676));
#3455=CARTESIAN_POINT('',(0.1397,-0.06985,0.0538532969592676));
#3456=CARTESIAN_POINT('',(0.1397,-0.06985,0.0487732969592676));
#3457=CARTESIAN_POINT('',(0.1397,-0.05715,0.0487732969592676));
#3458=CARTESIAN_POINT('',(0.1524,-0.05715,0.0487732969592676));
#3459=CARTESIAN_POINT('',(0.1524,-0.05715,0.0538532969592676));
#3460=CARTESIAN_POINT('',(-0.0381,0.12065,0.0538532969592676));
#3461=CARTESIAN_POINT('',(-0.0381,0.12065,0.0488532969592676));
#3462=CARTESIAN_POINT('',(-0.0381,0.13335,0.0488532969592676));
#3463=CARTESIAN_POINT('',(-0.0508,0.12065,0.0488532969592676));
#3464=CARTESIAN_POINT('',(-0.0381,0.13335,0.0538532969592676));
#3465=CARTESIAN_POINT('',(-0.0381,0.13335,0.0487732969592676));
#3466=CARTESIAN_POINT('',(-0.0381,0.12065,0.0487732969592676));
#3467=CARTESIAN_POINT('',(-0.0508,0.12065,0.0487732969592676));
#3468=CARTESIAN_POINT('',(-0.0508,0.12065,0.0538532969592676));
#3469=CARTESIAN_POINT('',(-0.0508,0.03175,0.0538532969592676));
#3470=CARTESIAN_POINT('',(-0.0508,-0.0570083495326336,0.0288532969592676));
#3471=CARTESIAN_POINT('',(-0.0508,-0.0570083495326336,0.0487732969592676));
#3472=CARTESIAN_POINT('',(-0.0508,-0.0570083495326336,0.0488532969592676));
#3473=CARTESIAN_POINT('',(-0.0508,-0.0570791747663168,0.0488532969592676));
#3474=CARTESIAN_POINT('',(-0.0508,-0.05715,0.0488532969592676));
#3475=CARTESIAN_POINT('',(-0.0508,-0.05715,0.0488532969592676));
#3476=CARTESIAN_POINT('',(-0.0508,-0.05715,0.0498532969592676));
#3477=CARTESIAN_POINT('',(-0.0508,0.03175,0.0498532969592676));
#3478=CARTESIAN_POINT('',(-0.0508,0.12065,0.0498532969592676));
#3479=CARTESIAN_POINT('',(-0.0508,0.12065,0.0538532969592676));
#3480=CARTESIAN_POINT('',(-0.0508,0.03175,0.0487732969592676));
#3481=CARTESIAN_POINT('',(0.1524,0.03175,0.0538532969592676));
#3482=CARTESIAN_POINT('',(0.1524,0.03175,0.0498532969592676));
#3483=CARTESIAN_POINT('',(0.1524,-0.05715,0.0498532969592676));
#3484=CARTESIAN_POINT('',(0.1524,0.12065,0.0498532969592676));
#3485=CARTESIAN_POINT('',(0.1524,-0.05715,0.0538532969592676));
#3486=CARTESIAN_POINT('',(0.1524,0.03175,0.0487732969592676));
#3487=CARTESIAN_POINT('',(0.1524,0.12065,0.0538532969592676));
#3488=CARTESIAN_POINT('',(0.0508,-0.06985,0.0538532969592676));
#3489=CARTESIAN_POINT('',(0.1397,-0.06985,0.0538532969592676));
#3490=CARTESIAN_POINT('',(0.1397,-0.06985,0.0498532969592676));
#3491=CARTESIAN_POINT('',(0.0508,-0.06985,0.0498532969592676));
#3492=CARTESIAN_POINT('',(-0.020693367047292,-0.06985,0.0498532969592676));
#3493=CARTESIAN_POINT('',(-0.020693367047292,-0.06985,0.0288532969592676));
#3494=CARTESIAN_POINT('',(-0.020693367047292,-0.06985,0.0487732969592676));
#3495=CARTESIAN_POINT('',(0.0508,-0.06985,0.0487732969592676));
#3496=CARTESIAN_POINT('',(0.0508,0.13335,0.0538532969592676));
#3497=CARTESIAN_POINT('',(0.0508,0.13335,0.0498532969592676));
#3498=CARTESIAN_POINT('',(0.1397,0.13335,0.0498532969592676));
#3499=CARTESIAN_POINT('',(-0.0381,0.13335,0.0498532969592676));
#3500=CARTESIAN_POINT('',(0.1397,0.13335,0.0538532969592676));
#3501=CARTESIAN_POINT('',(0.0508,0.13335,0.0487732969592676));
#3502=CARTESIAN_POINT('',(-0.0381,0.13335,0.0538532969592676));
#3503=CARTESIAN_POINT('',(0.0508,0.03175,0.0487732969592676));
#3504=CARTESIAN_POINT('',(0.0508,-0.0570083495326336,0.0487732969592676));
#3505=CARTESIAN_POINT('',(-0.0333686778354823,-0.0570083495326336,0.0487732969592676));
#3506=CARTESIAN_POINT('',(-0.020693367047292,0.03175,0.0487732969592676));
#3507=CARTESIAN_POINT('',(-0.020693367047292,-0.0580291029148637,0.0487732969592676));
#3508=CARTESIAN_POINT('',(-0.0270310224413872,-0.0575187262237487,0.0487732969592676));
#3509=CARTESIAN_POINT('',(0.135520730781555,-0.0575187262237487,0.0487732969592676));
#3510=CARTESIAN_POINT('',(0.129162558067549,-0.0575187262237487,0.0487732969592676));
#3511=CARTESIAN_POINT('',(0.116384833950609,-0.0573667939842162,0.0487732969592676));
#3512=CARTESIAN_POINT('',(0.110026661236603,-0.0573667939842162,0.0487732969592676));
#3513=CARTESIAN_POINT('',(0.0956679518726766,-0.0573667939842162,0.0487732969592676));
#3514=CARTESIAN_POINT('',(0.0893097791586701,-0.0573667939842162,0.0487732969592676));
#3515=CARTESIAN_POINT('',(0.0756949267763198,-0.0575187262237487,0.0487732969592676));
#3516=CARTESIAN_POINT('',(0.0693367540623133,-0.0575187262237487,0.0487732969592676));
#3517=CARTESIAN_POINT('',(0.0549780446983874,-0.0575187262237487,0.0487732969592676));
#3518=CARTESIAN_POINT('',(0.0486198719843809,-0.0575187262237487,0.0487732969592676));
#3519=CARTESIAN_POINT('',(0.0343757668108344,-0.0573667939842162,0.0487732969592676));
#3520=CARTESIAN_POINT('',(0.0280175940968279,-0.0573667939842162,0.0487732969592676));
#3521=CARTESIAN_POINT('',(0.0136588847329021,-0.0573667939842162,0.0487732969592676));
#3522=CARTESIAN_POINT('',(0.00730071201889558,-0.0573667939842162,0.0487732969592676));
#3523=CARTESIAN_POINT('',(-0.0063141403634548,-0.0575187262237487,0.0487732969592676));
#3524=CARTESIAN_POINT('',(-0.0126723130774613,-0.0575187262237487,0.0487732969592676));
#3525=CARTESIAN_POINT('',(0.135520730781555,0.12012881601519,0.0487732969592676));
#3526=CARTESIAN_POINT('',(0.129162558067549,0.12012881601519,0.0487732969592676));
#3527=CARTESIAN_POINT('',(0.116384833950609,0.120280748254723,0.0487732969592676));
#3528=CARTESIAN_POINT('',(0.110026661236603,0.120280748254723,0.0487732969592676));
#3529=CARTESIAN_POINT('',(0.0956679518726766,0.120280748254723,0.0487732969592676));
#3530=CARTESIAN_POINT('',(0.0893097791586701,0.120280748254723,0.0487732969592676));
#3531=CARTESIAN_POINT('',(0.0756949267763197,0.12012881601519,0.0487732969592676));
#3532=CARTESIAN_POINT('',(0.0693367540623132,0.12012881601519,0.0487732969592676));
#3533=CARTESIAN_POINT('',(0.0549780446983874,0.12012881601519,0.0487732969592676));
#3534=CARTESIAN_POINT('',(0.0486198719843809,0.12012881601519,0.0487732969592676));
#3535=CARTESIAN_POINT('',(0.0343757668108344,0.120280748254723,0.0487732969592676));
#3536=CARTESIAN_POINT('',(0.0280175940968279,0.120280748254723,0.0487732969592676));
#3537=CARTESIAN_POINT('',(0.013658884732902,0.120280748254723,0.0487732969592676));
#3538=CARTESIAN_POINT('',(0.00730071201889556,0.120280748254723,0.0487732969592676));
#3539=CARTESIAN_POINT('',(-0.00631414036345481,0.12012881601519,0.0487732969592676));
#3540=CARTESIAN_POINT('',(-0.0126723130774613,0.12012881601519,0.0487732969592676));
#3541=CARTESIAN_POINT('',(-0.0270310224413872,0.12012881601519,0.0487732969592676));
#3542=CARTESIAN_POINT('',(-0.0333891951553936,0.12012881601519,0.0487732969592676));
#3543=CARTESIAN_POINT('',(0.135520730781555,0.0983309015404058,0.0487732969592676));
#3544=CARTESIAN_POINT('',(0.129162558067549,0.0983309015404058,0.0487732969592676));
#3545=CARTESIAN_POINT('',(0.116384833950609,0.0984828337799383,0.0487732969592676));
#3546=CARTESIAN_POINT('',(0.110026661236603,0.0984828337799383,0.0487732969592676));
#3547=CARTESIAN_POINT('',(0.0956679518726766,0.0984828337799383,0.0487732969592676));
#3548=CARTESIAN_POINT('',(0.0893097791586701,0.0984828337799383,0.0487732969592676));
#3549=CARTESIAN_POINT('',(0.0756949267763198,0.0983309015404058,0.0487732969592676));
#3550=CARTESIAN_POINT('',(0.0693367540623133,0.0983309015404058,0.0487732969592676));
#3551=CARTESIAN_POINT('',(0.0549780446983874,0.0983309015404058,0.0487732969592676));
#3552=CARTESIAN_POINT('',(0.0486198719843809,0.0983309015404058,0.0487732969592676));
#3553=CARTESIAN_POINT('',(0.0343757668108344,0.0984828337799383,0.0487732969592676));
#3554=CARTESIAN_POINT('',(0.0280175940968279,0.0984828337799383,0.0487732969592676));
#3555=CARTESIAN_POINT('',(0.013658884732902,0.0984828337799383,0.0487732969592676));
#3556=CARTESIAN_POINT('',(0.00730071201889556,0.0984828337799383,0.0487732969592676));
#3557=CARTESIAN_POINT('',(-0.00631414036345481,0.0983309015404058,0.0487732969592676));
#3558=CARTESIAN_POINT('',(-0.0126723130774613,0.0983309015404058,0.0487732969592676));
#3559=CARTESIAN_POINT('',(-0.0270310224413872,0.0983309015404058,0.0487732969592676));
#3560=CARTESIAN_POINT('',(-0.0333891951553936,0.0983309015404058,0.0487732969592676));
#3561=CARTESIAN_POINT('',(0.135520730781555,0.0782711175973833,0.0487732969592676));
#3562=CARTESIAN_POINT('',(0.129162558067549,0.0782711175973833,0.0487732969592676));
#3563=CARTESIAN_POINT('',(0.116384833950609,0.0784230498369157,0.0487732969592676));
#3564=CARTESIAN_POINT('',(0.110026661236603,0.0784230498369157,0.0487732969592676));
#3565=CARTESIAN_POINT('',(0.0956679518726766,0.0784230498369157,0.0487732969592676));
#3566=CARTESIAN_POINT('',(0.0893097791586701,0.0784230498369157,0.0487732969592676));
#3567=CARTESIAN_POINT('',(0.0756949267763198,0.0782711175973833,0.0487732969592676));
#3568=CARTESIAN_POINT('',(0.0693367540623133,0.0782711175973833,0.0487732969592676));
#3569=CARTESIAN_POINT('',(0.0549780446983874,0.0782711175973833,0.0487732969592676));
#3570=CARTESIAN_POINT('',(0.0486198719843809,0.0782711175973833,0.0487732969592676));
#3571=CARTESIAN_POINT('',(0.0343757668108344,0.0784230498369157,0.0487732969592676));
#3572=CARTESIAN_POINT('',(0.0280175940968279,0.0784230498369157,0.0487732969592676));
#3573=CARTESIAN_POINT('',(0.013658884732902,0.0784230498369157,0.0487732969592676));
#3574=CARTESIAN_POINT('',(0.00730071201889556,0.0784230498369157,0.0487732969592676));
#3575=CARTESIAN_POINT('',(-0.00631414036345481,0.0782711175973833,0.0487732969592676));
#3576=CARTESIAN_POINT('',(-0.0126723130774613,0.0782711175973833,0.0487732969592676));
#3577=CARTESIAN_POINT('',(-0.0270310224413872,0.0782711175973833,0.0487732969592676));
#3578=CARTESIAN_POINT('',(-0.0333891951553936,0.0782711175973833,0.0487732969592676));
#3579=CARTESIAN_POINT('',(0.135520730781555,0.059333997110529,0.0487732969592676));
#3580=CARTESIAN_POINT('',(0.129162558067549,0.059333997110529,0.0487732969592676));
#3581=CARTESIAN_POINT('',(0.116384833950609,0.0594859293500615,0.0487732969592676));
#3582=CARTESIAN_POINT('',(0.110026661236603,0.0594859293500615,0.0487732969592676));
#3583=CARTESIAN_POINT('',(0.0956679518726766,0.0594859293500615,0.0487732969592676));
#3584=CARTESIAN_POINT('',(0.0893097791586701,0.0594859293500615,0.0487732969592676));
#3585=CARTESIAN_POINT('',(0.0756949267763198,0.059333997110529,0.0487732969592676));
#3586=CARTESIAN_POINT('',(0.0693367540623133,0.059333997110529,0.0487732969592676));
#3587=CARTESIAN_POINT('',(0.0549780446983874,0.059333997110529,0.0487732969592676));
#3588=CARTESIAN_POINT('',(0.0486198719843809,0.059333997110529,0.0487732969592676));
#3589=CARTESIAN_POINT('',(0.0343757668108344,0.0594859293500615,0.0487732969592676));
#3590=CARTESIAN_POINT('',(0.0280175940968279,0.0594859293500615,0.0487732969592676));
#3591=CARTESIAN_POINT('',(0.013658884732902,0.0594859293500615,0.0487732969592676));
#3592=CARTESIAN_POINT('',(0.00730071201889556,0.0594859293500615,0.0487732969592676));
#3593=CARTESIAN_POINT('',(-0.00631414036345481,0.059333997110529,0.0487732969592676));
#3594=CARTESIAN_POINT('',(-0.0126723130774613,0.059333997110529,0.0487732969592676));
#3595=CARTESIAN_POINT('',(-0.0270310224413872,0.059333997110529,0.0487732969592676));
#3596=CARTESIAN_POINT('',(-0.0333891951553936,0.059333997110529,0.0487732969592676));
#3597=CARTESIAN_POINT('',(0.135520730781555,0.0392742131675064,0.0487732969592676));
#3598=CARTESIAN_POINT('',(0.129162558067549,0.0392742131675064,0.0487732969592676));
#3599=CARTESIAN_POINT('',(0.116384833950609,0.0394261454070389,0.0487732969592676));
#3600=CARTESIAN_POINT('',(0.110026661236603,0.0394261454070389,0.0487732969592676));
#3601=CARTESIAN_POINT('',(0.0956679518726766,0.0394261454070389,0.0487732969592676));
#3602=CARTESIAN_POINT('',(0.0893097791586701,0.0394261454070389,0.0487732969592676));
#3603=CARTESIAN_POINT('',(0.0756949267763198,0.0392742131675064,0.0487732969592676));
#3604=CARTESIAN_POINT('',(0.0693367540623133,0.0392742131675064,0.0487732969592676));
#3605=CARTESIAN_POINT('',(0.0549780446983874,0.0392742131675064,0.0487732969592676));
#3606=CARTESIAN_POINT('',(0.0486198719843809,0.0392742131675064,0.0487732969592676));
#3607=CARTESIAN_POINT('',(0.0343757668108344,0.0394261454070389,0.0487732969592676));
#3608=CARTESIAN_POINT('',(0.0280175940968279,0.0394261454070389,0.0487732969592676));
#3609=CARTESIAN_POINT('',(0.013658884732902,0.0394261454070389,0.0487732969592676));
#3610=CARTESIAN_POINT('',(0.00730071201889556,0.0394261454070389,0.0487732969592676));
#3611=CARTESIAN_POINT('',(-0.00631414036345481,0.0392742131675064,0.0487732969592676));
#3612=CARTESIAN_POINT('',(-0.0126723130774613,0.0392742131675064,0.0487732969592676));
#3613=CARTESIAN_POINT('',(-0.0270310224413872,0.0392742131675064,0.0487732969592676));
#3614=CARTESIAN_POINT('',(-0.0333891951553936,0.0392742131675064,0.0487732969592676));
#3615=CARTESIAN_POINT('',(0.135520730781555,0.0217957116404184,0.0487732969592676));
#3616=CARTESIAN_POINT('',(0.129162558067549,0.0217957116404184,0.0487732969592676));
#3617=CARTESIAN_POINT('',(0.116384833950609,0.0219476438799509,0.0487732969592676));
#3618=CARTESIAN_POINT('',(0.110026661236603,0.0219476438799509,0.0487732969592676));
#3619=CARTESIAN_POINT('',(0.0956679518726766,0.0219476438799509,0.0487732969592676));
#3620=CARTESIAN_POINT('',(0.0893097791586701,0.0219476438799509,0.0487732969592676));
#3621=CARTESIAN_POINT('',(0.0756949267763198,0.0217957116404184,0.0487732969592676));
#3622=CARTESIAN_POINT('',(0.0693367540623133,0.0217957116404184,0.0487732969592676));
#3623=CARTESIAN_POINT('',(0.0549780446983874,0.0217957116404184,0.0487732969592676));
#3624=CARTESIAN_POINT('',(0.0486198719843809,0.0217957116404184,0.0487732969592676));
#3625=CARTESIAN_POINT('',(0.0343757668108344,0.0219476438799509,0.0487732969592676));
#3626=CARTESIAN_POINT('',(0.0280175940968279,0.0219476438799509,0.0487732969592676));
#3627=CARTESIAN_POINT('',(0.013658884732902,0.0219476438799509,0.0487732969592676));
#3628=CARTESIAN_POINT('',(0.00730071201889556,0.0219476438799509,0.0487732969592676));
#3629=CARTESIAN_POINT('',(-0.00631414036345481,0.0217957116404184,0.0487732969592676));
#3630=CARTESIAN_POINT('',(-0.0126723130774613,0.0217957116404184,0.0487732969592676));
#3631=CARTESIAN_POINT('',(-0.0270310224413872,0.0217957116404184,0.0487732969592676));
#3632=CARTESIAN_POINT('',(-0.0333891951553936,0.0217957116404184,0.0487732969592676));
#3633=CARTESIAN_POINT('',(0.135520730781555,0.00173592769739589,0.0487732969592676));
#3634=CARTESIAN_POINT('',(0.129162558067549,0.00173592769739589,0.0487732969592676));
#3635=CARTESIAN_POINT('',(0.116384833950609,0.00188785993692836,0.0487732969592676));
#3636=CARTESIAN_POINT('',(0.110026661236603,0.00188785993692836,0.0487732969592676));
#3637=CARTESIAN_POINT('',(0.0956679518726766,0.00188785993692836,0.0487732969592676));
#3638=CARTESIAN_POINT('',(0.0893097791586701,0.00188785993692836,0.0487732969592676));
#3639=CARTESIAN_POINT('',(0.0756949267763198,0.00173592769739589,0.0487732969592676));
#3640=CARTESIAN_POINT('',(0.0693367540623133,0.00173592769739589,0.0487732969592676));
#3641=CARTESIAN_POINT('',(0.0549780446983874,0.00173592769739589,0.0487732969592676));
#3642=CARTESIAN_POINT('',(0.0486198719843809,0.00173592769739589,0.0487732969592676));
#3643=CARTESIAN_POINT('',(0.0343757668108344,0.00188785993692836,0.0487732969592676));
#3644=CARTESIAN_POINT('',(0.0280175940968279,0.00188785993692836,0.0487732969592676));
#3645=CARTESIAN_POINT('',(0.013658884732902,0.00188785993692836,0.0487732969592676));
#3646=CARTESIAN_POINT('',(0.00730071201889556,0.00188785993692836,0.0487732969592676));
#3647=CARTESIAN_POINT('',(-0.00631414036345481,0.00173592769739589,0.0487732969592676));
#3648=CARTESIAN_POINT('',(-0.0126723130774613,0.00173592769739589,0.0487732969592676));
#3649=CARTESIAN_POINT('',(-0.0270310224413872,0.00173592769739589,0.0487732969592676));
#3650=CARTESIAN_POINT('',(-0.0333891951553936,0.00173592769739589,0.0487732969592676));
#3651=CARTESIAN_POINT('',(0.135520730781555,-0.0172011927894584,0.0487732969592676));
#3652=CARTESIAN_POINT('',(0.129162558067549,-0.0172011927894584,0.0487732969592676));
#3653=CARTESIAN_POINT('',(0.116384833950609,-0.0170492605499259,0.0487732969592676));
#3654=CARTESIAN_POINT('',(0.110026661236603,-0.0170492605499259,0.0487732969592676));
#3655=CARTESIAN_POINT('',(0.0956679518726766,-0.0170492605499259,0.0487732969592676));
#3656=CARTESIAN_POINT('',(0.0893097791586701,-0.0170492605499259,0.0487732969592676));
#3657=CARTESIAN_POINT('',(0.0756949267763198,-0.0172011927894584,0.0487732969592676));
#3658=CARTESIAN_POINT('',(0.0693367540623133,-0.0172011927894584,0.0487732969592676));
#3659=CARTESIAN_POINT('',(0.0549780446983874,-0.0172011927894584,0.0487732969592676));
#3660=CARTESIAN_POINT('',(0.0486198719843809,-0.0172011927894584,0.0487732969592676));
#3661=CARTESIAN_POINT('',(0.0343757668108344,-0.0170492605499259,0.0487732969592676));
#3662=CARTESIAN_POINT('',(0.0280175940968279,-0.0170492605499259,0.0487732969592676));
#3663=CARTESIAN_POINT('',(0.013658884732902,-0.0170492605499259,0.0487732969592676));
#3664=CARTESIAN_POINT('',(0.00730071201889556,-0.0170492605499259,0.0487732969592676));
#3665=CARTESIAN_POINT('',(-0.00631414036345481,-0.0172011927894584,0.0487732969592676));
#3666=CARTESIAN_POINT('',(-0.0126723130774613,-0.0172011927894584,0.0487732969592676));
#3667=CARTESIAN_POINT('',(-0.0270310224413872,-0.0172011927894584,0.0487732969592676));
#3668=CARTESIAN_POINT('',(-0.0333891951553936,-0.0172011927894584,0.0487732969592676));
#3669=CARTESIAN_POINT('',(0.135520730781555,-0.0372609767324809,0.0487732969592676));
#3670=CARTESIAN_POINT('',(0.129162558067549,-0.0372609767324809,0.0487732969592676));
#3671=CARTESIAN_POINT('',(0.116384833950609,-0.0371090444929485,0.0487732969592676));
#3672=CARTESIAN_POINT('',(0.110026661236603,-0.0371090444929485,0.0487732969592676));
#3673=CARTESIAN_POINT('',(0.0956679518726766,-0.0371090444929485,0.0487732969592676));
#3674=CARTESIAN_POINT('',(0.0893097791586701,-0.0371090444929485,0.0487732969592676));
#3675=CARTESIAN_POINT('',(0.0756949267763198,-0.0372609767324809,0.0487732969592676));
#3676=CARTESIAN_POINT('',(0.0693367540623133,-0.0372609767324809,0.0487732969592676));
#3677=CARTESIAN_POINT('',(0.0549780446983874,-0.0372609767324809,0.0487732969592676));
#3678=CARTESIAN_POINT('',(0.0486198719843809,-0.0372609767324809,0.0487732969592676));
#3679=CARTESIAN_POINT('',(0.0343757668108344,-0.0371090444929485,0.0487732969592676));
#3680=CARTESIAN_POINT('',(0.0280175940968279,-0.0371090444929485,0.0487732969592676));
#3681=CARTESIAN_POINT('',(0.013658884732902,-0.0371090444929485,0.0487732969592676));
#3682=CARTESIAN_POINT('',(0.00730071201889556,-0.0371090444929485,0.0487732969592676));
#3683=CARTESIAN_POINT('',(-0.00631414036345481,-0.0372609767324809,0.0487732969592676));
#3684=CARTESIAN_POINT('',(-0.0126723130774613,-0.0372609767324809,0.0487732969592676));
#3685=CARTESIAN_POINT('',(-0.0270310224413872,-0.0372609767324809,0.0487732969592676));
#3686=CARTESIAN_POINT('',(-0.0333891951553936,-0.0372609767324809,0.0487732969592676));
#3687=CARTESIAN_POINT('',(-0.0270310224413872,-0.0372609767324809,0.0995732969592676));
#3688=CARTESIAN_POINT('',(-0.0270310224413872,-0.0372609767324809,0.0498532969592676));
#3689=CARTESIAN_POINT('',(-0.0333891951553936,-0.0372609767324809,0.0498532969592676));
#3690=CARTESIAN_POINT('',(-0.00631414036345481,-0.0372609767324809,0.0995732969592676));
#3691=CARTESIAN_POINT('',(-0.00631414036345481,-0.0372609767324809,0.0498532969592676));
#3692=CARTESIAN_POINT('',(-0.0126723130774613,-0.0372609767324809,0.0498532969592676));
#3693=CARTESIAN_POINT('',(0.013658884732902,-0.0371090444929485,0.0995732969592676));
#3694=CARTESIAN_POINT('',(0.013658884732902,-0.0371090444929485,0.0498532969592676));
#3695=CARTESIAN_POINT('',(0.00730071201889556,-0.0371090444929485,0.0498532969592676));
#3696=CARTESIAN_POINT('',(0.0343757668108344,-0.0371090444929485,0.0995732969592676));
#3697=CARTESIAN_POINT('',(0.0343757668108344,-0.0371090444929485,0.0498532969592676));
#3698=CARTESIAN_POINT('',(0.0280175940968279,-0.0371090444929485,0.0498532969592676));
#3699=CARTESIAN_POINT('',(0.0549780446983874,-0.0372609767324809,0.0995732969592676));
#3700=CARTESIAN_POINT('',(0.0549780446983874,-0.0372609767324809,0.0498532969592676));
#3701=CARTESIAN_POINT('',(0.0486198719843809,-0.0372609767324809,0.0498532969592676));
#3702=CARTESIAN_POINT('',(0.0756949267763198,-0.0372609767324809,0.0995732969592676));
#3703=CARTESIAN_POINT('',(0.0756949267763198,-0.0372609767324809,0.0498532969592676));
#3704=CARTESIAN_POINT('',(0.0693367540623133,-0.0372609767324809,0.0498532969592676));
#3705=CARTESIAN_POINT('',(0.0956679518726766,-0.0371090444929485,0.0995732969592676));
#3706=CARTESIAN_POINT('',(0.0956679518726766,-0.0371090444929485,0.0498532969592676));
#3707=CARTESIAN_POINT('',(0.0893097791586701,-0.0371090444929485,0.0498532969592676));
#3708=CARTESIAN_POINT('',(0.116384833950609,-0.0371090444929485,0.0995732969592676));
#3709=CARTESIAN_POINT('',(0.116384833950609,-0.0371090444929485,0.0498532969592676));
#3710=CARTESIAN_POINT('',(0.110026661236603,-0.0371090444929485,0.0498532969592676));
#3711=CARTESIAN_POINT('',(0.135520730781555,-0.0372609767324809,0.0995732969592676));
#3712=CARTESIAN_POINT('',(0.135520730781555,-0.0372609767324809,0.0498532969592676));
#3713=CARTESIAN_POINT('',(0.129162558067549,-0.0372609767324809,0.0498532969592676));
#3714=CARTESIAN_POINT('',(-0.0270310224413872,-0.0172011927894584,0.0995732969592676));
#3715=CARTESIAN_POINT('',(-0.0270310224413872,-0.0172011927894584,0.0498532969592676));
#3716=CARTESIAN_POINT('',(-0.0333891951553936,-0.0172011927894584,0.0498532969592676));
#3717=CARTESIAN_POINT('',(-0.00631414036345481,-0.0172011927894584,0.0995732969592676));
#3718=CARTESIAN_POINT('',(-0.00631414036345481,-0.0172011927894584,0.0498532969592676));
#3719=CARTESIAN_POINT('',(-0.0126723130774613,-0.0172011927894584,0.0498532969592676));
#3720=CARTESIAN_POINT('',(0.013658884732902,-0.0170492605499259,0.0995732969592676));
#3721=CARTESIAN_POINT('',(0.013658884732902,-0.0170492605499259,0.0498532969592676));
#3722=CARTESIAN_POINT('',(0.00730071201889556,-0.0170492605499259,0.0498532969592676));
#3723=CARTESIAN_POINT('',(0.0343757668108344,-0.0170492605499259,0.0995732969592676));
#3724=CARTESIAN_POINT('',(0.0343757668108344,-0.0170492605499259,0.0498532969592676));
#3725=CARTESIAN_POINT('',(0.0280175940968279,-0.0170492605499259,0.0498532969592676));
#3726=CARTESIAN_POINT('',(0.0549780446983874,-0.0172011927894584,0.0995732969592676));
#3727=CARTESIAN_POINT('',(0.0549780446983874,-0.0172011927894584,0.0498532969592676));
#3728=CARTESIAN_POINT('',(0.0486198719843809,-0.0172011927894584,0.0498532969592676));
#3729=CARTESIAN_POINT('',(0.0756949267763198,-0.0172011927894584,0.0995732969592676));
#3730=CARTESIAN_POINT('',(0.0756949267763198,-0.0172011927894584,0.0498532969592676));
#3731=CARTESIAN_POINT('',(0.0693367540623133,-0.0172011927894584,0.0498532969592676));
#3732=CARTESIAN_POINT('',(0.0956679518726766,-0.0170492605499259,0.0995732969592676));
#3733=CARTESIAN_POINT('',(0.0956679518726766,-0.0170492605499259,0.0498532969592676));
#3734=CARTESIAN_POINT('',(0.0893097791586701,-0.0170492605499259,0.0498532969592676));
#3735=CARTESIAN_POINT('',(0.116384833950609,-0.0170492605499259,0.0995732969592676));
#3736=CARTESIAN_POINT('',(0.116384833950609,-0.0170492605499259,0.0498532969592676));
#3737=CARTESIAN_POINT('',(0.110026661236603,-0.0170492605499259,0.0498532969592676));
#3738=CARTESIAN_POINT('',(0.135520730781555,-0.0172011927894584,0.0995732969592676));
#3739=CARTESIAN_POINT('',(0.135520730781555,-0.0172011927894584,0.0498532969592676));
#3740=CARTESIAN_POINT('',(0.129162558067549,-0.0172011927894584,0.0498532969592676));
#3741=CARTESIAN_POINT('',(-0.0270310224413872,0.00173592769739589,0.0995732969592676));
#3742=CARTESIAN_POINT('',(-0.0270310224413872,0.00173592769739589,0.0498532969592676));
#3743=CARTESIAN_POINT('',(-0.0333891951553936,0.00173592769739589,0.0498532969592676));
#3744=CARTESIAN_POINT('',(-0.00631414036345481,0.00173592769739589,0.0995732969592676));
#3745=CARTESIAN_POINT('',(-0.00631414036345481,0.00173592769739589,0.0498532969592676));
#3746=CARTESIAN_POINT('',(-0.0126723130774613,0.00173592769739589,0.0498532969592676));
#3747=CARTESIAN_POINT('',(0.013658884732902,0.00188785993692836,0.0995732969592676));
#3748=CARTESIAN_POINT('',(0.013658884732902,0.00188785993692836,0.0498532969592676));
#3749=CARTESIAN_POINT('',(0.00730071201889556,0.00188785993692836,0.0498532969592676));
#3750=CARTESIAN_POINT('',(0.0343757668108344,0.00188785993692836,0.0995732969592676));
#3751=CARTESIAN_POINT('',(0.0343757668108344,0.00188785993692836,0.0498532969592676));
#3752=CARTESIAN_POINT('',(0.0280175940968279,0.00188785993692836,0.0498532969592676));
#3753=CARTESIAN_POINT('',(0.0549780446983874,0.00173592769739589,0.0995732969592676));
#3754=CARTESIAN_POINT('',(0.0549780446983874,0.00173592769739589,0.0498532969592676));
#3755=CARTESIAN_POINT('',(0.0486198719843809,0.00173592769739589,0.0498532969592676));
#3756=CARTESIAN_POINT('',(0.0756949267763198,0.00173592769739589,0.0995732969592676));
#3757=CARTESIAN_POINT('',(0.0756949267763198,0.00173592769739589,0.0498532969592676));
#3758=CARTESIAN_POINT('',(0.0693367540623133,0.00173592769739589,0.0498532969592676));
#3759=CARTESIAN_POINT('',(0.0956679518726766,0.00188785993692836,0.0995732969592676));
#3760=CARTESIAN_POINT('',(0.0956679518726766,0.00188785993692836,0.0498532969592676));
#3761=CARTESIAN_POINT('',(0.0893097791586701,0.00188785993692836,0.0498532969592676));
#3762=CARTESIAN_POINT('',(0.116384833950609,0.00188785993692836,0.0995732969592676));
#3763=CARTESIAN_POINT('',(0.116384833950609,0.00188785993692836,0.0498532969592676));
#3764=CARTESIAN_POINT('',(0.110026661236603,0.00188785993692836,0.0498532969592676));
#3765=CARTESIAN_POINT('',(0.135520730781555,0.00173592769739589,0.0995732969592676));
#3766=CARTESIAN_POINT('',(0.135520730781555,0.00173592769739589,0.0498532969592676));
#3767=CARTESIAN_POINT('',(0.129162558067549,0.00173592769739589,0.0498532969592676));
#3768=CARTESIAN_POINT('',(-0.0270310224413872,0.0217957116404184,0.0995732969592676));
#3769=CARTESIAN_POINT('',(-0.0270310224413872,0.0217957116404184,0.0498532969592676));
#3770=CARTESIAN_POINT('',(-0.0333891951553936,0.0217957116404184,0.0498532969592676));
#3771=CARTESIAN_POINT('',(-0.00631414036345481,0.0217957116404184,0.0995732969592676));
#3772=CARTESIAN_POINT('',(-0.00631414036345481,0.0217957116404184,0.0498532969592676));
#3773=CARTESIAN_POINT('',(-0.0126723130774613,0.0217957116404184,0.0498532969592676));
#3774=CARTESIAN_POINT('',(0.013658884732902,0.0219476438799509,0.0995732969592676));
#3775=CARTESIAN_POINT('',(0.013658884732902,0.0219476438799509,0.0498532969592676));
#3776=CARTESIAN_POINT('',(0.00730071201889556,0.0219476438799509,0.0498532969592676));
#3777=CARTESIAN_POINT('',(0.0343757668108344,0.0219476438799509,0.0995732969592676));
#3778=CARTESIAN_POINT('',(0.0343757668108344,0.0219476438799509,0.0498532969592676));
#3779=CARTESIAN_POINT('',(0.0280175940968279,0.0219476438799509,0.0498532969592676));
#3780=CARTESIAN_POINT('',(0.0549780446983874,0.0217957116404184,0.0995732969592676));
#3781=CARTESIAN_POINT('',(0.0549780446983874,0.0217957116404184,0.0498532969592676));
#3782=CARTESIAN_POINT('',(0.0486198719843809,0.0217957116404184,0.0498532969592676));
#3783=CARTESIAN_POINT('',(0.0756949267763198,0.0217957116404184,0.0995732969592676));
#3784=CARTESIAN_POINT('',(0.0756949267763198,0.0217957116404184,0.0498532969592676));
#3785=CARTESIAN_POINT('',(0.0693367540623133,0.0217957116404184,0.0498532969592676));
#3786=CARTESIAN_POINT('',(0.0956679518726766,0.0219476438799509,0.0995732969592676));
#3787=CARTESIAN_POINT('',(0.0956679518726766,0.0219476438799509,0.0498532969592676));
#3788=CARTESIAN_POINT('',(0.0893097791586701,0.0219476438799509,0.0498532969592676));
#3789=CARTESIAN_POINT('',(0.116384833950609,0.0219476438799509,0.0995732969592676));
#3790=CARTESIAN_POINT('',(0.116384833950609,0.0219476438799509,0.0498532969592676));
#3791=CARTESIAN_POINT('',(0.110026661236603,0.0219476438799509,0.0498532969592676));
#3792=CARTESIAN_POINT('',(0.135520730781555,0.0217957116404184,0.0995732969592676));
#3793=CARTESIAN_POINT('',(0.135520730781555,0.0217957116404184,0.0498532969592676));
#3794=CARTESIAN_POINT('',(0.129162558067549,0.0217957116404184,0.0498532969592676));
#3795=CARTESIAN_POINT('',(-0.0270310224413872,0.0392742131675064,0.0995732969592676));
#3796=CARTESIAN_POINT('',(-0.0270310224413872,0.0392742131675064,0.0498532969592676));
#3797=CARTESIAN_POINT('',(-0.0333891951553936,0.0392742131675064,0.0498532969592676));
#3798=CARTESIAN_POINT('',(-0.00631414036345481,0.0392742131675064,0.0995732969592676));
#3799=CARTESIAN_POINT('',(-0.00631414036345481,0.0392742131675064,0.0498532969592676));
#3800=CARTESIAN_POINT('',(-0.0126723130774613,0.0392742131675064,0.0498532969592676));
#3801=CARTESIAN_POINT('',(0.013658884732902,0.0394261454070389,0.0995732969592676));
#3802=CARTESIAN_POINT('',(0.013658884732902,0.0394261454070389,0.0498532969592676));
#3803=CARTESIAN_POINT('',(0.00730071201889556,0.0394261454070389,0.0498532969592676));
#3804=CARTESIAN_POINT('',(0.0343757668108344,0.0394261454070389,0.0995732969592676));
#3805=CARTESIAN_POINT('',(0.0343757668108344,0.0394261454070389,0.0498532969592676));
#3806=CARTESIAN_POINT('',(0.0280175940968279,0.0394261454070389,0.0498532969592676));
#3807=CARTESIAN_POINT('',(0.0549780446983874,0.0392742131675064,0.0995732969592676));
#3808=CARTESIAN_POINT('',(0.0549780446983874,0.0392742131675064,0.0498532969592676));
#3809=CARTESIAN_POINT('',(0.0486198719843809,0.0392742131675064,0.0498532969592676));
#3810=CARTESIAN_POINT('',(0.0756949267763198,0.0392742131675064,0.0995732969592676));
#3811=CARTESIAN_POINT('',(0.0756949267763198,0.0392742131675064,0.0498532969592676));
#3812=CARTESIAN_POINT('',(0.0693367540623133,0.0392742131675064,0.0498532969592676));
#3813=CARTESIAN_POINT('',(0.0956679518726766,0.0394261454070389,0.0995732969592676));
#3814=CARTESIAN_POINT('',(0.0956679518726766,0.0394261454070389,0.0498532969592676));
#3815=CARTESIAN_POINT('',(0.0893097791586701,0.0394261454070389,0.0498532969592676));
#3816=CARTESIAN_POINT('',(0.116384833950609,0.0394261454070389,0.0995732969592676));
#3817=CARTESIAN_POINT('',(0.116384833950609,0.0394261454070389,0.0498532969592676));
#3818=CARTESIAN_POINT('',(0.110026661236603,0.0394261454070389,0.0498532969592676));
#3819=CARTESIAN_POINT('',(0.135520730781555,0.0392742131675064,0.0995732969592676));
#3820=CARTESIAN_POINT('',(0.135520730781555,0.0392742131675064,0.0498532969592676));
#3821=CARTESIAN_POINT('',(0.129162558067549,0.0392742131675064,0.0498532969592676));
#3822=CARTESIAN_POINT('',(-0.0270310224413872,0.059333997110529,0.0995732969592676));
#3823=CARTESIAN_POINT('',(-0.0270310224413872,0.059333997110529,0.0498532969592676));
#3824=CARTESIAN_POINT('',(-0.0333891951553936,0.059333997110529,0.0498532969592676));
#3825=CARTESIAN_POINT('',(-0.00631414036345481,0.059333997110529,0.0995732969592676));
#3826=CARTESIAN_POINT('',(-0.00631414036345481,0.059333997110529,0.0498532969592676));
#3827=CARTESIAN_POINT('',(-0.0126723130774613,0.059333997110529,0.0498532969592676));
#3828=CARTESIAN_POINT('',(0.013658884732902,0.0594859293500615,0.0995732969592676));
#3829=CARTESIAN_POINT('',(0.013658884732902,0.0594859293500615,0.0498532969592676));
#3830=CARTESIAN_POINT('',(0.00730071201889556,0.0594859293500615,0.0498532969592676));
#3831=CARTESIAN_POINT('',(0.0343757668108344,0.0594859293500615,0.0995732969592676));
#3832=CARTESIAN_POINT('',(0.0343757668108344,0.0594859293500615,0.0498532969592676));
#3833=CARTESIAN_POINT('',(0.0280175940968279,0.0594859293500615,0.0498532969592676));
#3834=CARTESIAN_POINT('',(0.0549780446983874,0.059333997110529,0.0995732969592676));
#3835=CARTESIAN_POINT('',(0.0549780446983874,0.059333997110529,0.0498532969592676));
#3836=CARTESIAN_POINT('',(0.0486198719843809,0.059333997110529,0.0498532969592676));
#3837=CARTESIAN_POINT('',(0.0756949267763198,0.059333997110529,0.0995732969592676));
#3838=CARTESIAN_POINT('',(0.0756949267763198,0.059333997110529,0.0498532969592676));
#3839=CARTESIAN_POINT('',(0.0693367540623133,0.059333997110529,0.0498532969592676));
#3840=CARTESIAN_POINT('',(0.0956679518726766,0.0594859293500615,0.0995732969592676));
#3841=CARTESIAN_POINT('',(0.0956679518726766,0.0594859293500615,0.0498532969592676));
#3842=CARTESIAN_POINT('',(0.0893097791586701,0.0594859293500615,0.0498532969592676));
#3843=CARTESIAN_POINT('',(0.116384833950609,0.0594859293500615,0.0995732969592676));
#3844=CARTESIAN_POINT('',(0.116384833950609,0.0594859293500615,0.0498532969592676));
#3845=CARTESIAN_POINT('',(0.110026661236603,0.0594859293500615,0.0498532969592676));
#3846=CARTESIAN_POINT('',(0.135520730781555,0.059333997110529,0.0995732969592676));
#3847=CARTESIAN_POINT('',(0.135520730781555,0.059333997110529,0.0498532969592676));
#3848=CARTESIAN_POINT('',(0.129162558067549,0.059333997110529,0.0498532969592676));
#3849=CARTESIAN_POINT('',(-0.0270310224413872,0.0782711175973833,0.0995732969592676));
#3850=CARTESIAN_POINT('',(-0.0270310224413872,0.0782711175973833,0.0498532969592676));
#3851=CARTESIAN_POINT('',(-0.0333891951553936,0.0782711175973833,0.0498532969592676));
#3852=CARTESIAN_POINT('',(-0.00631414036345481,0.0782711175973833,0.0995732969592676));
#3853=CARTESIAN_POINT('',(-0.00631414036345481,0.0782711175973833,0.0498532969592676));
#3854=CARTESIAN_POINT('',(-0.0126723130774613,0.0782711175973833,0.0498532969592676));
#3855=CARTESIAN_POINT('',(0.013658884732902,0.0784230498369157,0.0995732969592676));
#3856=CARTESIAN_POINT('',(0.013658884732902,0.0784230498369157,0.0498532969592676));
#3857=CARTESIAN_POINT('',(0.00730071201889556,0.0784230498369157,0.0498532969592676));
#3858=CARTESIAN_POINT('',(0.0343757668108344,0.0784230498369157,0.0995732969592676));
#3859=CARTESIAN_POINT('',(0.0343757668108344,0.0784230498369157,0.0498532969592676));
#3860=CARTESIAN_POINT('',(0.0280175940968279,0.0784230498369157,0.0498532969592676));
#3861=CARTESIAN_POINT('',(0.0549780446983874,0.0782711175973833,0.0995732969592676));
#3862=CARTESIAN_POINT('',(0.0549780446983874,0.0782711175973833,0.0498532969592676));
#3863=CARTESIAN_POINT('',(0.0486198719843809,0.0782711175973833,0.0498532969592676));
#3864=CARTESIAN_POINT('',(0.0756949267763198,0.0782711175973833,0.0995732969592676));
#3865=CARTESIAN_POINT('',(0.0756949267763198,0.0782711175973833,0.0498532969592676));
#3866=CARTESIAN_POINT('',(0.0693367540623133,0.0782711175973833,0.0498532969592676));
#3867=CARTESIAN_POINT('',(0.0956679518726766,0.0784230498369157,0.0995732969592676));
#3868=CARTESIAN_POINT('',(0.0956679518726766,0.0784230498369157,0.0498532969592676));
#3869=CARTESIAN_POINT('',(0.0893097791586701,0.0784230498369157,0.0498532969592676));
#3870=CARTESIAN_POINT('',(0.116384833950609,0.0784230498369157,0.0995732969592676));
#3871=CARTESIAN_POINT('',(0.116384833950609,0.0784230498369157,0.0498532969592676));
#3872=CARTESIAN_POINT('',(0.110026661236603,0.0784230498369157,0.0498532969592676));
#3873=CARTESIAN_POINT('',(0.135520730781555,0.0782711175973833,0.0995732969592676));
#3874=CARTESIAN_POINT('',(0.135520730781555,0.0782711175973833,0.0498532969592676));
#3875=CARTESIAN_POINT('',(0.129162558067549,0.0782711175973833,0.0498532969592676));
#3876=CARTESIAN_POINT('',(-0.0270310224413872,0.0983309015404058,0.0995732969592676));
#3877=CARTESIAN_POINT('',(-0.0270310224413872,0.0983309015404058,0.0498532969592676));
#3878=CARTESIAN_POINT('',(-0.0333891951553936,0.0983309015404058,0.0498532969592676));
#3879=CARTESIAN_POINT('',(-0.00631414036345481,0.0983309015404058,0.0995732969592676));
#3880=CARTESIAN_POINT('',(-0.00631414036345481,0.0983309015404058,0.0498532969592676));
#3881=CARTESIAN_POINT('',(-0.0126723130774613,0.0983309015404058,0.0498532969592676));
#3882=CARTESIAN_POINT('',(0.013658884732902,0.0984828337799383,0.0995732969592676));
#3883=CARTESIAN_POINT('',(0.013658884732902,0.0984828337799383,0.0498532969592676));
#3884=CARTESIAN_POINT('',(0.00730071201889556,0.0984828337799383,0.0498532969592676));
#3885=CARTESIAN_POINT('',(0.0343757668108344,0.0984828337799383,0.0995732969592676));
#3886=CARTESIAN_POINT('',(0.0343757668108344,0.0984828337799383,0.0498532969592676));
#3887=CARTESIAN_POINT('',(0.0280175940968279,0.0984828337799383,0.0498532969592676));
#3888=CARTESIAN_POINT('',(0.0549780446983874,0.0983309015404058,0.0995732969592676));
#3889=CARTESIAN_POINT('',(0.0549780446983874,0.0983309015404058,0.0498532969592676));
#3890=CARTESIAN_POINT('',(0.0486198719843809,0.0983309015404058,0.0498532969592676));
#3891=CARTESIAN_POINT('',(0.0756949267763198,0.0983309015404058,0.0995732969592676));
#3892=CARTESIAN_POINT('',(0.0756949267763198,0.0983309015404058,0.0498532969592676));
#3893=CARTESIAN_POINT('',(0.0693367540623133,0.0983309015404058,0.0498532969592676));
#3894=CARTESIAN_POINT('',(0.0956679518726766,0.0984828337799383,0.0995732969592676));
#3895=CARTESIAN_POINT('',(0.0956679518726766,0.0984828337799383,0.0498532969592676));
#3896=CARTESIAN_POINT('',(0.0893097791586701,0.0984828337799383,0.0498532969592676));
#3897=CARTESIAN_POINT('',(0.116384833950609,0.0984828337799383,0.0995732969592676));
#3898=CARTESIAN_POINT('',(0.116384833950609,0.0984828337799383,0.0498532969592676));
#3899=CARTESIAN_POINT('',(0.110026661236603,0.0984828337799383,0.0498532969592676));
#3900=CARTESIAN_POINT('',(0.135520730781555,0.0983309015404058,0.0995732969592676));
#3901=CARTESIAN_POINT('',(0.135520730781555,0.0983309015404058,0.0498532969592676));
#3902=CARTESIAN_POINT('',(0.129162558067549,0.0983309015404058,0.0498532969592676));
#3903=CARTESIAN_POINT('',(-0.0270310224413872,0.12012881601519,0.0995732969592676));
#3904=CARTESIAN_POINT('',(-0.0270310224413872,0.12012881601519,0.0498532969592676));
#3905=CARTESIAN_POINT('',(-0.0333891951553936,0.12012881601519,0.0498532969592676));
#3906=CARTESIAN_POINT('',(-0.00631414036345481,0.12012881601519,0.0995732969592676));
#3907=CARTESIAN_POINT('',(-0.00631414036345481,0.12012881601519,0.0498532969592676));
#3908=CARTESIAN_POINT('',(-0.0126723130774613,0.12012881601519,0.0498532969592676));
#3909=CARTESIAN_POINT('',(0.013658884732902,0.120280748254723,0.0995732969592676));
#3910=CARTESIAN_POINT('',(0.013658884732902,0.120280748254723,0.0498532969592676));
#3911=CARTESIAN_POINT('',(0.00730071201889556,0.120280748254723,0.0498532969592676));
#3912=CARTESIAN_POINT('',(0.0343757668108344,0.120280748254723,0.0995732969592676));
#3913=CARTESIAN_POINT('',(0.0343757668108344,0.120280748254723,0.0498532969592676));
#3914=CARTESIAN_POINT('',(0.0280175940968279,0.120280748254723,0.0498532969592676));
#3915=CARTESIAN_POINT('',(0.0549780446983874,0.12012881601519,0.0995732969592676));
#3916=CARTESIAN_POINT('',(0.0549780446983874,0.12012881601519,0.0498532969592676));
#3917=CARTESIAN_POINT('',(0.0486198719843809,0.12012881601519,0.0498532969592676));
#3918=CARTESIAN_POINT('',(0.0756949267763197,0.12012881601519,0.0995732969592676));
#3919=CARTESIAN_POINT('',(0.0756949267763197,0.12012881601519,0.0498532969592676));
#3920=CARTESIAN_POINT('',(0.0693367540623132,0.12012881601519,0.0498532969592676));
#3921=CARTESIAN_POINT('',(0.0956679518726766,0.120280748254723,0.0995732969592676));
#3922=CARTESIAN_POINT('',(0.0956679518726766,0.120280748254723,0.0498532969592676));
#3923=CARTESIAN_POINT('',(0.0893097791586701,0.120280748254723,0.0498532969592676));
#3924=CARTESIAN_POINT('',(0.116384833950609,0.120280748254723,0.0995732969592676));
#3925=CARTESIAN_POINT('',(0.116384833950609,0.120280748254723,0.0498532969592676));
#3926=CARTESIAN_POINT('',(0.110026661236603,0.120280748254723,0.0498532969592676));
#3927=CARTESIAN_POINT('',(0.135520730781555,0.12012881601519,0.0995732969592676));
#3928=CARTESIAN_POINT('',(0.135520730781555,0.12012881601519,0.0498532969592676));
#3929=CARTESIAN_POINT('',(0.129162558067549,0.12012881601519,0.0498532969592676));
#3930=CARTESIAN_POINT('',(-0.0270310224413872,-0.0575187262237487,0.0995732969592676));
#3931=CARTESIAN_POINT('',(-0.020693367047292,-0.0580291029148637,0.0288532969592676));
#3932=CARTESIAN_POINT('',(-0.020693367047292,-0.0580291029148637,0.0498532969592676));
#3933=CARTESIAN_POINT('',(-0.0270310224413872,-0.0575187262237487,0.0498532969592676));
#3934=CARTESIAN_POINT('',(-0.0333686778354823,-0.0570083495326336,0.0498532969592676));
#3935=CARTESIAN_POINT('',(-0.0333686778354823,-0.0570083495326336,0.0288532969592676));
#3936=CARTESIAN_POINT('',(-0.0063141403634548,-0.0575187262237487,0.0995732969592676));
#3937=CARTESIAN_POINT('',(-0.0063141403634548,-0.0575187262237487,0.0498532969592676));
#3938=CARTESIAN_POINT('',(-0.0126723130774613,-0.0575187262237487,0.0498532969592676));
#3939=CARTESIAN_POINT('',(0.0136588847329021,-0.0573667939842162,0.0995732969592676));
#3940=CARTESIAN_POINT('',(0.0136588847329021,-0.0573667939842162,0.0498532969592676));
#3941=CARTESIAN_POINT('',(0.00730071201889558,-0.0573667939842162,0.0498532969592676));
#3942=CARTESIAN_POINT('',(0.0343757668108344,-0.0573667939842162,0.0995732969592676));
#3943=CARTESIAN_POINT('',(0.0343757668108344,-0.0573667939842162,0.0498532969592676));
#3944=CARTESIAN_POINT('',(0.0280175940968279,-0.0573667939842162,0.0498532969592676));
#3945=CARTESIAN_POINT('',(0.0549780446983874,-0.0575187262237487,0.0995732969592676));
#3946=CARTESIAN_POINT('',(0.0549780446983874,-0.0575187262237487,0.0498532969592676));
#3947=CARTESIAN_POINT('',(0.0486198719843809,-0.0575187262237487,0.0498532969592676));
#3948=CARTESIAN_POINT('',(0.0756949267763198,-0.0575187262237487,0.0995732969592676));
#3949=CARTESIAN_POINT('',(0.0756949267763198,-0.0575187262237487,0.0498532969592676));
#3950=CARTESIAN_POINT('',(0.0693367540623133,-0.0575187262237487,0.0498532969592676));
#3951=CARTESIAN_POINT('',(0.0956679518726766,-0.0573667939842162,0.0995732969592676));
#3952=CARTESIAN_POINT('',(0.0956679518726766,-0.0573667939842162,0.0498532969592676));
#3953=CARTESIAN_POINT('',(0.0893097791586701,-0.0573667939842162,0.0498532969592676));
#3954=CARTESIAN_POINT('',(0.116384833950609,-0.0573667939842162,0.0995732969592676));
#3955=CARTESIAN_POINT('',(0.116384833950609,-0.0573667939842162,0.0498532969592676));
#3956=CARTESIAN_POINT('',(0.110026661236603,-0.0573667939842162,0.0498532969592676));
#3957=CARTESIAN_POINT('',(0.135520730781555,-0.0575187262237487,0.0995732969592676));
#3958=CARTESIAN_POINT('',(0.135520730781555,-0.0575187262237487,0.0498532969592676));
#3959=CARTESIAN_POINT('',(0.129162558067549,-0.0575187262237487,0.0498532969592676));
#3960=CARTESIAN_POINT('',(-0.020693367047292,-0.0634291747663168,0.0288532969592676));
#3961=CARTESIAN_POINT('',(-0.020693367047292,-0.0634291747663168,0.0498532969592676));
#3962=CARTESIAN_POINT('',(-0.035787959433189,-0.0570083495326336,0.0288532969592676));
#3963=CARTESIAN_POINT('',(-0.035787959433189,-0.0570083495326336,0.0498532969592676));
#3964=CARTESIAN_POINT('',(-0.0363830836651791,-0.0570083495326336,0.0498532969592676));
#3965=CARTESIAN_POINT('',(-0.0363830836651791,-0.0570083495326336,0.0288532969592676));
#3966=CARTESIAN_POINT('',(-0.0363830836651791,-0.0570083495326336,0.0488532969592676));
#3967=CARTESIAN_POINT('',(-0.035787959433189,-0.0570083495326336,0.0488532969592676));
#3968=CARTESIAN_POINT('',(0.0508,0.03175,0.0498532969592676));
#3969=CARTESIAN_POINT('',(-0.0541234018715768,0.136673401871577,0.0498532969592676));
#3970=CARTESIAN_POINT('',(-0.0566234018715768,0.136673401871577,0.0498532969592676));
#3971=CARTESIAN_POINT('',(0.155723401871577,0.136673401871577,0.0498532969592676));
#3972=CARTESIAN_POINT('',(0.153223401871577,0.136673401871577,0.0498532969592676));
#3973=CARTESIAN_POINT('',(0.15875,-0.07285,0.0498532969592676));
#3974=CARTESIAN_POINT('',(0.15625,-0.07285,0.0498532969592676));
#3975=CARTESIAN_POINT('',(-0.05715,-0.07285,0.0498532969592676));
#3976=CARTESIAN_POINT('',(-0.05965,-0.07285,0.0498532969592676));
#3977=CARTESIAN_POINT('',(0.15875,0.127,0.0498532969592676));
#3978=CARTESIAN_POINT('',(0.1651,0.13335,0.0498532969592676));
#3979=CARTESIAN_POINT('',(0.1524,0.13335,0.0498532969592676));
#3980=CARTESIAN_POINT('',(0.1524,0.14605,0.0498532969592676));
#3981=CARTESIAN_POINT('',(0.14605,0.1397,0.0498532969592676));
#3982=CARTESIAN_POINT('',(-0.04445,0.1397,0.0498532969592676));
#3983=CARTESIAN_POINT('',(-0.0508,0.14605,0.0498532969592676));
#3984=CARTESIAN_POINT('',(-0.0508,0.13335,0.0498532969592676));
#3985=CARTESIAN_POINT('',(-0.0635,0.13335,0.0498532969592676));
#3986=CARTESIAN_POINT('',(-0.05715,0.127,0.0498532969592676));
#3987=CARTESIAN_POINT('',(-0.05715,-0.0635,0.0498532969592676));
#3988=CARTESIAN_POINT('',(-0.0635,-0.06985,0.0498532969592676));
#3989=CARTESIAN_POINT('',(-0.0508,-0.06985,0.0498532969592676));
#3990=CARTESIAN_POINT('',(-0.0508,-0.08255,0.0498532969592676));
#3991=CARTESIAN_POINT('',(-0.0435915418325896,-0.07505,0.0498532969592676));
#3992=CARTESIAN_POINT('',(-0.0363830836651791,-0.06755,0.0498532969592676));
#3993=CARTESIAN_POINT('',(-0.0363830836651791,-0.0602861946419587,0.0498532969592676));
#3994=CARTESIAN_POINT('',(0.14605,-0.0762,0.0498532969592676));
#3995=CARTESIAN_POINT('',(0.1524,-0.08255,0.0498532969592676));
#3996=CARTESIAN_POINT('',(0.1524,-0.06985,0.0498532969592676));
#3997=CARTESIAN_POINT('',(0.1651,-0.06985,0.0498532969592676));
#3998=CARTESIAN_POINT('',(0.15875,-0.0635,0.0498532969592676));
#3999=CARTESIAN_POINT('',(0.0508,0.03175,0.0488532969592676));
#4000=CARTESIAN_POINT('',(-0.05715,-0.07285,0.0488532969592676));
#4001=CARTESIAN_POINT('',(-0.05465,-0.07285,0.0488532969592676));
#4002=CARTESIAN_POINT('',(-0.0363830836651791,-0.0602861946419587,0.0488532969592676));
#4003=CARTESIAN_POINT('',(-0.0363830836651791,-0.06755,0.0488532969592676));
#4004=CARTESIAN_POINT('',(-0.0435915418325896,-0.07505,0.0488532969592676));
#4005=CARTESIAN_POINT('',(-0.0508,-0.08255,0.0488532969592676));
#4006=CARTESIAN_POINT('',(-0.0508,-0.06985,0.0488532969592676));
#4007=CARTESIAN_POINT('',(-0.0635,-0.06985,0.0488532969592676));
#4008=CARTESIAN_POINT('',(-0.05715,-0.0635,0.0488532969592676));
#4009=CARTESIAN_POINT('',(-0.0363830836651791,-0.0602861946419587,0.0488532969592676));
#4010=CARTESIAN_POINT('',(-0.0363830836651791,-0.06755,0.0488532969592676));
#4011=CARTESIAN_POINT('',(-0.0435915418325896,-0.07505,0.0488532969592676));
#4012=CARTESIAN_POINT('',(-0.0508,-0.08255,0.0488532969592676));
#4013=CARTESIAN_POINT('',(-0.05715,-0.0635,0.0488532969592676));
#4014=CARTESIAN_POINT('',(-0.0635,-0.06985,0.0488532969592676));
#4015=CARTESIAN_POINT('',(-0.0508,-0.06985,0.0488532969592676));
#4016=CARTESIAN_POINT('',(-0.04445,0.1397,0.0488532969592676));
#4017=CARTESIAN_POINT('',(-0.04445,0.1397,0.0488532969592676));
#4018=CARTESIAN_POINT('',(-0.0508,0.14605,0.0488532969592676));
#4019=CARTESIAN_POINT('',(-0.0508,0.14605,0.0488532969592676));
#4020=CARTESIAN_POINT('',(-0.0508,0.13335,0.0488532969592676));
#4021=CARTESIAN_POINT('',(-0.0508,0.13335,0.0488532969592676));
#4022=CARTESIAN_POINT('',(-0.0635,0.13335,0.0488532969592676));
#4023=CARTESIAN_POINT('',(-0.0635,0.13335,0.0488532969592676));
#4024=CARTESIAN_POINT('',(-0.05715,0.127,0.0488532969592676));
#4025=CARTESIAN_POINT('',(-0.05715,0.127,0.0488532969592676));
#4026=CARTESIAN_POINT('',(0.0508,0.03175,0.0488532969592676));
#4027=CARTESIAN_POINT('',(-0.0541234018715768,0.136673401871577,0.0488532969592676));
#4028=CARTESIAN_POINT('',(-0.0516234018715768,0.136673401871577,0.0488532969592676));
#4029=CARTESIAN_POINT('',(0.14605,-0.0762,0.0488532969592676));
#4030=CARTESIAN_POINT('',(0.14605,-0.0762,0.0488532969592676));
#4031=CARTESIAN_POINT('',(0.1524,-0.08255,0.0488532969592676));
#4032=CARTESIAN_POINT('',(0.1524,-0.08255,0.0488532969592676));
#4033=CARTESIAN_POINT('',(0.1524,-0.06985,0.0488532969592676));
#4034=CARTESIAN_POINT('',(0.1524,-0.06985,0.0488532969592676));
#4035=CARTESIAN_POINT('',(0.1651,-0.06985,0.0488532969592676));
#4036=CARTESIAN_POINT('',(0.1651,-0.06985,0.0488532969592676));
#4037=CARTESIAN_POINT('',(0.15875,-0.0635,0.0488532969592676));
#4038=CARTESIAN_POINT('',(0.15875,-0.0635,0.0488532969592676));
#4039=CARTESIAN_POINT('',(0.0508,0.03175,0.0488532969592676));
#4040=CARTESIAN_POINT('',(0.15875,-0.07285,0.0488532969592676));
#4041=CARTESIAN_POINT('',(0.16125,-0.07285,0.0488532969592676));
#4042=CARTESIAN_POINT('',(0.1524,0.13335,0.0488532969592676));
#4043=CARTESIAN_POINT('',(0.1651,0.13335,0.0488532969592676));
#4044=CARTESIAN_POINT('',(0.1651,0.13335,0.0488532969592676));
#4045=CARTESIAN_POINT('',(0.1524,0.13335,0.0488532969592676));
#4046=CARTESIAN_POINT('',(0.1524,0.14605,0.0488532969592676));
#4047=CARTESIAN_POINT('',(0.1524,0.14605,0.0488532969592676));
#4048=CARTESIAN_POINT('',(0.14605,0.1397,0.0488532969592676));
#4049=CARTESIAN_POINT('',(0.14605,0.1397,0.0488532969592676));
#4050=CARTESIAN_POINT('',(0.15875,0.127,0.0488532969592676));
#4051=CARTESIAN_POINT('',(0.15875,0.127,0.0488532969592676));
#4052=CARTESIAN_POINT('',(0.0508,0.03175,0.0488532969592676));
#4053=CARTESIAN_POINT('',(0.155723401871577,0.136673401871577,0.0488532969592676));
#4054=CARTESIAN_POINT('',(0.158223401871577,0.136673401871577,0.0488532969592676));
#4055=CARTESIAN_POINT('',(0.155723401871577,0.136673401871577,0.0517732969592676));
#4056=CARTESIAN_POINT('',(0.15875,-0.07285,0.0517732969592676));
#4057=CARTESIAN_POINT('',(-0.0541234018715768,0.136673401871577,0.0517732969592676));
#4058=CARTESIAN_POINT('',(-0.05715,-0.07285,0.0517732969592676));
#4059=MECHANICAL_DESIGN_GEOMETRIC_PRESENTATION_REPRESENTATION('',(#2396),
#4060);
#4060=(
GEOMETRIC_REPRESENTATION_CONTEXT(3)
GLOBAL_UNCERTAINTY_ASSIGNED_CONTEXT((#4061))
GLOBAL_UNIT_ASSIGNED_CONTEXT((#4064,#4063,#4062))
REPRESENTATION_CONTEXT('air water barrier','TOP_LEVEL_ASSEMBLY_PART')
);
#4061=UNCERTAINTY_MEASURE_WITH_UNIT(LENGTH_MEASURE(1.E-8),#4064,
'DISTANCE_ACCURACY_VALUE','Maximum Tolerance applied to model');
#4062=(
NAMED_UNIT(*)
SI_UNIT($,.STERADIAN.)
SOLID_ANGLE_UNIT()
);
#4063=(
NAMED_UNIT(*)
PLANE_ANGLE_UNIT()
SI_UNIT($,.RADIAN.)
);
#4064=(
LENGTH_UNIT()
NAMED_UNIT(*)
SI_UNIT($,.METRE.)
);
#4065=PRODUCT_DEFINITION_SHAPE('','',#4066);
#4066=PRODUCT_DEFINITION('','',#4068,#4067);
#4067=PRODUCT_DEFINITION_CONTEXT('',#4074,'design');
#4068=PRODUCT_DEFINITION_FORMATION_WITH_SPECIFIED_SOURCE('','',#4070,
 .NOT_KNOWN.);
#4069=PRODUCT_RELATED_PRODUCT_CATEGORY('','',(#4070));
#4070=PRODUCT('air water barrier','air water barrier',
'air water barrier',(#4072));
#4071=PRODUCT_CATEGORY('','');
#4072=PRODUCT_CONTEXT('',#4074,'mechanical');
#4073=APPLICATION_PROTOCOL_DEFINITION('international standard',
'ap242_managed_model_based_3d_engineering',2020,#4074);
#4074=APPLICATION_CONTEXT('managed model based 3d engineering');
ENDSEC;
END-ISO-10303-21;
