ISO-10303-21;
HEADER;
/* Generated by software containing ST-Developer
 * from STEP Tools, Inc. (www.steptools.com) 
 */
/* OPTION: using custom renumber hook */

FILE_DESCRIPTION(
/* description */ ('STEP AP242 Edition 2',
'CAx-IF Rec.Pracs.---Representation and Presentation of Product Manufa
cturing Information (PMI)---4.0---2014-10-13',
'CAx-IF Rec.Pracs.---3D Tessellated Geometry---0.4---2014-09-14','2;1',
'CAx-IF Rec.Pracs.---User Defined Attributes---1.5---2016-08-15'),
/* implementation_level */ '2;1');

FILE_NAME(
/* name */ 'happy plant',
/* time_stamp */ '2026-10-07T22:55:50Z',
/* author */ (''),
/* organization */ (''),
/* preprocessor_version */ 'ST-DEVELOPER v20',
/* originating_system */ 'ONSHAPE BY PTC INC, 1.221',
/* authorisation */ '  ');

FILE_SCHEMA (('AP242_MANAGED_MODEL_BASED_3D_ENGINEERING_MIM_LF { 1 0 10303 442 3 1 4 }'));
ENDSEC;

DATA;
#10=DRAUGHTING_PRE_DEFINED_COLOUR('black');
#11=TOROIDAL_SURFACE('',#12999,0.00541019893528111,0.002);
#12=TOROIDAL_SURFACE('',#13005,0.00541019893528111,0.002);
#13=TOROIDAL_SURFACE('',#13011,0.00541019893528111,0.002);
#14=TOROIDAL_SURFACE('',#13017,0.00541019893528111,0.002);
#15=TOROIDAL_SURFACE('',#13023,0.00541019893528111,0.002);
#16=TOROIDAL_SURFACE('',#13029,0.00541019893528111,0.002);
#17=TOROIDAL_SURFACE('',#13035,0.00541019893528111,0.002);
#18=TOROIDAL_SURFACE('',#13041,0.00541019893528111,0.002);
#19=TOROIDAL_SURFACE('',#13047,0.00541019893528111,0.002);
#20=TOROIDAL_SURFACE('',#13053,0.00541019893528111,0.002);
#21=TOROIDAL_SURFACE('',#13424,0.0167,0.004);
#22=TOROIDAL_SURFACE('',#13431,0.0167,0.004);
#23=TOROIDAL_SURFACE('',#13433,0.0167,0.004);
#24=TOROIDAL_SURFACE('',#13439,0.0167,0.004);
#25=TOROIDAL_SURFACE('',#13443,0.0087,0.004);
#26=TOROIDAL_SURFACE('',#13445,0.0087,0.004);
#27=TOROIDAL_SURFACE('',#13451,0.0087,0.004);
#28=TOROIDAL_SURFACE('',#13453,0.0087,0.004);
#29=ELLIPSE('',#12997,0.00315763955920126,0.002);
#30=ELLIPSE('',#13004,0.00315763955920126,0.002);
#31=ELLIPSE('',#13010,0.00315763955920126,0.002);
#32=ELLIPSE('',#13016,0.00315763955920126,0.002);
#33=ELLIPSE('',#13022,0.00315763955920126,0.002);
#34=ELLIPSE('',#13027,0.00315763955920126,0.002);
#35=ELLIPSE('',#13034,0.00315763955920126,0.002);
#36=ELLIPSE('',#13040,0.00315763955920126,0.002);
#37=ELLIPSE('',#13046,0.00315763955920126,0.002);
#38=ELLIPSE('',#13052,0.00315763955920126,0.002);
#39=ELLIPSE('',#13487,0.00282842712474619,0.002);
#40=ELLIPSE('',#13489,0.00282842712474619,0.002);
#41=ELLIPSE('',#13492,0.00282842712474619,0.002);
#42=ELLIPSE('',#13494,0.00282842712474619,0.002);
#43=SHAPE_REPRESENTATION_RELATIONSHIP('','',#12643,#61);
#44=SHAPE_REPRESENTATION_RELATIONSHIP('','',#12644,#62);
#45=SHAPE_REPRESENTATION_RELATIONSHIP('','',#12645,#63);
#46=SHAPE_REPRESENTATION_RELATIONSHIP('','',#12646,#64);
#47=SHAPE_REPRESENTATION_RELATIONSHIP('','',#12647,#65);
#48=SHAPE_REPRESENTATION_RELATIONSHIP('','',#12648,#66);
#49=SHAPE_REPRESENTATION_RELATIONSHIP('','',#12649,#67);
#50=SHAPE_REPRESENTATION_RELATIONSHIP('','',#12650,#68);
#51=SHAPE_REPRESENTATION_RELATIONSHIP('','',#12651,#69);
#52=SHAPE_REPRESENTATION_RELATIONSHIP('','',#12652,#70);
#53=SHAPE_REPRESENTATION_RELATIONSHIP('','',#12653,#71);
#54=SHAPE_REPRESENTATION_RELATIONSHIP('','',#12654,#72);
#55=SHAPE_REPRESENTATION_RELATIONSHIP('','',#12655,#73);
#56=SHAPE_REPRESENTATION_RELATIONSHIP('','',#12656,#74);
#57=SHAPE_REPRESENTATION_RELATIONSHIP('','',#12657,#75);
#58=SHAPE_REPRESENTATION_RELATIONSHIP('','',#12658,#76);
#59=SHAPE_REPRESENTATION_RELATIONSHIP('','',#12659,#77);
#60=SHAPE_REPRESENTATION_RELATIONSHIP('','',#12660,#78);
#61=ADVANCED_BREP_SHAPE_REPRESENTATION('',(#12607),#21058);
#62=ADVANCED_BREP_SHAPE_REPRESENTATION('',(#12608),#21059);
#63=ADVANCED_BREP_SHAPE_REPRESENTATION('',(#12609),#21060);
#64=ADVANCED_BREP_SHAPE_REPRESENTATION('',(#12610),#21061);
#65=ADVANCED_BREP_SHAPE_REPRESENTATION('',(#12611),#21062);
#66=ADVANCED_BREP_SHAPE_REPRESENTATION('',(#12612),#21063);
#67=ADVANCED_BREP_SHAPE_REPRESENTATION('',(#12613),#21064);
#68=ADVANCED_BREP_SHAPE_REPRESENTATION('',(#12614),#21065);
#69=ADVANCED_BREP_SHAPE_REPRESENTATION('',(#12615),#21066);
#70=ADVANCED_BREP_SHAPE_REPRESENTATION('',(#12616),#21067);
#71=ADVANCED_BREP_SHAPE_REPRESENTATION('',(#12617),#21068);
#72=ADVANCED_BREP_SHAPE_REPRESENTATION('',(#12618),#21069);
#73=ADVANCED_BREP_SHAPE_REPRESENTATION('',(#12619),#21070);
#74=ADVANCED_BREP_SHAPE_REPRESENTATION('',(#12620),#21071);
#75=ADVANCED_BREP_SHAPE_REPRESENTATION('',(#12621),#21072);
#76=ADVANCED_BREP_SHAPE_REPRESENTATION('',(#12622),#21073);
#77=ADVANCED_BREP_SHAPE_REPRESENTATION('',(#12623),#21074);
#78=ADVANCED_BREP_SHAPE_REPRESENTATION('',(#12624),#21075);
#79=CONICAL_SURFACE('',#12688,0.00254000000000004,0.785398163397448);
#80=CONICAL_SURFACE('',#12692,0.00254000000000006,0.785398163397449);
#81=CONICAL_SURFACE('',#12694,0.00254000000000004,0.785398163397448);
#82=CONICAL_SURFACE('',#12698,0.00254,0.785398163397448);
#83=CONICAL_SURFACE('',#12758,0.0258876569063222,0.785398163397448);
#84=CONICAL_SURFACE('',#13813,0.0126985932130592,0.785398163397448);
#85=CYLINDRICAL_SURFACE('',#12674,0.0127);
#86=CYLINDRICAL_SURFACE('',#12677,0.0127);
#87=CYLINDRICAL_SURFACE('',#12681,0.0127);
#88=CYLINDRICAL_SURFACE('',#12684,0.0127);
#89=CYLINDRICAL_SURFACE('',#12707,0.0127);
#90=CYLINDRICAL_SURFACE('',#12710,0.0127);
#91=CYLINDRICAL_SURFACE('',#12712,0.0127);
#92=CYLINDRICAL_SURFACE('',#12715,0.0127);
#93=CYLINDRICAL_SURFACE('',#12723,0.0127);
#94=CYLINDRICAL_SURFACE('',#12725,0.0127);
#95=CYLINDRICAL_SURFACE('',#12727,0.0127);
#96=CYLINDRICAL_SURFACE('',#12729,0.0127);
#97=CYLINDRICAL_SURFACE('',#12730,0.0126985932130592);
#98=CYLINDRICAL_SURFACE('',#12735,0.0025);
#99=CYLINDRICAL_SURFACE('',#12738,0.0025);
#100=CYLINDRICAL_SURFACE('',#12741,0.0025);
#101=CYLINDRICAL_SURFACE('',#12744,0.0025);
#102=CYLINDRICAL_SURFACE('',#12749,0.0238784375526328);
#103=CYLINDRICAL_SURFACE('',#12752,0.0278876569063222);
#104=CYLINDRICAL_SURFACE('',#12851,0.00157929221075609);
#105=CYLINDRICAL_SURFACE('',#12853,0.00157929221075609);
#106=CYLINDRICAL_SURFACE('',#12855,0.00157929221075609);
#107=CYLINDRICAL_SURFACE('',#12857,0.00157929221075609);
#108=CYLINDRICAL_SURFACE('',#12859,0.00157929221075609);
#109=CYLINDRICAL_SURFACE('',#12861,0.00157929221075609);
#110=CYLINDRICAL_SURFACE('',#12863,0.00157929221075609);
#111=CYLINDRICAL_SURFACE('',#12865,0.00157929221075609);
#112=CYLINDRICAL_SURFACE('',#12867,0.00157929221075609);
#113=CYLINDRICAL_SURFACE('',#12869,0.00157929221075609);
#114=CYLINDRICAL_SURFACE('',#12871,0.00157929221075609);
#115=CYLINDRICAL_SURFACE('',#12873,0.00157929221075609);
#116=CYLINDRICAL_SURFACE('',#12875,0.00157929221075609);
#117=CYLINDRICAL_SURFACE('',#12877,0.00157929221075609);
#118=CYLINDRICAL_SURFACE('',#12879,0.00157929221075609);
#119=CYLINDRICAL_SURFACE('',#12881,0.00157929221075609);
#120=CYLINDRICAL_SURFACE('',#12883,0.00157929221075609);
#121=CYLINDRICAL_SURFACE('',#12885,0.00157929221075609);
#122=CYLINDRICAL_SURFACE('',#12887,0.00157929221075609);
#123=CYLINDRICAL_SURFACE('',#12889,0.00157929221075609);
#124=CYLINDRICAL_SURFACE('',#12891,0.00157929221075609);
#125=CYLINDRICAL_SURFACE('',#12893,0.00157929221075609);
#126=CYLINDRICAL_SURFACE('',#12895,0.00157929221075609);
#127=CYLINDRICAL_SURFACE('',#12897,0.00157929221075609);
#128=CYLINDRICAL_SURFACE('',#12899,0.00157929221075609);
#129=CYLINDRICAL_SURFACE('',#12901,0.00157929221075609);
#130=CYLINDRICAL_SURFACE('',#12903,0.00157929221075609);
#131=CYLINDRICAL_SURFACE('',#12905,0.00157929221075609);
#132=CYLINDRICAL_SURFACE('',#12907,0.00157929221075609);
#133=CYLINDRICAL_SURFACE('',#12909,0.00157929221075609);
#134=CYLINDRICAL_SURFACE('',#12911,0.00157929221075609);
#135=CYLINDRICAL_SURFACE('',#12913,0.00157929221075609);
#136=CYLINDRICAL_SURFACE('',#12915,0.00157929221075609);
#137=CYLINDRICAL_SURFACE('',#12917,0.00157929221075609);
#138=CYLINDRICAL_SURFACE('',#12919,0.00157929221075609);
#139=CYLINDRICAL_SURFACE('',#12921,0.00157929221075609);
#140=CYLINDRICAL_SURFACE('',#12923,0.00157929221075609);
#141=CYLINDRICAL_SURFACE('',#12925,0.00157929221075609);
#142=CYLINDRICAL_SURFACE('',#12927,0.00157929221075609);
#143=CYLINDRICAL_SURFACE('',#12929,0.00157929221075609);
#144=CYLINDRICAL_SURFACE('',#12930,0.00157929221075609);
#145=CYLINDRICAL_SURFACE('',#12932,0.00157929221075609);
#146=CYLINDRICAL_SURFACE('',#12959,0.00741019893528111);
#147=CYLINDRICAL_SURFACE('',#12969,0.00559965103854325);
#148=CYLINDRICAL_SURFACE('',#12972,0.00361595124680785);
#149=CYLINDRICAL_SURFACE('',#12978,0.00741019893528111);
#150=CYLINDRICAL_SURFACE('',#12983,0.00741019893528111);
#151=CYLINDRICAL_SURFACE('',#12988,0.00741019893528111);
#152=CYLINDRICAL_SURFACE('',#12993,0.00741019893528111);
#153=CYLINDRICAL_SURFACE('',#12996,0.002);
#154=CYLINDRICAL_SURFACE('',#13001,0.002);
#155=CYLINDRICAL_SURFACE('',#13003,0.002);
#156=CYLINDRICAL_SURFACE('',#13007,0.002);
#157=CYLINDRICAL_SURFACE('',#13009,0.002);
#158=CYLINDRICAL_SURFACE('',#13013,0.002);
#159=CYLINDRICAL_SURFACE('',#13015,0.002);
#160=CYLINDRICAL_SURFACE('',#13019,0.002);
#161=CYLINDRICAL_SURFACE('',#13021,0.002);
#162=CYLINDRICAL_SURFACE('',#13025,0.002);
#163=CYLINDRICAL_SURFACE('',#13026,0.002);
#164=CYLINDRICAL_SURFACE('',#13031,0.002);
#165=CYLINDRICAL_SURFACE('',#13033,0.002);
#166=CYLINDRICAL_SURFACE('',#13037,0.002);
#167=CYLINDRICAL_SURFACE('',#13039,0.002);
#168=CYLINDRICAL_SURFACE('',#13043,0.002);
#169=CYLINDRICAL_SURFACE('',#13045,0.002);
#170=CYLINDRICAL_SURFACE('',#13049,0.002);
#171=CYLINDRICAL_SURFACE('',#13051,0.002);
#172=CYLINDRICAL_SURFACE('',#13055,0.002);
#173=CYLINDRICAL_SURFACE('',#13057,0.0127);
#174=CYLINDRICAL_SURFACE('',#13060,0.0127);
#175=CYLINDRICAL_SURFACE('',#13063,0.0127);
#176=CYLINDRICAL_SURFACE('',#13161,0.00635817271400649);
#177=CYLINDRICAL_SURFACE('',#13163,0.00635817271400649);
#178=CYLINDRICAL_SURFACE('',#13165,0.00635817271400648);
#179=CYLINDRICAL_SURFACE('',#13167,0.00635817271400648);
#180=CYLINDRICAL_SURFACE('',#13169,0.00635817271400648);
#181=CYLINDRICAL_SURFACE('',#13171,0.00635817271400648);
#182=CYLINDRICAL_SURFACE('',#13173,0.00635817271400648);
#183=CYLINDRICAL_SURFACE('',#13175,0.00635817271400649);
#184=CYLINDRICAL_SURFACE('',#13177,0.00635817271400649);
#185=CYLINDRICAL_SURFACE('',#13179,0.00635817271400649);
#186=CYLINDRICAL_SURFACE('',#13181,0.00635817271400649);
#187=CYLINDRICAL_SURFACE('',#13183,0.00635817271400648);
#188=CYLINDRICAL_SURFACE('',#13185,0.00635817271400648);
#189=CYLINDRICAL_SURFACE('',#13187,0.00635817271400648);
#190=CYLINDRICAL_SURFACE('',#13189,0.00635817271400648);
#191=CYLINDRICAL_SURFACE('',#13191,0.00635817271400648);
#192=CYLINDRICAL_SURFACE('',#13193,0.00635817271400649);
#193=CYLINDRICAL_SURFACE('',#13195,0.00635817271400649);
#194=CYLINDRICAL_SURFACE('',#13197,0.00635817271400649);
#195=CYLINDRICAL_SURFACE('',#13199,0.00635817271400649);
#196=CYLINDRICAL_SURFACE('',#13201,0.00635817271400648);
#197=CYLINDRICAL_SURFACE('',#13203,0.00635817271400648);
#198=CYLINDRICAL_SURFACE('',#13205,0.00635817271400648);
#199=CYLINDRICAL_SURFACE('',#13207,0.00635817271400648);
#200=CYLINDRICAL_SURFACE('',#13209,0.00635817271400648);
#201=CYLINDRICAL_SURFACE('',#13211,0.00635817271400649);
#202=CYLINDRICAL_SURFACE('',#13213,0.00635817271400649);
#203=CYLINDRICAL_SURFACE('',#13215,0.00635817271400649);
#204=CYLINDRICAL_SURFACE('',#13217,0.00635817271400649);
#205=CYLINDRICAL_SURFACE('',#13219,0.00635817271400648);
#206=CYLINDRICAL_SURFACE('',#13221,0.00635817271400648);
#207=CYLINDRICAL_SURFACE('',#13223,0.00635817271400648);
#208=CYLINDRICAL_SURFACE('',#13225,0.00635817271400648);
#209=CYLINDRICAL_SURFACE('',#13227,0.00635817271400648);
#210=CYLINDRICAL_SURFACE('',#13229,0.00635817271400649);
#211=CYLINDRICAL_SURFACE('',#13231,0.00635817271400649);
#212=CYLINDRICAL_SURFACE('',#13233,0.00635817271400649);
#213=CYLINDRICAL_SURFACE('',#13235,0.00635817271400649);
#214=CYLINDRICAL_SURFACE('',#13237,0.00635817271400648);
#215=CYLINDRICAL_SURFACE('',#13239,0.00635817271400648);
#216=CYLINDRICAL_SURFACE('',#13241,0.00635817271400648);
#217=CYLINDRICAL_SURFACE('',#13243,0.00635817271400648);
#218=CYLINDRICAL_SURFACE('',#13245,0.00635817271400648);
#219=CYLINDRICAL_SURFACE('',#13247,0.00635817271400649);
#220=CYLINDRICAL_SURFACE('',#13249,0.00635817271400649);
#221=CYLINDRICAL_SURFACE('',#13251,0.00635817271400649);
#222=CYLINDRICAL_SURFACE('',#13253,0.00635817271400649);
#223=CYLINDRICAL_SURFACE('',#13255,0.00635817271400648);
#224=CYLINDRICAL_SURFACE('',#13257,0.00635817271400648);
#225=CYLINDRICAL_SURFACE('',#13259,0.00635817271400648);
#226=CYLINDRICAL_SURFACE('',#13261,0.00635817271400648);
#227=CYLINDRICAL_SURFACE('',#13263,0.00635817271400648);
#228=CYLINDRICAL_SURFACE('',#13265,0.00635817271400649);
#229=CYLINDRICAL_SURFACE('',#13267,0.00635817271400649);
#230=CYLINDRICAL_SURFACE('',#13269,0.00635817271400649);
#231=CYLINDRICAL_SURFACE('',#13271,0.00635817271400649);
#232=CYLINDRICAL_SURFACE('',#13273,0.00635817271400648);
#233=CYLINDRICAL_SURFACE('',#13275,0.00635817271400648);
#234=CYLINDRICAL_SURFACE('',#13277,0.00635817271400648);
#235=CYLINDRICAL_SURFACE('',#13279,0.00635817271400648);
#236=CYLINDRICAL_SURFACE('',#13281,0.00635817271400648);
#237=CYLINDRICAL_SURFACE('',#13283,0.00635817271400649);
#238=CYLINDRICAL_SURFACE('',#13285,0.00635817271400649);
#239=CYLINDRICAL_SURFACE('',#13287,0.00635817271400649);
#240=CYLINDRICAL_SURFACE('',#13289,0.00635817271400649);
#241=CYLINDRICAL_SURFACE('',#13291,0.00635817271400648);
#242=CYLINDRICAL_SURFACE('',#13293,0.00635817271400648);
#243=CYLINDRICAL_SURFACE('',#13295,0.00635817271400648);
#244=CYLINDRICAL_SURFACE('',#13297,0.00635817271400648);
#245=CYLINDRICAL_SURFACE('',#13299,0.00635817271400648);
#246=CYLINDRICAL_SURFACE('',#13301,0.00635817271400649);
#247=CYLINDRICAL_SURFACE('',#13303,0.00635817271400649);
#248=CYLINDRICAL_SURFACE('',#13305,0.00635817271400649);
#249=CYLINDRICAL_SURFACE('',#13307,0.00635817271400649);
#250=CYLINDRICAL_SURFACE('',#13309,0.00635817271400648);
#251=CYLINDRICAL_SURFACE('',#13311,0.00635817271400648);
#252=CYLINDRICAL_SURFACE('',#13313,0.00635817271400648);
#253=CYLINDRICAL_SURFACE('',#13315,0.00635817271400648);
#254=CYLINDRICAL_SURFACE('',#13317,0.00635817271400648);
#255=CYLINDRICAL_SURFACE('',#13319,0.00635817271400649);
#256=CYLINDRICAL_SURFACE('',#13321,0.00635817271400649);
#257=CYLINDRICAL_SURFACE('',#13323,0.00635817271400649);
#258=CYLINDRICAL_SURFACE('',#13325,0.00635817271400648);
#259=CYLINDRICAL_SURFACE('',#13327,0.00635817271400648);
#260=CYLINDRICAL_SURFACE('',#13329,0.00635817271400648);
#261=CYLINDRICAL_SURFACE('',#13331,0.00635817271400648);
#262=CYLINDRICAL_SURFACE('',#13333,0.00635817271400648);
#263=CYLINDRICAL_SURFACE('',#13335,0.00635817271400648);
#264=CYLINDRICAL_SURFACE('',#13337,0.00635817271400649);
#265=CYLINDRICAL_SURFACE('',#13339,0.00635817271400649);
#266=CYLINDRICAL_SURFACE('',#13358,0.0127);
#267=CYLINDRICAL_SURFACE('',#13360,0.0127);
#268=CYLINDRICAL_SURFACE('',#13366,0.0127);
#269=CYLINDRICAL_SURFACE('',#13371,0.0127);
#270=CYLINDRICAL_SURFACE('',#13377,0.0025);
#271=CYLINDRICAL_SURFACE('',#13378,0.0025);
#272=CYLINDRICAL_SURFACE('',#13379,0.0025);
#273=CYLINDRICAL_SURFACE('',#13380,0.0025);
#274=CYLINDRICAL_SURFACE('',#13383,0.0127);
#275=CYLINDRICAL_SURFACE('',#13387,0.0127);
#276=CYLINDRICAL_SURFACE('',#13391,0.0127);
#277=CYLINDRICAL_SURFACE('',#13395,0.0127);
#278=CYLINDRICAL_SURFACE('',#13399,0.0127);
#279=CYLINDRICAL_SURFACE('',#13403,0.0127);
#280=CYLINDRICAL_SURFACE('',#13407,0.0127);
#281=CYLINDRICAL_SURFACE('',#13411,0.0127);
#282=CYLINDRICAL_SURFACE('',#13427,0.004);
#283=CYLINDRICAL_SURFACE('',#13429,0.004);
#284=CYLINDRICAL_SURFACE('',#13435,0.004);
#285=CYLINDRICAL_SURFACE('',#13437,0.004);
#286=CYLINDRICAL_SURFACE('',#13440,0.004);
#287=CYLINDRICAL_SURFACE('',#13447,0.004);
#288=CYLINDRICAL_SURFACE('',#13449,0.004);
#289=CYLINDRICAL_SURFACE('',#13455,0.004);
#290=CYLINDRICAL_SURFACE('',#13486,0.002);
#291=CYLINDRICAL_SURFACE('',#13488,0.002);
#292=CYLINDRICAL_SURFACE('',#13490,0.002);
#293=CYLINDRICAL_SURFACE('',#13491,0.002);
#294=CYLINDRICAL_SURFACE('',#13493,0.002);
#295=CYLINDRICAL_SURFACE('',#13495,0.002);
#296=CYLINDRICAL_SURFACE('',#13588,0.00157929221075609);
#297=CYLINDRICAL_SURFACE('',#13590,0.00157929221075609);
#298=CYLINDRICAL_SURFACE('',#13592,0.00157929221075609);
#299=CYLINDRICAL_SURFACE('',#13594,0.00157929221075609);
#300=CYLINDRICAL_SURFACE('',#13596,0.00157929221075609);
#301=CYLINDRICAL_SURFACE('',#13598,0.00157929221075609);
#302=CYLINDRICAL_SURFACE('',#13600,0.00157929221075609);
#303=CYLINDRICAL_SURFACE('',#13602,0.00157929221075609);
#304=CYLINDRICAL_SURFACE('',#13604,0.00157929221075609);
#305=CYLINDRICAL_SURFACE('',#13606,0.00157929221075609);
#306=CYLINDRICAL_SURFACE('',#13608,0.00157929221075609);
#307=CYLINDRICAL_SURFACE('',#13610,0.00157929221075609);
#308=CYLINDRICAL_SURFACE('',#13612,0.00157929221075609);
#309=CYLINDRICAL_SURFACE('',#13614,0.00157929221075609);
#310=CYLINDRICAL_SURFACE('',#13616,0.00157929221075609);
#311=CYLINDRICAL_SURFACE('',#13618,0.00157929221075609);
#312=CYLINDRICAL_SURFACE('',#13620,0.00157929221075609);
#313=CYLINDRICAL_SURFACE('',#13622,0.00157929221075609);
#314=CYLINDRICAL_SURFACE('',#13624,0.00157929221075609);
#315=CYLINDRICAL_SURFACE('',#13626,0.00157929221075609);
#316=CYLINDRICAL_SURFACE('',#13628,0.00157929221075609);
#317=CYLINDRICAL_SURFACE('',#13630,0.00157929221075609);
#318=CYLINDRICAL_SURFACE('',#13632,0.00157929221075609);
#319=CYLINDRICAL_SURFACE('',#13634,0.00157929221075609);
#320=CYLINDRICAL_SURFACE('',#13636,0.00157929221075609);
#321=CYLINDRICAL_SURFACE('',#13638,0.00157929221075609);
#322=CYLINDRICAL_SURFACE('',#13640,0.00157929221075609);
#323=CYLINDRICAL_SURFACE('',#13642,0.00157929221075609);
#324=CYLINDRICAL_SURFACE('',#13644,0.00157929221075609);
#325=CYLINDRICAL_SURFACE('',#13646,0.00157929221075609);
#326=CYLINDRICAL_SURFACE('',#13648,0.00157929221075609);
#327=CYLINDRICAL_SURFACE('',#13650,0.00157929221075609);
#328=CYLINDRICAL_SURFACE('',#13652,0.00157929221075609);
#329=CYLINDRICAL_SURFACE('',#13654,0.00157929221075609);
#330=CYLINDRICAL_SURFACE('',#13656,0.00157929221075609);
#331=CYLINDRICAL_SURFACE('',#13658,0.00157929221075609);
#332=CYLINDRICAL_SURFACE('',#13660,0.00157929221075609);
#333=CYLINDRICAL_SURFACE('',#13662,0.00157929221075609);
#334=CYLINDRICAL_SURFACE('',#13664,0.00157929221075609);
#335=CYLINDRICAL_SURFACE('',#13666,0.00157929221075609);
#336=CYLINDRICAL_SURFACE('',#13667,0.00157929221075609);
#337=CYLINDRICAL_SURFACE('',#13669,0.00157929221075609);
#338=CYLINDRICAL_SURFACE('',#13672,0.0238784375526328);
#339=CYLINDRICAL_SURFACE('',#13679,0.005);
#340=CYLINDRICAL_SURFACE('',#13681,0.0238784375526328);
#341=CYLINDRICAL_SURFACE('',#13689,0.00526688687897553);
#342=CYLINDRICAL_SURFACE('',#13692,0.00883471125546509);
#343=CYLINDRICAL_SURFACE('',#13700,0.01);
#344=CYLINDRICAL_SURFACE('',#13703,0.01);
#345=CYLINDRICAL_SURFACE('',#13706,0.01);
#346=CYLINDRICAL_SURFACE('',#13709,0.01);
#347=CYLINDRICAL_SURFACE('',#13735,0.0254361699685306);
#348=CYLINDRICAL_SURFACE('',#13775,0.01);
#349=CYLINDRICAL_SURFACE('',#13788,0.00344113867530602);
#350=CYLINDRICAL_SURFACE('',#13803,0.003);
#351=CYLINDRICAL_SURFACE('',#13805,0.0146985932130592);
#352=CYLINDRICAL_SURFACE('',#13814,0.005);
#353=CYLINDRICAL_SURFACE('',#13816,0.005);
#354=CYLINDRICAL_SURFACE('',#13819,0.0116985932130592);
#355=CYLINDRICAL_SURFACE('',#13827,0.00969859321305918);
#356=CYLINDRICAL_SURFACE('',#13838,0.0127);
#357=CYLINDRICAL_SURFACE('',#13841,0.0127);
#358=CYLINDRICAL_SURFACE('',#13844,0.0127);
#359=CYLINDRICAL_SURFACE('',#13849,0.0127);
#360=CYLINDRICAL_SURFACE('',#13869,0.0127);
#361=CYLINDRICAL_SURFACE('',#13871,0.0127);
#362=CYLINDRICAL_SURFACE('',#13873,0.0127);
#363=CYLINDRICAL_SURFACE('',#13876,0.0127);
#364=CYLINDRICAL_SURFACE('',#13882,0.0127);
#365=CYLINDRICAL_SURFACE('',#13884,0.0127);
#366=CYLINDRICAL_SURFACE('',#13886,0.0127);
#367=CYLINDRICAL_SURFACE('',#13888,0.0127);
#368=CYLINDRICAL_SURFACE('',#13903,0.0025);
#369=CYLINDRICAL_SURFACE('',#13906,0.0025);
#370=CYLINDRICAL_SURFACE('',#13909,0.0025);
#371=CYLINDRICAL_SURFACE('',#13912,0.0025);
#372=CYLINDRICAL_SURFACE('',#13916,0.0127);
#373=CYLINDRICAL_SURFACE('',#13918,0.0127);
#374=CIRCLE('',#12663,0.00754);
#375=CIRCLE('',#12664,0.00754);
#376=CIRCLE('',#12665,0.00754);
#377=CIRCLE('',#12666,0.00754);
#378=CIRCLE('',#12668,0.0126985932130592);
#379=CIRCLE('',#12670,0.0127);
#380=CIRCLE('',#12671,0.0127);
#381=CIRCLE('',#12672,0.0127);
#382=CIRCLE('',#12673,0.0127);
#383=CIRCLE('',#12675,0.0127);
#384=CIRCLE('',#12676,0.0127);
#385=CIRCLE('',#12678,0.0127);
#386=CIRCLE('',#12679,0.0127);
#387=CIRCLE('',#12682,0.0127);
#388=CIRCLE('',#12683,0.0127);
#389=CIRCLE('',#12685,0.0127);
#390=CIRCLE('',#12686,0.0127);
#391=CIRCLE('',#12689,0.0127);
#392=CIRCLE('',#12693,0.0127);
#393=CIRCLE('',#12695,0.0127);
#394=CIRCLE('',#12699,0.0127);
#395=CIRCLE('',#12701,0.0126985932130592);
#396=CIRCLE('',#12703,0.0127);
#397=CIRCLE('',#12704,0.0127);
#398=CIRCLE('',#12705,0.0127);
#399=CIRCLE('',#12706,0.0127);
#400=CIRCLE('',#12708,0.0127);
#401=CIRCLE('',#12711,0.0127);
#402=CIRCLE('',#12713,0.0127);
#403=CIRCLE('',#12716,0.0127);
#404=CIRCLE('',#12718,0.0025);
#405=CIRCLE('',#12719,0.0025);
#406=CIRCLE('',#12720,0.0025);
#407=CIRCLE('',#12721,0.0025);
#408=CIRCLE('',#12736,0.0025);
#409=CIRCLE('',#12739,0.0025);
#410=CIRCLE('',#12742,0.0025);
#411=CIRCLE('',#12745,0.0025);
#412=CIRCLE('',#12750,0.0238784375526328);
#413=CIRCLE('',#12751,0.0238784375526328);
#414=CIRCLE('',#12753,0.0278876569063222);
#415=CIRCLE('',#12754,0.0278876569063222);
#416=CIRCLE('',#12756,0.0258876569063222);
#417=CIRCLE('',#12761,0.00157929221075609);
#418=CIRCLE('',#12762,0.00157929221075609);
#419=CIRCLE('',#12763,0.00157929221075609);
#420=CIRCLE('',#12764,0.00157929221075609);
#421=CIRCLE('',#12765,0.00157929221075609);
#422=CIRCLE('',#12766,0.00157929221075609);
#423=CIRCLE('',#12767,0.00157929221075609);
#424=CIRCLE('',#12768,0.00157929221075609);
#425=CIRCLE('',#12769,0.00157929221075609);
#426=CIRCLE('',#12770,0.00157929221075609);
#427=CIRCLE('',#12771,0.00157929221075609);
#428=CIRCLE('',#12772,0.00157929221075609);
#429=CIRCLE('',#12773,0.00157929221075609);
#430=CIRCLE('',#12774,0.00157929221075609);
#431=CIRCLE('',#12775,0.00157929221075609);
#432=CIRCLE('',#12776,0.00157929221075609);
#433=CIRCLE('',#12777,0.00157929221075609);
#434=CIRCLE('',#12778,0.00157929221075609);
#435=CIRCLE('',#12779,0.00157929221075609);
#436=CIRCLE('',#12780,0.00157929221075609);
#437=CIRCLE('',#12781,0.00157929221075609);
#438=CIRCLE('',#12782,0.00157929221075609);
#439=CIRCLE('',#12783,0.00157929221075609);
#440=CIRCLE('',#12784,0.00157929221075609);
#441=CIRCLE('',#12785,0.00157929221075609);
#442=CIRCLE('',#12786,0.00157929221075609);
#443=CIRCLE('',#12787,0.00157929221075609);
#444=CIRCLE('',#12788,0.00157929221075609);
#445=CIRCLE('',#12789,0.00157929221075609);
#446=CIRCLE('',#12790,0.00157929221075609);
#447=CIRCLE('',#12791,0.00157929221075609);
#448=CIRCLE('',#12792,0.00157929221075609);
#449=CIRCLE('',#12793,0.00157929221075609);
#450=CIRCLE('',#12794,0.00157929221075609);
#451=CIRCLE('',#12795,0.00157929221075609);
#452=CIRCLE('',#12796,0.00157929221075609);
#453=CIRCLE('',#12797,0.00157929221075609);
#454=CIRCLE('',#12798,0.00157929221075609);
#455=CIRCLE('',#12799,0.00157929221075609);
#456=CIRCLE('',#12800,0.00157929221075609);
#457=CIRCLE('',#12801,0.00157929221075609);
#458=CIRCLE('',#12802,0.00157929221075609);
#459=CIRCLE('',#12804,0.00157929221075609);
#460=CIRCLE('',#12805,0.00157929221075609);
#461=CIRCLE('',#12806,0.00157929221075609);
#462=CIRCLE('',#12807,0.00157929221075609);
#463=CIRCLE('',#12808,0.00157929221075609);
#464=CIRCLE('',#12809,0.00157929221075609);
#465=CIRCLE('',#12810,0.00157929221075609);
#466=CIRCLE('',#12811,0.00157929221075609);
#467=CIRCLE('',#12812,0.00157929221075609);
#468=CIRCLE('',#12813,0.00157929221075609);
#469=CIRCLE('',#12814,0.00157929221075609);
#470=CIRCLE('',#12815,0.00157929221075609);
#471=CIRCLE('',#12816,0.00157929221075609);
#472=CIRCLE('',#12817,0.00157929221075609);
#473=CIRCLE('',#12818,0.00157929221075609);
#474=CIRCLE('',#12819,0.00157929221075609);
#475=CIRCLE('',#12820,0.00157929221075609);
#476=CIRCLE('',#12821,0.00157929221075609);
#477=CIRCLE('',#12822,0.00157929221075609);
#478=CIRCLE('',#12823,0.00157929221075609);
#479=CIRCLE('',#12824,0.00157929221075609);
#480=CIRCLE('',#12825,0.00157929221075609);
#481=CIRCLE('',#12826,0.00157929221075609);
#482=CIRCLE('',#12827,0.00157929221075609);
#483=CIRCLE('',#12828,0.00157929221075609);
#484=CIRCLE('',#12829,0.00157929221075609);
#485=CIRCLE('',#12830,0.00157929221075609);
#486=CIRCLE('',#12831,0.00157929221075609);
#487=CIRCLE('',#12832,0.00157929221075609);
#488=CIRCLE('',#12833,0.00157929221075609);
#489=CIRCLE('',#12834,0.00157929221075609);
#490=CIRCLE('',#12835,0.00157929221075609);
#491=CIRCLE('',#12836,0.00157929221075609);
#492=CIRCLE('',#12837,0.00157929221075609);
#493=CIRCLE('',#12838,0.00157929221075609);
#494=CIRCLE('',#12839,0.00157929221075609);
#495=CIRCLE('',#12840,0.00157929221075609);
#496=CIRCLE('',#12841,0.00157929221075609);
#497=CIRCLE('',#12842,0.00157929221075609);
#498=CIRCLE('',#12843,0.00157929221075609);
#499=CIRCLE('',#12844,0.00157929221075609);
#500=CIRCLE('',#12845,0.00157929221075609);
#501=CIRCLE('',#12951,0.00541019893528111);
#502=CIRCLE('',#12952,0.00541019893528111);
#503=CIRCLE('',#12953,0.00541019893528111);
#504=CIRCLE('',#12954,0.00541019893528111);
#505=CIRCLE('',#12955,0.00541019893528111);
#506=CIRCLE('',#12956,0.00559965103854325);
#507=CIRCLE('',#12957,0.00361595124680785);
#508=CIRCLE('',#12960,0.00741019893528111);
#509=CIRCLE('',#12961,0.00741019893528111);
#510=CIRCLE('',#12964,0.00541019893528111);
#511=CIRCLE('',#12965,0.00541019893528111);
#512=CIRCLE('',#12966,0.00541019893528111);
#513=CIRCLE('',#12967,0.00541019893528111);
#514=CIRCLE('',#12968,0.00541019893528111);
#515=CIRCLE('',#12970,0.00559965103854325);
#516=CIRCLE('',#12973,0.00361595124680785);
#517=CIRCLE('',#12979,0.00741019893528111);
#518=CIRCLE('',#12980,0.00741019893528111);
#519=CIRCLE('',#12984,0.00741019893528111);
#520=CIRCLE('',#12985,0.00741019893528111);
#521=CIRCLE('',#12989,0.00741019893528111);
#522=CIRCLE('',#12990,0.00741019893528111);
#523=CIRCLE('',#12994,0.00741019893528111);
#524=CIRCLE('',#12995,0.00741019893528111);
#525=CIRCLE('',#12998,0.002);
#526=CIRCLE('',#13000,0.002);
#527=CIRCLE('',#13002,0.002);
#528=CIRCLE('',#13006,0.002);
#529=CIRCLE('',#13008,0.002);
#530=CIRCLE('',#13012,0.002);
#531=CIRCLE('',#13014,0.002);
#532=CIRCLE('',#13018,0.002);
#533=CIRCLE('',#13020,0.002);
#534=CIRCLE('',#13024,0.002);
#535=CIRCLE('',#13028,0.002);
#536=CIRCLE('',#13030,0.002);
#537=CIRCLE('',#13032,0.002);
#538=CIRCLE('',#13036,0.002);
#539=CIRCLE('',#13038,0.002);
#540=CIRCLE('',#13042,0.002);
#541=CIRCLE('',#13044,0.002);
#542=CIRCLE('',#13048,0.002);
#543=CIRCLE('',#13050,0.002);
#544=CIRCLE('',#13054,0.002);
#545=CIRCLE('',#13058,0.0127);
#546=CIRCLE('',#13059,0.0127);
#547=CIRCLE('',#13061,0.0127);
#548=CIRCLE('',#13062,0.0127);
#549=CIRCLE('',#13064,0.0127);
#550=CIRCLE('',#13065,0.0127);
#551=CIRCLE('',#13071,0.00635817271400649);
#552=CIRCLE('',#13072,0.00635817271400649);
#553=CIRCLE('',#13073,0.00635817271400649);
#554=CIRCLE('',#13074,0.00635817271400648);
#555=CIRCLE('',#13075,0.00635817271400648);
#556=CIRCLE('',#13076,0.00635817271400648);
#557=CIRCLE('',#13077,0.00635817271400648);
#558=CIRCLE('',#13078,0.00635817271400648);
#559=CIRCLE('',#13079,0.00635817271400648);
#560=CIRCLE('',#13080,0.00635817271400649);
#561=CIRCLE('',#13081,0.00635817271400649);
#562=CIRCLE('',#13082,0.00635817271400648);
#563=CIRCLE('',#13083,0.00635817271400648);
#564=CIRCLE('',#13084,0.00635817271400648);
#565=CIRCLE('',#13085,0.00635817271400648);
#566=CIRCLE('',#13086,0.00635817271400648);
#567=CIRCLE('',#13087,0.00635817271400649);
#568=CIRCLE('',#13088,0.00635817271400649);
#569=CIRCLE('',#13089,0.00635817271400649);
#570=CIRCLE('',#13090,0.00635817271400649);
#571=CIRCLE('',#13091,0.00635817271400648);
#572=CIRCLE('',#13092,0.00635817271400648);
#573=CIRCLE('',#13093,0.00635817271400648);
#574=CIRCLE('',#13094,0.00635817271400648);
#575=CIRCLE('',#13095,0.00635817271400648);
#576=CIRCLE('',#13096,0.00635817271400649);
#577=CIRCLE('',#13097,0.00635817271400649);
#578=CIRCLE('',#13098,0.00635817271400649);
#579=CIRCLE('',#13099,0.00635817271400649);
#580=CIRCLE('',#13100,0.00635817271400648);
#581=CIRCLE('',#13101,0.00635817271400648);
#582=CIRCLE('',#13102,0.00635817271400648);
#583=CIRCLE('',#13103,0.00635817271400648);
#584=CIRCLE('',#13104,0.00635817271400648);
#585=CIRCLE('',#13105,0.00635817271400649);
#586=CIRCLE('',#13106,0.00635817271400649);
#587=CIRCLE('',#13107,0.00635817271400649);
#588=CIRCLE('',#13108,0.00635817271400649);
#589=CIRCLE('',#13109,0.00635817271400648);
#590=CIRCLE('',#13110,0.00635817271400648);
#591=CIRCLE('',#13111,0.00635817271400648);
#592=CIRCLE('',#13112,0.00635817271400648);
#593=CIRCLE('',#13113,0.00635817271400648);
#594=CIRCLE('',#13114,0.00635817271400649);
#595=CIRCLE('',#13115,0.00635817271400649);
#596=CIRCLE('',#13116,0.00635817271400649);
#597=CIRCLE('',#13117,0.00635817271400649);
#598=CIRCLE('',#13118,0.00635817271400648);
#599=CIRCLE('',#13119,0.00635817271400648);
#600=CIRCLE('',#13120,0.00635817271400648);
#601=CIRCLE('',#13121,0.00635817271400648);
#602=CIRCLE('',#13122,0.00635817271400648);
#603=CIRCLE('',#13123,0.00635817271400649);
#604=CIRCLE('',#13124,0.00635817271400649);
#605=CIRCLE('',#13125,0.00635817271400649);
#606=CIRCLE('',#13126,0.00635817271400649);
#607=CIRCLE('',#13127,0.00635817271400648);
#608=CIRCLE('',#13128,0.00635817271400648);
#609=CIRCLE('',#13129,0.00635817271400648);
#610=CIRCLE('',#13130,0.00635817271400648);
#611=CIRCLE('',#13131,0.00635817271400648);
#612=CIRCLE('',#13132,0.00635817271400649);
#613=CIRCLE('',#13133,0.00635817271400649);
#614=CIRCLE('',#13134,0.00635817271400649);
#615=CIRCLE('',#13135,0.00635817271400649);
#616=CIRCLE('',#13136,0.00635817271400648);
#617=CIRCLE('',#13137,0.00635817271400648);
#618=CIRCLE('',#13138,0.00635817271400648);
#619=CIRCLE('',#13139,0.00635817271400648);
#620=CIRCLE('',#13140,0.00635817271400648);
#621=CIRCLE('',#13141,0.00635817271400649);
#622=CIRCLE('',#13142,0.00635817271400649);
#623=CIRCLE('',#13143,0.00635817271400649);
#624=CIRCLE('',#13144,0.00635817271400649);
#625=CIRCLE('',#13145,0.00635817271400648);
#626=CIRCLE('',#13146,0.00635817271400648);
#627=CIRCLE('',#13147,0.00635817271400648);
#628=CIRCLE('',#13148,0.00635817271400648);
#629=CIRCLE('',#13149,0.00635817271400648);
#630=CIRCLE('',#13150,0.00635817271400649);
#631=CIRCLE('',#13151,0.00635817271400649);
#632=CIRCLE('',#13152,0.00635817271400649);
#633=CIRCLE('',#13153,0.00635817271400649);
#634=CIRCLE('',#13154,0.00635817271400648);
#635=CIRCLE('',#13155,0.00635817271400648);
#636=CIRCLE('',#13156,0.00635817271400648);
#637=CIRCLE('',#13157,0.00635817271400648);
#638=CIRCLE('',#13158,0.00635817271400648);
#639=CIRCLE('',#13159,0.00635817271400649);
#640=CIRCLE('',#13160,0.00635817271400649);
#641=CIRCLE('',#13162,0.00635817271400649);
#642=CIRCLE('',#13164,0.00635817271400649);
#643=CIRCLE('',#13166,0.00635817271400648);
#644=CIRCLE('',#13168,0.00635817271400648);
#645=CIRCLE('',#13170,0.00635817271400648);
#646=CIRCLE('',#13172,0.00635817271400648);
#647=CIRCLE('',#13174,0.00635817271400648);
#648=CIRCLE('',#13176,0.00635817271400649);
#649=CIRCLE('',#13178,0.00635817271400649);
#650=CIRCLE('',#13180,0.00635817271400649);
#651=CIRCLE('',#13182,0.00635817271400649);
#652=CIRCLE('',#13184,0.00635817271400648);
#653=CIRCLE('',#13186,0.00635817271400648);
#654=CIRCLE('',#13188,0.00635817271400648);
#655=CIRCLE('',#13190,0.00635817271400648);
#656=CIRCLE('',#13192,0.00635817271400648);
#657=CIRCLE('',#13194,0.00635817271400649);
#658=CIRCLE('',#13196,0.00635817271400649);
#659=CIRCLE('',#13198,0.00635817271400649);
#660=CIRCLE('',#13200,0.00635817271400649);
#661=CIRCLE('',#13202,0.00635817271400648);
#662=CIRCLE('',#13204,0.00635817271400648);
#663=CIRCLE('',#13206,0.00635817271400648);
#664=CIRCLE('',#13208,0.00635817271400648);
#665=CIRCLE('',#13210,0.00635817271400648);
#666=CIRCLE('',#13212,0.00635817271400649);
#667=CIRCLE('',#13214,0.00635817271400649);
#668=CIRCLE('',#13216,0.00635817271400649);
#669=CIRCLE('',#13218,0.00635817271400649);
#670=CIRCLE('',#13220,0.00635817271400648);
#671=CIRCLE('',#13222,0.00635817271400648);
#672=CIRCLE('',#13224,0.00635817271400648);
#673=CIRCLE('',#13226,0.00635817271400648);
#674=CIRCLE('',#13228,0.00635817271400648);
#675=CIRCLE('',#13230,0.00635817271400649);
#676=CIRCLE('',#13232,0.00635817271400649);
#677=CIRCLE('',#13234,0.00635817271400649);
#678=CIRCLE('',#13236,0.00635817271400649);
#679=CIRCLE('',#13238,0.00635817271400648);
#680=CIRCLE('',#13240,0.00635817271400648);
#681=CIRCLE('',#13242,0.00635817271400648);
#682=CIRCLE('',#13244,0.00635817271400648);
#683=CIRCLE('',#13246,0.00635817271400648);
#684=CIRCLE('',#13248,0.00635817271400649);
#685=CIRCLE('',#13250,0.00635817271400649);
#686=CIRCLE('',#13252,0.00635817271400649);
#687=CIRCLE('',#13254,0.00635817271400649);
#688=CIRCLE('',#13256,0.00635817271400648);
#689=CIRCLE('',#13258,0.00635817271400648);
#690=CIRCLE('',#13260,0.00635817271400648);
#691=CIRCLE('',#13262,0.00635817271400648);
#692=CIRCLE('',#13264,0.00635817271400648);
#693=CIRCLE('',#13266,0.00635817271400649);
#694=CIRCLE('',#13268,0.00635817271400649);
#695=CIRCLE('',#13270,0.00635817271400649);
#696=CIRCLE('',#13272,0.00635817271400649);
#697=CIRCLE('',#13274,0.00635817271400648);
#698=CIRCLE('',#13276,0.00635817271400648);
#699=CIRCLE('',#13278,0.00635817271400648);
#700=CIRCLE('',#13280,0.00635817271400648);
#701=CIRCLE('',#13282,0.00635817271400648);
#702=CIRCLE('',#13284,0.00635817271400649);
#703=CIRCLE('',#13286,0.00635817271400649);
#704=CIRCLE('',#13288,0.00635817271400649);
#705=CIRCLE('',#13290,0.00635817271400649);
#706=CIRCLE('',#13292,0.00635817271400648);
#707=CIRCLE('',#13294,0.00635817271400648);
#708=CIRCLE('',#13296,0.00635817271400648);
#709=CIRCLE('',#13298,0.00635817271400648);
#710=CIRCLE('',#13300,0.00635817271400648);
#711=CIRCLE('',#13302,0.00635817271400649);
#712=CIRCLE('',#13304,0.00635817271400649);
#713=CIRCLE('',#13306,0.00635817271400649);
#714=CIRCLE('',#13308,0.00635817271400649);
#715=CIRCLE('',#13310,0.00635817271400648);
#716=CIRCLE('',#13312,0.00635817271400648);
#717=CIRCLE('',#13314,0.00635817271400648);
#718=CIRCLE('',#13316,0.00635817271400648);
#719=CIRCLE('',#13318,0.00635817271400648);
#720=CIRCLE('',#13320,0.00635817271400649);
#721=CIRCLE('',#13322,0.00635817271400649);
#722=CIRCLE('',#13324,0.00635817271400649);
#723=CIRCLE('',#13326,0.00635817271400648);
#724=CIRCLE('',#13328,0.00635817271400648);
#725=CIRCLE('',#13330,0.00635817271400648);
#726=CIRCLE('',#13332,0.00635817271400648);
#727=CIRCLE('',#13334,0.00635817271400648);
#728=CIRCLE('',#13336,0.00635817271400648);
#729=CIRCLE('',#13338,0.00635817271400649);
#730=CIRCLE('',#13340,0.00635817271400649);
#731=CIRCLE('',#13344,0.0025);
#732=CIRCLE('',#13345,0.0025);
#733=CIRCLE('',#13346,0.0025);
#734=CIRCLE('',#13347,0.0025);
#735=CIRCLE('',#13348,0.0127);
#736=CIRCLE('',#13349,0.0127);
#737=CIRCLE('',#13350,0.0127);
#738=CIRCLE('',#13351,0.0127);
#739=CIRCLE('',#13353,0.0025);
#740=CIRCLE('',#13354,0.0127);
#741=CIRCLE('',#13361,0.0127);
#742=CIRCLE('',#13364,0.0025);
#743=CIRCLE('',#13367,0.0127);
#744=CIRCLE('',#13370,0.0025);
#745=CIRCLE('',#13372,0.0127);
#746=CIRCLE('',#13376,0.0025);
#747=CIRCLE('',#13384,0.0127);
#748=CIRCLE('',#13385,0.0127);
#749=CIRCLE('',#13388,0.0127);
#750=CIRCLE('',#13389,0.0127);
#751=CIRCLE('',#13392,0.0127);
#752=CIRCLE('',#13393,0.0127);
#753=CIRCLE('',#13396,0.0127);
#754=CIRCLE('',#13397,0.0127);
#755=CIRCLE('',#13400,0.0127);
#756=CIRCLE('',#13401,0.0127);
#757=CIRCLE('',#13404,0.0127);
#758=CIRCLE('',#13405,0.0127);
#759=CIRCLE('',#13408,0.0127);
#760=CIRCLE('',#13409,0.0127);
#761=CIRCLE('',#13412,0.0127);
#762=CIRCLE('',#13413,0.0127);
#763=CIRCLE('',#13415,0.0167);
#764=CIRCLE('',#13416,0.0167);
#765=CIRCLE('',#13417,0.0167);
#766=CIRCLE('',#13418,0.0167);
#767=CIRCLE('',#13419,0.0087);
#768=CIRCLE('',#13420,0.0087);
#769=CIRCLE('',#13421,0.0087);
#770=CIRCLE('',#13422,0.0087);
#771=CIRCLE('',#13425,0.004);
#772=CIRCLE('',#13426,0.004);
#773=CIRCLE('',#13428,0.004);
#774=CIRCLE('',#13430,0.004);
#775=CIRCLE('',#13432,0.004);
#776=CIRCLE('',#13434,0.004);
#777=CIRCLE('',#13436,0.004);
#778=CIRCLE('',#13438,0.004);
#779=CIRCLE('',#13441,0.004);
#780=CIRCLE('',#13442,0.004);
#781=CIRCLE('',#13444,0.004);
#782=CIRCLE('',#13446,0.004);
#783=CIRCLE('',#13448,0.004);
#784=CIRCLE('',#13450,0.004);
#785=CIRCLE('',#13452,0.004);
#786=CIRCLE('',#13454,0.004);
#787=CIRCLE('',#13474,0.002);
#788=CIRCLE('',#13475,0.002);
#789=CIRCLE('',#13478,0.002);
#790=CIRCLE('',#13479,0.002);
#791=CIRCLE('',#13498,0.00157929221075609);
#792=CIRCLE('',#13499,0.00157929221075609);
#793=CIRCLE('',#13500,0.00157929221075609);
#794=CIRCLE('',#13501,0.00157929221075609);
#795=CIRCLE('',#13502,0.00157929221075609);
#796=CIRCLE('',#13503,0.00157929221075609);
#797=CIRCLE('',#13504,0.00157929221075609);
#798=CIRCLE('',#13505,0.00157929221075609);
#799=CIRCLE('',#13506,0.00157929221075609);
#800=CIRCLE('',#13507,0.00157929221075609);
#801=CIRCLE('',#13508,0.00157929221075609);
#802=CIRCLE('',#13509,0.00157929221075609);
#803=CIRCLE('',#13510,0.00157929221075609);
#804=CIRCLE('',#13511,0.00157929221075609);
#805=CIRCLE('',#13512,0.00157929221075609);
#806=CIRCLE('',#13513,0.00157929221075609);
#807=CIRCLE('',#13514,0.00157929221075609);
#808=CIRCLE('',#13515,0.00157929221075609);
#809=CIRCLE('',#13516,0.00157929221075609);
#810=CIRCLE('',#13517,0.00157929221075609);
#811=CIRCLE('',#13518,0.00157929221075609);
#812=CIRCLE('',#13519,0.00157929221075609);
#813=CIRCLE('',#13520,0.00157929221075609);
#814=CIRCLE('',#13521,0.00157929221075609);
#815=CIRCLE('',#13522,0.00157929221075609);
#816=CIRCLE('',#13523,0.00157929221075609);
#817=CIRCLE('',#13524,0.00157929221075609);
#818=CIRCLE('',#13525,0.00157929221075609);
#819=CIRCLE('',#13526,0.00157929221075609);
#820=CIRCLE('',#13527,0.00157929221075609);
#821=CIRCLE('',#13528,0.00157929221075609);
#822=CIRCLE('',#13529,0.00157929221075609);
#823=CIRCLE('',#13530,0.00157929221075609);
#824=CIRCLE('',#13531,0.00157929221075609);
#825=CIRCLE('',#13532,0.00157929221075609);
#826=CIRCLE('',#13533,0.00157929221075609);
#827=CIRCLE('',#13534,0.00157929221075609);
#828=CIRCLE('',#13535,0.00157929221075609);
#829=CIRCLE('',#13536,0.00157929221075609);
#830=CIRCLE('',#13537,0.00157929221075609);
#831=CIRCLE('',#13538,0.00157929221075609);
#832=CIRCLE('',#13539,0.00157929221075609);
#833=CIRCLE('',#13541,0.00157929221075609);
#834=CIRCLE('',#13542,0.00157929221075609);
#835=CIRCLE('',#13543,0.00157929221075609);
#836=CIRCLE('',#13544,0.00157929221075609);
#837=CIRCLE('',#13545,0.00157929221075609);
#838=CIRCLE('',#13546,0.00157929221075609);
#839=CIRCLE('',#13547,0.00157929221075609);
#840=CIRCLE('',#13548,0.00157929221075609);
#841=CIRCLE('',#13549,0.00157929221075609);
#842=CIRCLE('',#13550,0.00157929221075609);
#843=CIRCLE('',#13551,0.00157929221075609);
#844=CIRCLE('',#13552,0.00157929221075609);
#845=CIRCLE('',#13553,0.00157929221075609);
#846=CIRCLE('',#13554,0.00157929221075609);
#847=CIRCLE('',#13555,0.00157929221075609);
#848=CIRCLE('',#13556,0.00157929221075609);
#849=CIRCLE('',#13557,0.00157929221075609);
#850=CIRCLE('',#13558,0.00157929221075609);
#851=CIRCLE('',#13559,0.00157929221075609);
#852=CIRCLE('',#13560,0.00157929221075609);
#853=CIRCLE('',#13561,0.00157929221075609);
#854=CIRCLE('',#13562,0.00157929221075609);
#855=CIRCLE('',#13563,0.00157929221075609);
#856=CIRCLE('',#13564,0.00157929221075609);
#857=CIRCLE('',#13565,0.00157929221075609);
#858=CIRCLE('',#13566,0.00157929221075609);
#859=CIRCLE('',#13567,0.00157929221075609);
#860=CIRCLE('',#13568,0.00157929221075609);
#861=CIRCLE('',#13569,0.00157929221075609);
#862=CIRCLE('',#13570,0.00157929221075609);
#863=CIRCLE('',#13571,0.00157929221075609);
#864=CIRCLE('',#13572,0.00157929221075609);
#865=CIRCLE('',#13573,0.00157929221075609);
#866=CIRCLE('',#13574,0.00157929221075609);
#867=CIRCLE('',#13575,0.00157929221075609);
#868=CIRCLE('',#13576,0.00157929221075609);
#869=CIRCLE('',#13577,0.00157929221075609);
#870=CIRCLE('',#13578,0.00157929221075609);
#871=CIRCLE('',#13579,0.00157929221075609);
#872=CIRCLE('',#13580,0.00157929221075609);
#873=CIRCLE('',#13581,0.00157929221075609);
#874=CIRCLE('',#13582,0.00157929221075609);
#875=CIRCLE('',#13673,0.0238784375526328);
#876=CIRCLE('',#13674,0.0238784375526328);
#877=CIRCLE('',#13676,0.005);
#878=CIRCLE('',#13678,0.005);
#879=CIRCLE('',#13682,0.0238784375526328);
#880=CIRCLE('',#13683,0.0238784375526328);
#881=CIRCLE('',#13685,0.00526688687897553);
#882=CIRCLE('',#13687,0.00526688687897553);
#883=CIRCLE('',#13688,0.00883471125546509);
#884=CIRCLE('',#13690,0.00526688687897553);
#885=CIRCLE('',#13693,0.00883471125546509);
#886=CIRCLE('',#13701,0.01);
#887=CIRCLE('',#13702,0.01);
#888=CIRCLE('',#13704,0.01);
#889=CIRCLE('',#13705,0.01);
#890=CIRCLE('',#13707,0.01);
#891=CIRCLE('',#13708,0.01);
#892=CIRCLE('',#13710,0.01);
#893=CIRCLE('',#13711,0.01);
#894=CIRCLE('',#13731,0.01);
#895=CIRCLE('',#13736,0.0254361699685306);
#896=CIRCLE('',#13737,0.0254361699685306);
#897=CIRCLE('',#13742,0.003);
#898=CIRCLE('',#13746,0.01);
#899=CIRCLE('',#13752,0.003);
#900=CIRCLE('',#13782,0.00344113867530602);
#901=CIRCLE('',#13785,0.00344113867530602);
#902=CIRCLE('',#13806,0.0146985932130592);
#903=CIRCLE('',#13807,0.0146985932130592);
#904=CIRCLE('',#13809,0.005);
#905=CIRCLE('',#13810,0.0126985932130592);
#906=CIRCLE('',#13812,0.005);
#907=CIRCLE('',#13817,0.005);
#908=CIRCLE('',#13818,0.005);
#909=CIRCLE('',#13820,0.0116985932130592);
#910=CIRCLE('',#13821,0.0116985932130592);
#911=CIRCLE('',#13823,0.00969859321305918);
#912=CIRCLE('',#13826,0.00969859321305918);
#913=CIRCLE('',#13832,0.0127);
#914=CIRCLE('',#13833,0.0127);
#915=CIRCLE('',#13834,0.0127);
#916=CIRCLE('',#13835,0.0127);
#917=CIRCLE('',#13839,0.0127);
#918=CIRCLE('',#13840,0.0127);
#919=CIRCLE('',#13842,0.0127);
#920=CIRCLE('',#13843,0.0127);
#921=CIRCLE('',#13845,0.0127);
#922=CIRCLE('',#13846,0.0127);
#923=CIRCLE('',#13847,0.0127);
#924=CIRCLE('',#13848,0.0127);
#925=CIRCLE('',#13850,0.0127);
#926=CIRCLE('',#13851,0.0127);
#927=CIRCLE('',#13855,0.0025);
#928=CIRCLE('',#13856,0.0025);
#929=CIRCLE('',#13857,0.0025);
#930=CIRCLE('',#13858,0.0025);
#931=CIRCLE('',#13859,0.0127);
#932=CIRCLE('',#13860,0.0127);
#933=CIRCLE('',#13861,0.0127);
#934=CIRCLE('',#13862,0.0127);
#935=CIRCLE('',#13865,0.0127);
#936=CIRCLE('',#13866,0.0127);
#937=CIRCLE('',#13867,0.0127);
#938=CIRCLE('',#13868,0.0127);
#939=CIRCLE('',#13870,0.0127);
#940=CIRCLE('',#13872,0.0127);
#941=CIRCLE('',#13874,0.0127);
#942=CIRCLE('',#13877,0.0127);
#943=CIRCLE('',#13879,0.0127);
#944=CIRCLE('',#13880,0.0127);
#945=CIRCLE('',#13904,0.0025);
#946=CIRCLE('',#13907,0.0025);
#947=CIRCLE('',#13910,0.0025);
#948=CIRCLE('',#13913,0.0025);
#949=CIRCLE('',#13917,0.0127);
#950=CIRCLE('',#13919,0.0127);
#951=ORIENTED_EDGE('',*,*,#4253,.F.);
#952=ORIENTED_EDGE('',*,*,#4254,.F.);
#953=ORIENTED_EDGE('',*,*,#4255,.F.);
#954=ORIENTED_EDGE('',*,*,#4256,.F.);
#955=ORIENTED_EDGE('',*,*,#4257,.F.);
#956=ORIENTED_EDGE('',*,*,#4258,.F.);
#957=ORIENTED_EDGE('',*,*,#4259,.F.);
#958=ORIENTED_EDGE('',*,*,#4260,.F.);
#959=ORIENTED_EDGE('',*,*,#4261,.F.);
#960=ORIENTED_EDGE('',*,*,#4262,.T.);
#961=ORIENTED_EDGE('',*,*,#4263,.T.);
#962=ORIENTED_EDGE('',*,*,#4264,.F.);
#963=ORIENTED_EDGE('',*,*,#4265,.T.);
#964=ORIENTED_EDGE('',*,*,#4266,.T.);
#965=ORIENTED_EDGE('',*,*,#4267,.T.);
#966=ORIENTED_EDGE('',*,*,#4268,.F.);
#967=ORIENTED_EDGE('',*,*,#4269,.F.);
#968=ORIENTED_EDGE('',*,*,#4270,.F.);
#969=ORIENTED_EDGE('',*,*,#4271,.T.);
#970=ORIENTED_EDGE('',*,*,#4272,.F.);
#971=ORIENTED_EDGE('',*,*,#4273,.F.);
#972=ORIENTED_EDGE('',*,*,#4274,.F.);
#973=ORIENTED_EDGE('',*,*,#4275,.F.);
#974=ORIENTED_EDGE('',*,*,#4276,.F.);
#975=ORIENTED_EDGE('',*,*,#4277,.T.);
#976=ORIENTED_EDGE('',*,*,#4278,.F.);
#977=ORIENTED_EDGE('',*,*,#4279,.T.);
#978=ORIENTED_EDGE('',*,*,#4280,.T.);
#979=ORIENTED_EDGE('',*,*,#4281,.F.);
#980=ORIENTED_EDGE('',*,*,#4280,.F.);
#981=ORIENTED_EDGE('',*,*,#4282,.T.);
#982=ORIENTED_EDGE('',*,*,#4283,.T.);
#983=ORIENTED_EDGE('',*,*,#4284,.F.);
#984=ORIENTED_EDGE('',*,*,#4285,.F.);
#985=ORIENTED_EDGE('',*,*,#4286,.T.);
#986=ORIENTED_EDGE('',*,*,#4278,.T.);
#987=ORIENTED_EDGE('',*,*,#4287,.F.);
#988=ORIENTED_EDGE('',*,*,#4288,.F.);
#989=ORIENTED_EDGE('',*,*,#4285,.T.);
#990=ORIENTED_EDGE('',*,*,#4289,.T.);
#991=ORIENTED_EDGE('',*,*,#4290,.F.);
#992=ORIENTED_EDGE('',*,*,#4262,.F.);
#993=ORIENTED_EDGE('',*,*,#4291,.T.);
#994=ORIENTED_EDGE('',*,*,#4290,.T.);
#995=ORIENTED_EDGE('',*,*,#4292,.F.);
#996=ORIENTED_EDGE('',*,*,#4293,.F.);
#997=ORIENTED_EDGE('',*,*,#4294,.T.);
#998=ORIENTED_EDGE('',*,*,#4264,.T.);
#999=ORIENTED_EDGE('',*,*,#4295,.F.);
#1000=ORIENTED_EDGE('',*,*,#4283,.F.);
#1001=ORIENTED_EDGE('',*,*,#4296,.T.);
#1002=ORIENTED_EDGE('',*,*,#4293,.T.);
#1003=ORIENTED_EDGE('',*,*,#4297,.F.);
#1004=ORIENTED_EDGE('',*,*,#4298,.F.);
#1005=ORIENTED_EDGE('',*,*,#4260,.T.);
#1006=ORIENTED_EDGE('',*,*,#4299,.F.);
#1007=ORIENTED_EDGE('',*,*,#4300,.F.);
#1008=ORIENTED_EDGE('',*,*,#4301,.F.);
#1009=ORIENTED_EDGE('',*,*,#4253,.T.);
#1010=ORIENTED_EDGE('',*,*,#4298,.T.);
#1011=ORIENTED_EDGE('',*,*,#4302,.F.);
#1012=ORIENTED_EDGE('',*,*,#4299,.T.);
#1013=ORIENTED_EDGE('',*,*,#4259,.T.);
#1014=ORIENTED_EDGE('',*,*,#4303,.F.);
#1015=ORIENTED_EDGE('',*,*,#4304,.F.);
#1016=ORIENTED_EDGE('',*,*,#4305,.F.);
#1017=ORIENTED_EDGE('',*,*,#4254,.T.);
#1018=ORIENTED_EDGE('',*,*,#4301,.T.);
#1019=ORIENTED_EDGE('',*,*,#4306,.F.);
#1020=ORIENTED_EDGE('',*,*,#4303,.T.);
#1021=ORIENTED_EDGE('',*,*,#4258,.T.);
#1022=ORIENTED_EDGE('',*,*,#4307,.F.);
#1023=ORIENTED_EDGE('',*,*,#4308,.F.);
#1024=ORIENTED_EDGE('',*,*,#4309,.F.);
#1025=ORIENTED_EDGE('',*,*,#4255,.T.);
#1026=ORIENTED_EDGE('',*,*,#4305,.T.);
#1027=ORIENTED_EDGE('',*,*,#4310,.F.);
#1028=ORIENTED_EDGE('',*,*,#4307,.T.);
#1029=ORIENTED_EDGE('',*,*,#4257,.T.);
#1030=ORIENTED_EDGE('',*,*,#4311,.F.);
#1031=ORIENTED_EDGE('',*,*,#4312,.F.);
#1032=ORIENTED_EDGE('',*,*,#4311,.T.);
#1033=ORIENTED_EDGE('',*,*,#4256,.T.);
#1034=ORIENTED_EDGE('',*,*,#4309,.T.);
#1035=ORIENTED_EDGE('',*,*,#4313,.F.);
#1036=ORIENTED_EDGE('',*,*,#4314,.T.);
#1037=ORIENTED_EDGE('',*,*,#4315,.T.);
#1038=ORIENTED_EDGE('',*,*,#4316,.F.);
#1039=ORIENTED_EDGE('',*,*,#4317,.F.);
#1040=ORIENTED_EDGE('',*,*,#4318,.F.);
#1041=ORIENTED_EDGE('',*,*,#4319,.F.);
#1042=ORIENTED_EDGE('',*,*,#4310,.T.);
#1043=ORIENTED_EDGE('',*,*,#4320,.T.);
#1044=ORIENTED_EDGE('',*,*,#4321,.F.);
#1045=ORIENTED_EDGE('',*,*,#4322,.F.);
#1046=ORIENTED_EDGE('',*,*,#4304,.T.);
#1047=ORIENTED_EDGE('',*,*,#4323,.T.);
#1048=ORIENTED_EDGE('',*,*,#4324,.T.);
#1049=ORIENTED_EDGE('',*,*,#4325,.F.);
#1050=ORIENTED_EDGE('',*,*,#4326,.T.);
#1051=ORIENTED_EDGE('',*,*,#4327,.F.);
#1052=ORIENTED_EDGE('',*,*,#4328,.T.);
#1053=ORIENTED_EDGE('',*,*,#4329,.F.);
#1054=ORIENTED_EDGE('',*,*,#4330,.F.);
#1055=ORIENTED_EDGE('',*,*,#4331,.F.);
#1056=ORIENTED_EDGE('',*,*,#4332,.F.);
#1057=ORIENTED_EDGE('',*,*,#4333,.F.);
#1058=ORIENTED_EDGE('',*,*,#4300,.T.);
#1059=ORIENTED_EDGE('',*,*,#4322,.T.);
#1060=ORIENTED_EDGE('',*,*,#4334,.T.);
#1061=ORIENTED_EDGE('',*,*,#4335,.F.);
#1062=ORIENTED_EDGE('',*,*,#4302,.T.);
#1063=ORIENTED_EDGE('',*,*,#4333,.T.);
#1064=ORIENTED_EDGE('',*,*,#4336,.T.);
#1065=ORIENTED_EDGE('',*,*,#4320,.F.);
#1066=ORIENTED_EDGE('',*,*,#4306,.T.);
#1067=ORIENTED_EDGE('',*,*,#4335,.T.);
#1068=ORIENTED_EDGE('',*,*,#4337,.T.);
#1069=ORIENTED_EDGE('',*,*,#4338,.F.);
#1070=ORIENTED_EDGE('',*,*,#4313,.T.);
#1071=ORIENTED_EDGE('',*,*,#4319,.T.);
#1072=ORIENTED_EDGE('',*,*,#4339,.T.);
#1073=ORIENTED_EDGE('',*,*,#4340,.F.);
#1074=ORIENTED_EDGE('',*,*,#4312,.T.);
#1075=ORIENTED_EDGE('',*,*,#4338,.T.);
#1076=ORIENTED_EDGE('',*,*,#4341,.F.);
#1077=ORIENTED_EDGE('',*,*,#4323,.F.);
#1078=ORIENTED_EDGE('',*,*,#4308,.T.);
#1079=ORIENTED_EDGE('',*,*,#4340,.T.);
#1080=ORIENTED_EDGE('',*,*,#4342,.T.);
#1081=ORIENTED_EDGE('',*,*,#4343,.T.);
#1082=ORIENTED_EDGE('',*,*,#4344,.T.);
#1083=ORIENTED_EDGE('',*,*,#4345,.T.);
#1084=ORIENTED_EDGE('',*,*,#4346,.T.);
#1085=ORIENTED_EDGE('',*,*,#4284,.T.);
#1086=ORIENTED_EDGE('',*,*,#4297,.T.);
#1087=ORIENTED_EDGE('',*,*,#4295,.T.);
#1088=ORIENTED_EDGE('',*,*,#4263,.F.);
#1089=ORIENTED_EDGE('',*,*,#4292,.T.);
#1090=ORIENTED_EDGE('',*,*,#4289,.F.);
#1091=ORIENTED_EDGE('',*,*,#4287,.T.);
#1092=ORIENTED_EDGE('',*,*,#4281,.T.);
#1093=ORIENTED_EDGE('',*,*,#4324,.F.);
#1094=ORIENTED_EDGE('',*,*,#4342,.F.);
#1095=ORIENTED_EDGE('',*,*,#4341,.T.);
#1096=ORIENTED_EDGE('',*,*,#4339,.F.);
#1097=ORIENTED_EDGE('',*,*,#4321,.T.);
#1098=ORIENTED_EDGE('',*,*,#4337,.F.);
#1099=ORIENTED_EDGE('',*,*,#4336,.F.);
#1100=ORIENTED_EDGE('',*,*,#4334,.F.);
#1101=ORIENTED_EDGE('',*,*,#4347,.T.);
#1102=ORIENTED_EDGE('',*,*,#4326,.F.);
#1103=ORIENTED_EDGE('',*,*,#4348,.F.);
#1104=ORIENTED_EDGE('',*,*,#4271,.F.);
#1105=ORIENTED_EDGE('',*,*,#4272,.T.);
#1106=ORIENTED_EDGE('',*,*,#4348,.T.);
#1107=ORIENTED_EDGE('',*,*,#4325,.T.);
#1108=ORIENTED_EDGE('',*,*,#4349,.F.);
#1109=ORIENTED_EDGE('',*,*,#4273,.T.);
#1110=ORIENTED_EDGE('',*,*,#4349,.T.);
#1111=ORIENTED_EDGE('',*,*,#4332,.T.);
#1112=ORIENTED_EDGE('',*,*,#4350,.F.);
#1113=ORIENTED_EDGE('',*,*,#4274,.T.);
#1114=ORIENTED_EDGE('',*,*,#4350,.T.);
#1115=ORIENTED_EDGE('',*,*,#4331,.T.);
#1116=ORIENTED_EDGE('',*,*,#4351,.F.);
#1117=ORIENTED_EDGE('',*,*,#4275,.T.);
#1118=ORIENTED_EDGE('',*,*,#4351,.T.);
#1119=ORIENTED_EDGE('',*,*,#4330,.T.);
#1120=ORIENTED_EDGE('',*,*,#4352,.F.);
#1121=ORIENTED_EDGE('',*,*,#4276,.T.);
#1122=ORIENTED_EDGE('',*,*,#4352,.T.);
#1123=ORIENTED_EDGE('',*,*,#4329,.T.);
#1124=ORIENTED_EDGE('',*,*,#4353,.F.);
#1125=ORIENTED_EDGE('',*,*,#4353,.T.);
#1126=ORIENTED_EDGE('',*,*,#4328,.F.);
#1127=ORIENTED_EDGE('',*,*,#4354,.F.);
#1128=ORIENTED_EDGE('',*,*,#4277,.F.);
#1129=ORIENTED_EDGE('',*,*,#4270,.T.);
#1130=ORIENTED_EDGE('',*,*,#4354,.T.);
#1131=ORIENTED_EDGE('',*,*,#4327,.T.);
#1132=ORIENTED_EDGE('',*,*,#4347,.F.);
#1133=ORIENTED_EDGE('',*,*,#4318,.T.);
#1134=ORIENTED_EDGE('',*,*,#4265,.F.);
#1135=ORIENTED_EDGE('',*,*,#4314,.F.);
#1136=ORIENTED_EDGE('',*,*,#4355,.T.);
#1137=ORIENTED_EDGE('',*,*,#4267,.F.);
#1138=ORIENTED_EDGE('',*,*,#4356,.F.);
#1139=ORIENTED_EDGE('',*,*,#4316,.T.);
#1140=ORIENTED_EDGE('',*,*,#4357,.T.);
#1141=ORIENTED_EDGE('',*,*,#4269,.T.);
#1142=ORIENTED_EDGE('',*,*,#4358,.F.);
#1143=ORIENTED_EDGE('',*,*,#4317,.T.);
#1144=ORIENTED_EDGE('',*,*,#4358,.T.);
#1145=ORIENTED_EDGE('',*,*,#4268,.T.);
#1146=ORIENTED_EDGE('',*,*,#4355,.F.);
#1147=ORIENTED_EDGE('',*,*,#4356,.T.);
#1148=ORIENTED_EDGE('',*,*,#4266,.F.);
#1149=ORIENTED_EDGE('',*,*,#4357,.F.);
#1150=ORIENTED_EDGE('',*,*,#4315,.F.);
#1151=ORIENTED_EDGE('',*,*,#4359,.T.);
#1152=ORIENTED_EDGE('',*,*,#4346,.F.);
#1153=ORIENTED_EDGE('',*,*,#4359,.F.);
#1154=ORIENTED_EDGE('',*,*,#4360,.T.);
#1155=ORIENTED_EDGE('',*,*,#4345,.F.);
#1156=ORIENTED_EDGE('',*,*,#4360,.F.);
#1157=ORIENTED_EDGE('',*,*,#4361,.T.);
#1158=ORIENTED_EDGE('',*,*,#4344,.F.);
#1159=ORIENTED_EDGE('',*,*,#4361,.F.);
#1160=ORIENTED_EDGE('',*,*,#4362,.T.);
#1161=ORIENTED_EDGE('',*,*,#4343,.F.);
#1162=ORIENTED_EDGE('',*,*,#4362,.F.);
#1163=ORIENTED_EDGE('',*,*,#4279,.F.);
#1164=ORIENTED_EDGE('',*,*,#4286,.F.);
#1165=ORIENTED_EDGE('',*,*,#4288,.T.);
#1166=ORIENTED_EDGE('',*,*,#4291,.F.);
#1167=ORIENTED_EDGE('',*,*,#4261,.T.);
#1168=ORIENTED_EDGE('',*,*,#4294,.F.);
#1169=ORIENTED_EDGE('',*,*,#4296,.F.);
#1170=ORIENTED_EDGE('',*,*,#4282,.F.);
#1171=ORIENTED_EDGE('',*,*,#4363,.T.);
#1172=ORIENTED_EDGE('',*,*,#4364,.F.);
#1173=ORIENTED_EDGE('',*,*,#4365,.T.);
#1174=ORIENTED_EDGE('',*,*,#4366,.T.);
#1175=ORIENTED_EDGE('',*,*,#4367,.T.);
#1176=ORIENTED_EDGE('',*,*,#4363,.F.);
#1177=ORIENTED_EDGE('',*,*,#4364,.T.);
#1178=ORIENTED_EDGE('',*,*,#4366,.F.);
#1179=ORIENTED_EDGE('',*,*,#4365,.F.);
#1180=ORIENTED_EDGE('',*,*,#4367,.F.);
#1181=ORIENTED_EDGE('',*,*,#4368,.F.);
#1182=ORIENTED_EDGE('',*,*,#4369,.F.);
#1183=ORIENTED_EDGE('',*,*,#4370,.T.);
#1184=ORIENTED_EDGE('',*,*,#4371,.T.);
#1185=ORIENTED_EDGE('',*,*,#4372,.F.);
#1186=ORIENTED_EDGE('',*,*,#4373,.T.);
#1187=ORIENTED_EDGE('',*,*,#4374,.T.);
#1188=ORIENTED_EDGE('',*,*,#4375,.F.);
#1189=ORIENTED_EDGE('',*,*,#4376,.F.);
#1190=ORIENTED_EDGE('',*,*,#4377,.T.);
#1191=ORIENTED_EDGE('',*,*,#4378,.T.);
#1192=ORIENTED_EDGE('',*,*,#4379,.F.);
#1193=ORIENTED_EDGE('',*,*,#4380,.F.);
#1194=ORIENTED_EDGE('',*,*,#4381,.T.);
#1195=ORIENTED_EDGE('',*,*,#4382,.T.);
#1196=ORIENTED_EDGE('',*,*,#4383,.F.);
#1197=ORIENTED_EDGE('',*,*,#4384,.F.);
#1198=ORIENTED_EDGE('',*,*,#4385,.T.);
#1199=ORIENTED_EDGE('',*,*,#4386,.T.);
#1200=ORIENTED_EDGE('',*,*,#4387,.F.);
#1201=ORIENTED_EDGE('',*,*,#4388,.F.);
#1202=ORIENTED_EDGE('',*,*,#4389,.T.);
#1203=ORIENTED_EDGE('',*,*,#4390,.T.);
#1204=ORIENTED_EDGE('',*,*,#4391,.F.);
#1205=ORIENTED_EDGE('',*,*,#4392,.F.);
#1206=ORIENTED_EDGE('',*,*,#4393,.T.);
#1207=ORIENTED_EDGE('',*,*,#4394,.T.);
#1208=ORIENTED_EDGE('',*,*,#4395,.F.);
#1209=ORIENTED_EDGE('',*,*,#4396,.F.);
#1210=ORIENTED_EDGE('',*,*,#4397,.T.);
#1211=ORIENTED_EDGE('',*,*,#4398,.T.);
#1212=ORIENTED_EDGE('',*,*,#4399,.F.);
#1213=ORIENTED_EDGE('',*,*,#4400,.F.);
#1214=ORIENTED_EDGE('',*,*,#4401,.T.);
#1215=ORIENTED_EDGE('',*,*,#4402,.T.);
#1216=ORIENTED_EDGE('',*,*,#4403,.F.);
#1217=ORIENTED_EDGE('',*,*,#4404,.F.);
#1218=ORIENTED_EDGE('',*,*,#4405,.T.);
#1219=ORIENTED_EDGE('',*,*,#4406,.T.);
#1220=ORIENTED_EDGE('',*,*,#4407,.F.);
#1221=ORIENTED_EDGE('',*,*,#4408,.F.);
#1222=ORIENTED_EDGE('',*,*,#4409,.T.);
#1223=ORIENTED_EDGE('',*,*,#4410,.T.);
#1224=ORIENTED_EDGE('',*,*,#4411,.F.);
#1225=ORIENTED_EDGE('',*,*,#4412,.F.);
#1226=ORIENTED_EDGE('',*,*,#4413,.T.);
#1227=ORIENTED_EDGE('',*,*,#4414,.T.);
#1228=ORIENTED_EDGE('',*,*,#4415,.F.);
#1229=ORIENTED_EDGE('',*,*,#4416,.F.);
#1230=ORIENTED_EDGE('',*,*,#4417,.T.);
#1231=ORIENTED_EDGE('',*,*,#4418,.T.);
#1232=ORIENTED_EDGE('',*,*,#4419,.F.);
#1233=ORIENTED_EDGE('',*,*,#4420,.F.);
#1234=ORIENTED_EDGE('',*,*,#4421,.T.);
#1235=ORIENTED_EDGE('',*,*,#4422,.T.);
#1236=ORIENTED_EDGE('',*,*,#4423,.F.);
#1237=ORIENTED_EDGE('',*,*,#4424,.F.);
#1238=ORIENTED_EDGE('',*,*,#4425,.T.);
#1239=ORIENTED_EDGE('',*,*,#4426,.T.);
#1240=ORIENTED_EDGE('',*,*,#4427,.F.);
#1241=ORIENTED_EDGE('',*,*,#4428,.F.);
#1242=ORIENTED_EDGE('',*,*,#4429,.T.);
#1243=ORIENTED_EDGE('',*,*,#4430,.T.);
#1244=ORIENTED_EDGE('',*,*,#4431,.F.);
#1245=ORIENTED_EDGE('',*,*,#4432,.F.);
#1246=ORIENTED_EDGE('',*,*,#4433,.T.);
#1247=ORIENTED_EDGE('',*,*,#4434,.T.);
#1248=ORIENTED_EDGE('',*,*,#4435,.F.);
#1249=ORIENTED_EDGE('',*,*,#4436,.F.);
#1250=ORIENTED_EDGE('',*,*,#4437,.T.);
#1251=ORIENTED_EDGE('',*,*,#4438,.T.);
#1252=ORIENTED_EDGE('',*,*,#4439,.F.);
#1253=ORIENTED_EDGE('',*,*,#4440,.F.);
#1254=ORIENTED_EDGE('',*,*,#4441,.T.);
#1255=ORIENTED_EDGE('',*,*,#4442,.T.);
#1256=ORIENTED_EDGE('',*,*,#4443,.F.);
#1257=ORIENTED_EDGE('',*,*,#4444,.F.);
#1258=ORIENTED_EDGE('',*,*,#4445,.T.);
#1259=ORIENTED_EDGE('',*,*,#4446,.T.);
#1260=ORIENTED_EDGE('',*,*,#4447,.F.);
#1261=ORIENTED_EDGE('',*,*,#4448,.F.);
#1262=ORIENTED_EDGE('',*,*,#4449,.T.);
#1263=ORIENTED_EDGE('',*,*,#4450,.T.);
#1264=ORIENTED_EDGE('',*,*,#4451,.F.);
#1265=ORIENTED_EDGE('',*,*,#4452,.F.);
#1266=ORIENTED_EDGE('',*,*,#4453,.T.);
#1267=ORIENTED_EDGE('',*,*,#4454,.T.);
#1268=ORIENTED_EDGE('',*,*,#4455,.F.);
#1269=ORIENTED_EDGE('',*,*,#4456,.T.);
#1270=ORIENTED_EDGE('',*,*,#4457,.F.);
#1271=ORIENTED_EDGE('',*,*,#4458,.F.);
#1272=ORIENTED_EDGE('',*,*,#4459,.T.);
#1273=ORIENTED_EDGE('',*,*,#4460,.T.);
#1274=ORIENTED_EDGE('',*,*,#4461,.F.);
#1275=ORIENTED_EDGE('',*,*,#4462,.F.);
#1276=ORIENTED_EDGE('',*,*,#4463,.T.);
#1277=ORIENTED_EDGE('',*,*,#4464,.T.);
#1278=ORIENTED_EDGE('',*,*,#4465,.F.);
#1279=ORIENTED_EDGE('',*,*,#4466,.F.);
#1280=ORIENTED_EDGE('',*,*,#4467,.T.);
#1281=ORIENTED_EDGE('',*,*,#4468,.T.);
#1282=ORIENTED_EDGE('',*,*,#4469,.F.);
#1283=ORIENTED_EDGE('',*,*,#4470,.F.);
#1284=ORIENTED_EDGE('',*,*,#4471,.T.);
#1285=ORIENTED_EDGE('',*,*,#4472,.T.);
#1286=ORIENTED_EDGE('',*,*,#4473,.F.);
#1287=ORIENTED_EDGE('',*,*,#4474,.F.);
#1288=ORIENTED_EDGE('',*,*,#4475,.T.);
#1289=ORIENTED_EDGE('',*,*,#4476,.T.);
#1290=ORIENTED_EDGE('',*,*,#4477,.F.);
#1291=ORIENTED_EDGE('',*,*,#4478,.F.);
#1292=ORIENTED_EDGE('',*,*,#4479,.T.);
#1293=ORIENTED_EDGE('',*,*,#4480,.T.);
#1294=ORIENTED_EDGE('',*,*,#4481,.F.);
#1295=ORIENTED_EDGE('',*,*,#4482,.F.);
#1296=ORIENTED_EDGE('',*,*,#4483,.T.);
#1297=ORIENTED_EDGE('',*,*,#4484,.T.);
#1298=ORIENTED_EDGE('',*,*,#4485,.F.);
#1299=ORIENTED_EDGE('',*,*,#4486,.F.);
#1300=ORIENTED_EDGE('',*,*,#4487,.T.);
#1301=ORIENTED_EDGE('',*,*,#4488,.T.);
#1302=ORIENTED_EDGE('',*,*,#4489,.F.);
#1303=ORIENTED_EDGE('',*,*,#4490,.F.);
#1304=ORIENTED_EDGE('',*,*,#4491,.T.);
#1305=ORIENTED_EDGE('',*,*,#4492,.T.);
#1306=ORIENTED_EDGE('',*,*,#4493,.F.);
#1307=ORIENTED_EDGE('',*,*,#4494,.F.);
#1308=ORIENTED_EDGE('',*,*,#4495,.T.);
#1309=ORIENTED_EDGE('',*,*,#4496,.T.);
#1310=ORIENTED_EDGE('',*,*,#4497,.F.);
#1311=ORIENTED_EDGE('',*,*,#4498,.F.);
#1312=ORIENTED_EDGE('',*,*,#4499,.T.);
#1313=ORIENTED_EDGE('',*,*,#4500,.T.);
#1314=ORIENTED_EDGE('',*,*,#4501,.F.);
#1315=ORIENTED_EDGE('',*,*,#4502,.F.);
#1316=ORIENTED_EDGE('',*,*,#4503,.T.);
#1317=ORIENTED_EDGE('',*,*,#4504,.T.);
#1318=ORIENTED_EDGE('',*,*,#4505,.F.);
#1319=ORIENTED_EDGE('',*,*,#4506,.F.);
#1320=ORIENTED_EDGE('',*,*,#4507,.T.);
#1321=ORIENTED_EDGE('',*,*,#4508,.T.);
#1322=ORIENTED_EDGE('',*,*,#4509,.F.);
#1323=ORIENTED_EDGE('',*,*,#4510,.F.);
#1324=ORIENTED_EDGE('',*,*,#4511,.T.);
#1325=ORIENTED_EDGE('',*,*,#4512,.T.);
#1326=ORIENTED_EDGE('',*,*,#4513,.F.);
#1327=ORIENTED_EDGE('',*,*,#4514,.F.);
#1328=ORIENTED_EDGE('',*,*,#4515,.T.);
#1329=ORIENTED_EDGE('',*,*,#4516,.T.);
#1330=ORIENTED_EDGE('',*,*,#4517,.F.);
#1331=ORIENTED_EDGE('',*,*,#4518,.F.);
#1332=ORIENTED_EDGE('',*,*,#4519,.T.);
#1333=ORIENTED_EDGE('',*,*,#4520,.T.);
#1334=ORIENTED_EDGE('',*,*,#4521,.F.);
#1335=ORIENTED_EDGE('',*,*,#4522,.F.);
#1336=ORIENTED_EDGE('',*,*,#4523,.T.);
#1337=ORIENTED_EDGE('',*,*,#4524,.T.);
#1338=ORIENTED_EDGE('',*,*,#4525,.F.);
#1339=ORIENTED_EDGE('',*,*,#4526,.F.);
#1340=ORIENTED_EDGE('',*,*,#4527,.T.);
#1341=ORIENTED_EDGE('',*,*,#4528,.T.);
#1342=ORIENTED_EDGE('',*,*,#4529,.F.);
#1343=ORIENTED_EDGE('',*,*,#4530,.F.);
#1344=ORIENTED_EDGE('',*,*,#4531,.T.);
#1345=ORIENTED_EDGE('',*,*,#4532,.T.);
#1346=ORIENTED_EDGE('',*,*,#4533,.F.);
#1347=ORIENTED_EDGE('',*,*,#4534,.F.);
#1348=ORIENTED_EDGE('',*,*,#4535,.T.);
#1349=ORIENTED_EDGE('',*,*,#4536,.T.);
#1350=ORIENTED_EDGE('',*,*,#4537,.F.);
#1351=ORIENTED_EDGE('',*,*,#4538,.F.);
#1352=ORIENTED_EDGE('',*,*,#4539,.T.);
#1353=ORIENTED_EDGE('',*,*,#4540,.T.);
#1354=ORIENTED_EDGE('',*,*,#4541,.F.);
#1355=ORIENTED_EDGE('',*,*,#4542,.F.);
#1356=ORIENTED_EDGE('',*,*,#4543,.T.);
#1357=ORIENTED_EDGE('',*,*,#4544,.F.);
#1358=ORIENTED_EDGE('',*,*,#4368,.T.);
#1359=ORIENTED_EDGE('',*,*,#4545,.T.);
#1360=ORIENTED_EDGE('',*,*,#4496,.F.);
#1361=ORIENTED_EDGE('',*,*,#4546,.F.);
#1362=ORIENTED_EDGE('',*,*,#4369,.T.);
#1363=ORIENTED_EDGE('',*,*,#4544,.T.);
#1364=ORIENTED_EDGE('',*,*,#4499,.F.);
#1365=ORIENTED_EDGE('',*,*,#4547,.F.);
#1366=ORIENTED_EDGE('',*,*,#4370,.F.);
#1367=ORIENTED_EDGE('',*,*,#4546,.T.);
#1368=ORIENTED_EDGE('',*,*,#4498,.T.);
#1369=ORIENTED_EDGE('',*,*,#4545,.F.);
#1370=ORIENTED_EDGE('',*,*,#4371,.F.);
#1371=ORIENTED_EDGE('',*,*,#4547,.T.);
#1372=ORIENTED_EDGE('',*,*,#4497,.T.);
#1373=ORIENTED_EDGE('',*,*,#4548,.T.);
#1374=ORIENTED_EDGE('',*,*,#4501,.T.);
#1375=ORIENTED_EDGE('',*,*,#4549,.F.);
#1376=ORIENTED_EDGE('',*,*,#4374,.F.);
#1377=ORIENTED_EDGE('',*,*,#4550,.T.);
#1378=ORIENTED_EDGE('',*,*,#4502,.T.);
#1379=ORIENTED_EDGE('',*,*,#4548,.F.);
#1380=ORIENTED_EDGE('',*,*,#4373,.F.);
#1381=ORIENTED_EDGE('',*,*,#4372,.T.);
#1382=ORIENTED_EDGE('',*,*,#4551,.T.);
#1383=ORIENTED_EDGE('',*,*,#4503,.F.);
#1384=ORIENTED_EDGE('',*,*,#4550,.F.);
#1385=ORIENTED_EDGE('',*,*,#4375,.T.);
#1386=ORIENTED_EDGE('',*,*,#4549,.T.);
#1387=ORIENTED_EDGE('',*,*,#4500,.F.);
#1388=ORIENTED_EDGE('',*,*,#4551,.F.);
#1389=ORIENTED_EDGE('',*,*,#4552,.T.);
#1390=ORIENTED_EDGE('',*,*,#4493,.T.);
#1391=ORIENTED_EDGE('',*,*,#4553,.F.);
#1392=ORIENTED_EDGE('',*,*,#4378,.F.);
#1393=ORIENTED_EDGE('',*,*,#4554,.T.);
#1394=ORIENTED_EDGE('',*,*,#4494,.T.);
#1395=ORIENTED_EDGE('',*,*,#4552,.F.);
#1396=ORIENTED_EDGE('',*,*,#4377,.F.);
#1397=ORIENTED_EDGE('',*,*,#4376,.T.);
#1398=ORIENTED_EDGE('',*,*,#4555,.T.);
#1399=ORIENTED_EDGE('',*,*,#4495,.F.);
#1400=ORIENTED_EDGE('',*,*,#4554,.F.);
#1401=ORIENTED_EDGE('',*,*,#4379,.T.);
#1402=ORIENTED_EDGE('',*,*,#4553,.T.);
#1403=ORIENTED_EDGE('',*,*,#4492,.F.);
#1404=ORIENTED_EDGE('',*,*,#4555,.F.);
#1405=ORIENTED_EDGE('',*,*,#4556,.T.);
#1406=ORIENTED_EDGE('',*,*,#4505,.T.);
#1407=ORIENTED_EDGE('',*,*,#4557,.F.);
#1408=ORIENTED_EDGE('',*,*,#4382,.F.);
#1409=ORIENTED_EDGE('',*,*,#4558,.T.);
#1410=ORIENTED_EDGE('',*,*,#4506,.T.);
#1411=ORIENTED_EDGE('',*,*,#4556,.F.);
#1412=ORIENTED_EDGE('',*,*,#4381,.F.);
#1413=ORIENTED_EDGE('',*,*,#4380,.T.);
#1414=ORIENTED_EDGE('',*,*,#4559,.T.);
#1415=ORIENTED_EDGE('',*,*,#4507,.F.);
#1416=ORIENTED_EDGE('',*,*,#4558,.F.);
#1417=ORIENTED_EDGE('',*,*,#4383,.T.);
#1418=ORIENTED_EDGE('',*,*,#4557,.T.);
#1419=ORIENTED_EDGE('',*,*,#4504,.F.);
#1420=ORIENTED_EDGE('',*,*,#4559,.F.);
#1421=ORIENTED_EDGE('',*,*,#4560,.T.);
#1422=ORIENTED_EDGE('',*,*,#4489,.T.);
#1423=ORIENTED_EDGE('',*,*,#4561,.F.);
#1424=ORIENTED_EDGE('',*,*,#4386,.F.);
#1425=ORIENTED_EDGE('',*,*,#4562,.T.);
#1426=ORIENTED_EDGE('',*,*,#4490,.T.);
#1427=ORIENTED_EDGE('',*,*,#4560,.F.);
#1428=ORIENTED_EDGE('',*,*,#4385,.F.);
#1429=ORIENTED_EDGE('',*,*,#4384,.T.);
#1430=ORIENTED_EDGE('',*,*,#4563,.T.);
#1431=ORIENTED_EDGE('',*,*,#4491,.F.);
#1432=ORIENTED_EDGE('',*,*,#4562,.F.);
#1433=ORIENTED_EDGE('',*,*,#4387,.T.);
#1434=ORIENTED_EDGE('',*,*,#4561,.T.);
#1435=ORIENTED_EDGE('',*,*,#4488,.F.);
#1436=ORIENTED_EDGE('',*,*,#4563,.F.);
#1437=ORIENTED_EDGE('',*,*,#4564,.T.);
#1438=ORIENTED_EDGE('',*,*,#4509,.T.);
#1439=ORIENTED_EDGE('',*,*,#4565,.F.);
#1440=ORIENTED_EDGE('',*,*,#4390,.F.);
#1441=ORIENTED_EDGE('',*,*,#4566,.T.);
#1442=ORIENTED_EDGE('',*,*,#4510,.T.);
#1443=ORIENTED_EDGE('',*,*,#4564,.F.);
#1444=ORIENTED_EDGE('',*,*,#4389,.F.);
#1445=ORIENTED_EDGE('',*,*,#4388,.T.);
#1446=ORIENTED_EDGE('',*,*,#4567,.T.);
#1447=ORIENTED_EDGE('',*,*,#4511,.F.);
#1448=ORIENTED_EDGE('',*,*,#4566,.F.);
#1449=ORIENTED_EDGE('',*,*,#4391,.T.);
#1450=ORIENTED_EDGE('',*,*,#4565,.T.);
#1451=ORIENTED_EDGE('',*,*,#4508,.F.);
#1452=ORIENTED_EDGE('',*,*,#4567,.F.);
#1453=ORIENTED_EDGE('',*,*,#4568,.T.);
#1454=ORIENTED_EDGE('',*,*,#4485,.T.);
#1455=ORIENTED_EDGE('',*,*,#4569,.F.);
#1456=ORIENTED_EDGE('',*,*,#4394,.F.);
#1457=ORIENTED_EDGE('',*,*,#4570,.T.);
#1458=ORIENTED_EDGE('',*,*,#4486,.T.);
#1459=ORIENTED_EDGE('',*,*,#4568,.F.);
#1460=ORIENTED_EDGE('',*,*,#4393,.F.);
#1461=ORIENTED_EDGE('',*,*,#4392,.T.);
#1462=ORIENTED_EDGE('',*,*,#4571,.T.);
#1463=ORIENTED_EDGE('',*,*,#4487,.F.);
#1464=ORIENTED_EDGE('',*,*,#4570,.F.);
#1465=ORIENTED_EDGE('',*,*,#4395,.T.);
#1466=ORIENTED_EDGE('',*,*,#4569,.T.);
#1467=ORIENTED_EDGE('',*,*,#4484,.F.);
#1468=ORIENTED_EDGE('',*,*,#4571,.F.);
#1469=ORIENTED_EDGE('',*,*,#4572,.T.);
#1470=ORIENTED_EDGE('',*,*,#4513,.T.);
#1471=ORIENTED_EDGE('',*,*,#4573,.F.);
#1472=ORIENTED_EDGE('',*,*,#4398,.F.);
#1473=ORIENTED_EDGE('',*,*,#4574,.T.);
#1474=ORIENTED_EDGE('',*,*,#4514,.T.);
#1475=ORIENTED_EDGE('',*,*,#4572,.F.);
#1476=ORIENTED_EDGE('',*,*,#4397,.F.);
#1477=ORIENTED_EDGE('',*,*,#4396,.T.);
#1478=ORIENTED_EDGE('',*,*,#4575,.T.);
#1479=ORIENTED_EDGE('',*,*,#4515,.F.);
#1480=ORIENTED_EDGE('',*,*,#4574,.F.);
#1481=ORIENTED_EDGE('',*,*,#4399,.T.);
#1482=ORIENTED_EDGE('',*,*,#4573,.T.);
#1483=ORIENTED_EDGE('',*,*,#4512,.F.);
#1484=ORIENTED_EDGE('',*,*,#4575,.F.);
#1485=ORIENTED_EDGE('',*,*,#4576,.T.);
#1486=ORIENTED_EDGE('',*,*,#4481,.T.);
#1487=ORIENTED_EDGE('',*,*,#4577,.F.);
#1488=ORIENTED_EDGE('',*,*,#4402,.F.);
#1489=ORIENTED_EDGE('',*,*,#4578,.T.);
#1490=ORIENTED_EDGE('',*,*,#4482,.T.);
#1491=ORIENTED_EDGE('',*,*,#4576,.F.);
#1492=ORIENTED_EDGE('',*,*,#4401,.F.);
#1493=ORIENTED_EDGE('',*,*,#4400,.T.);
#1494=ORIENTED_EDGE('',*,*,#4579,.T.);
#1495=ORIENTED_EDGE('',*,*,#4483,.F.);
#1496=ORIENTED_EDGE('',*,*,#4578,.F.);
#1497=ORIENTED_EDGE('',*,*,#4403,.T.);
#1498=ORIENTED_EDGE('',*,*,#4577,.T.);
#1499=ORIENTED_EDGE('',*,*,#4480,.F.);
#1500=ORIENTED_EDGE('',*,*,#4579,.F.);
#1501=ORIENTED_EDGE('',*,*,#4580,.T.);
#1502=ORIENTED_EDGE('',*,*,#4517,.T.);
#1503=ORIENTED_EDGE('',*,*,#4581,.F.);
#1504=ORIENTED_EDGE('',*,*,#4406,.F.);
#1505=ORIENTED_EDGE('',*,*,#4582,.T.);
#1506=ORIENTED_EDGE('',*,*,#4518,.T.);
#1507=ORIENTED_EDGE('',*,*,#4580,.F.);
#1508=ORIENTED_EDGE('',*,*,#4405,.F.);
#1509=ORIENTED_EDGE('',*,*,#4404,.T.);
#1510=ORIENTED_EDGE('',*,*,#4583,.T.);
#1511=ORIENTED_EDGE('',*,*,#4519,.F.);
#1512=ORIENTED_EDGE('',*,*,#4582,.F.);
#1513=ORIENTED_EDGE('',*,*,#4407,.T.);
#1514=ORIENTED_EDGE('',*,*,#4581,.T.);
#1515=ORIENTED_EDGE('',*,*,#4516,.F.);
#1516=ORIENTED_EDGE('',*,*,#4583,.F.);
#1517=ORIENTED_EDGE('',*,*,#4584,.T.);
#1518=ORIENTED_EDGE('',*,*,#4477,.T.);
#1519=ORIENTED_EDGE('',*,*,#4585,.F.);
#1520=ORIENTED_EDGE('',*,*,#4410,.F.);
#1521=ORIENTED_EDGE('',*,*,#4586,.T.);
#1522=ORIENTED_EDGE('',*,*,#4478,.T.);
#1523=ORIENTED_EDGE('',*,*,#4584,.F.);
#1524=ORIENTED_EDGE('',*,*,#4409,.F.);
#1525=ORIENTED_EDGE('',*,*,#4408,.T.);
#1526=ORIENTED_EDGE('',*,*,#4587,.T.);
#1527=ORIENTED_EDGE('',*,*,#4479,.F.);
#1528=ORIENTED_EDGE('',*,*,#4586,.F.);
#1529=ORIENTED_EDGE('',*,*,#4411,.T.);
#1530=ORIENTED_EDGE('',*,*,#4585,.T.);
#1531=ORIENTED_EDGE('',*,*,#4476,.F.);
#1532=ORIENTED_EDGE('',*,*,#4587,.F.);
#1533=ORIENTED_EDGE('',*,*,#4588,.T.);
#1534=ORIENTED_EDGE('',*,*,#4521,.T.);
#1535=ORIENTED_EDGE('',*,*,#4589,.F.);
#1536=ORIENTED_EDGE('',*,*,#4414,.F.);
#1537=ORIENTED_EDGE('',*,*,#4590,.T.);
#1538=ORIENTED_EDGE('',*,*,#4522,.T.);
#1539=ORIENTED_EDGE('',*,*,#4588,.F.);
#1540=ORIENTED_EDGE('',*,*,#4413,.F.);
#1541=ORIENTED_EDGE('',*,*,#4412,.T.);
#1542=ORIENTED_EDGE('',*,*,#4591,.T.);
#1543=ORIENTED_EDGE('',*,*,#4523,.F.);
#1544=ORIENTED_EDGE('',*,*,#4590,.F.);
#1545=ORIENTED_EDGE('',*,*,#4415,.T.);
#1546=ORIENTED_EDGE('',*,*,#4589,.T.);
#1547=ORIENTED_EDGE('',*,*,#4520,.F.);
#1548=ORIENTED_EDGE('',*,*,#4591,.F.);
#1549=ORIENTED_EDGE('',*,*,#4592,.T.);
#1550=ORIENTED_EDGE('',*,*,#4473,.T.);
#1551=ORIENTED_EDGE('',*,*,#4593,.F.);
#1552=ORIENTED_EDGE('',*,*,#4418,.F.);
#1553=ORIENTED_EDGE('',*,*,#4594,.T.);
#1554=ORIENTED_EDGE('',*,*,#4474,.T.);
#1555=ORIENTED_EDGE('',*,*,#4592,.F.);
#1556=ORIENTED_EDGE('',*,*,#4417,.F.);
#1557=ORIENTED_EDGE('',*,*,#4416,.T.);
#1558=ORIENTED_EDGE('',*,*,#4595,.T.);
#1559=ORIENTED_EDGE('',*,*,#4475,.F.);
#1560=ORIENTED_EDGE('',*,*,#4594,.F.);
#1561=ORIENTED_EDGE('',*,*,#4419,.T.);
#1562=ORIENTED_EDGE('',*,*,#4593,.T.);
#1563=ORIENTED_EDGE('',*,*,#4472,.F.);
#1564=ORIENTED_EDGE('',*,*,#4595,.F.);
#1565=ORIENTED_EDGE('',*,*,#4596,.T.);
#1566=ORIENTED_EDGE('',*,*,#4525,.T.);
#1567=ORIENTED_EDGE('',*,*,#4597,.F.);
#1568=ORIENTED_EDGE('',*,*,#4422,.F.);
#1569=ORIENTED_EDGE('',*,*,#4598,.T.);
#1570=ORIENTED_EDGE('',*,*,#4526,.T.);
#1571=ORIENTED_EDGE('',*,*,#4596,.F.);
#1572=ORIENTED_EDGE('',*,*,#4421,.F.);
#1573=ORIENTED_EDGE('',*,*,#4420,.T.);
#1574=ORIENTED_EDGE('',*,*,#4599,.T.);
#1575=ORIENTED_EDGE('',*,*,#4527,.F.);
#1576=ORIENTED_EDGE('',*,*,#4598,.F.);
#1577=ORIENTED_EDGE('',*,*,#4423,.T.);
#1578=ORIENTED_EDGE('',*,*,#4597,.T.);
#1579=ORIENTED_EDGE('',*,*,#4524,.F.);
#1580=ORIENTED_EDGE('',*,*,#4599,.F.);
#1581=ORIENTED_EDGE('',*,*,#4600,.T.);
#1582=ORIENTED_EDGE('',*,*,#4469,.T.);
#1583=ORIENTED_EDGE('',*,*,#4601,.F.);
#1584=ORIENTED_EDGE('',*,*,#4426,.F.);
#1585=ORIENTED_EDGE('',*,*,#4602,.T.);
#1586=ORIENTED_EDGE('',*,*,#4470,.T.);
#1587=ORIENTED_EDGE('',*,*,#4600,.F.);
#1588=ORIENTED_EDGE('',*,*,#4425,.F.);
#1589=ORIENTED_EDGE('',*,*,#4424,.T.);
#1590=ORIENTED_EDGE('',*,*,#4603,.T.);
#1591=ORIENTED_EDGE('',*,*,#4471,.F.);
#1592=ORIENTED_EDGE('',*,*,#4602,.F.);
#1593=ORIENTED_EDGE('',*,*,#4427,.T.);
#1594=ORIENTED_EDGE('',*,*,#4601,.T.);
#1595=ORIENTED_EDGE('',*,*,#4468,.F.);
#1596=ORIENTED_EDGE('',*,*,#4603,.F.);
#1597=ORIENTED_EDGE('',*,*,#4604,.T.);
#1598=ORIENTED_EDGE('',*,*,#4529,.T.);
#1599=ORIENTED_EDGE('',*,*,#4605,.F.);
#1600=ORIENTED_EDGE('',*,*,#4430,.F.);
#1601=ORIENTED_EDGE('',*,*,#4606,.T.);
#1602=ORIENTED_EDGE('',*,*,#4530,.T.);
#1603=ORIENTED_EDGE('',*,*,#4604,.F.);
#1604=ORIENTED_EDGE('',*,*,#4429,.F.);
#1605=ORIENTED_EDGE('',*,*,#4428,.T.);
#1606=ORIENTED_EDGE('',*,*,#4607,.T.);
#1607=ORIENTED_EDGE('',*,*,#4531,.F.);
#1608=ORIENTED_EDGE('',*,*,#4606,.F.);
#1609=ORIENTED_EDGE('',*,*,#4431,.T.);
#1610=ORIENTED_EDGE('',*,*,#4605,.T.);
#1611=ORIENTED_EDGE('',*,*,#4528,.F.);
#1612=ORIENTED_EDGE('',*,*,#4607,.F.);
#1613=ORIENTED_EDGE('',*,*,#4608,.T.);
#1614=ORIENTED_EDGE('',*,*,#4465,.T.);
#1615=ORIENTED_EDGE('',*,*,#4609,.F.);
#1616=ORIENTED_EDGE('',*,*,#4434,.F.);
#1617=ORIENTED_EDGE('',*,*,#4610,.T.);
#1618=ORIENTED_EDGE('',*,*,#4466,.T.);
#1619=ORIENTED_EDGE('',*,*,#4608,.F.);
#1620=ORIENTED_EDGE('',*,*,#4433,.F.);
#1621=ORIENTED_EDGE('',*,*,#4432,.T.);
#1622=ORIENTED_EDGE('',*,*,#4611,.T.);
#1623=ORIENTED_EDGE('',*,*,#4467,.F.);
#1624=ORIENTED_EDGE('',*,*,#4610,.F.);
#1625=ORIENTED_EDGE('',*,*,#4435,.T.);
#1626=ORIENTED_EDGE('',*,*,#4609,.T.);
#1627=ORIENTED_EDGE('',*,*,#4464,.F.);
#1628=ORIENTED_EDGE('',*,*,#4611,.F.);
#1629=ORIENTED_EDGE('',*,*,#4612,.T.);
#1630=ORIENTED_EDGE('',*,*,#4533,.T.);
#1631=ORIENTED_EDGE('',*,*,#4613,.F.);
#1632=ORIENTED_EDGE('',*,*,#4438,.F.);
#1633=ORIENTED_EDGE('',*,*,#4614,.T.);
#1634=ORIENTED_EDGE('',*,*,#4534,.T.);
#1635=ORIENTED_EDGE('',*,*,#4612,.F.);
#1636=ORIENTED_EDGE('',*,*,#4437,.F.);
#1637=ORIENTED_EDGE('',*,*,#4436,.T.);
#1638=ORIENTED_EDGE('',*,*,#4615,.T.);
#1639=ORIENTED_EDGE('',*,*,#4535,.F.);
#1640=ORIENTED_EDGE('',*,*,#4614,.F.);
#1641=ORIENTED_EDGE('',*,*,#4439,.T.);
#1642=ORIENTED_EDGE('',*,*,#4613,.T.);
#1643=ORIENTED_EDGE('',*,*,#4532,.F.);
#1644=ORIENTED_EDGE('',*,*,#4615,.F.);
#1645=ORIENTED_EDGE('',*,*,#4616,.T.);
#1646=ORIENTED_EDGE('',*,*,#4461,.T.);
#1647=ORIENTED_EDGE('',*,*,#4617,.F.);
#1648=ORIENTED_EDGE('',*,*,#4442,.F.);
#1649=ORIENTED_EDGE('',*,*,#4618,.T.);
#1650=ORIENTED_EDGE('',*,*,#4462,.T.);
#1651=ORIENTED_EDGE('',*,*,#4616,.F.);
#1652=ORIENTED_EDGE('',*,*,#4441,.F.);
#1653=ORIENTED_EDGE('',*,*,#4440,.T.);
#1654=ORIENTED_EDGE('',*,*,#4619,.T.);
#1655=ORIENTED_EDGE('',*,*,#4463,.F.);
#1656=ORIENTED_EDGE('',*,*,#4618,.F.);
#1657=ORIENTED_EDGE('',*,*,#4443,.T.);
#1658=ORIENTED_EDGE('',*,*,#4617,.T.);
#1659=ORIENTED_EDGE('',*,*,#4460,.F.);
#1660=ORIENTED_EDGE('',*,*,#4619,.F.);
#1661=ORIENTED_EDGE('',*,*,#4620,.T.);
#1662=ORIENTED_EDGE('',*,*,#4537,.T.);
#1663=ORIENTED_EDGE('',*,*,#4621,.F.);
#1664=ORIENTED_EDGE('',*,*,#4446,.F.);
#1665=ORIENTED_EDGE('',*,*,#4622,.T.);
#1666=ORIENTED_EDGE('',*,*,#4538,.T.);
#1667=ORIENTED_EDGE('',*,*,#4620,.F.);
#1668=ORIENTED_EDGE('',*,*,#4445,.F.);
#1669=ORIENTED_EDGE('',*,*,#4444,.T.);
#1670=ORIENTED_EDGE('',*,*,#4623,.T.);
#1671=ORIENTED_EDGE('',*,*,#4539,.F.);
#1672=ORIENTED_EDGE('',*,*,#4622,.F.);
#1673=ORIENTED_EDGE('',*,*,#4447,.T.);
#1674=ORIENTED_EDGE('',*,*,#4621,.T.);
#1675=ORIENTED_EDGE('',*,*,#4536,.F.);
#1676=ORIENTED_EDGE('',*,*,#4623,.F.);
#1677=ORIENTED_EDGE('',*,*,#4624,.T.);
#1678=ORIENTED_EDGE('',*,*,#4457,.T.);
#1679=ORIENTED_EDGE('',*,*,#4625,.F.);
#1680=ORIENTED_EDGE('',*,*,#4450,.F.);
#1681=ORIENTED_EDGE('',*,*,#4626,.T.);
#1682=ORIENTED_EDGE('',*,*,#4458,.T.);
#1683=ORIENTED_EDGE('',*,*,#4624,.F.);
#1684=ORIENTED_EDGE('',*,*,#4449,.F.);
#1685=ORIENTED_EDGE('',*,*,#4448,.T.);
#1686=ORIENTED_EDGE('',*,*,#4627,.T.);
#1687=ORIENTED_EDGE('',*,*,#4459,.F.);
#1688=ORIENTED_EDGE('',*,*,#4626,.F.);
#1689=ORIENTED_EDGE('',*,*,#4451,.T.);
#1690=ORIENTED_EDGE('',*,*,#4625,.T.);
#1691=ORIENTED_EDGE('',*,*,#4456,.F.);
#1692=ORIENTED_EDGE('',*,*,#4627,.F.);
#1693=ORIENTED_EDGE('',*,*,#4455,.T.);
#1694=ORIENTED_EDGE('',*,*,#4628,.T.);
#1695=ORIENTED_EDGE('',*,*,#4540,.F.);
#1696=ORIENTED_EDGE('',*,*,#4629,.F.);
#1697=ORIENTED_EDGE('',*,*,#4452,.T.);
#1698=ORIENTED_EDGE('',*,*,#4629,.T.);
#1699=ORIENTED_EDGE('',*,*,#4543,.F.);
#1700=ORIENTED_EDGE('',*,*,#4630,.F.);
#1701=ORIENTED_EDGE('',*,*,#4630,.T.);
#1702=ORIENTED_EDGE('',*,*,#4542,.T.);
#1703=ORIENTED_EDGE('',*,*,#4631,.F.);
#1704=ORIENTED_EDGE('',*,*,#4453,.F.);
#1705=ORIENTED_EDGE('',*,*,#4631,.T.);
#1706=ORIENTED_EDGE('',*,*,#4541,.T.);
#1707=ORIENTED_EDGE('',*,*,#4628,.F.);
#1708=ORIENTED_EDGE('',*,*,#4454,.F.);
#1709=ORIENTED_EDGE('',*,*,#4632,.F.);
#1710=ORIENTED_EDGE('',*,*,#4633,.F.);
#1711=ORIENTED_EDGE('',*,*,#4634,.T.);
#1712=ORIENTED_EDGE('',*,*,#4635,.T.);
#1713=ORIENTED_EDGE('',*,*,#4636,.F.);
#1714=ORIENTED_EDGE('',*,*,#4637,.T.);
#1715=ORIENTED_EDGE('',*,*,#4638,.T.);
#1716=ORIENTED_EDGE('',*,*,#4639,.F.);
#1717=ORIENTED_EDGE('',*,*,#4640,.F.);
#1718=ORIENTED_EDGE('',*,*,#4634,.F.);
#1719=ORIENTED_EDGE('',*,*,#4641,.T.);
#1720=ORIENTED_EDGE('',*,*,#4642,.T.);
#1721=ORIENTED_EDGE('',*,*,#4643,.F.);
#1722=ORIENTED_EDGE('',*,*,#4644,.T.);
#1723=ORIENTED_EDGE('',*,*,#4645,.T.);
#1724=ORIENTED_EDGE('',*,*,#4646,.F.);
#1725=ORIENTED_EDGE('',*,*,#4647,.T.);
#1726=ORIENTED_EDGE('',*,*,#4648,.F.);
#1727=ORIENTED_EDGE('',*,*,#4649,.F.);
#1728=ORIENTED_EDGE('',*,*,#4646,.T.);
#1729=ORIENTED_EDGE('',*,*,#4637,.F.);
#1730=ORIENTED_EDGE('',*,*,#4650,.F.);
#1731=ORIENTED_EDGE('',*,*,#4651,.F.);
#1732=ORIENTED_EDGE('',*,*,#4641,.F.);
#1733=ORIENTED_EDGE('',*,*,#4633,.T.);
#1734=ORIENTED_EDGE('',*,*,#4652,.F.);
#1735=ORIENTED_EDGE('',*,*,#4653,.T.);
#1736=ORIENTED_EDGE('',*,*,#4654,.T.);
#1737=ORIENTED_EDGE('',*,*,#4643,.T.);
#1738=ORIENTED_EDGE('',*,*,#4649,.T.);
#1739=ORIENTED_EDGE('',*,*,#4655,.F.);
#1740=ORIENTED_EDGE('',*,*,#4656,.T.);
#1741=ORIENTED_EDGE('',*,*,#4640,.T.);
#1742=ORIENTED_EDGE('',*,*,#4657,.T.);
#1743=ORIENTED_EDGE('',*,*,#4658,.T.);
#1744=ORIENTED_EDGE('',*,*,#4639,.T.);
#1745=ORIENTED_EDGE('',*,*,#4659,.F.);
#1746=ORIENTED_EDGE('',*,*,#4660,.T.);
#1747=ORIENTED_EDGE('',*,*,#4647,.F.);
#1748=ORIENTED_EDGE('',*,*,#4645,.F.);
#1749=ORIENTED_EDGE('',*,*,#4661,.F.);
#1750=ORIENTED_EDGE('',*,*,#4662,.F.);
#1751=ORIENTED_EDGE('',*,*,#4663,.T.);
#1752=ORIENTED_EDGE('',*,*,#4635,.F.);
#1753=ORIENTED_EDGE('',*,*,#4638,.F.);
#1754=ORIENTED_EDGE('',*,*,#4656,.F.);
#1755=ORIENTED_EDGE('',*,*,#4664,.T.);
#1756=ORIENTED_EDGE('',*,*,#4659,.T.);
#1757=ORIENTED_EDGE('',*,*,#4664,.F.);
#1758=ORIENTED_EDGE('',*,*,#4655,.T.);
#1759=ORIENTED_EDGE('',*,*,#4648,.T.);
#1760=ORIENTED_EDGE('',*,*,#4660,.F.);
#1761=ORIENTED_EDGE('',*,*,#4636,.T.);
#1762=ORIENTED_EDGE('',*,*,#4658,.F.);
#1763=ORIENTED_EDGE('',*,*,#4665,.F.);
#1764=ORIENTED_EDGE('',*,*,#4650,.T.);
#1765=ORIENTED_EDGE('',*,*,#4651,.T.);
#1766=ORIENTED_EDGE('',*,*,#4665,.T.);
#1767=ORIENTED_EDGE('',*,*,#4657,.F.);
#1768=ORIENTED_EDGE('',*,*,#4642,.F.);
#1769=ORIENTED_EDGE('',*,*,#4632,.T.);
#1770=ORIENTED_EDGE('',*,*,#4663,.F.);
#1771=ORIENTED_EDGE('',*,*,#4666,.F.);
#1772=ORIENTED_EDGE('',*,*,#4652,.T.);
#1773=ORIENTED_EDGE('',*,*,#4644,.F.);
#1774=ORIENTED_EDGE('',*,*,#4654,.F.);
#1775=ORIENTED_EDGE('',*,*,#4667,.T.);
#1776=ORIENTED_EDGE('',*,*,#4661,.T.);
#1777=ORIENTED_EDGE('',*,*,#4653,.F.);
#1778=ORIENTED_EDGE('',*,*,#4666,.T.);
#1779=ORIENTED_EDGE('',*,*,#4662,.T.);
#1780=ORIENTED_EDGE('',*,*,#4667,.F.);
#1781=ORIENTED_EDGE('',*,*,#4668,.T.);
#1782=ORIENTED_EDGE('',*,*,#4669,.T.);
#1783=ORIENTED_EDGE('',*,*,#4670,.T.);
#1784=ORIENTED_EDGE('',*,*,#4671,.T.);
#1785=ORIENTED_EDGE('',*,*,#4672,.T.);
#1786=ORIENTED_EDGE('',*,*,#4673,.T.);
#1787=ORIENTED_EDGE('',*,*,#4674,.T.);
#1788=ORIENTED_EDGE('',*,*,#4675,.T.);
#1789=ORIENTED_EDGE('',*,*,#4676,.T.);
#1790=ORIENTED_EDGE('',*,*,#4677,.T.);
#1791=ORIENTED_EDGE('',*,*,#4678,.T.);
#1792=ORIENTED_EDGE('',*,*,#4679,.T.);
#1793=ORIENTED_EDGE('',*,*,#4680,.T.);
#1794=ORIENTED_EDGE('',*,*,#4681,.T.);
#1795=ORIENTED_EDGE('',*,*,#4682,.T.);
#1796=ORIENTED_EDGE('',*,*,#4683,.T.);
#1797=ORIENTED_EDGE('',*,*,#4684,.F.);
#1798=ORIENTED_EDGE('',*,*,#4685,.T.);
#1799=ORIENTED_EDGE('',*,*,#4686,.T.);
#1800=ORIENTED_EDGE('',*,*,#4687,.F.);
#1801=ORIENTED_EDGE('',*,*,#4688,.T.);
#1802=ORIENTED_EDGE('',*,*,#4689,.T.);
#1803=ORIENTED_EDGE('',*,*,#4690,.T.);
#1804=ORIENTED_EDGE('',*,*,#4691,.F.);
#1805=ORIENTED_EDGE('',*,*,#4692,.T.);
#1806=ORIENTED_EDGE('',*,*,#4687,.T.);
#1807=ORIENTED_EDGE('',*,*,#4693,.T.);
#1808=ORIENTED_EDGE('',*,*,#4694,.F.);
#1809=ORIENTED_EDGE('',*,*,#4695,.T.);
#1810=ORIENTED_EDGE('',*,*,#4691,.T.);
#1811=ORIENTED_EDGE('',*,*,#4696,.T.);
#1812=ORIENTED_EDGE('',*,*,#4697,.T.);
#1813=ORIENTED_EDGE('',*,*,#4698,.T.);
#1814=ORIENTED_EDGE('',*,*,#4699,.T.);
#1815=ORIENTED_EDGE('',*,*,#4700,.T.);
#1816=ORIENTED_EDGE('',*,*,#4701,.T.);
#1817=ORIENTED_EDGE('',*,*,#4702,.T.);
#1818=ORIENTED_EDGE('',*,*,#4703,.T.);
#1819=ORIENTED_EDGE('',*,*,#4704,.T.);
#1820=ORIENTED_EDGE('',*,*,#4705,.T.);
#1821=ORIENTED_EDGE('',*,*,#4706,.T.);
#1822=ORIENTED_EDGE('',*,*,#4707,.T.);
#1823=ORIENTED_EDGE('',*,*,#4708,.T.);
#1824=ORIENTED_EDGE('',*,*,#4709,.T.);
#1825=ORIENTED_EDGE('',*,*,#4710,.T.);
#1826=ORIENTED_EDGE('',*,*,#4711,.T.);
#1827=ORIENTED_EDGE('',*,*,#4683,.F.);
#1828=ORIENTED_EDGE('',*,*,#4712,.F.);
#1829=ORIENTED_EDGE('',*,*,#4713,.T.);
#1830=ORIENTED_EDGE('',*,*,#4714,.T.);
#1831=ORIENTED_EDGE('',*,*,#4684,.T.);
#1832=ORIENTED_EDGE('',*,*,#4714,.F.);
#1833=ORIENTED_EDGE('',*,*,#4715,.F.);
#1834=ORIENTED_EDGE('',*,*,#4716,.T.);
#1835=ORIENTED_EDGE('',*,*,#4685,.F.);
#1836=ORIENTED_EDGE('',*,*,#4716,.F.);
#1837=ORIENTED_EDGE('',*,*,#4717,.T.);
#1838=ORIENTED_EDGE('',*,*,#4718,.T.);
#1839=ORIENTED_EDGE('',*,*,#4686,.F.);
#1840=ORIENTED_EDGE('',*,*,#4718,.F.);
#1841=ORIENTED_EDGE('',*,*,#4719,.T.);
#1842=ORIENTED_EDGE('',*,*,#4712,.T.);
#1843=ORIENTED_EDGE('',*,*,#4713,.F.);
#1844=ORIENTED_EDGE('',*,*,#4719,.F.);
#1845=ORIENTED_EDGE('',*,*,#4717,.F.);
#1846=ORIENTED_EDGE('',*,*,#4715,.T.);
#1847=ORIENTED_EDGE('',*,*,#4720,.F.);
#1848=ORIENTED_EDGE('',*,*,#4721,.T.);
#1849=ORIENTED_EDGE('',*,*,#4722,.T.);
#1850=ORIENTED_EDGE('',*,*,#4723,.T.);
#1851=ORIENTED_EDGE('',*,*,#4724,.F.);
#1852=ORIENTED_EDGE('',*,*,#4725,.T.);
#1853=ORIENTED_EDGE('',*,*,#4720,.T.);
#1854=ORIENTED_EDGE('',*,*,#4726,.T.);
#1855=ORIENTED_EDGE('',*,*,#4727,.F.);
#1856=ORIENTED_EDGE('',*,*,#4728,.T.);
#1857=ORIENTED_EDGE('',*,*,#4724,.T.);
#1858=ORIENTED_EDGE('',*,*,#4729,.T.);
#1859=ORIENTED_EDGE('',*,*,#4730,.F.);
#1860=ORIENTED_EDGE('',*,*,#4731,.T.);
#1861=ORIENTED_EDGE('',*,*,#4727,.T.);
#1862=ORIENTED_EDGE('',*,*,#4732,.T.);
#1863=ORIENTED_EDGE('',*,*,#4733,.F.);
#1864=ORIENTED_EDGE('',*,*,#4734,.T.);
#1865=ORIENTED_EDGE('',*,*,#4730,.T.);
#1866=ORIENTED_EDGE('',*,*,#4735,.T.);
#1867=ORIENTED_EDGE('',*,*,#4736,.F.);
#1868=ORIENTED_EDGE('',*,*,#4737,.T.);
#1869=ORIENTED_EDGE('',*,*,#4733,.T.);
#1870=ORIENTED_EDGE('',*,*,#4738,.T.);
#1871=ORIENTED_EDGE('',*,*,#4739,.F.);
#1872=ORIENTED_EDGE('',*,*,#4740,.T.);
#1873=ORIENTED_EDGE('',*,*,#4736,.T.);
#1874=ORIENTED_EDGE('',*,*,#4741,.T.);
#1875=ORIENTED_EDGE('',*,*,#4742,.F.);
#1876=ORIENTED_EDGE('',*,*,#4743,.T.);
#1877=ORIENTED_EDGE('',*,*,#4739,.T.);
#1878=ORIENTED_EDGE('',*,*,#4744,.T.);
#1879=ORIENTED_EDGE('',*,*,#4745,.F.);
#1880=ORIENTED_EDGE('',*,*,#4746,.T.);
#1881=ORIENTED_EDGE('',*,*,#4742,.T.);
#1882=ORIENTED_EDGE('',*,*,#4747,.T.);
#1883=ORIENTED_EDGE('',*,*,#4689,.F.);
#1884=ORIENTED_EDGE('',*,*,#4748,.T.);
#1885=ORIENTED_EDGE('',*,*,#4745,.T.);
#1886=ORIENTED_EDGE('',*,*,#4749,.T.);
#1887=ORIENTED_EDGE('',*,*,#4750,.F.);
#1888=ORIENTED_EDGE('',*,*,#4751,.T.);
#1889=ORIENTED_EDGE('',*,*,#4694,.T.);
#1890=ORIENTED_EDGE('',*,*,#4752,.T.);
#1891=ORIENTED_EDGE('',*,*,#4722,.F.);
#1892=ORIENTED_EDGE('',*,*,#4753,.T.);
#1893=ORIENTED_EDGE('',*,*,#4750,.T.);
#1894=ORIENTED_EDGE('',*,*,#4754,.T.);
#1895=ORIENTED_EDGE('',*,*,#4755,.F.);
#1896=ORIENTED_EDGE('',*,*,#4734,.F.);
#1897=ORIENTED_EDGE('',*,*,#4756,.F.);
#1898=ORIENTED_EDGE('',*,*,#4702,.F.);
#1899=ORIENTED_EDGE('',*,*,#4756,.T.);
#1900=ORIENTED_EDGE('',*,*,#4737,.F.);
#1901=ORIENTED_EDGE('',*,*,#4757,.F.);
#1902=ORIENTED_EDGE('',*,*,#4703,.F.);
#1903=ORIENTED_EDGE('',*,*,#4755,.T.);
#1904=ORIENTED_EDGE('',*,*,#4701,.F.);
#1905=ORIENTED_EDGE('',*,*,#4758,.F.);
#1906=ORIENTED_EDGE('',*,*,#4731,.F.);
#1907=ORIENTED_EDGE('',*,*,#4757,.T.);
#1908=ORIENTED_EDGE('',*,*,#4740,.F.);
#1909=ORIENTED_EDGE('',*,*,#4759,.F.);
#1910=ORIENTED_EDGE('',*,*,#4704,.F.);
#1911=ORIENTED_EDGE('',*,*,#4758,.T.);
#1912=ORIENTED_EDGE('',*,*,#4700,.F.);
#1913=ORIENTED_EDGE('',*,*,#4760,.F.);
#1914=ORIENTED_EDGE('',*,*,#4728,.F.);
#1915=ORIENTED_EDGE('',*,*,#4759,.T.);
#1916=ORIENTED_EDGE('',*,*,#4743,.F.);
#1917=ORIENTED_EDGE('',*,*,#4761,.F.);
#1918=ORIENTED_EDGE('',*,*,#4705,.F.);
#1919=ORIENTED_EDGE('',*,*,#4760,.T.);
#1920=ORIENTED_EDGE('',*,*,#4699,.F.);
#1921=ORIENTED_EDGE('',*,*,#4762,.F.);
#1922=ORIENTED_EDGE('',*,*,#4725,.F.);
#1923=ORIENTED_EDGE('',*,*,#4761,.T.);
#1924=ORIENTED_EDGE('',*,*,#4746,.F.);
#1925=ORIENTED_EDGE('',*,*,#4763,.F.);
#1926=ORIENTED_EDGE('',*,*,#4706,.F.);
#1927=ORIENTED_EDGE('',*,*,#4762,.T.);
#1928=ORIENTED_EDGE('',*,*,#4698,.F.);
#1929=ORIENTED_EDGE('',*,*,#4764,.F.);
#1930=ORIENTED_EDGE('',*,*,#4721,.F.);
#1931=ORIENTED_EDGE('',*,*,#4763,.T.);
#1932=ORIENTED_EDGE('',*,*,#4748,.F.);
#1933=ORIENTED_EDGE('',*,*,#4765,.F.);
#1934=ORIENTED_EDGE('',*,*,#4707,.F.);
#1935=ORIENTED_EDGE('',*,*,#4764,.T.);
#1936=ORIENTED_EDGE('',*,*,#4697,.F.);
#1937=ORIENTED_EDGE('',*,*,#4766,.F.);
#1938=ORIENTED_EDGE('',*,*,#4753,.F.);
#1939=ORIENTED_EDGE('',*,*,#4765,.T.);
#1940=ORIENTED_EDGE('',*,*,#4688,.F.);
#1941=ORIENTED_EDGE('',*,*,#4767,.F.);
#1942=ORIENTED_EDGE('',*,*,#4708,.F.);
#1943=ORIENTED_EDGE('',*,*,#4766,.T.);
#1944=ORIENTED_EDGE('',*,*,#4711,.F.);
#1945=ORIENTED_EDGE('',*,*,#4768,.F.);
#1946=ORIENTED_EDGE('',*,*,#4751,.F.);
#1947=ORIENTED_EDGE('',*,*,#4767,.T.);
#1948=ORIENTED_EDGE('',*,*,#4692,.F.);
#1949=ORIENTED_EDGE('',*,*,#4769,.F.);
#1950=ORIENTED_EDGE('',*,*,#4709,.F.);
#1951=ORIENTED_EDGE('',*,*,#4768,.T.);
#1952=ORIENTED_EDGE('',*,*,#4710,.F.);
#1953=ORIENTED_EDGE('',*,*,#4769,.T.);
#1954=ORIENTED_EDGE('',*,*,#4695,.F.);
#1955=ORIENTED_EDGE('',*,*,#4770,.F.);
#1956=ORIENTED_EDGE('',*,*,#4749,.F.);
#1957=ORIENTED_EDGE('',*,*,#4771,.F.);
#1958=ORIENTED_EDGE('',*,*,#4680,.F.);
#1959=ORIENTED_EDGE('',*,*,#4771,.T.);
#1960=ORIENTED_EDGE('',*,*,#4747,.F.);
#1961=ORIENTED_EDGE('',*,*,#4772,.F.);
#1962=ORIENTED_EDGE('',*,*,#4681,.F.);
#1963=ORIENTED_EDGE('',*,*,#4770,.T.);
#1964=ORIENTED_EDGE('',*,*,#4679,.F.);
#1965=ORIENTED_EDGE('',*,*,#4773,.F.);
#1966=ORIENTED_EDGE('',*,*,#4690,.F.);
#1967=ORIENTED_EDGE('',*,*,#4772,.T.);
#1968=ORIENTED_EDGE('',*,*,#4744,.F.);
#1969=ORIENTED_EDGE('',*,*,#4774,.F.);
#1970=ORIENTED_EDGE('',*,*,#4682,.F.);
#1971=ORIENTED_EDGE('',*,*,#4773,.T.);
#1972=ORIENTED_EDGE('',*,*,#4678,.F.);
#1973=ORIENTED_EDGE('',*,*,#4775,.F.);
#1974=ORIENTED_EDGE('',*,*,#4693,.F.);
#1975=ORIENTED_EDGE('',*,*,#4774,.T.);
#1976=ORIENTED_EDGE('',*,*,#4741,.F.);
#1977=ORIENTED_EDGE('',*,*,#4776,.F.);
#1978=ORIENTED_EDGE('',*,*,#4668,.F.);
#1979=ORIENTED_EDGE('',*,*,#4775,.T.);
#1980=ORIENTED_EDGE('',*,*,#4677,.F.);
#1981=ORIENTED_EDGE('',*,*,#4777,.F.);
#1982=ORIENTED_EDGE('',*,*,#4696,.F.);
#1983=ORIENTED_EDGE('',*,*,#4776,.T.);
#1984=ORIENTED_EDGE('',*,*,#4738,.F.);
#1985=ORIENTED_EDGE('',*,*,#4778,.F.);
#1986=ORIENTED_EDGE('',*,*,#4669,.F.);
#1987=ORIENTED_EDGE('',*,*,#4777,.T.);
#1988=ORIENTED_EDGE('',*,*,#4676,.F.);
#1989=ORIENTED_EDGE('',*,*,#4779,.F.);
#1990=ORIENTED_EDGE('',*,*,#4752,.F.);
#1991=ORIENTED_EDGE('',*,*,#4778,.T.);
#1992=ORIENTED_EDGE('',*,*,#4735,.F.);
#1993=ORIENTED_EDGE('',*,*,#4780,.F.);
#1994=ORIENTED_EDGE('',*,*,#4670,.F.);
#1995=ORIENTED_EDGE('',*,*,#4779,.T.);
#1996=ORIENTED_EDGE('',*,*,#4675,.F.);
#1997=ORIENTED_EDGE('',*,*,#4781,.F.);
#1998=ORIENTED_EDGE('',*,*,#4754,.F.);
#1999=ORIENTED_EDGE('',*,*,#4780,.T.);
#2000=ORIENTED_EDGE('',*,*,#4732,.F.);
#2001=ORIENTED_EDGE('',*,*,#4782,.F.);
#2002=ORIENTED_EDGE('',*,*,#4671,.F.);
#2003=ORIENTED_EDGE('',*,*,#4781,.T.);
#2004=ORIENTED_EDGE('',*,*,#4674,.F.);
#2005=ORIENTED_EDGE('',*,*,#4783,.F.);
#2006=ORIENTED_EDGE('',*,*,#4723,.F.);
#2007=ORIENTED_EDGE('',*,*,#4782,.T.);
#2008=ORIENTED_EDGE('',*,*,#4729,.F.);
#2009=ORIENTED_EDGE('',*,*,#4784,.F.);
#2010=ORIENTED_EDGE('',*,*,#4672,.F.);
#2011=ORIENTED_EDGE('',*,*,#4783,.T.);
#2012=ORIENTED_EDGE('',*,*,#4673,.F.);
#2013=ORIENTED_EDGE('',*,*,#4784,.T.);
#2014=ORIENTED_EDGE('',*,*,#4726,.F.);
#2015=ORIENTED_EDGE('',*,*,#4785,.F.);
#2016=ORIENTED_EDGE('',*,*,#4786,.T.);
#2017=ORIENTED_EDGE('',*,*,#4787,.T.);
#2018=ORIENTED_EDGE('',*,*,#4788,.F.);
#2019=ORIENTED_EDGE('',*,*,#4789,.F.);
#2020=ORIENTED_EDGE('',*,*,#4790,.T.);
#2021=ORIENTED_EDGE('',*,*,#4791,.T.);
#2022=ORIENTED_EDGE('',*,*,#4792,.F.);
#2023=ORIENTED_EDGE('',*,*,#4793,.F.);
#2024=ORIENTED_EDGE('',*,*,#4794,.T.);
#2025=ORIENTED_EDGE('',*,*,#4795,.T.);
#2026=ORIENTED_EDGE('',*,*,#4796,.F.);
#2027=ORIENTED_EDGE('',*,*,#4797,.T.);
#2028=ORIENTED_EDGE('',*,*,#4798,.T.);
#2029=ORIENTED_EDGE('',*,*,#4799,.T.);
#2030=ORIENTED_EDGE('',*,*,#4800,.T.);
#2031=ORIENTED_EDGE('',*,*,#4801,.T.);
#2032=ORIENTED_EDGE('',*,*,#4796,.T.);
#2033=ORIENTED_EDGE('',*,*,#4802,.F.);
#2034=ORIENTED_EDGE('',*,*,#4803,.F.);
#2035=ORIENTED_EDGE('',*,*,#4804,.T.);
#2036=ORIENTED_EDGE('',*,*,#4792,.T.);
#2037=ORIENTED_EDGE('',*,*,#4805,.T.);
#2038=ORIENTED_EDGE('',*,*,#4786,.F.);
#2039=ORIENTED_EDGE('',*,*,#4806,.F.);
#2040=ORIENTED_EDGE('',*,*,#4807,.F.);
#2041=ORIENTED_EDGE('',*,*,#4808,.T.);
#2042=ORIENTED_EDGE('',*,*,#4809,.F.);
#2043=ORIENTED_EDGE('',*,*,#4810,.F.);
#2044=ORIENTED_EDGE('',*,*,#4790,.F.);
#2045=ORIENTED_EDGE('',*,*,#4811,.F.);
#2046=ORIENTED_EDGE('',*,*,#4812,.T.);
#2047=ORIENTED_EDGE('',*,*,#4788,.T.);
#2048=ORIENTED_EDGE('',*,*,#4813,.T.);
#2049=ORIENTED_EDGE('',*,*,#4794,.F.);
#2050=ORIENTED_EDGE('',*,*,#4814,.F.);
#2051=ORIENTED_EDGE('',*,*,#4815,.F.);
#2052=ORIENTED_EDGE('',*,*,#4802,.T.);
#2053=ORIENTED_EDGE('',*,*,#4795,.F.);
#2054=ORIENTED_EDGE('',*,*,#4813,.F.);
#2055=ORIENTED_EDGE('',*,*,#4787,.F.);
#2056=ORIENTED_EDGE('',*,*,#4805,.F.);
#2057=ORIENTED_EDGE('',*,*,#4791,.F.);
#2058=ORIENTED_EDGE('',*,*,#4810,.T.);
#2059=ORIENTED_EDGE('',*,*,#4816,.T.);
#2060=ORIENTED_EDGE('',*,*,#4817,.F.);
#2061=ORIENTED_EDGE('',*,*,#4818,.F.);
#2062=ORIENTED_EDGE('',*,*,#4819,.F.);
#2063=ORIENTED_EDGE('',*,*,#4820,.F.);
#2064=ORIENTED_EDGE('',*,*,#4821,.F.);
#2065=ORIENTED_EDGE('',*,*,#4822,.F.);
#2066=ORIENTED_EDGE('',*,*,#4823,.F.);
#2067=ORIENTED_EDGE('',*,*,#4824,.F.);
#2068=ORIENTED_EDGE('',*,*,#4825,.F.);
#2069=ORIENTED_EDGE('',*,*,#4826,.F.);
#2070=ORIENTED_EDGE('',*,*,#4827,.F.);
#2071=ORIENTED_EDGE('',*,*,#4828,.F.);
#2072=ORIENTED_EDGE('',*,*,#4829,.F.);
#2073=ORIENTED_EDGE('',*,*,#4830,.F.);
#2074=ORIENTED_EDGE('',*,*,#4831,.F.);
#2075=ORIENTED_EDGE('',*,*,#4832,.F.);
#2076=ORIENTED_EDGE('',*,*,#4833,.F.);
#2077=ORIENTED_EDGE('',*,*,#4834,.F.);
#2078=ORIENTED_EDGE('',*,*,#4835,.F.);
#2079=ORIENTED_EDGE('',*,*,#4836,.F.);
#2080=ORIENTED_EDGE('',*,*,#4837,.F.);
#2081=ORIENTED_EDGE('',*,*,#4838,.F.);
#2082=ORIENTED_EDGE('',*,*,#4839,.F.);
#2083=ORIENTED_EDGE('',*,*,#4840,.F.);
#2084=ORIENTED_EDGE('',*,*,#4841,.F.);
#2085=ORIENTED_EDGE('',*,*,#4842,.F.);
#2086=ORIENTED_EDGE('',*,*,#4843,.F.);
#2087=ORIENTED_EDGE('',*,*,#4844,.F.);
#2088=ORIENTED_EDGE('',*,*,#4845,.F.);
#2089=ORIENTED_EDGE('',*,*,#4846,.F.);
#2090=ORIENTED_EDGE('',*,*,#4847,.F.);
#2091=ORIENTED_EDGE('',*,*,#4848,.F.);
#2092=ORIENTED_EDGE('',*,*,#4849,.F.);
#2093=ORIENTED_EDGE('',*,*,#4850,.F.);
#2094=ORIENTED_EDGE('',*,*,#4851,.F.);
#2095=ORIENTED_EDGE('',*,*,#4852,.F.);
#2096=ORIENTED_EDGE('',*,*,#4853,.F.);
#2097=ORIENTED_EDGE('',*,*,#4854,.F.);
#2098=ORIENTED_EDGE('',*,*,#4855,.F.);
#2099=ORIENTED_EDGE('',*,*,#4856,.F.);
#2100=ORIENTED_EDGE('',*,*,#4857,.F.);
#2101=ORIENTED_EDGE('',*,*,#4858,.F.);
#2102=ORIENTED_EDGE('',*,*,#4859,.F.);
#2103=ORIENTED_EDGE('',*,*,#4860,.F.);
#2104=ORIENTED_EDGE('',*,*,#4861,.F.);
#2105=ORIENTED_EDGE('',*,*,#4862,.F.);
#2106=ORIENTED_EDGE('',*,*,#4863,.F.);
#2107=ORIENTED_EDGE('',*,*,#4864,.F.);
#2108=ORIENTED_EDGE('',*,*,#4865,.F.);
#2109=ORIENTED_EDGE('',*,*,#4866,.F.);
#2110=ORIENTED_EDGE('',*,*,#4867,.F.);
#2111=ORIENTED_EDGE('',*,*,#4868,.F.);
#2112=ORIENTED_EDGE('',*,*,#4869,.F.);
#2113=ORIENTED_EDGE('',*,*,#4870,.F.);
#2114=ORIENTED_EDGE('',*,*,#4871,.F.);
#2115=ORIENTED_EDGE('',*,*,#4872,.F.);
#2116=ORIENTED_EDGE('',*,*,#4873,.F.);
#2117=ORIENTED_EDGE('',*,*,#4874,.F.);
#2118=ORIENTED_EDGE('',*,*,#4875,.F.);
#2119=ORIENTED_EDGE('',*,*,#4876,.F.);
#2120=ORIENTED_EDGE('',*,*,#4877,.F.);
#2121=ORIENTED_EDGE('',*,*,#4878,.F.);
#2122=ORIENTED_EDGE('',*,*,#4879,.F.);
#2123=ORIENTED_EDGE('',*,*,#4880,.F.);
#2124=ORIENTED_EDGE('',*,*,#4881,.F.);
#2125=ORIENTED_EDGE('',*,*,#4882,.F.);
#2126=ORIENTED_EDGE('',*,*,#4883,.F.);
#2127=ORIENTED_EDGE('',*,*,#4884,.F.);
#2128=ORIENTED_EDGE('',*,*,#4885,.F.);
#2129=ORIENTED_EDGE('',*,*,#4886,.F.);
#2130=ORIENTED_EDGE('',*,*,#4887,.F.);
#2131=ORIENTED_EDGE('',*,*,#4888,.F.);
#2132=ORIENTED_EDGE('',*,*,#4889,.F.);
#2133=ORIENTED_EDGE('',*,*,#4890,.F.);
#2134=ORIENTED_EDGE('',*,*,#4891,.F.);
#2135=ORIENTED_EDGE('',*,*,#4892,.F.);
#2136=ORIENTED_EDGE('',*,*,#4893,.F.);
#2137=ORIENTED_EDGE('',*,*,#4894,.F.);
#2138=ORIENTED_EDGE('',*,*,#4895,.F.);
#2139=ORIENTED_EDGE('',*,*,#4896,.F.);
#2140=ORIENTED_EDGE('',*,*,#4897,.F.);
#2141=ORIENTED_EDGE('',*,*,#4898,.F.);
#2142=ORIENTED_EDGE('',*,*,#4899,.F.);
#2143=ORIENTED_EDGE('',*,*,#4900,.F.);
#2144=ORIENTED_EDGE('',*,*,#4901,.F.);
#2145=ORIENTED_EDGE('',*,*,#4902,.F.);
#2146=ORIENTED_EDGE('',*,*,#4903,.F.);
#2147=ORIENTED_EDGE('',*,*,#4904,.F.);
#2148=ORIENTED_EDGE('',*,*,#4905,.F.);
#2149=ORIENTED_EDGE('',*,*,#4906,.F.);
#2150=ORIENTED_EDGE('',*,*,#4907,.F.);
#2151=ORIENTED_EDGE('',*,*,#4906,.T.);
#2152=ORIENTED_EDGE('',*,*,#4908,.F.);
#2153=ORIENTED_EDGE('',*,*,#4905,.T.);
#2154=ORIENTED_EDGE('',*,*,#4909,.F.);
#2155=ORIENTED_EDGE('',*,*,#4904,.T.);
#2156=ORIENTED_EDGE('',*,*,#4910,.F.);
#2157=ORIENTED_EDGE('',*,*,#4903,.T.);
#2158=ORIENTED_EDGE('',*,*,#4911,.F.);
#2159=ORIENTED_EDGE('',*,*,#4902,.T.);
#2160=ORIENTED_EDGE('',*,*,#4912,.F.);
#2161=ORIENTED_EDGE('',*,*,#4901,.T.);
#2162=ORIENTED_EDGE('',*,*,#4913,.F.);
#2163=ORIENTED_EDGE('',*,*,#4900,.T.);
#2164=ORIENTED_EDGE('',*,*,#4914,.F.);
#2165=ORIENTED_EDGE('',*,*,#4899,.T.);
#2166=ORIENTED_EDGE('',*,*,#4915,.F.);
#2167=ORIENTED_EDGE('',*,*,#4898,.T.);
#2168=ORIENTED_EDGE('',*,*,#4916,.F.);
#2169=ORIENTED_EDGE('',*,*,#4897,.T.);
#2170=ORIENTED_EDGE('',*,*,#4917,.F.);
#2171=ORIENTED_EDGE('',*,*,#4896,.T.);
#2172=ORIENTED_EDGE('',*,*,#4918,.F.);
#2173=ORIENTED_EDGE('',*,*,#4895,.T.);
#2174=ORIENTED_EDGE('',*,*,#4919,.F.);
#2175=ORIENTED_EDGE('',*,*,#4894,.T.);
#2176=ORIENTED_EDGE('',*,*,#4920,.F.);
#2177=ORIENTED_EDGE('',*,*,#4893,.T.);
#2178=ORIENTED_EDGE('',*,*,#4921,.F.);
#2179=ORIENTED_EDGE('',*,*,#4892,.T.);
#2180=ORIENTED_EDGE('',*,*,#4922,.F.);
#2181=ORIENTED_EDGE('',*,*,#4891,.T.);
#2182=ORIENTED_EDGE('',*,*,#4923,.F.);
#2183=ORIENTED_EDGE('',*,*,#4890,.T.);
#2184=ORIENTED_EDGE('',*,*,#4924,.F.);
#2185=ORIENTED_EDGE('',*,*,#4889,.T.);
#2186=ORIENTED_EDGE('',*,*,#4925,.F.);
#2187=ORIENTED_EDGE('',*,*,#4888,.T.);
#2188=ORIENTED_EDGE('',*,*,#4926,.F.);
#2189=ORIENTED_EDGE('',*,*,#4887,.T.);
#2190=ORIENTED_EDGE('',*,*,#4927,.F.);
#2191=ORIENTED_EDGE('',*,*,#4886,.T.);
#2192=ORIENTED_EDGE('',*,*,#4928,.F.);
#2193=ORIENTED_EDGE('',*,*,#4885,.T.);
#2194=ORIENTED_EDGE('',*,*,#4929,.F.);
#2195=ORIENTED_EDGE('',*,*,#4884,.T.);
#2196=ORIENTED_EDGE('',*,*,#4930,.F.);
#2197=ORIENTED_EDGE('',*,*,#4883,.T.);
#2198=ORIENTED_EDGE('',*,*,#4931,.F.);
#2199=ORIENTED_EDGE('',*,*,#4882,.T.);
#2200=ORIENTED_EDGE('',*,*,#4932,.F.);
#2201=ORIENTED_EDGE('',*,*,#4881,.T.);
#2202=ORIENTED_EDGE('',*,*,#4933,.F.);
#2203=ORIENTED_EDGE('',*,*,#4880,.T.);
#2204=ORIENTED_EDGE('',*,*,#4934,.F.);
#2205=ORIENTED_EDGE('',*,*,#4879,.T.);
#2206=ORIENTED_EDGE('',*,*,#4935,.F.);
#2207=ORIENTED_EDGE('',*,*,#4878,.T.);
#2208=ORIENTED_EDGE('',*,*,#4936,.F.);
#2209=ORIENTED_EDGE('',*,*,#4877,.T.);
#2210=ORIENTED_EDGE('',*,*,#4937,.F.);
#2211=ORIENTED_EDGE('',*,*,#4876,.T.);
#2212=ORIENTED_EDGE('',*,*,#4938,.F.);
#2213=ORIENTED_EDGE('',*,*,#4875,.T.);
#2214=ORIENTED_EDGE('',*,*,#4939,.F.);
#2215=ORIENTED_EDGE('',*,*,#4874,.T.);
#2216=ORIENTED_EDGE('',*,*,#4940,.F.);
#2217=ORIENTED_EDGE('',*,*,#4873,.T.);
#2218=ORIENTED_EDGE('',*,*,#4941,.F.);
#2219=ORIENTED_EDGE('',*,*,#4872,.T.);
#2220=ORIENTED_EDGE('',*,*,#4942,.F.);
#2221=ORIENTED_EDGE('',*,*,#4871,.T.);
#2222=ORIENTED_EDGE('',*,*,#4943,.F.);
#2223=ORIENTED_EDGE('',*,*,#4870,.T.);
#2224=ORIENTED_EDGE('',*,*,#4944,.F.);
#2225=ORIENTED_EDGE('',*,*,#4869,.T.);
#2226=ORIENTED_EDGE('',*,*,#4945,.F.);
#2227=ORIENTED_EDGE('',*,*,#4868,.T.);
#2228=ORIENTED_EDGE('',*,*,#4946,.F.);
#2229=ORIENTED_EDGE('',*,*,#4867,.T.);
#2230=ORIENTED_EDGE('',*,*,#4947,.F.);
#2231=ORIENTED_EDGE('',*,*,#4866,.T.);
#2232=ORIENTED_EDGE('',*,*,#4948,.F.);
#2233=ORIENTED_EDGE('',*,*,#4865,.T.);
#2234=ORIENTED_EDGE('',*,*,#4949,.F.);
#2235=ORIENTED_EDGE('',*,*,#4864,.T.);
#2236=ORIENTED_EDGE('',*,*,#4950,.F.);
#2237=ORIENTED_EDGE('',*,*,#4863,.T.);
#2238=ORIENTED_EDGE('',*,*,#4951,.F.);
#2239=ORIENTED_EDGE('',*,*,#4862,.T.);
#2240=ORIENTED_EDGE('',*,*,#4952,.F.);
#2241=ORIENTED_EDGE('',*,*,#4861,.T.);
#2242=ORIENTED_EDGE('',*,*,#4953,.F.);
#2243=ORIENTED_EDGE('',*,*,#4860,.T.);
#2244=ORIENTED_EDGE('',*,*,#4954,.F.);
#2245=ORIENTED_EDGE('',*,*,#4859,.T.);
#2246=ORIENTED_EDGE('',*,*,#4955,.F.);
#2247=ORIENTED_EDGE('',*,*,#4858,.T.);
#2248=ORIENTED_EDGE('',*,*,#4956,.F.);
#2249=ORIENTED_EDGE('',*,*,#4857,.T.);
#2250=ORIENTED_EDGE('',*,*,#4957,.F.);
#2251=ORIENTED_EDGE('',*,*,#4856,.T.);
#2252=ORIENTED_EDGE('',*,*,#4958,.F.);
#2253=ORIENTED_EDGE('',*,*,#4855,.T.);
#2254=ORIENTED_EDGE('',*,*,#4959,.F.);
#2255=ORIENTED_EDGE('',*,*,#4854,.T.);
#2256=ORIENTED_EDGE('',*,*,#4960,.F.);
#2257=ORIENTED_EDGE('',*,*,#4853,.T.);
#2258=ORIENTED_EDGE('',*,*,#4961,.F.);
#2259=ORIENTED_EDGE('',*,*,#4852,.T.);
#2260=ORIENTED_EDGE('',*,*,#4962,.F.);
#2261=ORIENTED_EDGE('',*,*,#4851,.T.);
#2262=ORIENTED_EDGE('',*,*,#4963,.F.);
#2263=ORIENTED_EDGE('',*,*,#4850,.T.);
#2264=ORIENTED_EDGE('',*,*,#4964,.F.);
#2265=ORIENTED_EDGE('',*,*,#4849,.T.);
#2266=ORIENTED_EDGE('',*,*,#4965,.F.);
#2267=ORIENTED_EDGE('',*,*,#4848,.T.);
#2268=ORIENTED_EDGE('',*,*,#4966,.F.);
#2269=ORIENTED_EDGE('',*,*,#4847,.T.);
#2270=ORIENTED_EDGE('',*,*,#4967,.F.);
#2271=ORIENTED_EDGE('',*,*,#4846,.T.);
#2272=ORIENTED_EDGE('',*,*,#4968,.F.);
#2273=ORIENTED_EDGE('',*,*,#4845,.T.);
#2274=ORIENTED_EDGE('',*,*,#4969,.F.);
#2275=ORIENTED_EDGE('',*,*,#4844,.T.);
#2276=ORIENTED_EDGE('',*,*,#4970,.F.);
#2277=ORIENTED_EDGE('',*,*,#4843,.T.);
#2278=ORIENTED_EDGE('',*,*,#4971,.F.);
#2279=ORIENTED_EDGE('',*,*,#4842,.T.);
#2280=ORIENTED_EDGE('',*,*,#4972,.F.);
#2281=ORIENTED_EDGE('',*,*,#4841,.T.);
#2282=ORIENTED_EDGE('',*,*,#4973,.F.);
#2283=ORIENTED_EDGE('',*,*,#4840,.T.);
#2284=ORIENTED_EDGE('',*,*,#4974,.F.);
#2285=ORIENTED_EDGE('',*,*,#4839,.T.);
#2286=ORIENTED_EDGE('',*,*,#4975,.F.);
#2287=ORIENTED_EDGE('',*,*,#4838,.T.);
#2288=ORIENTED_EDGE('',*,*,#4976,.F.);
#2289=ORIENTED_EDGE('',*,*,#4837,.T.);
#2290=ORIENTED_EDGE('',*,*,#4977,.F.);
#2291=ORIENTED_EDGE('',*,*,#4836,.T.);
#2292=ORIENTED_EDGE('',*,*,#4978,.F.);
#2293=ORIENTED_EDGE('',*,*,#4835,.T.);
#2294=ORIENTED_EDGE('',*,*,#4979,.F.);
#2295=ORIENTED_EDGE('',*,*,#4834,.T.);
#2296=ORIENTED_EDGE('',*,*,#4980,.F.);
#2297=ORIENTED_EDGE('',*,*,#4833,.T.);
#2298=ORIENTED_EDGE('',*,*,#4981,.F.);
#2299=ORIENTED_EDGE('',*,*,#4832,.T.);
#2300=ORIENTED_EDGE('',*,*,#4982,.F.);
#2301=ORIENTED_EDGE('',*,*,#4831,.T.);
#2302=ORIENTED_EDGE('',*,*,#4983,.F.);
#2303=ORIENTED_EDGE('',*,*,#4830,.T.);
#2304=ORIENTED_EDGE('',*,*,#4984,.F.);
#2305=ORIENTED_EDGE('',*,*,#4829,.T.);
#2306=ORIENTED_EDGE('',*,*,#4985,.F.);
#2307=ORIENTED_EDGE('',*,*,#4828,.T.);
#2308=ORIENTED_EDGE('',*,*,#4986,.F.);
#2309=ORIENTED_EDGE('',*,*,#4827,.T.);
#2310=ORIENTED_EDGE('',*,*,#4987,.F.);
#2311=ORIENTED_EDGE('',*,*,#4826,.T.);
#2312=ORIENTED_EDGE('',*,*,#4988,.T.);
#2313=ORIENTED_EDGE('',*,*,#4989,.F.);
#2314=ORIENTED_EDGE('',*,*,#4990,.F.);
#2315=ORIENTED_EDGE('',*,*,#4817,.T.);
#2316=ORIENTED_EDGE('',*,*,#4991,.F.);
#2317=ORIENTED_EDGE('',*,*,#4825,.T.);
#2318=ORIENTED_EDGE('',*,*,#4992,.F.);
#2319=ORIENTED_EDGE('',*,*,#4824,.T.);
#2320=ORIENTED_EDGE('',*,*,#4993,.F.);
#2321=ORIENTED_EDGE('',*,*,#4823,.T.);
#2322=ORIENTED_EDGE('',*,*,#4994,.F.);
#2323=ORIENTED_EDGE('',*,*,#4822,.T.);
#2324=ORIENTED_EDGE('',*,*,#4995,.F.);
#2325=ORIENTED_EDGE('',*,*,#4821,.T.);
#2326=ORIENTED_EDGE('',*,*,#4996,.F.);
#2327=ORIENTED_EDGE('',*,*,#4820,.T.);
#2328=ORIENTED_EDGE('',*,*,#4997,.F.);
#2329=ORIENTED_EDGE('',*,*,#4819,.T.);
#2330=ORIENTED_EDGE('',*,*,#4998,.F.);
#2331=ORIENTED_EDGE('',*,*,#4818,.T.);
#2332=ORIENTED_EDGE('',*,*,#4999,.F.);
#2333=ORIENTED_EDGE('',*,*,#4988,.F.);
#2334=ORIENTED_EDGE('',*,*,#4816,.F.);
#2335=ORIENTED_EDGE('',*,*,#4809,.T.);
#2336=ORIENTED_EDGE('',*,*,#5000,.T.);
#2337=ORIENTED_EDGE('',*,*,#5001,.T.);
#2338=ORIENTED_EDGE('',*,*,#5002,.F.);
#2339=ORIENTED_EDGE('',*,*,#4797,.F.);
#2340=ORIENTED_EDGE('',*,*,#4815,.T.);
#2341=ORIENTED_EDGE('',*,*,#4990,.T.);
#2342=ORIENTED_EDGE('',*,*,#5003,.F.);
#2343=ORIENTED_EDGE('',*,*,#5004,.F.);
#2344=ORIENTED_EDGE('',*,*,#5005,.F.);
#2345=ORIENTED_EDGE('',*,*,#5006,.F.);
#2346=ORIENTED_EDGE('',*,*,#4803,.T.);
#2347=ORIENTED_EDGE('',*,*,#5007,.F.);
#2348=ORIENTED_EDGE('',*,*,#5008,.T.);
#2349=ORIENTED_EDGE('',*,*,#5009,.T.);
#2350=ORIENTED_EDGE('',*,*,#4811,.T.);
#2351=ORIENTED_EDGE('',*,*,#5010,.F.);
#2352=ORIENTED_EDGE('',*,*,#5011,.T.);
#2353=ORIENTED_EDGE('',*,*,#5012,.T.);
#2354=ORIENTED_EDGE('',*,*,#4800,.F.);
#2355=ORIENTED_EDGE('',*,*,#5013,.T.);
#2356=ORIENTED_EDGE('',*,*,#5014,.T.);
#2357=ORIENTED_EDGE('',*,*,#5015,.T.);
#2358=ORIENTED_EDGE('',*,*,#5016,.T.);
#2359=ORIENTED_EDGE('',*,*,#5000,.F.);
#2360=ORIENTED_EDGE('',*,*,#4989,.T.);
#2361=ORIENTED_EDGE('',*,*,#4999,.T.);
#2362=ORIENTED_EDGE('',*,*,#4808,.F.);
#2363=ORIENTED_EDGE('',*,*,#5017,.T.);
#2364=ORIENTED_EDGE('',*,*,#5018,.T.);
#2365=ORIENTED_EDGE('',*,*,#5019,.F.);
#2366=ORIENTED_EDGE('',*,*,#4998,.T.);
#2367=ORIENTED_EDGE('',*,*,#4997,.T.);
#2368=ORIENTED_EDGE('',*,*,#4996,.T.);
#2369=ORIENTED_EDGE('',*,*,#4995,.T.);
#2370=ORIENTED_EDGE('',*,*,#4994,.T.);
#2371=ORIENTED_EDGE('',*,*,#4993,.T.);
#2372=ORIENTED_EDGE('',*,*,#4992,.T.);
#2373=ORIENTED_EDGE('',*,*,#4991,.T.);
#2374=ORIENTED_EDGE('',*,*,#4987,.T.);
#2375=ORIENTED_EDGE('',*,*,#4986,.T.);
#2376=ORIENTED_EDGE('',*,*,#4985,.T.);
#2377=ORIENTED_EDGE('',*,*,#4984,.T.);
#2378=ORIENTED_EDGE('',*,*,#4983,.T.);
#2379=ORIENTED_EDGE('',*,*,#4982,.T.);
#2380=ORIENTED_EDGE('',*,*,#4981,.T.);
#2381=ORIENTED_EDGE('',*,*,#4980,.T.);
#2382=ORIENTED_EDGE('',*,*,#4979,.T.);
#2383=ORIENTED_EDGE('',*,*,#4978,.T.);
#2384=ORIENTED_EDGE('',*,*,#4977,.T.);
#2385=ORIENTED_EDGE('',*,*,#4976,.T.);
#2386=ORIENTED_EDGE('',*,*,#4975,.T.);
#2387=ORIENTED_EDGE('',*,*,#4974,.T.);
#2388=ORIENTED_EDGE('',*,*,#4973,.T.);
#2389=ORIENTED_EDGE('',*,*,#4972,.T.);
#2390=ORIENTED_EDGE('',*,*,#4971,.T.);
#2391=ORIENTED_EDGE('',*,*,#4970,.T.);
#2392=ORIENTED_EDGE('',*,*,#4969,.T.);
#2393=ORIENTED_EDGE('',*,*,#4968,.T.);
#2394=ORIENTED_EDGE('',*,*,#4967,.T.);
#2395=ORIENTED_EDGE('',*,*,#4966,.T.);
#2396=ORIENTED_EDGE('',*,*,#4965,.T.);
#2397=ORIENTED_EDGE('',*,*,#4964,.T.);
#2398=ORIENTED_EDGE('',*,*,#4963,.T.);
#2399=ORIENTED_EDGE('',*,*,#4962,.T.);
#2400=ORIENTED_EDGE('',*,*,#4961,.T.);
#2401=ORIENTED_EDGE('',*,*,#4960,.T.);
#2402=ORIENTED_EDGE('',*,*,#4959,.T.);
#2403=ORIENTED_EDGE('',*,*,#4958,.T.);
#2404=ORIENTED_EDGE('',*,*,#4957,.T.);
#2405=ORIENTED_EDGE('',*,*,#4956,.T.);
#2406=ORIENTED_EDGE('',*,*,#4955,.T.);
#2407=ORIENTED_EDGE('',*,*,#4954,.T.);
#2408=ORIENTED_EDGE('',*,*,#4953,.T.);
#2409=ORIENTED_EDGE('',*,*,#4952,.T.);
#2410=ORIENTED_EDGE('',*,*,#4951,.T.);
#2411=ORIENTED_EDGE('',*,*,#4950,.T.);
#2412=ORIENTED_EDGE('',*,*,#4949,.T.);
#2413=ORIENTED_EDGE('',*,*,#4948,.T.);
#2414=ORIENTED_EDGE('',*,*,#4947,.T.);
#2415=ORIENTED_EDGE('',*,*,#4946,.T.);
#2416=ORIENTED_EDGE('',*,*,#4945,.T.);
#2417=ORIENTED_EDGE('',*,*,#4944,.T.);
#2418=ORIENTED_EDGE('',*,*,#4943,.T.);
#2419=ORIENTED_EDGE('',*,*,#4942,.T.);
#2420=ORIENTED_EDGE('',*,*,#4941,.T.);
#2421=ORIENTED_EDGE('',*,*,#4940,.T.);
#2422=ORIENTED_EDGE('',*,*,#4939,.T.);
#2423=ORIENTED_EDGE('',*,*,#4938,.T.);
#2424=ORIENTED_EDGE('',*,*,#4937,.T.);
#2425=ORIENTED_EDGE('',*,*,#4936,.T.);
#2426=ORIENTED_EDGE('',*,*,#4935,.T.);
#2427=ORIENTED_EDGE('',*,*,#4934,.T.);
#2428=ORIENTED_EDGE('',*,*,#4933,.T.);
#2429=ORIENTED_EDGE('',*,*,#4932,.T.);
#2430=ORIENTED_EDGE('',*,*,#4931,.T.);
#2431=ORIENTED_EDGE('',*,*,#4930,.T.);
#2432=ORIENTED_EDGE('',*,*,#4929,.T.);
#2433=ORIENTED_EDGE('',*,*,#4928,.T.);
#2434=ORIENTED_EDGE('',*,*,#4927,.T.);
#2435=ORIENTED_EDGE('',*,*,#4926,.T.);
#2436=ORIENTED_EDGE('',*,*,#4925,.T.);
#2437=ORIENTED_EDGE('',*,*,#4924,.T.);
#2438=ORIENTED_EDGE('',*,*,#4923,.T.);
#2439=ORIENTED_EDGE('',*,*,#4922,.T.);
#2440=ORIENTED_EDGE('',*,*,#4921,.T.);
#2441=ORIENTED_EDGE('',*,*,#4920,.T.);
#2442=ORIENTED_EDGE('',*,*,#4919,.T.);
#2443=ORIENTED_EDGE('',*,*,#4918,.T.);
#2444=ORIENTED_EDGE('',*,*,#4917,.T.);
#2445=ORIENTED_EDGE('',*,*,#4916,.T.);
#2446=ORIENTED_EDGE('',*,*,#4915,.T.);
#2447=ORIENTED_EDGE('',*,*,#4914,.T.);
#2448=ORIENTED_EDGE('',*,*,#4913,.T.);
#2449=ORIENTED_EDGE('',*,*,#4912,.T.);
#2450=ORIENTED_EDGE('',*,*,#4911,.T.);
#2451=ORIENTED_EDGE('',*,*,#4910,.T.);
#2452=ORIENTED_EDGE('',*,*,#4909,.T.);
#2453=ORIENTED_EDGE('',*,*,#4908,.T.);
#2454=ORIENTED_EDGE('',*,*,#4907,.T.);
#2455=ORIENTED_EDGE('',*,*,#5020,.F.);
#2456=ORIENTED_EDGE('',*,*,#4798,.F.);
#2457=ORIENTED_EDGE('',*,*,#5002,.T.);
#2458=ORIENTED_EDGE('',*,*,#5021,.F.);
#2459=ORIENTED_EDGE('',*,*,#5022,.F.);
#2460=ORIENTED_EDGE('',*,*,#5023,.F.);
#2461=ORIENTED_EDGE('',*,*,#5024,.F.);
#2462=ORIENTED_EDGE('',*,*,#5001,.F.);
#2463=ORIENTED_EDGE('',*,*,#5016,.F.);
#2464=ORIENTED_EDGE('',*,*,#5025,.F.);
#2465=ORIENTED_EDGE('',*,*,#5021,.T.);
#2466=ORIENTED_EDGE('',*,*,#5015,.F.);
#2467=ORIENTED_EDGE('',*,*,#5026,.F.);
#2468=ORIENTED_EDGE('',*,*,#5022,.T.);
#2469=ORIENTED_EDGE('',*,*,#5025,.T.);
#2470=ORIENTED_EDGE('',*,*,#5013,.F.);
#2471=ORIENTED_EDGE('',*,*,#4799,.F.);
#2472=ORIENTED_EDGE('',*,*,#5024,.T.);
#2473=ORIENTED_EDGE('',*,*,#5027,.T.);
#2474=ORIENTED_EDGE('',*,*,#5014,.F.);
#2475=ORIENTED_EDGE('',*,*,#5027,.F.);
#2476=ORIENTED_EDGE('',*,*,#5023,.T.);
#2477=ORIENTED_EDGE('',*,*,#5026,.T.);
#2478=ORIENTED_EDGE('',*,*,#5010,.T.);
#2479=ORIENTED_EDGE('',*,*,#4814,.T.);
#2480=ORIENTED_EDGE('',*,*,#5028,.F.);
#2481=ORIENTED_EDGE('',*,*,#5029,.T.);
#2482=ORIENTED_EDGE('',*,*,#5011,.F.);
#2483=ORIENTED_EDGE('',*,*,#5029,.F.);
#2484=ORIENTED_EDGE('',*,*,#5030,.T.);
#2485=ORIENTED_EDGE('',*,*,#5031,.T.);
#2486=ORIENTED_EDGE('',*,*,#5012,.F.);
#2487=ORIENTED_EDGE('',*,*,#5031,.F.);
#2488=ORIENTED_EDGE('',*,*,#5032,.T.);
#2489=ORIENTED_EDGE('',*,*,#4801,.F.);
#2490=ORIENTED_EDGE('',*,*,#5033,.F.);
#2491=ORIENTED_EDGE('',*,*,#5028,.T.);
#2492=ORIENTED_EDGE('',*,*,#4793,.T.);
#2493=ORIENTED_EDGE('',*,*,#5032,.F.);
#2494=ORIENTED_EDGE('',*,*,#5030,.F.);
#2495=ORIENTED_EDGE('',*,*,#5017,.F.);
#2496=ORIENTED_EDGE('',*,*,#4807,.T.);
#2497=ORIENTED_EDGE('',*,*,#5034,.T.);
#2498=ORIENTED_EDGE('',*,*,#5035,.T.);
#2499=ORIENTED_EDGE('',*,*,#5018,.F.);
#2500=ORIENTED_EDGE('',*,*,#5035,.F.);
#2501=ORIENTED_EDGE('',*,*,#5036,.T.);
#2502=ORIENTED_EDGE('',*,*,#5037,.T.);
#2503=ORIENTED_EDGE('',*,*,#5019,.T.);
#2504=ORIENTED_EDGE('',*,*,#5037,.F.);
#2505=ORIENTED_EDGE('',*,*,#5038,.F.);
#2506=ORIENTED_EDGE('',*,*,#4804,.F.);
#2507=ORIENTED_EDGE('',*,*,#5039,.F.);
#2508=ORIENTED_EDGE('',*,*,#5034,.F.);
#2509=ORIENTED_EDGE('',*,*,#4789,.T.);
#2510=ORIENTED_EDGE('',*,*,#5038,.T.);
#2511=ORIENTED_EDGE('',*,*,#5036,.F.);
#2512=ORIENTED_EDGE('',*,*,#5008,.F.);
#2513=ORIENTED_EDGE('',*,*,#5040,.F.);
#2514=ORIENTED_EDGE('',*,*,#5041,.T.);
#2515=ORIENTED_EDGE('',*,*,#5042,.T.);
#2516=ORIENTED_EDGE('',*,*,#5009,.F.);
#2517=ORIENTED_EDGE('',*,*,#5042,.F.);
#2518=ORIENTED_EDGE('',*,*,#5043,.T.);
#2519=ORIENTED_EDGE('',*,*,#4812,.F.);
#2520=ORIENTED_EDGE('',*,*,#5007,.T.);
#2521=ORIENTED_EDGE('',*,*,#4806,.T.);
#2522=ORIENTED_EDGE('',*,*,#5044,.F.);
#2523=ORIENTED_EDGE('',*,*,#5040,.T.);
#2524=ORIENTED_EDGE('',*,*,#5045,.F.);
#2525=ORIENTED_EDGE('',*,*,#5044,.T.);
#2526=ORIENTED_EDGE('',*,*,#4785,.T.);
#2527=ORIENTED_EDGE('',*,*,#5043,.F.);
#2528=ORIENTED_EDGE('',*,*,#5041,.F.);
#2529=ORIENTED_EDGE('',*,*,#5045,.T.);
#2530=ORIENTED_EDGE('',*,*,#5004,.T.);
#2531=ORIENTED_EDGE('',*,*,#5039,.T.);
#2532=ORIENTED_EDGE('',*,*,#5005,.T.);
#2533=ORIENTED_EDGE('',*,*,#5033,.T.);
#2534=ORIENTED_EDGE('',*,*,#5003,.T.);
#2535=ORIENTED_EDGE('',*,*,#5020,.T.);
#2536=ORIENTED_EDGE('',*,*,#5006,.T.);
#2537=ORIENTED_EDGE('',*,*,#5046,.F.);
#2538=ORIENTED_EDGE('',*,*,#5047,.T.);
#2539=ORIENTED_EDGE('',*,*,#5048,.T.);
#2540=ORIENTED_EDGE('',*,*,#5049,.F.);
#2541=ORIENTED_EDGE('',*,*,#5050,.F.);
#2542=ORIENTED_EDGE('',*,*,#5051,.T.);
#2543=ORIENTED_EDGE('',*,*,#5046,.T.);
#2544=ORIENTED_EDGE('',*,*,#5052,.F.);
#2545=ORIENTED_EDGE('',*,*,#5053,.F.);
#2546=ORIENTED_EDGE('',*,*,#5054,.T.);
#2547=ORIENTED_EDGE('',*,*,#5050,.T.);
#2548=ORIENTED_EDGE('',*,*,#5055,.T.);
#2549=ORIENTED_EDGE('',*,*,#5056,.F.);
#2550=ORIENTED_EDGE('',*,*,#5057,.T.);
#2551=ORIENTED_EDGE('',*,*,#5053,.T.);
#2552=ORIENTED_EDGE('',*,*,#5058,.F.);
#2553=ORIENTED_EDGE('',*,*,#5059,.F.);
#2554=ORIENTED_EDGE('',*,*,#5060,.T.);
#2555=ORIENTED_EDGE('',*,*,#5056,.T.);
#2556=ORIENTED_EDGE('',*,*,#5061,.T.);
#2557=ORIENTED_EDGE('',*,*,#5062,.F.);
#2558=ORIENTED_EDGE('',*,*,#5063,.T.);
#2559=ORIENTED_EDGE('',*,*,#5059,.T.);
#2560=ORIENTED_EDGE('',*,*,#5064,.F.);
#2561=ORIENTED_EDGE('',*,*,#5065,.F.);
#2562=ORIENTED_EDGE('',*,*,#5066,.T.);
#2563=ORIENTED_EDGE('',*,*,#5062,.T.);
#2564=ORIENTED_EDGE('',*,*,#5067,.F.);
#2565=ORIENTED_EDGE('',*,*,#5068,.F.);
#2566=ORIENTED_EDGE('',*,*,#5069,.T.);
#2567=ORIENTED_EDGE('',*,*,#5070,.T.);
#2568=ORIENTED_EDGE('',*,*,#5071,.T.);
#2569=ORIENTED_EDGE('',*,*,#5072,.F.);
#2570=ORIENTED_EDGE('',*,*,#5073,.T.);
#2571=ORIENTED_EDGE('',*,*,#5068,.T.);
#2572=ORIENTED_EDGE('',*,*,#5074,.T.);
#2573=ORIENTED_EDGE('',*,*,#5075,.F.);
#2574=ORIENTED_EDGE('',*,*,#5076,.T.);
#2575=ORIENTED_EDGE('',*,*,#5072,.T.);
#2576=ORIENTED_EDGE('',*,*,#5077,.T.);
#2577=ORIENTED_EDGE('',*,*,#5078,.F.);
#2578=ORIENTED_EDGE('',*,*,#5079,.T.);
#2579=ORIENTED_EDGE('',*,*,#5075,.T.);
#2580=ORIENTED_EDGE('',*,*,#5080,.F.);
#2581=ORIENTED_EDGE('',*,*,#5081,.F.);
#2582=ORIENTED_EDGE('',*,*,#5082,.T.);
#2583=ORIENTED_EDGE('',*,*,#5078,.T.);
#2584=ORIENTED_EDGE('',*,*,#5083,.T.);
#2585=ORIENTED_EDGE('',*,*,#5084,.F.);
#2586=ORIENTED_EDGE('',*,*,#5085,.T.);
#2587=ORIENTED_EDGE('',*,*,#5081,.T.);
#2588=ORIENTED_EDGE('',*,*,#5086,.F.);
#2589=ORIENTED_EDGE('',*,*,#5087,.F.);
#2590=ORIENTED_EDGE('',*,*,#5088,.T.);
#2591=ORIENTED_EDGE('',*,*,#5084,.T.);
#2592=ORIENTED_EDGE('',*,*,#5089,.T.);
#2593=ORIENTED_EDGE('',*,*,#5070,.F.);
#2594=ORIENTED_EDGE('',*,*,#5090,.T.);
#2595=ORIENTED_EDGE('',*,*,#5087,.T.);
#2596=ORIENTED_EDGE('',*,*,#5091,.T.);
#2597=ORIENTED_EDGE('',*,*,#5048,.F.);
#2598=ORIENTED_EDGE('',*,*,#5092,.T.);
#2599=ORIENTED_EDGE('',*,*,#5065,.T.);
#2600=ORIENTED_EDGE('',*,*,#5093,.F.);
#2601=ORIENTED_EDGE('',*,*,#5094,.T.);
#2602=ORIENTED_EDGE('',*,*,#5095,.T.);
#2603=ORIENTED_EDGE('',*,*,#5096,.T.);
#2604=ORIENTED_EDGE('',*,*,#5097,.T.);
#2605=ORIENTED_EDGE('',*,*,#5098,.T.);
#2606=ORIENTED_EDGE('',*,*,#5099,.T.);
#2607=ORIENTED_EDGE('',*,*,#5100,.T.);
#2608=ORIENTED_EDGE('',*,*,#5101,.T.);
#2609=ORIENTED_EDGE('',*,*,#5102,.T.);
#2610=ORIENTED_EDGE('',*,*,#5103,.T.);
#2611=ORIENTED_EDGE('',*,*,#5104,.T.);
#2612=ORIENTED_EDGE('',*,*,#5105,.T.);
#2613=ORIENTED_EDGE('',*,*,#5106,.T.);
#2614=ORIENTED_EDGE('',*,*,#5107,.T.);
#2615=ORIENTED_EDGE('',*,*,#5108,.T.);
#2616=ORIENTED_EDGE('',*,*,#5109,.T.);
#2617=ORIENTED_EDGE('',*,*,#5071,.F.);
#2618=ORIENTED_EDGE('',*,*,#5091,.F.);
#2619=ORIENTED_EDGE('',*,*,#5089,.F.);
#2620=ORIENTED_EDGE('',*,*,#5086,.T.);
#2621=ORIENTED_EDGE('',*,*,#5083,.F.);
#2622=ORIENTED_EDGE('',*,*,#5080,.T.);
#2623=ORIENTED_EDGE('',*,*,#5077,.F.);
#2624=ORIENTED_EDGE('',*,*,#5074,.F.);
#2625=ORIENTED_EDGE('',*,*,#5049,.T.);
#2626=ORIENTED_EDGE('',*,*,#5093,.T.);
#2627=ORIENTED_EDGE('',*,*,#5067,.T.);
#2628=ORIENTED_EDGE('',*,*,#5064,.T.);
#2629=ORIENTED_EDGE('',*,*,#5061,.F.);
#2630=ORIENTED_EDGE('',*,*,#5058,.T.);
#2631=ORIENTED_EDGE('',*,*,#5055,.F.);
#2632=ORIENTED_EDGE('',*,*,#5052,.T.);
#2633=ORIENTED_EDGE('',*,*,#5110,.F.);
#2634=ORIENTED_EDGE('',*,*,#5076,.F.);
#2635=ORIENTED_EDGE('',*,*,#5111,.F.);
#2636=ORIENTED_EDGE('',*,*,#5099,.F.);
#2637=ORIENTED_EDGE('',*,*,#5111,.T.);
#2638=ORIENTED_EDGE('',*,*,#5079,.F.);
#2639=ORIENTED_EDGE('',*,*,#5112,.F.);
#2640=ORIENTED_EDGE('',*,*,#5100,.F.);
#2641=ORIENTED_EDGE('',*,*,#5110,.T.);
#2642=ORIENTED_EDGE('',*,*,#5098,.F.);
#2643=ORIENTED_EDGE('',*,*,#5113,.F.);
#2644=ORIENTED_EDGE('',*,*,#5073,.F.);
#2645=ORIENTED_EDGE('',*,*,#5112,.T.);
#2646=ORIENTED_EDGE('',*,*,#5082,.F.);
#2647=ORIENTED_EDGE('',*,*,#5114,.F.);
#2648=ORIENTED_EDGE('',*,*,#5101,.F.);
#2649=ORIENTED_EDGE('',*,*,#5113,.T.);
#2650=ORIENTED_EDGE('',*,*,#5097,.F.);
#2651=ORIENTED_EDGE('',*,*,#5115,.F.);
#2652=ORIENTED_EDGE('',*,*,#5069,.F.);
#2653=ORIENTED_EDGE('',*,*,#5114,.T.);
#2654=ORIENTED_EDGE('',*,*,#5085,.F.);
#2655=ORIENTED_EDGE('',*,*,#5116,.F.);
#2656=ORIENTED_EDGE('',*,*,#5094,.F.);
#2657=ORIENTED_EDGE('',*,*,#5115,.T.);
#2658=ORIENTED_EDGE('',*,*,#5096,.F.);
#2659=ORIENTED_EDGE('',*,*,#5117,.F.);
#2660=ORIENTED_EDGE('',*,*,#5090,.F.);
#2661=ORIENTED_EDGE('',*,*,#5116,.T.);
#2662=ORIENTED_EDGE('',*,*,#5088,.F.);
#2663=ORIENTED_EDGE('',*,*,#5117,.T.);
#2664=ORIENTED_EDGE('',*,*,#5095,.F.);
#2665=ORIENTED_EDGE('',*,*,#5118,.F.);
#2666=ORIENTED_EDGE('',*,*,#5047,.F.);
#2667=ORIENTED_EDGE('',*,*,#5119,.F.);
#2668=ORIENTED_EDGE('',*,*,#5107,.F.);
#2669=ORIENTED_EDGE('',*,*,#5119,.T.);
#2670=ORIENTED_EDGE('',*,*,#5051,.F.);
#2671=ORIENTED_EDGE('',*,*,#5120,.F.);
#2672=ORIENTED_EDGE('',*,*,#5108,.F.);
#2673=ORIENTED_EDGE('',*,*,#5118,.T.);
#2674=ORIENTED_EDGE('',*,*,#5106,.F.);
#2675=ORIENTED_EDGE('',*,*,#5121,.F.);
#2676=ORIENTED_EDGE('',*,*,#5092,.F.);
#2677=ORIENTED_EDGE('',*,*,#5120,.T.);
#2678=ORIENTED_EDGE('',*,*,#5054,.F.);
#2679=ORIENTED_EDGE('',*,*,#5122,.F.);
#2680=ORIENTED_EDGE('',*,*,#5109,.F.);
#2681=ORIENTED_EDGE('',*,*,#5121,.T.);
#2682=ORIENTED_EDGE('',*,*,#5105,.F.);
#2683=ORIENTED_EDGE('',*,*,#5123,.F.);
#2684=ORIENTED_EDGE('',*,*,#5066,.F.);
#2685=ORIENTED_EDGE('',*,*,#5122,.T.);
#2686=ORIENTED_EDGE('',*,*,#5057,.F.);
#2687=ORIENTED_EDGE('',*,*,#5124,.F.);
#2688=ORIENTED_EDGE('',*,*,#5102,.F.);
#2689=ORIENTED_EDGE('',*,*,#5123,.T.);
#2690=ORIENTED_EDGE('',*,*,#5104,.F.);
#2691=ORIENTED_EDGE('',*,*,#5125,.F.);
#2692=ORIENTED_EDGE('',*,*,#5063,.F.);
#2693=ORIENTED_EDGE('',*,*,#5124,.T.);
#2694=ORIENTED_EDGE('',*,*,#5060,.F.);
#2695=ORIENTED_EDGE('',*,*,#5125,.T.);
#2696=ORIENTED_EDGE('',*,*,#5103,.F.);
#2697=ORIENTED_EDGE('',*,*,#5126,.T.);
#2698=ORIENTED_EDGE('',*,*,#5127,.F.);
#2699=ORIENTED_EDGE('',*,*,#5128,.F.);
#2700=ORIENTED_EDGE('',*,*,#5129,.F.);
#2701=ORIENTED_EDGE('',*,*,#5130,.T.);
#2702=ORIENTED_EDGE('',*,*,#5131,.F.);
#2703=ORIENTED_EDGE('',*,*,#5126,.F.);
#2704=ORIENTED_EDGE('',*,*,#5132,.F.);
#2705=ORIENTED_EDGE('',*,*,#5133,.T.);
#2706=ORIENTED_EDGE('',*,*,#5134,.F.);
#2707=ORIENTED_EDGE('',*,*,#5130,.F.);
#2708=ORIENTED_EDGE('',*,*,#5135,.F.);
#2709=ORIENTED_EDGE('',*,*,#5136,.F.);
#2710=ORIENTED_EDGE('',*,*,#5137,.F.);
#2711=ORIENTED_EDGE('',*,*,#5138,.T.);
#2712=ORIENTED_EDGE('',*,*,#5139,.T.);
#2713=ORIENTED_EDGE('',*,*,#5140,.F.);
#2714=ORIENTED_EDGE('',*,*,#5139,.F.);
#2715=ORIENTED_EDGE('',*,*,#5141,.T.);
#2716=ORIENTED_EDGE('',*,*,#5142,.T.);
#2717=ORIENTED_EDGE('',*,*,#5143,.T.);
#2718=ORIENTED_EDGE('',*,*,#5142,.F.);
#2719=ORIENTED_EDGE('',*,*,#5144,.F.);
#2720=ORIENTED_EDGE('',*,*,#5145,.T.);
#2721=ORIENTED_EDGE('',*,*,#5146,.T.);
#2722=ORIENTED_EDGE('',*,*,#5145,.F.);
#2723=ORIENTED_EDGE('',*,*,#5147,.F.);
#2724=ORIENTED_EDGE('',*,*,#5137,.T.);
#2725=ORIENTED_EDGE('',*,*,#5128,.T.);
#2726=ORIENTED_EDGE('',*,*,#5148,.F.);
#2727=ORIENTED_EDGE('',*,*,#5133,.F.);
#2728=ORIENTED_EDGE('',*,*,#5149,.F.);
#2729=ORIENTED_EDGE('',*,*,#5150,.F.);
#2730=ORIENTED_EDGE('',*,*,#5151,.F.);
#2731=ORIENTED_EDGE('',*,*,#5152,.F.);
#2732=ORIENTED_EDGE('',*,*,#5153,.F.);
#2733=ORIENTED_EDGE('',*,*,#5138,.F.);
#2734=ORIENTED_EDGE('',*,*,#5147,.T.);
#2735=ORIENTED_EDGE('',*,*,#5144,.T.);
#2736=ORIENTED_EDGE('',*,*,#5141,.F.);
#2737=ORIENTED_EDGE('',*,*,#5136,.T.);
#2738=ORIENTED_EDGE('',*,*,#5140,.T.);
#2739=ORIENTED_EDGE('',*,*,#5143,.F.);
#2740=ORIENTED_EDGE('',*,*,#5146,.F.);
#2741=ORIENTED_EDGE('',*,*,#5127,.T.);
#2742=ORIENTED_EDGE('',*,*,#5131,.T.);
#2743=ORIENTED_EDGE('',*,*,#5134,.T.);
#2744=ORIENTED_EDGE('',*,*,#5148,.T.);
#2745=ORIENTED_EDGE('',*,*,#5154,.T.);
#2746=ORIENTED_EDGE('',*,*,#5151,.T.);
#2747=ORIENTED_EDGE('',*,*,#5155,.T.);
#2748=ORIENTED_EDGE('',*,*,#5135,.T.);
#2749=ORIENTED_EDGE('',*,*,#5155,.F.);
#2750=ORIENTED_EDGE('',*,*,#5150,.T.);
#2751=ORIENTED_EDGE('',*,*,#5156,.T.);
#2752=ORIENTED_EDGE('',*,*,#5149,.T.);
#2753=ORIENTED_EDGE('',*,*,#5154,.F.);
#2754=ORIENTED_EDGE('',*,*,#5132,.T.);
#2755=ORIENTED_EDGE('',*,*,#5157,.T.);
#2756=ORIENTED_EDGE('',*,*,#5152,.T.);
#2757=ORIENTED_EDGE('',*,*,#5156,.F.);
#2758=ORIENTED_EDGE('',*,*,#5153,.T.);
#2759=ORIENTED_EDGE('',*,*,#5157,.F.);
#2760=ORIENTED_EDGE('',*,*,#5129,.T.);
#2761=ORIENTED_EDGE('',*,*,#5158,.F.);
#2762=ORIENTED_EDGE('',*,*,#5159,.T.);
#2763=ORIENTED_EDGE('',*,*,#5160,.T.);
#2764=ORIENTED_EDGE('',*,*,#5161,.T.);
#2765=ORIENTED_EDGE('',*,*,#5162,.T.);
#2766=ORIENTED_EDGE('',*,*,#5163,.F.);
#2767=ORIENTED_EDGE('',*,*,#5164,.T.);
#2768=ORIENTED_EDGE('',*,*,#5165,.F.);
#2769=ORIENTED_EDGE('',*,*,#5166,.T.);
#2770=ORIENTED_EDGE('',*,*,#5158,.T.);
#2771=ORIENTED_EDGE('',*,*,#5167,.F.);
#2772=ORIENTED_EDGE('',*,*,#5168,.T.);
#2773=ORIENTED_EDGE('',*,*,#5163,.T.);
#2774=ORIENTED_EDGE('',*,*,#5169,.F.);
#2775=ORIENTED_EDGE('',*,*,#5170,.T.);
#2776=ORIENTED_EDGE('',*,*,#5171,.T.);
#2777=ORIENTED_EDGE('',*,*,#5172,.T.);
#2778=ORIENTED_EDGE('',*,*,#5173,.F.);
#2779=ORIENTED_EDGE('',*,*,#5174,.F.);
#2780=ORIENTED_EDGE('',*,*,#5175,.T.);
#2781=ORIENTED_EDGE('',*,*,#5176,.F.);
#2782=ORIENTED_EDGE('',*,*,#5177,.T.);
#2783=ORIENTED_EDGE('',*,*,#5174,.T.);
#2784=ORIENTED_EDGE('',*,*,#5178,.F.);
#2785=ORIENTED_EDGE('',*,*,#5179,.F.);
#2786=ORIENTED_EDGE('',*,*,#5180,.T.);
#2787=ORIENTED_EDGE('',*,*,#5176,.T.);
#2788=ORIENTED_EDGE('',*,*,#5181,.T.);
#2789=ORIENTED_EDGE('',*,*,#5172,.F.);
#2790=ORIENTED_EDGE('',*,*,#5182,.T.);
#2791=ORIENTED_EDGE('',*,*,#5179,.T.);
#2792=ORIENTED_EDGE('',*,*,#5183,.T.);
#2793=ORIENTED_EDGE('',*,*,#5160,.F.);
#2794=ORIENTED_EDGE('',*,*,#5184,.T.);
#2795=ORIENTED_EDGE('',*,*,#5167,.T.);
#2796=ORIENTED_EDGE('',*,*,#5185,.F.);
#2797=ORIENTED_EDGE('',*,*,#5186,.T.);
#2798=ORIENTED_EDGE('',*,*,#5187,.T.);
#2799=ORIENTED_EDGE('',*,*,#5170,.F.);
#2800=ORIENTED_EDGE('',*,*,#5188,.T.);
#2801=ORIENTED_EDGE('',*,*,#5189,.T.);
#2802=ORIENTED_EDGE('',*,*,#5165,.T.);
#2803=ORIENTED_EDGE('',*,*,#5190,.T.);
#2804=ORIENTED_EDGE('',*,*,#5191,.T.);
#2805=ORIENTED_EDGE('',*,*,#5173,.T.);
#2806=ORIENTED_EDGE('',*,*,#5183,.F.);
#2807=ORIENTED_EDGE('',*,*,#5181,.F.);
#2808=ORIENTED_EDGE('',*,*,#5178,.T.);
#2809=ORIENTED_EDGE('',*,*,#5161,.F.);
#2810=ORIENTED_EDGE('',*,*,#5185,.T.);
#2811=ORIENTED_EDGE('',*,*,#5169,.T.);
#2812=ORIENTED_EDGE('',*,*,#5162,.F.);
#2813=ORIENTED_EDGE('',*,*,#5175,.F.);
#2814=ORIENTED_EDGE('',*,*,#5177,.F.);
#2815=ORIENTED_EDGE('',*,*,#5192,.F.);
#2816=ORIENTED_EDGE('',*,*,#5188,.F.);
#2817=ORIENTED_EDGE('',*,*,#5192,.T.);
#2818=ORIENTED_EDGE('',*,*,#5180,.F.);
#2819=ORIENTED_EDGE('',*,*,#5193,.F.);
#2820=ORIENTED_EDGE('',*,*,#5186,.F.);
#2821=ORIENTED_EDGE('',*,*,#5193,.T.);
#2822=ORIENTED_EDGE('',*,*,#5182,.F.);
#2823=ORIENTED_EDGE('',*,*,#5171,.F.);
#2824=ORIENTED_EDGE('',*,*,#5187,.F.);
#2825=ORIENTED_EDGE('',*,*,#5164,.F.);
#2826=ORIENTED_EDGE('',*,*,#5168,.F.);
#2827=ORIENTED_EDGE('',*,*,#5194,.F.);
#2828=ORIENTED_EDGE('',*,*,#5190,.F.);
#2829=ORIENTED_EDGE('',*,*,#5194,.T.);
#2830=ORIENTED_EDGE('',*,*,#5184,.F.);
#2831=ORIENTED_EDGE('',*,*,#5195,.F.);
#2832=ORIENTED_EDGE('',*,*,#5191,.F.);
#2833=ORIENTED_EDGE('',*,*,#5195,.T.);
#2834=ORIENTED_EDGE('',*,*,#5159,.F.);
#2835=ORIENTED_EDGE('',*,*,#5166,.F.);
#2836=ORIENTED_EDGE('',*,*,#5189,.F.);
#2837=ORIENTED_EDGE('',*,*,#5196,.T.);
#2838=ORIENTED_EDGE('',*,*,#5197,.F.);
#2839=ORIENTED_EDGE('',*,*,#5198,.F.);
#2840=ORIENTED_EDGE('',*,*,#5199,.T.);
#2841=ORIENTED_EDGE('',*,*,#5200,.T.);
#2842=ORIENTED_EDGE('',*,*,#5201,.T.);
#2843=ORIENTED_EDGE('',*,*,#5202,.F.);
#2844=ORIENTED_EDGE('',*,*,#5203,.F.);
#2845=ORIENTED_EDGE('',*,*,#5204,.T.);
#2846=ORIENTED_EDGE('',*,*,#5205,.T.);
#2847=ORIENTED_EDGE('',*,*,#5206,.F.);
#2848=ORIENTED_EDGE('',*,*,#5207,.F.);
#2849=ORIENTED_EDGE('',*,*,#5208,.T.);
#2850=ORIENTED_EDGE('',*,*,#5209,.T.);
#2851=ORIENTED_EDGE('',*,*,#5210,.F.);
#2852=ORIENTED_EDGE('',*,*,#5211,.F.);
#2853=ORIENTED_EDGE('',*,*,#5212,.T.);
#2854=ORIENTED_EDGE('',*,*,#5213,.T.);
#2855=ORIENTED_EDGE('',*,*,#5214,.F.);
#2856=ORIENTED_EDGE('',*,*,#5215,.F.);
#2857=ORIENTED_EDGE('',*,*,#5216,.T.);
#2858=ORIENTED_EDGE('',*,*,#5217,.T.);
#2859=ORIENTED_EDGE('',*,*,#5218,.F.);
#2860=ORIENTED_EDGE('',*,*,#5219,.F.);
#2861=ORIENTED_EDGE('',*,*,#5220,.T.);
#2862=ORIENTED_EDGE('',*,*,#5221,.T.);
#2863=ORIENTED_EDGE('',*,*,#5222,.F.);
#2864=ORIENTED_EDGE('',*,*,#5223,.F.);
#2865=ORIENTED_EDGE('',*,*,#5224,.T.);
#2866=ORIENTED_EDGE('',*,*,#5225,.T.);
#2867=ORIENTED_EDGE('',*,*,#5226,.F.);
#2868=ORIENTED_EDGE('',*,*,#5227,.F.);
#2869=ORIENTED_EDGE('',*,*,#5228,.T.);
#2870=ORIENTED_EDGE('',*,*,#5229,.T.);
#2871=ORIENTED_EDGE('',*,*,#5230,.F.);
#2872=ORIENTED_EDGE('',*,*,#5231,.F.);
#2873=ORIENTED_EDGE('',*,*,#5232,.T.);
#2874=ORIENTED_EDGE('',*,*,#5233,.T.);
#2875=ORIENTED_EDGE('',*,*,#5234,.F.);
#2876=ORIENTED_EDGE('',*,*,#5235,.F.);
#2877=ORIENTED_EDGE('',*,*,#5236,.T.);
#2878=ORIENTED_EDGE('',*,*,#5237,.T.);
#2879=ORIENTED_EDGE('',*,*,#5238,.F.);
#2880=ORIENTED_EDGE('',*,*,#5239,.F.);
#2881=ORIENTED_EDGE('',*,*,#5240,.T.);
#2882=ORIENTED_EDGE('',*,*,#5241,.T.);
#2883=ORIENTED_EDGE('',*,*,#5242,.F.);
#2884=ORIENTED_EDGE('',*,*,#5243,.F.);
#2885=ORIENTED_EDGE('',*,*,#5244,.T.);
#2886=ORIENTED_EDGE('',*,*,#5245,.T.);
#2887=ORIENTED_EDGE('',*,*,#5246,.F.);
#2888=ORIENTED_EDGE('',*,*,#5247,.F.);
#2889=ORIENTED_EDGE('',*,*,#5248,.T.);
#2890=ORIENTED_EDGE('',*,*,#5249,.T.);
#2891=ORIENTED_EDGE('',*,*,#5250,.F.);
#2892=ORIENTED_EDGE('',*,*,#5251,.F.);
#2893=ORIENTED_EDGE('',*,*,#5252,.T.);
#2894=ORIENTED_EDGE('',*,*,#5253,.T.);
#2895=ORIENTED_EDGE('',*,*,#5254,.F.);
#2896=ORIENTED_EDGE('',*,*,#5255,.F.);
#2897=ORIENTED_EDGE('',*,*,#5256,.T.);
#2898=ORIENTED_EDGE('',*,*,#5257,.T.);
#2899=ORIENTED_EDGE('',*,*,#5258,.F.);
#2900=ORIENTED_EDGE('',*,*,#5259,.F.);
#2901=ORIENTED_EDGE('',*,*,#5260,.T.);
#2902=ORIENTED_EDGE('',*,*,#5261,.T.);
#2903=ORIENTED_EDGE('',*,*,#5262,.F.);
#2904=ORIENTED_EDGE('',*,*,#5263,.F.);
#2905=ORIENTED_EDGE('',*,*,#5264,.T.);
#2906=ORIENTED_EDGE('',*,*,#5265,.T.);
#2907=ORIENTED_EDGE('',*,*,#5266,.F.);
#2908=ORIENTED_EDGE('',*,*,#5267,.F.);
#2909=ORIENTED_EDGE('',*,*,#5268,.T.);
#2910=ORIENTED_EDGE('',*,*,#5269,.T.);
#2911=ORIENTED_EDGE('',*,*,#5270,.F.);
#2912=ORIENTED_EDGE('',*,*,#5271,.F.);
#2913=ORIENTED_EDGE('',*,*,#5272,.T.);
#2914=ORIENTED_EDGE('',*,*,#5273,.T.);
#2915=ORIENTED_EDGE('',*,*,#5274,.F.);
#2916=ORIENTED_EDGE('',*,*,#5275,.F.);
#2917=ORIENTED_EDGE('',*,*,#5276,.T.);
#2918=ORIENTED_EDGE('',*,*,#5277,.T.);
#2919=ORIENTED_EDGE('',*,*,#5278,.F.);
#2920=ORIENTED_EDGE('',*,*,#5279,.F.);
#2921=ORIENTED_EDGE('',*,*,#5280,.T.);
#2922=ORIENTED_EDGE('',*,*,#5281,.T.);
#2923=ORIENTED_EDGE('',*,*,#5282,.F.);
#2924=ORIENTED_EDGE('',*,*,#5283,.F.);
#2925=ORIENTED_EDGE('',*,*,#5284,.F.);
#2926=ORIENTED_EDGE('',*,*,#5285,.F.);
#2927=ORIENTED_EDGE('',*,*,#5286,.T.);
#2928=ORIENTED_EDGE('',*,*,#5287,.T.);
#2929=ORIENTED_EDGE('',*,*,#5288,.F.);
#2930=ORIENTED_EDGE('',*,*,#5289,.F.);
#2931=ORIENTED_EDGE('',*,*,#5290,.T.);
#2932=ORIENTED_EDGE('',*,*,#5291,.T.);
#2933=ORIENTED_EDGE('',*,*,#5292,.F.);
#2934=ORIENTED_EDGE('',*,*,#5293,.F.);
#2935=ORIENTED_EDGE('',*,*,#5294,.T.);
#2936=ORIENTED_EDGE('',*,*,#5295,.T.);
#2937=ORIENTED_EDGE('',*,*,#5296,.F.);
#2938=ORIENTED_EDGE('',*,*,#5297,.F.);
#2939=ORIENTED_EDGE('',*,*,#5298,.T.);
#2940=ORIENTED_EDGE('',*,*,#5299,.T.);
#2941=ORIENTED_EDGE('',*,*,#5300,.F.);
#2942=ORIENTED_EDGE('',*,*,#5301,.F.);
#2943=ORIENTED_EDGE('',*,*,#5302,.T.);
#2944=ORIENTED_EDGE('',*,*,#5303,.T.);
#2945=ORIENTED_EDGE('',*,*,#5304,.F.);
#2946=ORIENTED_EDGE('',*,*,#5305,.F.);
#2947=ORIENTED_EDGE('',*,*,#5306,.T.);
#2948=ORIENTED_EDGE('',*,*,#5307,.T.);
#2949=ORIENTED_EDGE('',*,*,#5308,.F.);
#2950=ORIENTED_EDGE('',*,*,#5309,.F.);
#2951=ORIENTED_EDGE('',*,*,#5310,.T.);
#2952=ORIENTED_EDGE('',*,*,#5311,.T.);
#2953=ORIENTED_EDGE('',*,*,#5312,.F.);
#2954=ORIENTED_EDGE('',*,*,#5313,.F.);
#2955=ORIENTED_EDGE('',*,*,#5314,.T.);
#2956=ORIENTED_EDGE('',*,*,#5315,.T.);
#2957=ORIENTED_EDGE('',*,*,#5316,.F.);
#2958=ORIENTED_EDGE('',*,*,#5317,.F.);
#2959=ORIENTED_EDGE('',*,*,#5318,.T.);
#2960=ORIENTED_EDGE('',*,*,#5319,.T.);
#2961=ORIENTED_EDGE('',*,*,#5320,.F.);
#2962=ORIENTED_EDGE('',*,*,#5321,.F.);
#2963=ORIENTED_EDGE('',*,*,#5322,.T.);
#2964=ORIENTED_EDGE('',*,*,#5323,.T.);
#2965=ORIENTED_EDGE('',*,*,#5324,.F.);
#2966=ORIENTED_EDGE('',*,*,#5325,.F.);
#2967=ORIENTED_EDGE('',*,*,#5326,.T.);
#2968=ORIENTED_EDGE('',*,*,#5327,.T.);
#2969=ORIENTED_EDGE('',*,*,#5328,.F.);
#2970=ORIENTED_EDGE('',*,*,#5329,.F.);
#2971=ORIENTED_EDGE('',*,*,#5330,.T.);
#2972=ORIENTED_EDGE('',*,*,#5331,.T.);
#2973=ORIENTED_EDGE('',*,*,#5332,.F.);
#2974=ORIENTED_EDGE('',*,*,#5333,.F.);
#2975=ORIENTED_EDGE('',*,*,#5334,.T.);
#2976=ORIENTED_EDGE('',*,*,#5335,.T.);
#2977=ORIENTED_EDGE('',*,*,#5336,.F.);
#2978=ORIENTED_EDGE('',*,*,#5337,.F.);
#2979=ORIENTED_EDGE('',*,*,#5338,.T.);
#2980=ORIENTED_EDGE('',*,*,#5339,.T.);
#2981=ORIENTED_EDGE('',*,*,#5340,.F.);
#2982=ORIENTED_EDGE('',*,*,#5341,.F.);
#2983=ORIENTED_EDGE('',*,*,#5342,.T.);
#2984=ORIENTED_EDGE('',*,*,#5343,.T.);
#2985=ORIENTED_EDGE('',*,*,#5344,.F.);
#2986=ORIENTED_EDGE('',*,*,#5345,.F.);
#2987=ORIENTED_EDGE('',*,*,#5346,.T.);
#2988=ORIENTED_EDGE('',*,*,#5347,.T.);
#2989=ORIENTED_EDGE('',*,*,#5348,.F.);
#2990=ORIENTED_EDGE('',*,*,#5349,.F.);
#2991=ORIENTED_EDGE('',*,*,#5350,.T.);
#2992=ORIENTED_EDGE('',*,*,#5351,.T.);
#2993=ORIENTED_EDGE('',*,*,#5352,.F.);
#2994=ORIENTED_EDGE('',*,*,#5353,.F.);
#2995=ORIENTED_EDGE('',*,*,#5354,.T.);
#2996=ORIENTED_EDGE('',*,*,#5355,.T.);
#2997=ORIENTED_EDGE('',*,*,#5356,.F.);
#2998=ORIENTED_EDGE('',*,*,#5357,.F.);
#2999=ORIENTED_EDGE('',*,*,#5358,.T.);
#3000=ORIENTED_EDGE('',*,*,#5359,.T.);
#3001=ORIENTED_EDGE('',*,*,#5360,.F.);
#3002=ORIENTED_EDGE('',*,*,#5361,.F.);
#3003=ORIENTED_EDGE('',*,*,#5362,.T.);
#3004=ORIENTED_EDGE('',*,*,#5363,.T.);
#3005=ORIENTED_EDGE('',*,*,#5364,.F.);
#3006=ORIENTED_EDGE('',*,*,#5365,.F.);
#3007=ORIENTED_EDGE('',*,*,#5366,.T.);
#3008=ORIENTED_EDGE('',*,*,#5367,.T.);
#3009=ORIENTED_EDGE('',*,*,#5368,.F.);
#3010=ORIENTED_EDGE('',*,*,#5369,.F.);
#3011=ORIENTED_EDGE('',*,*,#5370,.T.);
#3012=ORIENTED_EDGE('',*,*,#5371,.T.);
#3013=ORIENTED_EDGE('',*,*,#5372,.T.);
#3014=ORIENTED_EDGE('',*,*,#5324,.T.);
#3015=ORIENTED_EDGE('',*,*,#5373,.F.);
#3016=ORIENTED_EDGE('',*,*,#5196,.F.);
#3017=ORIENTED_EDGE('',*,*,#5374,.T.);
#3018=ORIENTED_EDGE('',*,*,#5325,.T.);
#3019=ORIENTED_EDGE('',*,*,#5372,.F.);
#3020=ORIENTED_EDGE('',*,*,#5199,.F.);
#3021=ORIENTED_EDGE('',*,*,#5375,.T.);
#3022=ORIENTED_EDGE('',*,*,#5326,.F.);
#3023=ORIENTED_EDGE('',*,*,#5374,.F.);
#3024=ORIENTED_EDGE('',*,*,#5198,.T.);
#3025=ORIENTED_EDGE('',*,*,#5373,.T.);
#3026=ORIENTED_EDGE('',*,*,#5327,.F.);
#3027=ORIENTED_EDGE('',*,*,#5375,.F.);
#3028=ORIENTED_EDGE('',*,*,#5197,.T.);
#3029=ORIENTED_EDGE('',*,*,#5376,.F.);
#3030=ORIENTED_EDGE('',*,*,#5202,.T.);
#3031=ORIENTED_EDGE('',*,*,#5377,.T.);
#3032=ORIENTED_EDGE('',*,*,#5331,.F.);
#3033=ORIENTED_EDGE('',*,*,#5378,.F.);
#3034=ORIENTED_EDGE('',*,*,#5203,.T.);
#3035=ORIENTED_EDGE('',*,*,#5376,.T.);
#3036=ORIENTED_EDGE('',*,*,#5330,.F.);
#3037=ORIENTED_EDGE('',*,*,#5200,.F.);
#3038=ORIENTED_EDGE('',*,*,#5378,.T.);
#3039=ORIENTED_EDGE('',*,*,#5329,.T.);
#3040=ORIENTED_EDGE('',*,*,#5379,.F.);
#3041=ORIENTED_EDGE('',*,*,#5201,.F.);
#3042=ORIENTED_EDGE('',*,*,#5379,.T.);
#3043=ORIENTED_EDGE('',*,*,#5328,.T.);
#3044=ORIENTED_EDGE('',*,*,#5377,.F.);
#3045=ORIENTED_EDGE('',*,*,#5380,.F.);
#3046=ORIENTED_EDGE('',*,*,#5206,.T.);
#3047=ORIENTED_EDGE('',*,*,#5381,.T.);
#3048=ORIENTED_EDGE('',*,*,#5323,.F.);
#3049=ORIENTED_EDGE('',*,*,#5382,.F.);
#3050=ORIENTED_EDGE('',*,*,#5207,.T.);
#3051=ORIENTED_EDGE('',*,*,#5380,.T.);
#3052=ORIENTED_EDGE('',*,*,#5322,.F.);
#3053=ORIENTED_EDGE('',*,*,#5204,.F.);
#3054=ORIENTED_EDGE('',*,*,#5382,.T.);
#3055=ORIENTED_EDGE('',*,*,#5321,.T.);
#3056=ORIENTED_EDGE('',*,*,#5383,.F.);
#3057=ORIENTED_EDGE('',*,*,#5205,.F.);
#3058=ORIENTED_EDGE('',*,*,#5383,.T.);
#3059=ORIENTED_EDGE('',*,*,#5320,.T.);
#3060=ORIENTED_EDGE('',*,*,#5381,.F.);
#3061=ORIENTED_EDGE('',*,*,#5384,.F.);
#3062=ORIENTED_EDGE('',*,*,#5210,.T.);
#3063=ORIENTED_EDGE('',*,*,#5385,.T.);
#3064=ORIENTED_EDGE('',*,*,#5335,.F.);
#3065=ORIENTED_EDGE('',*,*,#5386,.F.);
#3066=ORIENTED_EDGE('',*,*,#5211,.T.);
#3067=ORIENTED_EDGE('',*,*,#5384,.T.);
#3068=ORIENTED_EDGE('',*,*,#5334,.F.);
#3069=ORIENTED_EDGE('',*,*,#5208,.F.);
#3070=ORIENTED_EDGE('',*,*,#5386,.T.);
#3071=ORIENTED_EDGE('',*,*,#5333,.T.);
#3072=ORIENTED_EDGE('',*,*,#5387,.F.);
#3073=ORIENTED_EDGE('',*,*,#5209,.F.);
#3074=ORIENTED_EDGE('',*,*,#5387,.T.);
#3075=ORIENTED_EDGE('',*,*,#5332,.T.);
#3076=ORIENTED_EDGE('',*,*,#5385,.F.);
#3077=ORIENTED_EDGE('',*,*,#5388,.F.);
#3078=ORIENTED_EDGE('',*,*,#5214,.T.);
#3079=ORIENTED_EDGE('',*,*,#5389,.T.);
#3080=ORIENTED_EDGE('',*,*,#5319,.F.);
#3081=ORIENTED_EDGE('',*,*,#5390,.F.);
#3082=ORIENTED_EDGE('',*,*,#5215,.T.);
#3083=ORIENTED_EDGE('',*,*,#5388,.T.);
#3084=ORIENTED_EDGE('',*,*,#5318,.F.);
#3085=ORIENTED_EDGE('',*,*,#5212,.F.);
#3086=ORIENTED_EDGE('',*,*,#5390,.T.);
#3087=ORIENTED_EDGE('',*,*,#5317,.T.);
#3088=ORIENTED_EDGE('',*,*,#5391,.F.);
#3089=ORIENTED_EDGE('',*,*,#5213,.F.);
#3090=ORIENTED_EDGE('',*,*,#5391,.T.);
#3091=ORIENTED_EDGE('',*,*,#5316,.T.);
#3092=ORIENTED_EDGE('',*,*,#5389,.F.);
#3093=ORIENTED_EDGE('',*,*,#5392,.F.);
#3094=ORIENTED_EDGE('',*,*,#5218,.T.);
#3095=ORIENTED_EDGE('',*,*,#5393,.T.);
#3096=ORIENTED_EDGE('',*,*,#5339,.F.);
#3097=ORIENTED_EDGE('',*,*,#5394,.F.);
#3098=ORIENTED_EDGE('',*,*,#5219,.T.);
#3099=ORIENTED_EDGE('',*,*,#5392,.T.);
#3100=ORIENTED_EDGE('',*,*,#5338,.F.);
#3101=ORIENTED_EDGE('',*,*,#5216,.F.);
#3102=ORIENTED_EDGE('',*,*,#5394,.T.);
#3103=ORIENTED_EDGE('',*,*,#5337,.T.);
#3104=ORIENTED_EDGE('',*,*,#5395,.F.);
#3105=ORIENTED_EDGE('',*,*,#5217,.F.);
#3106=ORIENTED_EDGE('',*,*,#5395,.T.);
#3107=ORIENTED_EDGE('',*,*,#5336,.T.);
#3108=ORIENTED_EDGE('',*,*,#5393,.F.);
#3109=ORIENTED_EDGE('',*,*,#5396,.F.);
#3110=ORIENTED_EDGE('',*,*,#5222,.T.);
#3111=ORIENTED_EDGE('',*,*,#5397,.T.);
#3112=ORIENTED_EDGE('',*,*,#5315,.F.);
#3113=ORIENTED_EDGE('',*,*,#5398,.F.);
#3114=ORIENTED_EDGE('',*,*,#5223,.T.);
#3115=ORIENTED_EDGE('',*,*,#5396,.T.);
#3116=ORIENTED_EDGE('',*,*,#5314,.F.);
#3117=ORIENTED_EDGE('',*,*,#5220,.F.);
#3118=ORIENTED_EDGE('',*,*,#5398,.T.);
#3119=ORIENTED_EDGE('',*,*,#5313,.T.);
#3120=ORIENTED_EDGE('',*,*,#5399,.F.);
#3121=ORIENTED_EDGE('',*,*,#5221,.F.);
#3122=ORIENTED_EDGE('',*,*,#5399,.T.);
#3123=ORIENTED_EDGE('',*,*,#5312,.T.);
#3124=ORIENTED_EDGE('',*,*,#5397,.F.);
#3125=ORIENTED_EDGE('',*,*,#5400,.F.);
#3126=ORIENTED_EDGE('',*,*,#5226,.T.);
#3127=ORIENTED_EDGE('',*,*,#5401,.T.);
#3128=ORIENTED_EDGE('',*,*,#5343,.F.);
#3129=ORIENTED_EDGE('',*,*,#5402,.F.);
#3130=ORIENTED_EDGE('',*,*,#5227,.T.);
#3131=ORIENTED_EDGE('',*,*,#5400,.T.);
#3132=ORIENTED_EDGE('',*,*,#5342,.F.);
#3133=ORIENTED_EDGE('',*,*,#5224,.F.);
#3134=ORIENTED_EDGE('',*,*,#5402,.T.);
#3135=ORIENTED_EDGE('',*,*,#5341,.T.);
#3136=ORIENTED_EDGE('',*,*,#5403,.F.);
#3137=ORIENTED_EDGE('',*,*,#5225,.F.);
#3138=ORIENTED_EDGE('',*,*,#5403,.T.);
#3139=ORIENTED_EDGE('',*,*,#5340,.T.);
#3140=ORIENTED_EDGE('',*,*,#5401,.F.);
#3141=ORIENTED_EDGE('',*,*,#5404,.F.);
#3142=ORIENTED_EDGE('',*,*,#5230,.T.);
#3143=ORIENTED_EDGE('',*,*,#5405,.T.);
#3144=ORIENTED_EDGE('',*,*,#5311,.F.);
#3145=ORIENTED_EDGE('',*,*,#5406,.F.);
#3146=ORIENTED_EDGE('',*,*,#5231,.T.);
#3147=ORIENTED_EDGE('',*,*,#5404,.T.);
#3148=ORIENTED_EDGE('',*,*,#5310,.F.);
#3149=ORIENTED_EDGE('',*,*,#5228,.F.);
#3150=ORIENTED_EDGE('',*,*,#5406,.T.);
#3151=ORIENTED_EDGE('',*,*,#5309,.T.);
#3152=ORIENTED_EDGE('',*,*,#5407,.F.);
#3153=ORIENTED_EDGE('',*,*,#5229,.F.);
#3154=ORIENTED_EDGE('',*,*,#5407,.T.);
#3155=ORIENTED_EDGE('',*,*,#5308,.T.);
#3156=ORIENTED_EDGE('',*,*,#5405,.F.);
#3157=ORIENTED_EDGE('',*,*,#5408,.F.);
#3158=ORIENTED_EDGE('',*,*,#5234,.T.);
#3159=ORIENTED_EDGE('',*,*,#5409,.T.);
#3160=ORIENTED_EDGE('',*,*,#5347,.F.);
#3161=ORIENTED_EDGE('',*,*,#5410,.F.);
#3162=ORIENTED_EDGE('',*,*,#5235,.T.);
#3163=ORIENTED_EDGE('',*,*,#5408,.T.);
#3164=ORIENTED_EDGE('',*,*,#5346,.F.);
#3165=ORIENTED_EDGE('',*,*,#5232,.F.);
#3166=ORIENTED_EDGE('',*,*,#5410,.T.);
#3167=ORIENTED_EDGE('',*,*,#5345,.T.);
#3168=ORIENTED_EDGE('',*,*,#5411,.F.);
#3169=ORIENTED_EDGE('',*,*,#5233,.F.);
#3170=ORIENTED_EDGE('',*,*,#5411,.T.);
#3171=ORIENTED_EDGE('',*,*,#5344,.T.);
#3172=ORIENTED_EDGE('',*,*,#5409,.F.);
#3173=ORIENTED_EDGE('',*,*,#5412,.F.);
#3174=ORIENTED_EDGE('',*,*,#5238,.T.);
#3175=ORIENTED_EDGE('',*,*,#5413,.T.);
#3176=ORIENTED_EDGE('',*,*,#5307,.F.);
#3177=ORIENTED_EDGE('',*,*,#5414,.F.);
#3178=ORIENTED_EDGE('',*,*,#5239,.T.);
#3179=ORIENTED_EDGE('',*,*,#5412,.T.);
#3180=ORIENTED_EDGE('',*,*,#5306,.F.);
#3181=ORIENTED_EDGE('',*,*,#5236,.F.);
#3182=ORIENTED_EDGE('',*,*,#5414,.T.);
#3183=ORIENTED_EDGE('',*,*,#5305,.T.);
#3184=ORIENTED_EDGE('',*,*,#5415,.F.);
#3185=ORIENTED_EDGE('',*,*,#5237,.F.);
#3186=ORIENTED_EDGE('',*,*,#5415,.T.);
#3187=ORIENTED_EDGE('',*,*,#5304,.T.);
#3188=ORIENTED_EDGE('',*,*,#5413,.F.);
#3189=ORIENTED_EDGE('',*,*,#5416,.F.);
#3190=ORIENTED_EDGE('',*,*,#5242,.T.);
#3191=ORIENTED_EDGE('',*,*,#5417,.T.);
#3192=ORIENTED_EDGE('',*,*,#5351,.F.);
#3193=ORIENTED_EDGE('',*,*,#5418,.F.);
#3194=ORIENTED_EDGE('',*,*,#5243,.T.);
#3195=ORIENTED_EDGE('',*,*,#5416,.T.);
#3196=ORIENTED_EDGE('',*,*,#5350,.F.);
#3197=ORIENTED_EDGE('',*,*,#5240,.F.);
#3198=ORIENTED_EDGE('',*,*,#5418,.T.);
#3199=ORIENTED_EDGE('',*,*,#5349,.T.);
#3200=ORIENTED_EDGE('',*,*,#5419,.F.);
#3201=ORIENTED_EDGE('',*,*,#5241,.F.);
#3202=ORIENTED_EDGE('',*,*,#5419,.T.);
#3203=ORIENTED_EDGE('',*,*,#5348,.T.);
#3204=ORIENTED_EDGE('',*,*,#5417,.F.);
#3205=ORIENTED_EDGE('',*,*,#5420,.F.);
#3206=ORIENTED_EDGE('',*,*,#5246,.T.);
#3207=ORIENTED_EDGE('',*,*,#5421,.T.);
#3208=ORIENTED_EDGE('',*,*,#5303,.F.);
#3209=ORIENTED_EDGE('',*,*,#5422,.F.);
#3210=ORIENTED_EDGE('',*,*,#5247,.T.);
#3211=ORIENTED_EDGE('',*,*,#5420,.T.);
#3212=ORIENTED_EDGE('',*,*,#5302,.F.);
#3213=ORIENTED_EDGE('',*,*,#5244,.F.);
#3214=ORIENTED_EDGE('',*,*,#5422,.T.);
#3215=ORIENTED_EDGE('',*,*,#5301,.T.);
#3216=ORIENTED_EDGE('',*,*,#5423,.F.);
#3217=ORIENTED_EDGE('',*,*,#5245,.F.);
#3218=ORIENTED_EDGE('',*,*,#5423,.T.);
#3219=ORIENTED_EDGE('',*,*,#5300,.T.);
#3220=ORIENTED_EDGE('',*,*,#5421,.F.);
#3221=ORIENTED_EDGE('',*,*,#5424,.F.);
#3222=ORIENTED_EDGE('',*,*,#5250,.T.);
#3223=ORIENTED_EDGE('',*,*,#5425,.T.);
#3224=ORIENTED_EDGE('',*,*,#5355,.F.);
#3225=ORIENTED_EDGE('',*,*,#5426,.F.);
#3226=ORIENTED_EDGE('',*,*,#5251,.T.);
#3227=ORIENTED_EDGE('',*,*,#5424,.T.);
#3228=ORIENTED_EDGE('',*,*,#5354,.F.);
#3229=ORIENTED_EDGE('',*,*,#5248,.F.);
#3230=ORIENTED_EDGE('',*,*,#5426,.T.);
#3231=ORIENTED_EDGE('',*,*,#5353,.T.);
#3232=ORIENTED_EDGE('',*,*,#5427,.F.);
#3233=ORIENTED_EDGE('',*,*,#5249,.F.);
#3234=ORIENTED_EDGE('',*,*,#5427,.T.);
#3235=ORIENTED_EDGE('',*,*,#5352,.T.);
#3236=ORIENTED_EDGE('',*,*,#5425,.F.);
#3237=ORIENTED_EDGE('',*,*,#5428,.F.);
#3238=ORIENTED_EDGE('',*,*,#5254,.T.);
#3239=ORIENTED_EDGE('',*,*,#5429,.T.);
#3240=ORIENTED_EDGE('',*,*,#5299,.F.);
#3241=ORIENTED_EDGE('',*,*,#5430,.F.);
#3242=ORIENTED_EDGE('',*,*,#5255,.T.);
#3243=ORIENTED_EDGE('',*,*,#5428,.T.);
#3244=ORIENTED_EDGE('',*,*,#5298,.F.);
#3245=ORIENTED_EDGE('',*,*,#5252,.F.);
#3246=ORIENTED_EDGE('',*,*,#5430,.T.);
#3247=ORIENTED_EDGE('',*,*,#5297,.T.);
#3248=ORIENTED_EDGE('',*,*,#5431,.F.);
#3249=ORIENTED_EDGE('',*,*,#5253,.F.);
#3250=ORIENTED_EDGE('',*,*,#5431,.T.);
#3251=ORIENTED_EDGE('',*,*,#5296,.T.);
#3252=ORIENTED_EDGE('',*,*,#5429,.F.);
#3253=ORIENTED_EDGE('',*,*,#5432,.F.);
#3254=ORIENTED_EDGE('',*,*,#5258,.T.);
#3255=ORIENTED_EDGE('',*,*,#5433,.T.);
#3256=ORIENTED_EDGE('',*,*,#5359,.F.);
#3257=ORIENTED_EDGE('',*,*,#5434,.F.);
#3258=ORIENTED_EDGE('',*,*,#5259,.T.);
#3259=ORIENTED_EDGE('',*,*,#5432,.T.);
#3260=ORIENTED_EDGE('',*,*,#5358,.F.);
#3261=ORIENTED_EDGE('',*,*,#5256,.F.);
#3262=ORIENTED_EDGE('',*,*,#5434,.T.);
#3263=ORIENTED_EDGE('',*,*,#5357,.T.);
#3264=ORIENTED_EDGE('',*,*,#5435,.F.);
#3265=ORIENTED_EDGE('',*,*,#5257,.F.);
#3266=ORIENTED_EDGE('',*,*,#5435,.T.);
#3267=ORIENTED_EDGE('',*,*,#5356,.T.);
#3268=ORIENTED_EDGE('',*,*,#5433,.F.);
#3269=ORIENTED_EDGE('',*,*,#5436,.F.);
#3270=ORIENTED_EDGE('',*,*,#5262,.T.);
#3271=ORIENTED_EDGE('',*,*,#5437,.T.);
#3272=ORIENTED_EDGE('',*,*,#5295,.F.);
#3273=ORIENTED_EDGE('',*,*,#5438,.F.);
#3274=ORIENTED_EDGE('',*,*,#5263,.T.);
#3275=ORIENTED_EDGE('',*,*,#5436,.T.);
#3276=ORIENTED_EDGE('',*,*,#5294,.F.);
#3277=ORIENTED_EDGE('',*,*,#5260,.F.);
#3278=ORIENTED_EDGE('',*,*,#5438,.T.);
#3279=ORIENTED_EDGE('',*,*,#5293,.T.);
#3280=ORIENTED_EDGE('',*,*,#5439,.F.);
#3281=ORIENTED_EDGE('',*,*,#5261,.F.);
#3282=ORIENTED_EDGE('',*,*,#5439,.T.);
#3283=ORIENTED_EDGE('',*,*,#5292,.T.);
#3284=ORIENTED_EDGE('',*,*,#5437,.F.);
#3285=ORIENTED_EDGE('',*,*,#5440,.F.);
#3286=ORIENTED_EDGE('',*,*,#5266,.T.);
#3287=ORIENTED_EDGE('',*,*,#5441,.T.);
#3288=ORIENTED_EDGE('',*,*,#5363,.F.);
#3289=ORIENTED_EDGE('',*,*,#5442,.F.);
#3290=ORIENTED_EDGE('',*,*,#5267,.T.);
#3291=ORIENTED_EDGE('',*,*,#5440,.T.);
#3292=ORIENTED_EDGE('',*,*,#5362,.F.);
#3293=ORIENTED_EDGE('',*,*,#5264,.F.);
#3294=ORIENTED_EDGE('',*,*,#5442,.T.);
#3295=ORIENTED_EDGE('',*,*,#5361,.T.);
#3296=ORIENTED_EDGE('',*,*,#5443,.F.);
#3297=ORIENTED_EDGE('',*,*,#5265,.F.);
#3298=ORIENTED_EDGE('',*,*,#5443,.T.);
#3299=ORIENTED_EDGE('',*,*,#5360,.T.);
#3300=ORIENTED_EDGE('',*,*,#5441,.F.);
#3301=ORIENTED_EDGE('',*,*,#5444,.F.);
#3302=ORIENTED_EDGE('',*,*,#5270,.T.);
#3303=ORIENTED_EDGE('',*,*,#5445,.T.);
#3304=ORIENTED_EDGE('',*,*,#5291,.F.);
#3305=ORIENTED_EDGE('',*,*,#5446,.F.);
#3306=ORIENTED_EDGE('',*,*,#5271,.T.);
#3307=ORIENTED_EDGE('',*,*,#5444,.T.);
#3308=ORIENTED_EDGE('',*,*,#5290,.F.);
#3309=ORIENTED_EDGE('',*,*,#5268,.F.);
#3310=ORIENTED_EDGE('',*,*,#5446,.T.);
#3311=ORIENTED_EDGE('',*,*,#5289,.T.);
#3312=ORIENTED_EDGE('',*,*,#5447,.F.);
#3313=ORIENTED_EDGE('',*,*,#5269,.F.);
#3314=ORIENTED_EDGE('',*,*,#5447,.T.);
#3315=ORIENTED_EDGE('',*,*,#5288,.T.);
#3316=ORIENTED_EDGE('',*,*,#5445,.F.);
#3317=ORIENTED_EDGE('',*,*,#5448,.F.);
#3318=ORIENTED_EDGE('',*,*,#5274,.T.);
#3319=ORIENTED_EDGE('',*,*,#5449,.T.);
#3320=ORIENTED_EDGE('',*,*,#5367,.F.);
#3321=ORIENTED_EDGE('',*,*,#5450,.F.);
#3322=ORIENTED_EDGE('',*,*,#5275,.T.);
#3323=ORIENTED_EDGE('',*,*,#5448,.T.);
#3324=ORIENTED_EDGE('',*,*,#5366,.F.);
#3325=ORIENTED_EDGE('',*,*,#5272,.F.);
#3326=ORIENTED_EDGE('',*,*,#5450,.T.);
#3327=ORIENTED_EDGE('',*,*,#5365,.T.);
#3328=ORIENTED_EDGE('',*,*,#5451,.F.);
#3329=ORIENTED_EDGE('',*,*,#5273,.F.);
#3330=ORIENTED_EDGE('',*,*,#5451,.T.);
#3331=ORIENTED_EDGE('',*,*,#5364,.T.);
#3332=ORIENTED_EDGE('',*,*,#5449,.F.);
#3333=ORIENTED_EDGE('',*,*,#5452,.F.);
#3334=ORIENTED_EDGE('',*,*,#5278,.T.);
#3335=ORIENTED_EDGE('',*,*,#5453,.T.);
#3336=ORIENTED_EDGE('',*,*,#5287,.F.);
#3337=ORIENTED_EDGE('',*,*,#5454,.F.);
#3338=ORIENTED_EDGE('',*,*,#5279,.T.);
#3339=ORIENTED_EDGE('',*,*,#5452,.T.);
#3340=ORIENTED_EDGE('',*,*,#5286,.F.);
#3341=ORIENTED_EDGE('',*,*,#5276,.F.);
#3342=ORIENTED_EDGE('',*,*,#5454,.T.);
#3343=ORIENTED_EDGE('',*,*,#5285,.T.);
#3344=ORIENTED_EDGE('',*,*,#5455,.F.);
#3345=ORIENTED_EDGE('',*,*,#5277,.F.);
#3346=ORIENTED_EDGE('',*,*,#5455,.T.);
#3347=ORIENTED_EDGE('',*,*,#5284,.T.);
#3348=ORIENTED_EDGE('',*,*,#5453,.F.);
#3349=ORIENTED_EDGE('',*,*,#5281,.F.);
#3350=ORIENTED_EDGE('',*,*,#5456,.T.);
#3351=ORIENTED_EDGE('',*,*,#5368,.T.);
#3352=ORIENTED_EDGE('',*,*,#5457,.F.);
#3353=ORIENTED_EDGE('',*,*,#5280,.F.);
#3354=ORIENTED_EDGE('',*,*,#5458,.T.);
#3355=ORIENTED_EDGE('',*,*,#5369,.T.);
#3356=ORIENTED_EDGE('',*,*,#5456,.F.);
#3357=ORIENTED_EDGE('',*,*,#5458,.F.);
#3358=ORIENTED_EDGE('',*,*,#5283,.T.);
#3359=ORIENTED_EDGE('',*,*,#5459,.T.);
#3360=ORIENTED_EDGE('',*,*,#5370,.F.);
#3361=ORIENTED_EDGE('',*,*,#5459,.F.);
#3362=ORIENTED_EDGE('',*,*,#5282,.T.);
#3363=ORIENTED_EDGE('',*,*,#5457,.T.);
#3364=ORIENTED_EDGE('',*,*,#5371,.F.);
#3365=ORIENTED_EDGE('',*,*,#5460,.F.);
#3366=ORIENTED_EDGE('',*,*,#5461,.T.);
#3367=ORIENTED_EDGE('',*,*,#5462,.F.);
#3368=ORIENTED_EDGE('',*,*,#5460,.T.);
#3369=ORIENTED_EDGE('',*,*,#5463,.T.);
#3370=ORIENTED_EDGE('',*,*,#5461,.F.);
#3371=ORIENTED_EDGE('',*,*,#5462,.T.);
#3372=ORIENTED_EDGE('',*,*,#5463,.F.);
#3373=ORIENTED_EDGE('',*,*,#5464,.T.);
#3374=ORIENTED_EDGE('',*,*,#5465,.F.);
#3375=ORIENTED_EDGE('',*,*,#5466,.F.);
#3376=ORIENTED_EDGE('',*,*,#5465,.T.);
#3377=ORIENTED_EDGE('',*,*,#5467,.F.);
#3378=ORIENTED_EDGE('',*,*,#5468,.T.);
#3379=ORIENTED_EDGE('',*,*,#5469,.F.);
#3380=ORIENTED_EDGE('',*,*,#5470,.F.);
#3381=ORIENTED_EDGE('',*,*,#5464,.F.);
#3382=ORIENTED_EDGE('',*,*,#5466,.T.);
#3383=ORIENTED_EDGE('',*,*,#5467,.T.);
#3384=ORIENTED_EDGE('',*,*,#5471,.F.);
#3385=ORIENTED_EDGE('',*,*,#5472,.T.);
#3386=ORIENTED_EDGE('',*,*,#5473,.T.);
#3387=ORIENTED_EDGE('',*,*,#5470,.T.);
#3388=ORIENTED_EDGE('',*,*,#5474,.F.);
#3389=ORIENTED_EDGE('',*,*,#5475,.F.);
#3390=ORIENTED_EDGE('',*,*,#5471,.T.);
#3391=ORIENTED_EDGE('',*,*,#5469,.T.);
#3392=ORIENTED_EDGE('',*,*,#5476,.F.);
#3393=ORIENTED_EDGE('',*,*,#5477,.F.);
#3394=ORIENTED_EDGE('',*,*,#5474,.T.);
#3395=ORIENTED_EDGE('',*,*,#5468,.F.);
#3396=ORIENTED_EDGE('',*,*,#5473,.F.);
#3397=ORIENTED_EDGE('',*,*,#5478,.T.);
#3398=ORIENTED_EDGE('',*,*,#5476,.T.);
#3399=ORIENTED_EDGE('',*,*,#5472,.F.);
#3400=ORIENTED_EDGE('',*,*,#5475,.T.);
#3401=ORIENTED_EDGE('',*,*,#5477,.T.);
#3402=ORIENTED_EDGE('',*,*,#5478,.F.);
#3403=ORIENTED_EDGE('',*,*,#5479,.T.);
#3404=ORIENTED_EDGE('',*,*,#5480,.F.);
#3405=ORIENTED_EDGE('',*,*,#5481,.F.);
#3406=ORIENTED_EDGE('',*,*,#5482,.T.);
#3407=ORIENTED_EDGE('',*,*,#5483,.T.);
#3408=ORIENTED_EDGE('',*,*,#5484,.F.);
#3409=ORIENTED_EDGE('',*,*,#5485,.F.);
#3410=ORIENTED_EDGE('',*,*,#5480,.T.);
#3411=ORIENTED_EDGE('',*,*,#5486,.T.);
#3412=ORIENTED_EDGE('',*,*,#5487,.F.);
#3413=ORIENTED_EDGE('',*,*,#5488,.F.);
#3414=ORIENTED_EDGE('',*,*,#5484,.T.);
#3415=ORIENTED_EDGE('',*,*,#5489,.T.);
#3416=ORIENTED_EDGE('',*,*,#5490,.F.);
#3417=ORIENTED_EDGE('',*,*,#5491,.T.);
#3418=ORIENTED_EDGE('',*,*,#5492,.F.);
#3419=ORIENTED_EDGE('',*,*,#5493,.T.);
#3420=ORIENTED_EDGE('',*,*,#5494,.F.);
#3421=ORIENTED_EDGE('',*,*,#5495,.T.);
#3422=ORIENTED_EDGE('',*,*,#5496,.F.);
#3423=ORIENTED_EDGE('',*,*,#5497,.T.);
#3424=ORIENTED_EDGE('',*,*,#5482,.F.);
#3425=ORIENTED_EDGE('',*,*,#5498,.F.);
#3426=ORIENTED_EDGE('',*,*,#5487,.T.);
#3427=ORIENTED_EDGE('',*,*,#5499,.F.);
#3428=ORIENTED_EDGE('',*,*,#5500,.F.);
#3429=ORIENTED_EDGE('',*,*,#5501,.T.);
#3430=ORIENTED_EDGE('',*,*,#5502,.T.);
#3431=ORIENTED_EDGE('',*,*,#5503,.T.);
#3432=ORIENTED_EDGE('',*,*,#5504,.T.);
#3433=ORIENTED_EDGE('',*,*,#5505,.F.);
#3434=ORIENTED_EDGE('',*,*,#5506,.F.);
#3435=ORIENTED_EDGE('',*,*,#5507,.F.);
#3436=ORIENTED_EDGE('',*,*,#5508,.T.);
#3437=ORIENTED_EDGE('',*,*,#5509,.T.);
#3438=ORIENTED_EDGE('',*,*,#5499,.T.);
#3439=ORIENTED_EDGE('',*,*,#5510,.F.);
#3440=ORIENTED_EDGE('',*,*,#5511,.T.);
#3441=ORIENTED_EDGE('',*,*,#5507,.T.);
#3442=ORIENTED_EDGE('',*,*,#5502,.F.);
#3443=ORIENTED_EDGE('',*,*,#5512,.F.);
#3444=ORIENTED_EDGE('',*,*,#5513,.T.);
#3445=ORIENTED_EDGE('',*,*,#5510,.T.);
#3446=ORIENTED_EDGE('',*,*,#5501,.F.);
#3447=ORIENTED_EDGE('',*,*,#5509,.F.);
#3448=ORIENTED_EDGE('',*,*,#5514,.T.);
#3449=ORIENTED_EDGE('',*,*,#5512,.T.);
#3450=ORIENTED_EDGE('',*,*,#5500,.T.);
#3451=ORIENTED_EDGE('',*,*,#5515,.T.);
#3452=ORIENTED_EDGE('',*,*,#5516,.T.);
#3453=ORIENTED_EDGE('',*,*,#5517,.T.);
#3454=ORIENTED_EDGE('',*,*,#5518,.T.);
#3455=ORIENTED_EDGE('',*,*,#5495,.F.);
#3456=ORIENTED_EDGE('',*,*,#5493,.F.);
#3457=ORIENTED_EDGE('',*,*,#5491,.F.);
#3458=ORIENTED_EDGE('',*,*,#5489,.F.);
#3459=ORIENTED_EDGE('',*,*,#5481,.T.);
#3460=ORIENTED_EDGE('',*,*,#5485,.T.);
#3461=ORIENTED_EDGE('',*,*,#5488,.T.);
#3462=ORIENTED_EDGE('',*,*,#5498,.T.);
#3463=ORIENTED_EDGE('',*,*,#5504,.F.);
#3464=ORIENTED_EDGE('',*,*,#5519,.F.);
#3465=ORIENTED_EDGE('',*,*,#5520,.T.);
#3466=ORIENTED_EDGE('',*,*,#5521,.T.);
#3467=ORIENTED_EDGE('',*,*,#5503,.F.);
#3468=ORIENTED_EDGE('',*,*,#5522,.F.);
#3469=ORIENTED_EDGE('',*,*,#5523,.T.);
#3470=ORIENTED_EDGE('',*,*,#5519,.T.);
#3471=ORIENTED_EDGE('',*,*,#5506,.T.);
#3472=ORIENTED_EDGE('',*,*,#5524,.F.);
#3473=ORIENTED_EDGE('',*,*,#5525,.F.);
#3474=ORIENTED_EDGE('',*,*,#5522,.T.);
#3475=ORIENTED_EDGE('',*,*,#5505,.T.);
#3476=ORIENTED_EDGE('',*,*,#5521,.F.);
#3477=ORIENTED_EDGE('',*,*,#5526,.F.);
#3478=ORIENTED_EDGE('',*,*,#5524,.T.);
#3479=ORIENTED_EDGE('',*,*,#5520,.F.);
#3480=ORIENTED_EDGE('',*,*,#5523,.F.);
#3481=ORIENTED_EDGE('',*,*,#5525,.T.);
#3482=ORIENTED_EDGE('',*,*,#5526,.T.);
#3483=ORIENTED_EDGE('',*,*,#5494,.T.);
#3484=ORIENTED_EDGE('',*,*,#5490,.T.);
#3485=ORIENTED_EDGE('',*,*,#5479,.F.);
#3486=ORIENTED_EDGE('',*,*,#5497,.F.);
#3487=ORIENTED_EDGE('',*,*,#5486,.F.);
#3488=ORIENTED_EDGE('',*,*,#5483,.F.);
#3489=ORIENTED_EDGE('',*,*,#5492,.T.);
#3490=ORIENTED_EDGE('',*,*,#5496,.T.);
#3491=ORIENTED_EDGE('',*,*,#5527,.F.);
#3492=ORIENTED_EDGE('',*,*,#5518,.F.);
#3493=ORIENTED_EDGE('',*,*,#5528,.F.);
#3494=ORIENTED_EDGE('',*,*,#5508,.F.);
#3495=ORIENTED_EDGE('',*,*,#5528,.T.);
#3496=ORIENTED_EDGE('',*,*,#5517,.F.);
#3497=ORIENTED_EDGE('',*,*,#5529,.F.);
#3498=ORIENTED_EDGE('',*,*,#5514,.F.);
#3499=ORIENTED_EDGE('',*,*,#5527,.T.);
#3500=ORIENTED_EDGE('',*,*,#5511,.F.);
#3501=ORIENTED_EDGE('',*,*,#5530,.F.);
#3502=ORIENTED_EDGE('',*,*,#5515,.F.);
#3503=ORIENTED_EDGE('',*,*,#5529,.T.);
#3504=ORIENTED_EDGE('',*,*,#5516,.F.);
#3505=ORIENTED_EDGE('',*,*,#5530,.T.);
#3506=ORIENTED_EDGE('',*,*,#5513,.F.);
#3507=ORIENTED_EDGE('',*,*,#5531,.F.);
#3508=ORIENTED_EDGE('',*,*,#5532,.T.);
#3509=ORIENTED_EDGE('',*,*,#5533,.T.);
#3510=ORIENTED_EDGE('',*,*,#5534,.F.);
#3511=ORIENTED_EDGE('',*,*,#5535,.F.);
#3512=ORIENTED_EDGE('',*,*,#5536,.T.);
#3513=ORIENTED_EDGE('',*,*,#5537,.F.);
#3514=ORIENTED_EDGE('',*,*,#5538,.T.);
#3515=ORIENTED_EDGE('',*,*,#5539,.T.);
#3516=ORIENTED_EDGE('',*,*,#5540,.T.);
#3517=ORIENTED_EDGE('',*,*,#5541,.F.);
#3518=ORIENTED_EDGE('',*,*,#5542,.F.);
#3519=ORIENTED_EDGE('',*,*,#5543,.T.);
#3520=ORIENTED_EDGE('',*,*,#5544,.T.);
#3521=ORIENTED_EDGE('',*,*,#5545,.T.);
#3522=ORIENTED_EDGE('',*,*,#5546,.F.);
#3523=ORIENTED_EDGE('',*,*,#5547,.F.);
#3524=ORIENTED_EDGE('',*,*,#5548,.T.);
#3525=ORIENTED_EDGE('',*,*,#5549,.T.);
#3526=ORIENTED_EDGE('',*,*,#5550,.F.);
#3527=ORIENTED_EDGE('',*,*,#5551,.F.);
#3528=ORIENTED_EDGE('',*,*,#5552,.F.);
#3529=ORIENTED_EDGE('',*,*,#5553,.T.);
#3530=ORIENTED_EDGE('',*,*,#5554,.T.);
#3531=ORIENTED_EDGE('',*,*,#5555,.F.);
#3532=ORIENTED_EDGE('',*,*,#5556,.F.);
#3533=ORIENTED_EDGE('',*,*,#5557,.T.);
#3534=ORIENTED_EDGE('',*,*,#5558,.T.);
#3535=ORIENTED_EDGE('',*,*,#5559,.F.);
#3536=ORIENTED_EDGE('',*,*,#5560,.F.);
#3537=ORIENTED_EDGE('',*,*,#5561,.T.);
#3538=ORIENTED_EDGE('',*,*,#5562,.T.);
#3539=ORIENTED_EDGE('',*,*,#5563,.T.);
#3540=ORIENTED_EDGE('',*,*,#5564,.F.);
#3541=ORIENTED_EDGE('',*,*,#5565,.F.);
#3542=ORIENTED_EDGE('',*,*,#5566,.F.);
#3543=ORIENTED_EDGE('',*,*,#5551,.T.);
#3544=ORIENTED_EDGE('',*,*,#5567,.F.);
#3545=ORIENTED_EDGE('',*,*,#5559,.T.);
#3546=ORIENTED_EDGE('',*,*,#5568,.T.);
#3547=ORIENTED_EDGE('',*,*,#5569,.F.);
#3548=ORIENTED_EDGE('',*,*,#5570,.F.);
#3549=ORIENTED_EDGE('',*,*,#5571,.T.);
#3550=ORIENTED_EDGE('',*,*,#5563,.F.);
#3551=ORIENTED_EDGE('',*,*,#5572,.T.);
#3552=ORIENTED_EDGE('',*,*,#5573,.T.);
#3553=ORIENTED_EDGE('',*,*,#5574,.F.);
#3554=ORIENTED_EDGE('',*,*,#5575,.F.);
#3555=ORIENTED_EDGE('',*,*,#5576,.F.);
#3556=ORIENTED_EDGE('',*,*,#5577,.F.);
#3557=ORIENTED_EDGE('',*,*,#5578,.F.);
#3558=ORIENTED_EDGE('',*,*,#5538,.F.);
#3559=ORIENTED_EDGE('',*,*,#5579,.F.);
#3560=ORIENTED_EDGE('',*,*,#5580,.T.);
#3561=ORIENTED_EDGE('',*,*,#5581,.T.);
#3562=ORIENTED_EDGE('',*,*,#5582,.T.);
#3563=ORIENTED_EDGE('',*,*,#5583,.T.);
#3564=ORIENTED_EDGE('',*,*,#5584,.T.);
#3565=ORIENTED_EDGE('',*,*,#5585,.T.);
#3566=ORIENTED_EDGE('',*,*,#5586,.T.);
#3567=ORIENTED_EDGE('',*,*,#5587,.T.);
#3568=ORIENTED_EDGE('',*,*,#5588,.F.);
#3569=ORIENTED_EDGE('',*,*,#5589,.T.);
#3570=ORIENTED_EDGE('',*,*,#5590,.F.);
#3571=ORIENTED_EDGE('',*,*,#5591,.T.);
#3572=ORIENTED_EDGE('',*,*,#5568,.F.);
#3573=ORIENTED_EDGE('',*,*,#5558,.F.);
#3574=ORIENTED_EDGE('',*,*,#5592,.F.);
#3575=ORIENTED_EDGE('',*,*,#5593,.F.);
#3576=ORIENTED_EDGE('',*,*,#5594,.T.);
#3577=ORIENTED_EDGE('',*,*,#5554,.F.);
#3578=ORIENTED_EDGE('',*,*,#5595,.T.);
#3579=ORIENTED_EDGE('',*,*,#5596,.F.);
#3580=ORIENTED_EDGE('',*,*,#5597,.F.);
#3581=ORIENTED_EDGE('',*,*,#5598,.T.);
#3582=ORIENTED_EDGE('',*,*,#5599,.F.);
#3583=ORIENTED_EDGE('',*,*,#5600,.F.);
#3584=ORIENTED_EDGE('',*,*,#5601,.T.);
#3585=ORIENTED_EDGE('',*,*,#5602,.F.);
#3586=ORIENTED_EDGE('',*,*,#5603,.T.);
#3587=ORIENTED_EDGE('',*,*,#5604,.F.);
#3588=ORIENTED_EDGE('',*,*,#5605,.F.);
#3589=ORIENTED_EDGE('',*,*,#5606,.T.);
#3590=ORIENTED_EDGE('',*,*,#5607,.F.);
#3591=ORIENTED_EDGE('',*,*,#5608,.F.);
#3592=ORIENTED_EDGE('',*,*,#5609,.F.);
#3593=ORIENTED_EDGE('',*,*,#5610,.T.);
#3594=ORIENTED_EDGE('',*,*,#5575,.T.);
#3595=ORIENTED_EDGE('',*,*,#5611,.F.);
#3596=ORIENTED_EDGE('',*,*,#5612,.T.);
#3597=ORIENTED_EDGE('',*,*,#5613,.F.);
#3598=ORIENTED_EDGE('',*,*,#5614,.F.);
#3599=ORIENTED_EDGE('',*,*,#5615,.T.);
#3600=ORIENTED_EDGE('',*,*,#5616,.T.);
#3601=ORIENTED_EDGE('',*,*,#5611,.T.);
#3602=ORIENTED_EDGE('',*,*,#5578,.T.);
#3603=ORIENTED_EDGE('',*,*,#5617,.F.);
#3604=ORIENTED_EDGE('',*,*,#5618,.F.);
#3605=ORIENTED_EDGE('',*,*,#5608,.T.);
#3606=ORIENTED_EDGE('',*,*,#5619,.F.);
#3607=ORIENTED_EDGE('',*,*,#5620,.T.);
#3608=ORIENTED_EDGE('',*,*,#5621,.T.);
#3609=ORIENTED_EDGE('',*,*,#5600,.T.);
#3610=ORIENTED_EDGE('',*,*,#5622,.F.);
#3611=ORIENTED_EDGE('',*,*,#5623,.T.);
#3612=ORIENTED_EDGE('',*,*,#5624,.F.);
#3613=ORIENTED_EDGE('',*,*,#5625,.F.);
#3614=ORIENTED_EDGE('',*,*,#5626,.T.);
#3615=ORIENTED_EDGE('',*,*,#5627,.F.);
#3616=ORIENTED_EDGE('',*,*,#5569,.T.);
#3617=ORIENTED_EDGE('',*,*,#5591,.F.);
#3618=ORIENTED_EDGE('',*,*,#5628,.F.);
#3619=ORIENTED_EDGE('',*,*,#5629,.T.);
#3620=ORIENTED_EDGE('',*,*,#5630,.F.);
#3621=ORIENTED_EDGE('',*,*,#5587,.F.);
#3622=ORIENTED_EDGE('',*,*,#5631,.T.);
#3623=ORIENTED_EDGE('',*,*,#5632,.T.);
#3624=ORIENTED_EDGE('',*,*,#5633,.T.);
#3625=ORIENTED_EDGE('',*,*,#5583,.F.);
#3626=ORIENTED_EDGE('',*,*,#5634,.F.);
#3627=ORIENTED_EDGE('',*,*,#5635,.F.);
#3628=ORIENTED_EDGE('',*,*,#5636,.F.);
#3629=ORIENTED_EDGE('',*,*,#5637,.T.);
#3630=ORIENTED_EDGE('',*,*,#5638,.F.);
#3631=ORIENTED_EDGE('',*,*,#5639,.T.);
#3632=ORIENTED_EDGE('',*,*,#5565,.T.);
#3633=ORIENTED_EDGE('',*,*,#5640,.T.);
#3634=ORIENTED_EDGE('',*,*,#5570,.T.);
#3635=ORIENTED_EDGE('',*,*,#5641,.T.);
#3636=ORIENTED_EDGE('',*,*,#5642,.T.);
#3637=ORIENTED_EDGE('',*,*,#5537,.T.);
#3638=ORIENTED_EDGE('',*,*,#5643,.T.);
#3639=ORIENTED_EDGE('',*,*,#5644,.F.);
#3640=ORIENTED_EDGE('',*,*,#5579,.T.);
#3641=ORIENTED_EDGE('',*,*,#5645,.T.);
#3642=ORIENTED_EDGE('',*,*,#5646,.T.);
#3643=ORIENTED_EDGE('',*,*,#5539,.F.);
#3644=ORIENTED_EDGE('',*,*,#5581,.F.);
#3645=ORIENTED_EDGE('',*,*,#5647,.F.);
#3646=ORIENTED_EDGE('',*,*,#5644,.T.);
#3647=ORIENTED_EDGE('',*,*,#5648,.T.);
#3648=ORIENTED_EDGE('',*,*,#5645,.F.);
#3649=ORIENTED_EDGE('',*,*,#5580,.F.);
#3650=ORIENTED_EDGE('',*,*,#5573,.F.);
#3651=ORIENTED_EDGE('',*,*,#5649,.T.);
#3652=ORIENTED_EDGE('',*,*,#5609,.T.);
#3653=ORIENTED_EDGE('',*,*,#5618,.T.);
#3654=ORIENTED_EDGE('',*,*,#5650,.T.);
#3655=ORIENTED_EDGE('',*,*,#5651,.T.);
#3656=ORIENTED_EDGE('',*,*,#5652,.T.);
#3657=ORIENTED_EDGE('',*,*,#5535,.T.);
#3658=ORIENTED_EDGE('',*,*,#5653,.T.);
#3659=ORIENTED_EDGE('',*,*,#5540,.F.);
#3660=ORIENTED_EDGE('',*,*,#5646,.F.);
#3661=ORIENTED_EDGE('',*,*,#5654,.F.);
#3662=ORIENTED_EDGE('',*,*,#5653,.F.);
#3663=ORIENTED_EDGE('',*,*,#5654,.T.);
#3664=ORIENTED_EDGE('',*,*,#5648,.F.);
#3665=ORIENTED_EDGE('',*,*,#5655,.F.);
#3666=ORIENTED_EDGE('',*,*,#5651,.F.);
#3667=ORIENTED_EDGE('',*,*,#5655,.T.);
#3668=ORIENTED_EDGE('',*,*,#5643,.F.);
#3669=ORIENTED_EDGE('',*,*,#5536,.F.);
#3670=ORIENTED_EDGE('',*,*,#5652,.F.);
#3671=ORIENTED_EDGE('',*,*,#5656,.T.);
#3672=ORIENTED_EDGE('',*,*,#5577,.T.);
#3673=ORIENTED_EDGE('',*,*,#5657,.F.);
#3674=ORIENTED_EDGE('',*,*,#5650,.F.);
#3675=ORIENTED_EDGE('',*,*,#5617,.T.);
#3676=ORIENTED_EDGE('',*,*,#5576,.T.);
#3677=ORIENTED_EDGE('',*,*,#5610,.F.);
#3678=ORIENTED_EDGE('',*,*,#5649,.F.);
#3679=ORIENTED_EDGE('',*,*,#5657,.T.);
#3680=ORIENTED_EDGE('',*,*,#5658,.F.);
#3681=ORIENTED_EDGE('',*,*,#5659,.F.);
#3682=ORIENTED_EDGE('',*,*,#5660,.F.);
#3683=ORIENTED_EDGE('',*,*,#5632,.F.);
#3684=ORIENTED_EDGE('',*,*,#5586,.F.);
#3685=ORIENTED_EDGE('',*,*,#5661,.F.);
#3686=ORIENTED_EDGE('',*,*,#5658,.T.);
#3687=ORIENTED_EDGE('',*,*,#5631,.F.);
#3688=ORIENTED_EDGE('',*,*,#5660,.T.);
#3689=ORIENTED_EDGE('',*,*,#5662,.T.);
#3690=ORIENTED_EDGE('',*,*,#5584,.F.);
#3691=ORIENTED_EDGE('',*,*,#5633,.F.);
#3692=ORIENTED_EDGE('',*,*,#5585,.F.);
#3693=ORIENTED_EDGE('',*,*,#5662,.F.);
#3694=ORIENTED_EDGE('',*,*,#5659,.T.);
#3695=ORIENTED_EDGE('',*,*,#5661,.T.);
#3696=ORIENTED_EDGE('',*,*,#5663,.T.);
#3697=ORIENTED_EDGE('',*,*,#5664,.F.);
#3698=ORIENTED_EDGE('',*,*,#5665,.T.);
#3699=ORIENTED_EDGE('',*,*,#5629,.F.);
#3700=ORIENTED_EDGE('',*,*,#5628,.T.);
#3701=ORIENTED_EDGE('',*,*,#5590,.T.);
#3702=ORIENTED_EDGE('',*,*,#5666,.F.);
#3703=ORIENTED_EDGE('',*,*,#5663,.F.);
#3704=ORIENTED_EDGE('',*,*,#5630,.T.);
#3705=ORIENTED_EDGE('',*,*,#5665,.F.);
#3706=ORIENTED_EDGE('',*,*,#5667,.T.);
#3707=ORIENTED_EDGE('',*,*,#5588,.T.);
#3708=ORIENTED_EDGE('',*,*,#5589,.F.);
#3709=ORIENTED_EDGE('',*,*,#5667,.F.);
#3710=ORIENTED_EDGE('',*,*,#5664,.T.);
#3711=ORIENTED_EDGE('',*,*,#5666,.T.);
#3712=ORIENTED_EDGE('',*,*,#5668,.F.);
#3713=ORIENTED_EDGE('',*,*,#5669,.T.);
#3714=ORIENTED_EDGE('',*,*,#5592,.T.);
#3715=ORIENTED_EDGE('',*,*,#5557,.F.);
#3716=ORIENTED_EDGE('',*,*,#5555,.T.);
#3717=ORIENTED_EDGE('',*,*,#5594,.F.);
#3718=ORIENTED_EDGE('',*,*,#5670,.F.);
#3719=ORIENTED_EDGE('',*,*,#5671,.T.);
#3720=ORIENTED_EDGE('',*,*,#5556,.T.);
#3721=ORIENTED_EDGE('',*,*,#5671,.F.);
#3722=ORIENTED_EDGE('',*,*,#5672,.T.);
#3723=ORIENTED_EDGE('',*,*,#5668,.T.);
#3724=ORIENTED_EDGE('',*,*,#5593,.T.);
#3725=ORIENTED_EDGE('',*,*,#5669,.F.);
#3726=ORIENTED_EDGE('',*,*,#5672,.F.);
#3727=ORIENTED_EDGE('',*,*,#5670,.T.);
#3728=ORIENTED_EDGE('',*,*,#5582,.F.);
#3729=ORIENTED_EDGE('',*,*,#5553,.F.);
#3730=ORIENTED_EDGE('',*,*,#5673,.T.);
#3731=ORIENTED_EDGE('',*,*,#5638,.T.);
#3732=ORIENTED_EDGE('',*,*,#5674,.F.);
#3733=ORIENTED_EDGE('',*,*,#5534,.T.);
#3734=ORIENTED_EDGE('',*,*,#5675,.T.);
#3735=ORIENTED_EDGE('',*,*,#5634,.T.);
#3736=ORIENTED_EDGE('',*,*,#5676,.T.);
#3737=ORIENTED_EDGE('',*,*,#5636,.T.);
#3738=ORIENTED_EDGE('',*,*,#5677,.F.);
#3739=ORIENTED_EDGE('',*,*,#5532,.F.);
#3740=ORIENTED_EDGE('',*,*,#5677,.T.);
#3741=ORIENTED_EDGE('',*,*,#5635,.T.);
#3742=ORIENTED_EDGE('',*,*,#5675,.F.);
#3743=ORIENTED_EDGE('',*,*,#5533,.F.);
#3744=ORIENTED_EDGE('',*,*,#5531,.T.);
#3745=ORIENTED_EDGE('',*,*,#5674,.T.);
#3746=ORIENTED_EDGE('',*,*,#5637,.F.);
#3747=ORIENTED_EDGE('',*,*,#5676,.F.);
#3748=ORIENTED_EDGE('',*,*,#5552,.T.);
#3749=ORIENTED_EDGE('',*,*,#5566,.T.);
#3750=ORIENTED_EDGE('',*,*,#5639,.F.);
#3751=ORIENTED_EDGE('',*,*,#5673,.F.);
#3752=ORIENTED_EDGE('',*,*,#5574,.T.);
#3753=ORIENTED_EDGE('',*,*,#5678,.F.);
#3754=ORIENTED_EDGE('',*,*,#5560,.T.);
#3755=ORIENTED_EDGE('',*,*,#5567,.T.);
#3756=ORIENTED_EDGE('',*,*,#5627,.T.);
#3757=ORIENTED_EDGE('',*,*,#5561,.F.);
#3758=ORIENTED_EDGE('',*,*,#5678,.T.);
#3759=ORIENTED_EDGE('',*,*,#5642,.F.);
#3760=ORIENTED_EDGE('',*,*,#5679,.F.);
#3761=ORIENTED_EDGE('',*,*,#5562,.F.);
#3762=ORIENTED_EDGE('',*,*,#5679,.T.);
#3763=ORIENTED_EDGE('',*,*,#5641,.F.);
#3764=ORIENTED_EDGE('',*,*,#5572,.F.);
#3765=ORIENTED_EDGE('',*,*,#5571,.F.);
#3766=ORIENTED_EDGE('',*,*,#5640,.F.);
#3767=ORIENTED_EDGE('',*,*,#5564,.T.);
#3768=ORIENTED_EDGE('',*,*,#5550,.T.);
#3769=ORIENTED_EDGE('',*,*,#5647,.T.);
#3770=ORIENTED_EDGE('',*,*,#5549,.F.);
#3771=ORIENTED_EDGE('',*,*,#5680,.T.);
#3772=ORIENTED_EDGE('',*,*,#5681,.T.);
#3773=ORIENTED_EDGE('',*,*,#5682,.F.);
#3774=ORIENTED_EDGE('',*,*,#5683,.F.);
#3775=ORIENTED_EDGE('',*,*,#5682,.T.);
#3776=ORIENTED_EDGE('',*,*,#5684,.T.);
#3777=ORIENTED_EDGE('',*,*,#5685,.F.);
#3778=ORIENTED_EDGE('',*,*,#5686,.F.);
#3779=ORIENTED_EDGE('',*,*,#5687,.F.);
#3780=ORIENTED_EDGE('',*,*,#5688,.F.);
#3781=ORIENTED_EDGE('',*,*,#5689,.T.);
#3782=ORIENTED_EDGE('',*,*,#5685,.T.);
#3783=ORIENTED_EDGE('',*,*,#5623,.F.);
#3784=ORIENTED_EDGE('',*,*,#5690,.F.);
#3785=ORIENTED_EDGE('',*,*,#5691,.T.);
#3786=ORIENTED_EDGE('',*,*,#5692,.T.);
#3787=ORIENTED_EDGE('',*,*,#5626,.F.);
#3788=ORIENTED_EDGE('',*,*,#5693,.F.);
#3789=ORIENTED_EDGE('',*,*,#5694,.T.);
#3790=ORIENTED_EDGE('',*,*,#5690,.T.);
#3791=ORIENTED_EDGE('',*,*,#5695,.T.);
#3792=ORIENTED_EDGE('',*,*,#5625,.T.);
#3793=ORIENTED_EDGE('',*,*,#5696,.F.);
#3794=ORIENTED_EDGE('',*,*,#5697,.F.);
#3795=ORIENTED_EDGE('',*,*,#5693,.T.);
#3796=ORIENTED_EDGE('',*,*,#5624,.T.);
#3797=ORIENTED_EDGE('',*,*,#5692,.F.);
#3798=ORIENTED_EDGE('',*,*,#5698,.F.);
#3799=ORIENTED_EDGE('',*,*,#5696,.T.);
#3800=ORIENTED_EDGE('',*,*,#5699,.F.);
#3801=ORIENTED_EDGE('',*,*,#5700,.F.);
#3802=ORIENTED_EDGE('',*,*,#5680,.F.);
#3803=ORIENTED_EDGE('',*,*,#5701,.T.);
#3804=ORIENTED_EDGE('',*,*,#5688,.T.);
#3805=ORIENTED_EDGE('',*,*,#5691,.F.);
#3806=ORIENTED_EDGE('',*,*,#5694,.F.);
#3807=ORIENTED_EDGE('',*,*,#5697,.T.);
#3808=ORIENTED_EDGE('',*,*,#5698,.T.);
#3809=ORIENTED_EDGE('',*,*,#5683,.T.);
#3810=ORIENTED_EDGE('',*,*,#5686,.T.);
#3811=ORIENTED_EDGE('',*,*,#5689,.F.);
#3812=ORIENTED_EDGE('',*,*,#5701,.F.);
#3813=ORIENTED_EDGE('',*,*,#5684,.F.);
#3814=ORIENTED_EDGE('',*,*,#5681,.F.);
#3815=ORIENTED_EDGE('',*,*,#5700,.T.);
#3816=ORIENTED_EDGE('',*,*,#5687,.T.);
#3817=ORIENTED_EDGE('',*,*,#5699,.T.);
#3818=ORIENTED_EDGE('',*,*,#5695,.F.);
#3819=ORIENTED_EDGE('',*,*,#5544,.F.);
#3820=ORIENTED_EDGE('',*,*,#5702,.F.);
#3821=ORIENTED_EDGE('',*,*,#5604,.T.);
#3822=ORIENTED_EDGE('',*,*,#5703,.T.);
#3823=ORIENTED_EDGE('',*,*,#5601,.F.);
#3824=ORIENTED_EDGE('',*,*,#5621,.F.);
#3825=ORIENTED_EDGE('',*,*,#5704,.F.);
#3826=ORIENTED_EDGE('',*,*,#5705,.T.);
#3827=ORIENTED_EDGE('',*,*,#5619,.T.);
#3828=ORIENTED_EDGE('',*,*,#5607,.T.);
#3829=ORIENTED_EDGE('',*,*,#5706,.F.);
#3830=ORIENTED_EDGE('',*,*,#5707,.T.);
#3831=ORIENTED_EDGE('',*,*,#5704,.T.);
#3832=ORIENTED_EDGE('',*,*,#5620,.F.);
#3833=ORIENTED_EDGE('',*,*,#5707,.F.);
#3834=ORIENTED_EDGE('',*,*,#5708,.F.);
#3835=ORIENTED_EDGE('',*,*,#5542,.T.);
#3836=ORIENTED_EDGE('',*,*,#5709,.F.);
#3837=ORIENTED_EDGE('',*,*,#5602,.T.);
#3838=ORIENTED_EDGE('',*,*,#5705,.F.);
#3839=ORIENTED_EDGE('',*,*,#5708,.T.);
#3840=ORIENTED_EDGE('',*,*,#5706,.T.);
#3841=ORIENTED_EDGE('',*,*,#5606,.F.);
#3842=ORIENTED_EDGE('',*,*,#5710,.T.);
#3843=ORIENTED_EDGE('',*,*,#5710,.F.);
#3844=ORIENTED_EDGE('',*,*,#5605,.T.);
#3845=ORIENTED_EDGE('',*,*,#5702,.T.);
#3846=ORIENTED_EDGE('',*,*,#5543,.F.);
#3847=ORIENTED_EDGE('',*,*,#5541,.T.);
#3848=ORIENTED_EDGE('',*,*,#5703,.F.);
#3849=ORIENTED_EDGE('',*,*,#5603,.F.);
#3850=ORIENTED_EDGE('',*,*,#5709,.T.);
#3851=ORIENTED_EDGE('',*,*,#5612,.F.);
#3852=ORIENTED_EDGE('',*,*,#5616,.F.);
#3853=ORIENTED_EDGE('',*,*,#5711,.F.);
#3854=ORIENTED_EDGE('',*,*,#5712,.T.);
#3855=ORIENTED_EDGE('',*,*,#5614,.T.);
#3856=ORIENTED_EDGE('',*,*,#5599,.T.);
#3857=ORIENTED_EDGE('',*,*,#5713,.F.);
#3858=ORIENTED_EDGE('',*,*,#5714,.T.);
#3859=ORIENTED_EDGE('',*,*,#5711,.T.);
#3860=ORIENTED_EDGE('',*,*,#5615,.F.);
#3861=ORIENTED_EDGE('',*,*,#5714,.F.);
#3862=ORIENTED_EDGE('',*,*,#5715,.F.);
#3863=ORIENTED_EDGE('',*,*,#5547,.T.);
#3864=ORIENTED_EDGE('',*,*,#5716,.F.);
#3865=ORIENTED_EDGE('',*,*,#5613,.T.);
#3866=ORIENTED_EDGE('',*,*,#5712,.F.);
#3867=ORIENTED_EDGE('',*,*,#5715,.T.);
#3868=ORIENTED_EDGE('',*,*,#5713,.T.);
#3869=ORIENTED_EDGE('',*,*,#5598,.F.);
#3870=ORIENTED_EDGE('',*,*,#5717,.T.);
#3871=ORIENTED_EDGE('',*,*,#5545,.F.);
#3872=ORIENTED_EDGE('',*,*,#5718,.F.);
#3873=ORIENTED_EDGE('',*,*,#5596,.T.);
#3874=ORIENTED_EDGE('',*,*,#5719,.T.);
#3875=ORIENTED_EDGE('',*,*,#5717,.F.);
#3876=ORIENTED_EDGE('',*,*,#5597,.T.);
#3877=ORIENTED_EDGE('',*,*,#5718,.T.);
#3878=ORIENTED_EDGE('',*,*,#5548,.F.);
#3879=ORIENTED_EDGE('',*,*,#5546,.T.);
#3880=ORIENTED_EDGE('',*,*,#5719,.F.);
#3881=ORIENTED_EDGE('',*,*,#5595,.F.);
#3882=ORIENTED_EDGE('',*,*,#5716,.T.);
#3883=ORIENTED_EDGE('',*,*,#5622,.T.);
#3884=ORIENTED_EDGE('',*,*,#5656,.F.);
#3885=ORIENTED_EDGE('',*,*,#5720,.T.);
#3886=ORIENTED_EDGE('',*,*,#5721,.T.);
#3887=ORIENTED_EDGE('',*,*,#5722,.F.);
#3888=ORIENTED_EDGE('',*,*,#5723,.T.);
#3889=ORIENTED_EDGE('',*,*,#5724,.T.);
#3890=ORIENTED_EDGE('',*,*,#5721,.F.);
#3891=ORIENTED_EDGE('',*,*,#5720,.F.);
#3892=ORIENTED_EDGE('',*,*,#5723,.F.);
#3893=ORIENTED_EDGE('',*,*,#5722,.T.);
#3894=ORIENTED_EDGE('',*,*,#5724,.F.);
#3895=ORIENTED_EDGE('',*,*,#5725,.T.);
#3896=ORIENTED_EDGE('',*,*,#5726,.F.);
#3897=ORIENTED_EDGE('',*,*,#5727,.T.);
#3898=ORIENTED_EDGE('',*,*,#5728,.F.);
#3899=ORIENTED_EDGE('',*,*,#5729,.F.);
#3900=ORIENTED_EDGE('',*,*,#5727,.F.);
#3901=ORIENTED_EDGE('',*,*,#5725,.F.);
#3902=ORIENTED_EDGE('',*,*,#5728,.T.);
#3903=ORIENTED_EDGE('',*,*,#5730,.T.);
#3904=ORIENTED_EDGE('',*,*,#5726,.T.);
#3905=ORIENTED_EDGE('',*,*,#5730,.F.);
#3906=ORIENTED_EDGE('',*,*,#5729,.T.);
#3907=ORIENTED_EDGE('',*,*,#5731,.F.);
#3908=ORIENTED_EDGE('',*,*,#5732,.T.);
#3909=ORIENTED_EDGE('',*,*,#5733,.T.);
#3910=ORIENTED_EDGE('',*,*,#5734,.F.);
#3911=ORIENTED_EDGE('',*,*,#5735,.F.);
#3912=ORIENTED_EDGE('',*,*,#5736,.T.);
#3913=ORIENTED_EDGE('',*,*,#5737,.F.);
#3914=ORIENTED_EDGE('',*,*,#5738,.T.);
#3915=ORIENTED_EDGE('',*,*,#5739,.F.);
#3916=ORIENTED_EDGE('',*,*,#5740,.T.);
#3917=ORIENTED_EDGE('',*,*,#5741,.F.);
#3918=ORIENTED_EDGE('',*,*,#5742,.T.);
#3919=ORIENTED_EDGE('',*,*,#5743,.T.);
#3920=ORIENTED_EDGE('',*,*,#5744,.T.);
#3921=ORIENTED_EDGE('',*,*,#5745,.T.);
#3922=ORIENTED_EDGE('',*,*,#5746,.T.);
#3923=ORIENTED_EDGE('',*,*,#5747,.F.);
#3924=ORIENTED_EDGE('',*,*,#5748,.F.);
#3925=ORIENTED_EDGE('',*,*,#5749,.T.);
#3926=ORIENTED_EDGE('',*,*,#5750,.F.);
#3927=ORIENTED_EDGE('',*,*,#5751,.F.);
#3928=ORIENTED_EDGE('',*,*,#5752,.T.);
#3929=ORIENTED_EDGE('',*,*,#5753,.T.);
#3930=ORIENTED_EDGE('',*,*,#5754,.T.);
#3931=ORIENTED_EDGE('',*,*,#5755,.T.);
#3932=ORIENTED_EDGE('',*,*,#5756,.T.);
#3933=ORIENTED_EDGE('',*,*,#5757,.F.);
#3934=ORIENTED_EDGE('',*,*,#5758,.F.);
#3935=ORIENTED_EDGE('',*,*,#5759,.F.);
#3936=ORIENTED_EDGE('',*,*,#5760,.T.);
#3937=ORIENTED_EDGE('',*,*,#5761,.T.);
#3938=ORIENTED_EDGE('',*,*,#5762,.F.);
#3939=ORIENTED_EDGE('',*,*,#5763,.F.);
#3940=ORIENTED_EDGE('',*,*,#5750,.T.);
#3941=ORIENTED_EDGE('',*,*,#5764,.T.);
#3942=ORIENTED_EDGE('',*,*,#5732,.F.);
#3943=ORIENTED_EDGE('',*,*,#5765,.F.);
#3944=ORIENTED_EDGE('',*,*,#5734,.T.);
#3945=ORIENTED_EDGE('',*,*,#5766,.T.);
#3946=ORIENTED_EDGE('',*,*,#5761,.F.);
#3947=ORIENTED_EDGE('',*,*,#5767,.F.);
#3948=ORIENTED_EDGE('',*,*,#5751,.T.);
#3949=ORIENTED_EDGE('',*,*,#5768,.T.);
#3950=ORIENTED_EDGE('',*,*,#5769,.F.);
#3951=ORIENTED_EDGE('',*,*,#5770,.F.);
#3952=ORIENTED_EDGE('',*,*,#5771,.T.);
#3953=ORIENTED_EDGE('',*,*,#5772,.T.);
#3954=ORIENTED_EDGE('',*,*,#5773,.T.);
#3955=ORIENTED_EDGE('',*,*,#5774,.F.);
#3956=ORIENTED_EDGE('',*,*,#5775,.T.);
#3957=ORIENTED_EDGE('',*,*,#5776,.T.);
#3958=ORIENTED_EDGE('',*,*,#5736,.F.);
#3959=ORIENTED_EDGE('',*,*,#5754,.F.);
#3960=ORIENTED_EDGE('',*,*,#5777,.T.);
#3961=ORIENTED_EDGE('',*,*,#5778,.F.);
#3962=ORIENTED_EDGE('',*,*,#5779,.T.);
#3963=ORIENTED_EDGE('',*,*,#5780,.F.);
#3964=ORIENTED_EDGE('',*,*,#5781,.F.);
#3965=ORIENTED_EDGE('',*,*,#5768,.F.);
#3966=ORIENTED_EDGE('',*,*,#5782,.T.);
#3967=ORIENTED_EDGE('',*,*,#5783,.F.);
#3968=ORIENTED_EDGE('',*,*,#5784,.T.);
#3969=ORIENTED_EDGE('',*,*,#5785,.F.);
#3970=ORIENTED_EDGE('',*,*,#5786,.T.);
#3971=ORIENTED_EDGE('',*,*,#5770,.T.);
#3972=ORIENTED_EDGE('',*,*,#5787,.T.);
#3973=ORIENTED_EDGE('',*,*,#5788,.F.);
#3974=ORIENTED_EDGE('',*,*,#5789,.F.);
#3975=ORIENTED_EDGE('',*,*,#5790,.F.);
#3976=ORIENTED_EDGE('',*,*,#5791,.F.);
#3977=ORIENTED_EDGE('',*,*,#5792,.T.);
#3978=ORIENTED_EDGE('',*,*,#5762,.T.);
#3979=ORIENTED_EDGE('',*,*,#5766,.F.);
#3980=ORIENTED_EDGE('',*,*,#5733,.F.);
#3981=ORIENTED_EDGE('',*,*,#5764,.F.);
#3982=ORIENTED_EDGE('',*,*,#5749,.F.);
#3983=ORIENTED_EDGE('',*,*,#5793,.F.);
#3984=ORIENTED_EDGE('',*,*,#5737,.T.);
#3985=ORIENTED_EDGE('',*,*,#5776,.F.);
#3986=ORIENTED_EDGE('',*,*,#5794,.F.);
#3987=ORIENTED_EDGE('',*,*,#5795,.T.);
#3988=ORIENTED_EDGE('',*,*,#5796,.T.);
#3989=ORIENTED_EDGE('',*,*,#5797,.T.);
#3990=ORIENTED_EDGE('',*,*,#5798,.T.);
#3991=ORIENTED_EDGE('',*,*,#5799,.T.);
#3992=ORIENTED_EDGE('',*,*,#5800,.T.);
#3993=ORIENTED_EDGE('',*,*,#5801,.F.);
#3994=ORIENTED_EDGE('',*,*,#5802,.T.);
#3995=ORIENTED_EDGE('',*,*,#5803,.F.);
#3996=ORIENTED_EDGE('',*,*,#5804,.F.);
#3997=ORIENTED_EDGE('',*,*,#5772,.F.);
#3998=ORIENTED_EDGE('',*,*,#5805,.F.);
#3999=ORIENTED_EDGE('',*,*,#5806,.T.);
#4000=ORIENTED_EDGE('',*,*,#5782,.F.);
#4001=ORIENTED_EDGE('',*,*,#5807,.F.);
#4002=ORIENTED_EDGE('',*,*,#5780,.T.);
#4003=ORIENTED_EDGE('',*,*,#5801,.T.);
#4004=ORIENTED_EDGE('',*,*,#5808,.F.);
#4005=ORIENTED_EDGE('',*,*,#5809,.F.);
#4006=ORIENTED_EDGE('',*,*,#5810,.T.);
#4007=ORIENTED_EDGE('',*,*,#5811,.F.);
#4008=ORIENTED_EDGE('',*,*,#5812,.T.);
#4009=ORIENTED_EDGE('',*,*,#5813,.T.);
#4010=ORIENTED_EDGE('',*,*,#5814,.F.);
#4011=ORIENTED_EDGE('',*,*,#5815,.F.);
#4012=ORIENTED_EDGE('',*,*,#5816,.T.);
#4013=ORIENTED_EDGE('',*,*,#5817,.F.);
#4014=ORIENTED_EDGE('',*,*,#5818,.F.);
#4015=ORIENTED_EDGE('',*,*,#5819,.F.);
#4016=ORIENTED_EDGE('',*,*,#5820,.F.);
#4017=ORIENTED_EDGE('',*,*,#5821,.F.);
#4018=ORIENTED_EDGE('',*,*,#5822,.T.);
#4019=ORIENTED_EDGE('',*,*,#5797,.F.);
#4020=ORIENTED_EDGE('',*,*,#5823,.F.);
#4021=ORIENTED_EDGE('',*,*,#5824,.T.);
#4022=ORIENTED_EDGE('',*,*,#5825,.T.);
#4023=ORIENTED_EDGE('',*,*,#5796,.F.);
#4024=ORIENTED_EDGE('',*,*,#5826,.F.);
#4025=ORIENTED_EDGE('',*,*,#5827,.T.);
#4026=ORIENTED_EDGE('',*,*,#5823,.T.);
#4027=ORIENTED_EDGE('',*,*,#5802,.F.);
#4028=ORIENTED_EDGE('',*,*,#5810,.F.);
#4029=ORIENTED_EDGE('',*,*,#5828,.T.);
#4030=ORIENTED_EDGE('',*,*,#5829,.T.);
#4031=ORIENTED_EDGE('',*,*,#5800,.F.);
#4032=ORIENTED_EDGE('',*,*,#5830,.F.);
#4033=ORIENTED_EDGE('',*,*,#5831,.T.);
#4034=ORIENTED_EDGE('',*,*,#5808,.T.);
#4035=ORIENTED_EDGE('',*,*,#5799,.F.);
#4036=ORIENTED_EDGE('',*,*,#5832,.F.);
#4037=ORIENTED_EDGE('',*,*,#5833,.T.);
#4038=ORIENTED_EDGE('',*,*,#5830,.T.);
#4039=ORIENTED_EDGE('',*,*,#5798,.F.);
#4040=ORIENTED_EDGE('',*,*,#5825,.F.);
#4041=ORIENTED_EDGE('',*,*,#5834,.T.);
#4042=ORIENTED_EDGE('',*,*,#5832,.T.);
#4043=ORIENTED_EDGE('',*,*,#5835,.F.);
#4044=ORIENTED_EDGE('',*,*,#5836,.T.);
#4045=ORIENTED_EDGE('',*,*,#5837,.T.);
#4046=ORIENTED_EDGE('',*,*,#5828,.F.);
#4047=ORIENTED_EDGE('',*,*,#5809,.T.);
#4048=ORIENTED_EDGE('',*,*,#5831,.F.);
#4049=ORIENTED_EDGE('',*,*,#5833,.F.);
#4050=ORIENTED_EDGE('',*,*,#5834,.F.);
#4051=ORIENTED_EDGE('',*,*,#5824,.F.);
#4052=ORIENTED_EDGE('',*,*,#5827,.F.);
#4053=ORIENTED_EDGE('',*,*,#5838,.F.);
#4054=ORIENTED_EDGE('',*,*,#5839,.T.);
#4055=ORIENTED_EDGE('',*,*,#5840,.F.);
#4056=ORIENTED_EDGE('',*,*,#5841,.T.);
#4057=ORIENTED_EDGE('',*,*,#5739,.T.);
#4058=ORIENTED_EDGE('',*,*,#5842,.T.);
#4059=ORIENTED_EDGE('',*,*,#5816,.F.);
#4060=ORIENTED_EDGE('',*,*,#5843,.F.);
#4061=ORIENTED_EDGE('',*,*,#5843,.T.);
#4062=ORIENTED_EDGE('',*,*,#5815,.T.);
#4063=ORIENTED_EDGE('',*,*,#5844,.F.);
#4064=ORIENTED_EDGE('',*,*,#5740,.F.);
#4065=ORIENTED_EDGE('',*,*,#5741,.T.);
#4066=ORIENTED_EDGE('',*,*,#5844,.T.);
#4067=ORIENTED_EDGE('',*,*,#5822,.F.);
#4068=ORIENTED_EDGE('',*,*,#5845,.F.);
#4069=ORIENTED_EDGE('',*,*,#5845,.T.);
#4070=ORIENTED_EDGE('',*,*,#5821,.T.);
#4071=ORIENTED_EDGE('',*,*,#5846,.F.);
#4072=ORIENTED_EDGE('',*,*,#5742,.F.);
#4073=ORIENTED_EDGE('',*,*,#5846,.T.);
#4074=ORIENTED_EDGE('',*,*,#5820,.T.);
#4075=ORIENTED_EDGE('',*,*,#5847,.F.);
#4076=ORIENTED_EDGE('',*,*,#5743,.F.);
#4077=ORIENTED_EDGE('',*,*,#5847,.T.);
#4078=ORIENTED_EDGE('',*,*,#5819,.T.);
#4079=ORIENTED_EDGE('',*,*,#5848,.F.);
#4080=ORIENTED_EDGE('',*,*,#5744,.F.);
#4081=ORIENTED_EDGE('',*,*,#5848,.T.);
#4082=ORIENTED_EDGE('',*,*,#5818,.T.);
#4083=ORIENTED_EDGE('',*,*,#5849,.F.);
#4084=ORIENTED_EDGE('',*,*,#5745,.F.);
#4085=ORIENTED_EDGE('',*,*,#5849,.T.);
#4086=ORIENTED_EDGE('',*,*,#5817,.T.);
#4087=ORIENTED_EDGE('',*,*,#5842,.F.);
#4088=ORIENTED_EDGE('',*,*,#5746,.F.);
#4089=ORIENTED_EDGE('',*,*,#5807,.T.);
#4090=ORIENTED_EDGE('',*,*,#5787,.F.);
#4091=ORIENTED_EDGE('',*,*,#5769,.T.);
#4092=ORIENTED_EDGE('',*,*,#5781,.T.);
#4093=ORIENTED_EDGE('',*,*,#5814,.T.);
#4094=ORIENTED_EDGE('',*,*,#5850,.T.);
#4095=ORIENTED_EDGE('',*,*,#5756,.F.);
#4096=ORIENTED_EDGE('',*,*,#5851,.F.);
#4097=ORIENTED_EDGE('',*,*,#5812,.F.);
#4098=ORIENTED_EDGE('',*,*,#5852,.T.);
#4099=ORIENTED_EDGE('',*,*,#5758,.T.);
#4100=ORIENTED_EDGE('',*,*,#5853,.F.);
#4101=ORIENTED_EDGE('',*,*,#5853,.T.);
#4102=ORIENTED_EDGE('',*,*,#5757,.T.);
#4103=ORIENTED_EDGE('',*,*,#5850,.F.);
#4104=ORIENTED_EDGE('',*,*,#5813,.F.);
#4105=ORIENTED_EDGE('',*,*,#5811,.T.);
#4106=ORIENTED_EDGE('',*,*,#5851,.T.);
#4107=ORIENTED_EDGE('',*,*,#5755,.F.);
#4108=ORIENTED_EDGE('',*,*,#5852,.F.);
#4109=ORIENTED_EDGE('',*,*,#5839,.F.);
#4110=ORIENTED_EDGE('',*,*,#5854,.T.);
#4111=ORIENTED_EDGE('',*,*,#5794,.T.);
#4112=ORIENTED_EDGE('',*,*,#5775,.F.);
#4113=ORIENTED_EDGE('',*,*,#5855,.F.);
#4114=ORIENTED_EDGE('',*,*,#5826,.T.);
#4115=ORIENTED_EDGE('',*,*,#5795,.F.);
#4116=ORIENTED_EDGE('',*,*,#5854,.F.);
#4117=ORIENTED_EDGE('',*,*,#5838,.T.);
#4118=ORIENTED_EDGE('',*,*,#5804,.T.);
#4119=ORIENTED_EDGE('',*,*,#5856,.F.);
#4120=ORIENTED_EDGE('',*,*,#5836,.F.);
#4121=ORIENTED_EDGE('',*,*,#5857,.F.);
#4122=ORIENTED_EDGE('',*,*,#5773,.F.);
#4123=ORIENTED_EDGE('',*,*,#5829,.F.);
#4124=ORIENTED_EDGE('',*,*,#5837,.F.);
#4125=ORIENTED_EDGE('',*,*,#5856,.T.);
#4126=ORIENTED_EDGE('',*,*,#5803,.T.);
#4127=ORIENTED_EDGE('',*,*,#5771,.F.);
#4128=ORIENTED_EDGE('',*,*,#5786,.F.);
#4129=ORIENTED_EDGE('',*,*,#5858,.T.);
#4130=ORIENTED_EDGE('',*,*,#5805,.T.);
#4131=ORIENTED_EDGE('',*,*,#5792,.F.);
#4132=ORIENTED_EDGE('',*,*,#5748,.T.);
#4133=ORIENTED_EDGE('',*,*,#5859,.T.);
#4134=ORIENTED_EDGE('',*,*,#5759,.T.);
#4135=ORIENTED_EDGE('',*,*,#5777,.F.);
#4136=ORIENTED_EDGE('',*,*,#5753,.F.);
#4137=ORIENTED_EDGE('',*,*,#5860,.F.);
#4138=ORIENTED_EDGE('',*,*,#5738,.F.);
#4139=ORIENTED_EDGE('',*,*,#5793,.T.);
#4140=ORIENTED_EDGE('',*,*,#5858,.F.);
#4141=ORIENTED_EDGE('',*,*,#5785,.T.);
#4142=ORIENTED_EDGE('',*,*,#5861,.T.);
#4143=ORIENTED_EDGE('',*,*,#5784,.F.);
#4144=ORIENTED_EDGE('',*,*,#5862,.T.);
#4145=ORIENTED_EDGE('',*,*,#5778,.T.);
#4146=ORIENTED_EDGE('',*,*,#5861,.F.);
#4147=ORIENTED_EDGE('',*,*,#5779,.F.);
#4148=ORIENTED_EDGE('',*,*,#5862,.F.);
#4149=ORIENTED_EDGE('',*,*,#5783,.T.);
#4150=ORIENTED_EDGE('',*,*,#5806,.F.);
#4151=ORIENTED_EDGE('',*,*,#5863,.F.);
#4152=ORIENTED_EDGE('',*,*,#5791,.T.);
#4153=ORIENTED_EDGE('',*,*,#5863,.T.);
#4154=ORIENTED_EDGE('',*,*,#5864,.F.);
#4155=ORIENTED_EDGE('',*,*,#5790,.T.);
#4156=ORIENTED_EDGE('',*,*,#5864,.T.);
#4157=ORIENTED_EDGE('',*,*,#5865,.F.);
#4158=ORIENTED_EDGE('',*,*,#5789,.T.);
#4159=ORIENTED_EDGE('',*,*,#5865,.T.);
#4160=ORIENTED_EDGE('',*,*,#5866,.F.);
#4161=ORIENTED_EDGE('',*,*,#5788,.T.);
#4162=ORIENTED_EDGE('',*,*,#5866,.T.);
#4163=ORIENTED_EDGE('',*,*,#5859,.F.);
#4164=ORIENTED_EDGE('',*,*,#5747,.T.);
#4165=ORIENTED_EDGE('',*,*,#5763,.T.);
#4166=ORIENTED_EDGE('',*,*,#5731,.T.);
#4167=ORIENTED_EDGE('',*,*,#5765,.T.);
#4168=ORIENTED_EDGE('',*,*,#5760,.F.);
#4169=ORIENTED_EDGE('',*,*,#5840,.T.);
#4170=ORIENTED_EDGE('',*,*,#5855,.T.);
#4171=ORIENTED_EDGE('',*,*,#5867,.F.);
#4172=ORIENTED_EDGE('',*,*,#5868,.T.);
#4173=ORIENTED_EDGE('',*,*,#5869,.F.);
#4174=ORIENTED_EDGE('',*,*,#5857,.T.);
#4175=ORIENTED_EDGE('',*,*,#5835,.T.);
#4176=ORIENTED_EDGE('',*,*,#5870,.F.);
#4177=ORIENTED_EDGE('',*,*,#5735,.T.);
#4178=ORIENTED_EDGE('',*,*,#5860,.T.);
#4179=ORIENTED_EDGE('',*,*,#5752,.F.);
#4180=ORIENTED_EDGE('',*,*,#5767,.T.);
#4181=ORIENTED_EDGE('',*,*,#5869,.T.);
#4182=ORIENTED_EDGE('',*,*,#5871,.F.);
#4183=ORIENTED_EDGE('',*,*,#5867,.T.);
#4184=ORIENTED_EDGE('',*,*,#5774,.T.);
#4185=ORIENTED_EDGE('',*,*,#5841,.F.);
#4186=ORIENTED_EDGE('',*,*,#5868,.F.);
#4187=ORIENTED_EDGE('',*,*,#5871,.T.);
#4188=ORIENTED_EDGE('',*,*,#5870,.T.);
#4189=ORIENTED_EDGE('',*,*,#5872,.F.);
#4190=ORIENTED_EDGE('',*,*,#5873,.T.);
#4191=ORIENTED_EDGE('',*,*,#5874,.T.);
#4192=ORIENTED_EDGE('',*,*,#5875,.T.);
#4193=ORIENTED_EDGE('',*,*,#5876,.F.);
#4194=ORIENTED_EDGE('',*,*,#5877,.T.);
#4195=ORIENTED_EDGE('',*,*,#5872,.T.);
#4196=ORIENTED_EDGE('',*,*,#5878,.T.);
#4197=ORIENTED_EDGE('',*,*,#5879,.F.);
#4198=ORIENTED_EDGE('',*,*,#5880,.T.);
#4199=ORIENTED_EDGE('',*,*,#5876,.T.);
#4200=ORIENTED_EDGE('',*,*,#5881,.T.);
#4201=ORIENTED_EDGE('',*,*,#5882,.T.);
#4202=ORIENTED_EDGE('',*,*,#5883,.F.);
#4203=ORIENTED_EDGE('',*,*,#5884,.F.);
#4204=ORIENTED_EDGE('',*,*,#5885,.T.);
#4205=ORIENTED_EDGE('',*,*,#5886,.T.);
#4206=ORIENTED_EDGE('',*,*,#5887,.F.);
#4207=ORIENTED_EDGE('',*,*,#5888,.F.);
#4208=ORIENTED_EDGE('',*,*,#5883,.T.);
#4209=ORIENTED_EDGE('',*,*,#5889,.F.);
#4210=ORIENTED_EDGE('',*,*,#5890,.F.);
#4211=ORIENTED_EDGE('',*,*,#5891,.T.);
#4212=ORIENTED_EDGE('',*,*,#5887,.T.);
#4213=ORIENTED_EDGE('',*,*,#5892,.F.);
#4214=ORIENTED_EDGE('',*,*,#5885,.F.);
#4215=ORIENTED_EDGE('',*,*,#5893,.T.);
#4216=ORIENTED_EDGE('',*,*,#5890,.T.);
#4217=ORIENTED_EDGE('',*,*,#5874,.F.);
#4218=ORIENTED_EDGE('',*,*,#5894,.T.);
#4219=ORIENTED_EDGE('',*,*,#5879,.T.);
#4220=ORIENTED_EDGE('',*,*,#5895,.T.);
#4221=ORIENTED_EDGE('',*,*,#5896,.T.);
#4222=ORIENTED_EDGE('',*,*,#5897,.T.);
#4223=ORIENTED_EDGE('',*,*,#5898,.T.);
#4224=ORIENTED_EDGE('',*,*,#5899,.T.);
#4225=ORIENTED_EDGE('',*,*,#5884,.T.);
#4226=ORIENTED_EDGE('',*,*,#5888,.T.);
#4227=ORIENTED_EDGE('',*,*,#5891,.F.);
#4228=ORIENTED_EDGE('',*,*,#5893,.F.);
#4229=ORIENTED_EDGE('',*,*,#5882,.F.);
#4230=ORIENTED_EDGE('',*,*,#5892,.T.);
#4231=ORIENTED_EDGE('',*,*,#5889,.T.);
#4232=ORIENTED_EDGE('',*,*,#5886,.F.);
#4233=ORIENTED_EDGE('',*,*,#5875,.F.);
#4234=ORIENTED_EDGE('',*,*,#5895,.F.);
#4235=ORIENTED_EDGE('',*,*,#5881,.F.);
#4236=ORIENTED_EDGE('',*,*,#5878,.F.);
#4237=ORIENTED_EDGE('',*,*,#5900,.F.);
#4238=ORIENTED_EDGE('',*,*,#5880,.F.);
#4239=ORIENTED_EDGE('',*,*,#5901,.F.);
#4240=ORIENTED_EDGE('',*,*,#5899,.F.);
#4241=ORIENTED_EDGE('',*,*,#5901,.T.);
#4242=ORIENTED_EDGE('',*,*,#5894,.F.);
#4243=ORIENTED_EDGE('',*,*,#5902,.F.);
#4244=ORIENTED_EDGE('',*,*,#5896,.F.);
#4245=ORIENTED_EDGE('',*,*,#5900,.T.);
#4246=ORIENTED_EDGE('',*,*,#5898,.F.);
#4247=ORIENTED_EDGE('',*,*,#5903,.F.);
#4248=ORIENTED_EDGE('',*,*,#5877,.F.);
#4249=ORIENTED_EDGE('',*,*,#5902,.T.);
#4250=ORIENTED_EDGE('',*,*,#5873,.F.);
#4251=ORIENTED_EDGE('',*,*,#5903,.T.);
#4252=ORIENTED_EDGE('',*,*,#5897,.F.);
#4253=EDGE_CURVE('',#5904,#5905,#7059,.T.);
#4254=EDGE_CURVE('',#5906,#5904,#374,.F.);
#4255=EDGE_CURVE('',#5907,#5906,#7060,.F.);
#4256=EDGE_CURVE('',#5908,#5907,#375,.F.);
#4257=EDGE_CURVE('',#5909,#5908,#7061,.F.);
#4258=EDGE_CURVE('',#5910,#5909,#376,.F.);
#4259=EDGE_CURVE('',#5911,#5910,#7062,.T.);
#4260=EDGE_CURVE('',#5905,#5911,#377,.F.);
#4261=EDGE_CURVE('',#5912,#5913,#7063,.T.);
#4262=EDGE_CURVE('',#5912,#5914,#7064,.T.);
#4263=EDGE_CURVE('',#5914,#5915,#7065,.T.);
#4264=EDGE_CURVE('',#5913,#5915,#7066,.T.);
#4265=EDGE_CURVE('',#5916,#5916,#378,.T.);
#4266=EDGE_CURVE('',#5917,#5918,#7067,.T.);
#4267=EDGE_CURVE('',#5918,#5919,#7068,.T.);
#4268=EDGE_CURVE('',#5920,#5919,#7069,.T.);
#4269=EDGE_CURVE('',#5917,#5920,#7070,.T.);
#4270=EDGE_CURVE('',#5921,#5922,#379,.T.);
#4271=EDGE_CURVE('',#5921,#5923,#7071,.T.);
#4272=EDGE_CURVE('',#5924,#5923,#380,.T.);
#4273=EDGE_CURVE('',#5925,#5924,#7072,.T.);
#4274=EDGE_CURVE('',#5926,#5925,#381,.T.);
#4275=EDGE_CURVE('',#5927,#5926,#7073,.T.);
#4276=EDGE_CURVE('',#5928,#5927,#382,.T.);
#4277=EDGE_CURVE('',#5928,#5922,#7074,.T.);
#4278=EDGE_CURVE('',#5929,#5930,#7075,.T.);
#4279=EDGE_CURVE('',#5929,#5931,#7076,.T.);
#4280=EDGE_CURVE('',#5931,#5932,#7077,.T.);
#4281=EDGE_CURVE('',#5930,#5932,#7078,.T.);
#4282=EDGE_CURVE('',#5931,#5933,#383,.T.);
#4283=EDGE_CURVE('',#5933,#5934,#7079,.T.);
#4284=EDGE_CURVE('',#5932,#5934,#384,.T.);
#4285=EDGE_CURVE('',#5935,#5936,#7080,.T.);
#4286=EDGE_CURVE('',#5935,#5929,#385,.T.);
#4287=EDGE_CURVE('',#5936,#5930,#386,.T.);
#4288=EDGE_CURVE('',#5935,#5937,#7081,.T.);
#4289=EDGE_CURVE('',#5936,#5938,#7082,.T.);
#4290=EDGE_CURVE('',#5937,#5938,#7083,.T.);
#4291=EDGE_CURVE('',#5912,#5937,#387,.T.);
#4292=EDGE_CURVE('',#5914,#5938,#388,.T.);
#4293=EDGE_CURVE('',#5939,#5940,#7084,.T.);
#4294=EDGE_CURVE('',#5939,#5913,#389,.T.);
#4295=EDGE_CURVE('',#5940,#5915,#390,.T.);
#4296=EDGE_CURVE('',#5933,#5939,#7085,.T.);
#4297=EDGE_CURVE('',#5934,#5940,#7086,.T.);
#4298=EDGE_CURVE('',#5905,#5941,#7087,.T.);
#4299=EDGE_CURVE('',#5942,#5911,#7088,.T.);
#4300=EDGE_CURVE('',#5941,#5942,#391,.F.);
#4301=EDGE_CURVE('',#5904,#5943,#7089,.T.);
#4302=EDGE_CURVE('',#5943,#5941,#7090,.T.);
#4303=EDGE_CURVE('',#5944,#5910,#7091,.T.);
#4304=EDGE_CURVE('',#5942,#5944,#7092,.T.);
#4305=EDGE_CURVE('',#5906,#5945,#7093,.T.);
#4306=EDGE_CURVE('',#5945,#5943,#392,.F.);
#4307=EDGE_CURVE('',#5946,#5909,#7094,.T.);
#4308=EDGE_CURVE('',#5944,#5946,#393,.F.);
#4309=EDGE_CURVE('',#5907,#5947,#7095,.T.);
#4310=EDGE_CURVE('',#5947,#5945,#7096,.T.);
#4311=EDGE_CURVE('',#5948,#5908,#7097,.T.);
#4312=EDGE_CURVE('',#5946,#5948,#7098,.T.);
#4313=EDGE_CURVE('',#5948,#5947,#394,.F.);
#4314=EDGE_CURVE('',#5949,#5950,#7099,.T.);
#4315=EDGE_CURVE('',#5950,#5951,#7100,.T.);
#4316=EDGE_CURVE('',#5952,#5951,#7101,.T.);
#4317=EDGE_CURVE('',#5949,#5952,#7102,.T.);
#4318=EDGE_CURVE('',#5953,#5953,#395,.T.);
#4319=EDGE_CURVE('',#5947,#5954,#7103,.T.);
#4320=EDGE_CURVE('',#5945,#5955,#7104,.T.);
#4321=EDGE_CURVE('',#5954,#5955,#7105,.T.);
#4322=EDGE_CURVE('',#5942,#5956,#7106,.T.);
#4323=EDGE_CURVE('',#5944,#5957,#7107,.T.);
#4324=EDGE_CURVE('',#5957,#5956,#7108,.T.);
#4325=EDGE_CURVE('',#5958,#5959,#396,.T.);
#4326=EDGE_CURVE('',#5958,#5960,#7109,.T.);
#4327=EDGE_CURVE('',#5961,#5960,#397,.T.);
#4328=EDGE_CURVE('',#5961,#5962,#7110,.T.);
#4329=EDGE_CURVE('',#5963,#5962,#398,.T.);
#4330=EDGE_CURVE('',#5964,#5963,#7111,.T.);
#4331=EDGE_CURVE('',#5965,#5964,#399,.T.);
#4332=EDGE_CURVE('',#5959,#5965,#7112,.T.);
#4333=EDGE_CURVE('',#5941,#5966,#7113,.T.);
#4334=EDGE_CURVE('',#5956,#5966,#400,.T.);
#4335=EDGE_CURVE('',#5943,#5967,#7114,.T.);
#4336=EDGE_CURVE('',#5966,#5967,#7115,.T.);
#4337=EDGE_CURVE('',#5967,#5955,#401,.T.);
#4338=EDGE_CURVE('',#5948,#5968,#7116,.T.);
#4339=EDGE_CURVE('',#5954,#5968,#402,.T.);
#4340=EDGE_CURVE('',#5946,#5969,#7117,.T.);
#4341=EDGE_CURVE('',#5969,#5968,#7118,.T.);
#4342=EDGE_CURVE('',#5969,#5957,#403,.T.);
#4343=EDGE_CURVE('',#5970,#5970,#404,.T.);
#4344=EDGE_CURVE('',#5971,#5971,#405,.T.);
#4345=EDGE_CURVE('',#5972,#5972,#406,.T.);
#4346=EDGE_CURVE('',#5973,#5973,#407,.T.);
#4347=EDGE_CURVE('',#5921,#5960,#7119,.T.);
#4348=EDGE_CURVE('',#5923,#5958,#7120,.T.);
#4349=EDGE_CURVE('',#5924,#5959,#7121,.T.);
#4350=EDGE_CURVE('',#5925,#5965,#7122,.T.);
#4351=EDGE_CURVE('',#5926,#5964,#7123,.T.);
#4352=EDGE_CURVE('',#5927,#5963,#7124,.T.);
#4353=EDGE_CURVE('',#5928,#5962,#7125,.T.);
#4354=EDGE_CURVE('',#5922,#5961,#7126,.T.);
#4355=EDGE_CURVE('',#5949,#5919,#7127,.T.);
#4356=EDGE_CURVE('',#5950,#5918,#7128,.T.);
#4357=EDGE_CURVE('',#5951,#5917,#7129,.T.);
#4358=EDGE_CURVE('',#5952,#5920,#7130,.T.);
#4359=EDGE_CURVE('',#5974,#5974,#408,.T.);
#4360=EDGE_CURVE('',#5975,#5975,#409,.T.);
#4361=EDGE_CURVE('',#5976,#5976,#410,.T.);
#4362=EDGE_CURVE('',#5977,#5977,#411,.T.);
#4363=EDGE_CURVE('',#5978,#5978,#412,.T.);
#4364=EDGE_CURVE('',#5979,#5979,#413,.T.);
#4365=EDGE_CURVE('',#5980,#5980,#414,.F.);
#4366=EDGE_CURVE('',#5981,#5981,#415,.T.);
#4367=EDGE_CURVE('',#5982,#5982,#416,.T.);
#4368=EDGE_CURVE('',#5983,#5984,#7131,.T.);
#4369=EDGE_CURVE('',#5985,#5983,#7132,.T.);
#4370=EDGE_CURVE('',#5985,#5986,#7133,.T.);
#4371=EDGE_CURVE('',#5986,#5984,#7134,.T.);
#4372=EDGE_CURVE('',#5987,#5988,#7135,.T.);
#4373=EDGE_CURVE('',#5987,#5989,#417,.F.);
#4374=EDGE_CURVE('',#5989,#5990,#7136,.T.);
#4375=EDGE_CURVE('',#5988,#5990,#418,.T.);
#4376=EDGE_CURVE('',#5991,#5992,#7137,.T.);
#4377=EDGE_CURVE('',#5991,#5993,#419,.F.);
#4378=EDGE_CURVE('',#5993,#5994,#7138,.T.);
#4379=EDGE_CURVE('',#5992,#5994,#420,.T.);
#4380=EDGE_CURVE('',#5995,#5996,#7139,.T.);
#4381=EDGE_CURVE('',#5995,#5997,#421,.F.);
#4382=EDGE_CURVE('',#5997,#5998,#7140,.T.);
#4383=EDGE_CURVE('',#5996,#5998,#422,.T.);
#4384=EDGE_CURVE('',#5999,#6000,#7141,.T.);
#4385=EDGE_CURVE('',#5999,#6001,#423,.F.);
#4386=EDGE_CURVE('',#6001,#6002,#7142,.T.);
#4387=EDGE_CURVE('',#6000,#6002,#424,.T.);
#4388=EDGE_CURVE('',#6003,#6004,#7143,.T.);
#4389=EDGE_CURVE('',#6003,#6005,#425,.F.);
#4390=EDGE_CURVE('',#6005,#6006,#7144,.T.);
#4391=EDGE_CURVE('',#6004,#6006,#426,.T.);
#4392=EDGE_CURVE('',#6007,#6008,#7145,.T.);
#4393=EDGE_CURVE('',#6007,#6009,#427,.F.);
#4394=EDGE_CURVE('',#6009,#6010,#7146,.T.);
#4395=EDGE_CURVE('',#6008,#6010,#428,.T.);
#4396=EDGE_CURVE('',#6011,#6012,#7147,.T.);
#4397=EDGE_CURVE('',#6011,#6013,#429,.F.);
#4398=EDGE_CURVE('',#6013,#6014,#7148,.T.);
#4399=EDGE_CURVE('',#6012,#6014,#430,.T.);
#4400=EDGE_CURVE('',#6015,#6016,#7149,.T.);
#4401=EDGE_CURVE('',#6015,#6017,#431,.F.);
#4402=EDGE_CURVE('',#6017,#6018,#7150,.T.);
#4403=EDGE_CURVE('',#6016,#6018,#432,.T.);
#4404=EDGE_CURVE('',#6019,#6020,#7151,.T.);
#4405=EDGE_CURVE('',#6019,#6021,#433,.F.);
#4406=EDGE_CURVE('',#6021,#6022,#7152,.T.);
#4407=EDGE_CURVE('',#6020,#6022,#434,.T.);
#4408=EDGE_CURVE('',#6023,#6024,#7153,.T.);
#4409=EDGE_CURVE('',#6023,#6025,#435,.F.);
#4410=EDGE_CURVE('',#6025,#6026,#7154,.T.);
#4411=EDGE_CURVE('',#6024,#6026,#436,.T.);
#4412=EDGE_CURVE('',#6027,#6028,#7155,.T.);
#4413=EDGE_CURVE('',#6027,#6029,#437,.F.);
#4414=EDGE_CURVE('',#6029,#6030,#7156,.T.);
#4415=EDGE_CURVE('',#6028,#6030,#438,.T.);
#4416=EDGE_CURVE('',#6031,#6032,#7157,.T.);
#4417=EDGE_CURVE('',#6031,#6033,#439,.F.);
#4418=EDGE_CURVE('',#6033,#6034,#7158,.T.);
#4419=EDGE_CURVE('',#6032,#6034,#440,.T.);
#4420=EDGE_CURVE('',#6035,#6036,#7159,.T.);
#4421=EDGE_CURVE('',#6035,#6037,#441,.F.);
#4422=EDGE_CURVE('',#6037,#6038,#7160,.T.);
#4423=EDGE_CURVE('',#6036,#6038,#442,.T.);
#4424=EDGE_CURVE('',#6039,#6040,#7161,.T.);
#4425=EDGE_CURVE('',#6039,#6041,#443,.F.);
#4426=EDGE_CURVE('',#6041,#6042,#7162,.T.);
#4427=EDGE_CURVE('',#6040,#6042,#444,.T.);
#4428=EDGE_CURVE('',#6043,#6044,#7163,.T.);
#4429=EDGE_CURVE('',#6043,#6045,#445,.F.);
#4430=EDGE_CURVE('',#6045,#6046,#7164,.T.);
#4431=EDGE_CURVE('',#6044,#6046,#446,.T.);
#4432=EDGE_CURVE('',#6047,#6048,#7165,.T.);
#4433=EDGE_CURVE('',#6047,#6049,#447,.F.);
#4434=EDGE_CURVE('',#6049,#6050,#7166,.T.);
#4435=EDGE_CURVE('',#6048,#6050,#448,.T.);
#4436=EDGE_CURVE('',#6051,#6052,#7167,.T.);
#4437=EDGE_CURVE('',#6051,#6053,#449,.F.);
#4438=EDGE_CURVE('',#6053,#6054,#7168,.T.);
#4439=EDGE_CURVE('',#6052,#6054,#450,.T.);
#4440=EDGE_CURVE('',#6055,#6056,#7169,.T.);
#4441=EDGE_CURVE('',#6055,#6057,#451,.F.);
#4442=EDGE_CURVE('',#6057,#6058,#7170,.T.);
#4443=EDGE_CURVE('',#6056,#6058,#452,.T.);
#4444=EDGE_CURVE('',#6059,#6060,#7171,.T.);
#4445=EDGE_CURVE('',#6059,#6061,#453,.F.);
#4446=EDGE_CURVE('',#6061,#6062,#7172,.T.);
#4447=EDGE_CURVE('',#6060,#6062,#454,.T.);
#4448=EDGE_CURVE('',#6063,#6064,#7173,.T.);
#4449=EDGE_CURVE('',#6063,#6065,#455,.F.);
#4450=EDGE_CURVE('',#6065,#6066,#7174,.T.);
#4451=EDGE_CURVE('',#6064,#6066,#456,.T.);
#4452=EDGE_CURVE('',#6067,#6068,#7175,.T.);
#4453=EDGE_CURVE('',#6067,#6069,#457,.F.);
#4454=EDGE_CURVE('',#6069,#6070,#7176,.T.);
#4455=EDGE_CURVE('',#6068,#6070,#458,.T.);
#4456=EDGE_CURVE('',#6071,#6072,#459,.T.);
#4457=EDGE_CURVE('',#6073,#6072,#7177,.T.);
#4458=EDGE_CURVE('',#6074,#6073,#460,.T.);
#4459=EDGE_CURVE('',#6074,#6071,#7178,.T.);
#4460=EDGE_CURVE('',#6075,#6076,#461,.T.);
#4461=EDGE_CURVE('',#6077,#6076,#7179,.T.);
#4462=EDGE_CURVE('',#6078,#6077,#462,.T.);
#4463=EDGE_CURVE('',#6078,#6075,#7180,.T.);
#4464=EDGE_CURVE('',#6079,#6080,#463,.T.);
#4465=EDGE_CURVE('',#6081,#6080,#7181,.T.);
#4466=EDGE_CURVE('',#6082,#6081,#464,.T.);
#4467=EDGE_CURVE('',#6082,#6079,#7182,.T.);
#4468=EDGE_CURVE('',#6083,#6084,#465,.T.);
#4469=EDGE_CURVE('',#6085,#6084,#7183,.T.);
#4470=EDGE_CURVE('',#6086,#6085,#466,.T.);
#4471=EDGE_CURVE('',#6086,#6083,#7184,.T.);
#4472=EDGE_CURVE('',#6087,#6088,#467,.T.);
#4473=EDGE_CURVE('',#6089,#6088,#7185,.T.);
#4474=EDGE_CURVE('',#6090,#6089,#468,.T.);
#4475=EDGE_CURVE('',#6090,#6087,#7186,.T.);
#4476=EDGE_CURVE('',#6091,#6092,#469,.T.);
#4477=EDGE_CURVE('',#6093,#6092,#7187,.T.);
#4478=EDGE_CURVE('',#6094,#6093,#470,.T.);
#4479=EDGE_CURVE('',#6094,#6091,#7188,.T.);
#4480=EDGE_CURVE('',#6095,#6096,#471,.T.);
#4481=EDGE_CURVE('',#6097,#6096,#7189,.T.);
#4482=EDGE_CURVE('',#6098,#6097,#472,.T.);
#4483=EDGE_CURVE('',#6098,#6095,#7190,.T.);
#4484=EDGE_CURVE('',#6099,#6100,#473,.T.);
#4485=EDGE_CURVE('',#6101,#6100,#7191,.T.);
#4486=EDGE_CURVE('',#6102,#6101,#474,.T.);
#4487=EDGE_CURVE('',#6102,#6099,#7192,.T.);
#4488=EDGE_CURVE('',#6103,#6104,#475,.T.);
#4489=EDGE_CURVE('',#6105,#6104,#7193,.T.);
#4490=EDGE_CURVE('',#6106,#6105,#476,.T.);
#4491=EDGE_CURVE('',#6106,#6103,#7194,.T.);
#4492=EDGE_CURVE('',#6107,#6108,#477,.T.);
#4493=EDGE_CURVE('',#6109,#6108,#7195,.T.);
#4494=EDGE_CURVE('',#6110,#6109,#478,.T.);
#4495=EDGE_CURVE('',#6110,#6107,#7196,.T.);
#4496=EDGE_CURVE('',#6111,#6112,#7197,.T.);
#4497=EDGE_CURVE('',#6113,#6112,#7198,.T.);
#4498=EDGE_CURVE('',#6114,#6113,#7199,.T.);
#4499=EDGE_CURVE('',#6114,#6111,#7200,.T.);
#4500=EDGE_CURVE('',#6115,#6116,#479,.T.);
#4501=EDGE_CURVE('',#6117,#6116,#7201,.T.);
#4502=EDGE_CURVE('',#6118,#6117,#480,.T.);
#4503=EDGE_CURVE('',#6118,#6115,#7202,.T.);
#4504=EDGE_CURVE('',#6119,#6120,#481,.T.);
#4505=EDGE_CURVE('',#6121,#6120,#7203,.T.);
#4506=EDGE_CURVE('',#6122,#6121,#482,.T.);
#4507=EDGE_CURVE('',#6122,#6119,#7204,.T.);
#4508=EDGE_CURVE('',#6123,#6124,#483,.T.);
#4509=EDGE_CURVE('',#6125,#6124,#7205,.T.);
#4510=EDGE_CURVE('',#6126,#6125,#484,.T.);
#4511=EDGE_CURVE('',#6126,#6123,#7206,.T.);
#4512=EDGE_CURVE('',#6127,#6128,#485,.T.);
#4513=EDGE_CURVE('',#6129,#6128,#7207,.T.);
#4514=EDGE_CURVE('',#6130,#6129,#486,.T.);
#4515=EDGE_CURVE('',#6130,#6127,#7208,.T.);
#4516=EDGE_CURVE('',#6131,#6132,#487,.T.);
#4517=EDGE_CURVE('',#6133,#6132,#7209,.T.);
#4518=EDGE_CURVE('',#6134,#6133,#488,.T.);
#4519=EDGE_CURVE('',#6134,#6131,#7210,.T.);
#4520=EDGE_CURVE('',#6135,#6136,#489,.T.);
#4521=EDGE_CURVE('',#6137,#6136,#7211,.T.);
#4522=EDGE_CURVE('',#6138,#6137,#490,.T.);
#4523=EDGE_CURVE('',#6138,#6135,#7212,.T.);
#4524=EDGE_CURVE('',#6139,#6140,#491,.T.);
#4525=EDGE_CURVE('',#6141,#6140,#7213,.T.);
#4526=EDGE_CURVE('',#6142,#6141,#492,.T.);
#4527=EDGE_CURVE('',#6142,#6139,#7214,.T.);
#4528=EDGE_CURVE('',#6143,#6144,#493,.T.);
#4529=EDGE_CURVE('',#6145,#6144,#7215,.T.);
#4530=EDGE_CURVE('',#6146,#6145,#494,.T.);
#4531=EDGE_CURVE('',#6146,#6143,#7216,.T.);
#4532=EDGE_CURVE('',#6147,#6148,#495,.T.);
#4533=EDGE_CURVE('',#6149,#6148,#7217,.T.);
#4534=EDGE_CURVE('',#6150,#6149,#496,.T.);
#4535=EDGE_CURVE('',#6150,#6147,#7218,.T.);
#4536=EDGE_CURVE('',#6151,#6152,#497,.T.);
#4537=EDGE_CURVE('',#6153,#6152,#7219,.T.);
#4538=EDGE_CURVE('',#6154,#6153,#498,.T.);
#4539=EDGE_CURVE('',#6154,#6151,#7220,.T.);
#4540=EDGE_CURVE('',#6155,#6156,#499,.T.);
#4541=EDGE_CURVE('',#6157,#6156,#7221,.T.);
#4542=EDGE_CURVE('',#6158,#6157,#500,.T.);
#4543=EDGE_CURVE('',#6158,#6155,#7222,.T.);
#4544=EDGE_CURVE('',#5983,#6111,#7223,.T.);
#4545=EDGE_CURVE('',#5984,#6112,#7224,.T.);
#4546=EDGE_CURVE('',#5985,#6114,#7225,.T.);
#4547=EDGE_CURVE('',#5986,#6113,#7226,.T.);
#4548=EDGE_CURVE('',#5989,#6117,#7227,.T.);
#4549=EDGE_CURVE('',#5990,#6116,#7228,.T.);
#4550=EDGE_CURVE('',#5987,#6118,#7229,.T.);
#4551=EDGE_CURVE('',#5988,#6115,#7230,.T.);
#4552=EDGE_CURVE('',#5993,#6109,#7231,.T.);
#4553=EDGE_CURVE('',#5994,#6108,#7232,.T.);
#4554=EDGE_CURVE('',#5991,#6110,#7233,.T.);
#4555=EDGE_CURVE('',#5992,#6107,#7234,.T.);
#4556=EDGE_CURVE('',#5997,#6121,#7235,.T.);
#4557=EDGE_CURVE('',#5998,#6120,#7236,.T.);
#4558=EDGE_CURVE('',#5995,#6122,#7237,.T.);
#4559=EDGE_CURVE('',#5996,#6119,#7238,.T.);
#4560=EDGE_CURVE('',#6001,#6105,#7239,.T.);
#4561=EDGE_CURVE('',#6002,#6104,#7240,.T.);
#4562=EDGE_CURVE('',#5999,#6106,#7241,.T.);
#4563=EDGE_CURVE('',#6000,#6103,#7242,.T.);
#4564=EDGE_CURVE('',#6005,#6125,#7243,.T.);
#4565=EDGE_CURVE('',#6006,#6124,#7244,.T.);
#4566=EDGE_CURVE('',#6003,#6126,#7245,.T.);
#4567=EDGE_CURVE('',#6004,#6123,#7246,.T.);
#4568=EDGE_CURVE('',#6009,#6101,#7247,.T.);
#4569=EDGE_CURVE('',#6010,#6100,#7248,.T.);
#4570=EDGE_CURVE('',#6007,#6102,#7249,.T.);
#4571=EDGE_CURVE('',#6008,#6099,#7250,.T.);
#4572=EDGE_CURVE('',#6013,#6129,#7251,.T.);
#4573=EDGE_CURVE('',#6014,#6128,#7252,.T.);
#4574=EDGE_CURVE('',#6011,#6130,#7253,.T.);
#4575=EDGE_CURVE('',#6012,#6127,#7254,.T.);
#4576=EDGE_CURVE('',#6017,#6097,#7255,.T.);
#4577=EDGE_CURVE('',#6018,#6096,#7256,.T.);
#4578=EDGE_CURVE('',#6015,#6098,#7257,.T.);
#4579=EDGE_CURVE('',#6016,#6095,#7258,.T.);
#4580=EDGE_CURVE('',#6021,#6133,#7259,.T.);
#4581=EDGE_CURVE('',#6022,#6132,#7260,.T.);
#4582=EDGE_CURVE('',#6019,#6134,#7261,.T.);
#4583=EDGE_CURVE('',#6020,#6131,#7262,.T.);
#4584=EDGE_CURVE('',#6025,#6093,#7263,.T.);
#4585=EDGE_CURVE('',#6026,#6092,#7264,.T.);
#4586=EDGE_CURVE('',#6023,#6094,#7265,.T.);
#4587=EDGE_CURVE('',#6024,#6091,#7266,.T.);
#4588=EDGE_CURVE('',#6029,#6137,#7267,.T.);
#4589=EDGE_CURVE('',#6030,#6136,#7268,.T.);
#4590=EDGE_CURVE('',#6027,#6138,#7269,.T.);
#4591=EDGE_CURVE('',#6028,#6135,#7270,.T.);
#4592=EDGE_CURVE('',#6033,#6089,#7271,.T.);
#4593=EDGE_CURVE('',#6034,#6088,#7272,.T.);
#4594=EDGE_CURVE('',#6031,#6090,#7273,.T.);
#4595=EDGE_CURVE('',#6032,#6087,#7274,.T.);
#4596=EDGE_CURVE('',#6037,#6141,#7275,.T.);
#4597=EDGE_CURVE('',#6038,#6140,#7276,.T.);
#4598=EDGE_CURVE('',#6035,#6142,#7277,.T.);
#4599=EDGE_CURVE('',#6036,#6139,#7278,.T.);
#4600=EDGE_CURVE('',#6041,#6085,#7279,.T.);
#4601=EDGE_CURVE('',#6042,#6084,#7280,.T.);
#4602=EDGE_CURVE('',#6039,#6086,#7281,.T.);
#4603=EDGE_CURVE('',#6040,#6083,#7282,.T.);
#4604=EDGE_CURVE('',#6045,#6145,#7283,.T.);
#4605=EDGE_CURVE('',#6046,#6144,#7284,.T.);
#4606=EDGE_CURVE('',#6043,#6146,#7285,.T.);
#4607=EDGE_CURVE('',#6044,#6143,#7286,.T.);
#4608=EDGE_CURVE('',#6049,#6081,#7287,.T.);
#4609=EDGE_CURVE('',#6050,#6080,#7288,.T.);
#4610=EDGE_CURVE('',#6047,#6082,#7289,.T.);
#4611=EDGE_CURVE('',#6048,#6079,#7290,.T.);
#4612=EDGE_CURVE('',#6053,#6149,#7291,.T.);
#4613=EDGE_CURVE('',#6054,#6148,#7292,.T.);
#4614=EDGE_CURVE('',#6051,#6150,#7293,.T.);
#4615=EDGE_CURVE('',#6052,#6147,#7294,.T.);
#4616=EDGE_CURVE('',#6057,#6077,#7295,.T.);
#4617=EDGE_CURVE('',#6058,#6076,#7296,.T.);
#4618=EDGE_CURVE('',#6055,#6078,#7297,.T.);
#4619=EDGE_CURVE('',#6056,#6075,#7298,.T.);
#4620=EDGE_CURVE('',#6061,#6153,#7299,.T.);
#4621=EDGE_CURVE('',#6062,#6152,#7300,.T.);
#4622=EDGE_CURVE('',#6059,#6154,#7301,.T.);
#4623=EDGE_CURVE('',#6060,#6151,#7302,.T.);
#4624=EDGE_CURVE('',#6065,#6073,#7303,.T.);
#4625=EDGE_CURVE('',#6066,#6072,#7304,.T.);
#4626=EDGE_CURVE('',#6063,#6074,#7305,.T.);
#4627=EDGE_CURVE('',#6064,#6071,#7306,.T.);
#4628=EDGE_CURVE('',#6070,#6156,#7307,.T.);
#4629=EDGE_CURVE('',#6068,#6155,#7308,.T.);
#4630=EDGE_CURVE('',#6067,#6158,#7309,.T.);
#4631=EDGE_CURVE('',#6069,#6157,#7310,.T.);
#4632=EDGE_CURVE('',#6159,#6160,#7311,.T.);
#4633=EDGE_CURVE('',#6161,#6159,#7312,.T.);
#4634=EDGE_CURVE('',#6161,#6162,#7313,.T.);
#4635=EDGE_CURVE('',#6162,#6160,#7314,.T.);
#4636=EDGE_CURVE('',#6163,#6164,#7315,.T.);
#4637=EDGE_CURVE('',#6163,#6165,#7316,.T.);
#4638=EDGE_CURVE('',#6165,#6166,#7317,.T.);
#4639=EDGE_CURVE('',#6164,#6166,#7318,.T.);
#4640=EDGE_CURVE('',#6162,#6167,#7319,.T.);
#4641=EDGE_CURVE('',#6161,#6168,#7320,.T.);
#4642=EDGE_CURVE('',#6168,#6167,#7321,.T.);
#4643=EDGE_CURVE('',#6169,#6170,#7322,.T.);
#4644=EDGE_CURVE('',#6169,#6171,#7323,.T.);
#4645=EDGE_CURVE('',#6171,#6172,#7324,.T.);
#4646=EDGE_CURVE('',#6170,#6172,#7325,.T.);
#4647=EDGE_CURVE('',#6172,#6173,#7326,.T.);
#4648=EDGE_CURVE('',#6174,#6173,#7327,.T.);
#4649=EDGE_CURVE('',#6170,#6174,#7328,.T.);
#4650=EDGE_CURVE('',#6175,#6163,#7329,.T.);
#4651=EDGE_CURVE('',#6168,#6175,#7330,.T.);
#4652=EDGE_CURVE('',#6176,#6159,#7331,.T.);
#4653=EDGE_CURVE('',#6176,#6177,#7332,.T.);
#4654=EDGE_CURVE('',#6177,#6169,#7333,.T.);
#4655=EDGE_CURVE('',#6178,#6174,#7334,.T.);
#4656=EDGE_CURVE('',#6178,#6165,#7335,.T.);
#4657=EDGE_CURVE('',#6167,#6179,#7336,.T.);
#4658=EDGE_CURVE('',#6179,#6164,#7337,.T.);
#4659=EDGE_CURVE('',#6180,#6166,#7338,.T.);
#4660=EDGE_CURVE('',#6180,#6173,#7339,.T.);
#4661=EDGE_CURVE('',#6181,#6171,#7340,.T.);
#4662=EDGE_CURVE('',#6182,#6181,#7341,.T.);
#4663=EDGE_CURVE('',#6182,#6160,#7342,.T.);
#4664=EDGE_CURVE('',#6178,#6180,#7343,.T.);
#4665=EDGE_CURVE('',#6175,#6179,#7344,.T.);
#4666=EDGE_CURVE('',#6176,#6182,#7345,.T.);
#4667=EDGE_CURVE('',#6177,#6181,#7346,.T.);
#4668=EDGE_CURVE('',#6183,#6184,#7347,.T.);
#4669=EDGE_CURVE('',#6184,#6185,#501,.F.);
#4670=EDGE_CURVE('',#6185,#6186,#7348,.F.);
#4671=EDGE_CURVE('',#6186,#6187,#7349,.T.);
#4672=EDGE_CURVE('',#6187,#6188,#502,.F.);
#4673=EDGE_CURVE('',#6188,#6189,#7350,.F.);
#4674=EDGE_CURVE('',#6189,#6190,#7351,.T.);
#4675=EDGE_CURVE('',#6190,#6191,#503,.F.);
#4676=EDGE_CURVE('',#6191,#6192,#7352,.F.);
#4677=EDGE_CURVE('',#6192,#6193,#7353,.T.);
#4678=EDGE_CURVE('',#6193,#6194,#504,.F.);
#4679=EDGE_CURVE('',#6194,#6195,#7354,.F.);
#4680=EDGE_CURVE('',#6195,#6196,#7355,.T.);
#4681=EDGE_CURVE('',#6196,#6197,#505,.F.);
#4682=EDGE_CURVE('',#6197,#6183,#7356,.F.);
#4683=EDGE_CURVE('',#6198,#6199,#506,.T.);
#4684=EDGE_CURVE('',#6200,#6199,#7357,.T.);
#4685=EDGE_CURVE('',#6200,#6201,#507,.T.);
#4686=EDGE_CURVE('',#6201,#6198,#7358,.T.);
#4687=EDGE_CURVE('',#6202,#6203,#7359,.T.);
#4688=EDGE_CURVE('',#6202,#6204,#7360,.F.);
#4689=EDGE_CURVE('',#6204,#6205,#7361,.T.);
#4690=EDGE_CURVE('',#6205,#6203,#7362,.T.);
#4691=EDGE_CURVE('',#6206,#6207,#7363,.T.);
#4692=EDGE_CURVE('',#6206,#6202,#508,.F.);
#4693=EDGE_CURVE('',#6203,#6207,#509,.T.);
#4694=EDGE_CURVE('',#6208,#6209,#7364,.T.);
#4695=EDGE_CURVE('',#6208,#6206,#7365,.T.);
#4696=EDGE_CURVE('',#6207,#6209,#7366,.F.);
#4697=EDGE_CURVE('',#6210,#6211,#510,.T.);
#4698=EDGE_CURVE('',#6211,#6212,#7367,.F.);
#4699=EDGE_CURVE('',#6212,#6213,#7368,.T.);
#4700=EDGE_CURVE('',#6213,#6214,#511,.T.);
#4701=EDGE_CURVE('',#6214,#6215,#7369,.F.);
#4702=EDGE_CURVE('',#6215,#6216,#7370,.T.);
#4703=EDGE_CURVE('',#6216,#6217,#512,.T.);
#4704=EDGE_CURVE('',#6217,#6218,#7371,.F.);
#4705=EDGE_CURVE('',#6218,#6219,#7372,.T.);
#4706=EDGE_CURVE('',#6219,#6220,#513,.T.);
#4707=EDGE_CURVE('',#6220,#6221,#7373,.F.);
#4708=EDGE_CURVE('',#6221,#6222,#7374,.T.);
#4709=EDGE_CURVE('',#6222,#6223,#514,.T.);
#4710=EDGE_CURVE('',#6223,#6224,#7375,.F.);
#4711=EDGE_CURVE('',#6224,#6210,#7376,.T.);
#4712=EDGE_CURVE('',#6225,#6198,#7377,.T.);
#4713=EDGE_CURVE('',#6225,#6226,#515,.T.);
#4714=EDGE_CURVE('',#6226,#6199,#7378,.T.);
#4715=EDGE_CURVE('',#6227,#6226,#7379,.T.);
#4716=EDGE_CURVE('',#6227,#6200,#7380,.T.);
#4717=EDGE_CURVE('',#6227,#6228,#516,.T.);
#4718=EDGE_CURVE('',#6228,#6201,#7381,.T.);
#4719=EDGE_CURVE('',#6228,#6225,#7382,.T.);
#4720=EDGE_CURVE('',#6229,#6230,#7383,.T.);
#4721=EDGE_CURVE('',#6229,#6231,#7384,.T.);
#4722=EDGE_CURVE('',#6231,#6232,#7385,.T.);
#4723=EDGE_CURVE('',#6232,#6230,#7386,.F.);
#4724=EDGE_CURVE('',#6233,#6234,#7387,.T.);
#4725=EDGE_CURVE('',#6233,#6229,#7388,.F.);
#4726=EDGE_CURVE('',#6230,#6234,#7389,.T.);
#4727=EDGE_CURVE('',#6235,#6236,#7390,.T.);
#4728=EDGE_CURVE('',#6235,#6233,#517,.F.);
#4729=EDGE_CURVE('',#6234,#6236,#518,.T.);
#4730=EDGE_CURVE('',#6237,#6238,#7391,.T.);
#4731=EDGE_CURVE('',#6237,#6235,#7392,.T.);
#4732=EDGE_CURVE('',#6236,#6238,#7393,.F.);
#4733=EDGE_CURVE('',#6239,#6240,#7394,.T.);
#4734=EDGE_CURVE('',#6239,#6237,#7395,.F.);
#4735=EDGE_CURVE('',#6238,#6240,#7396,.T.);
#4736=EDGE_CURVE('',#6241,#6242,#7397,.T.);
#4737=EDGE_CURVE('',#6241,#6239,#519,.F.);
#4738=EDGE_CURVE('',#6240,#6242,#520,.T.);
#4739=EDGE_CURVE('',#6243,#6244,#7398,.T.);
#4740=EDGE_CURVE('',#6243,#6241,#7399,.T.);
#4741=EDGE_CURVE('',#6242,#6244,#7400,.F.);
#4742=EDGE_CURVE('',#6245,#6246,#7401,.T.);
#4743=EDGE_CURVE('',#6245,#6243,#7402,.F.);
#4744=EDGE_CURVE('',#6244,#6246,#7403,.T.);
#4745=EDGE_CURVE('',#6247,#6248,#7404,.T.);
#4746=EDGE_CURVE('',#6247,#6245,#521,.F.);
#4747=EDGE_CURVE('',#6246,#6248,#522,.T.);
#4748=EDGE_CURVE('',#6204,#6247,#7405,.T.);
#4749=EDGE_CURVE('',#6248,#6205,#7406,.F.);
#4750=EDGE_CURVE('',#6249,#6250,#7407,.T.);
#4751=EDGE_CURVE('',#6249,#6208,#7408,.F.);
#4752=EDGE_CURVE('',#6209,#6250,#7409,.T.);
#4753=EDGE_CURVE('',#6231,#6249,#523,.F.);
#4754=EDGE_CURVE('',#6250,#6232,#524,.T.);
#4755=EDGE_CURVE('',#6237,#6215,#29,.T.);
#4756=EDGE_CURVE('',#6216,#6239,#525,.T.);
#4757=EDGE_CURVE('',#6217,#6241,#526,.T.);
#4758=EDGE_CURVE('',#6235,#6214,#527,.T.);
#4759=EDGE_CURVE('',#6218,#6243,#30,.F.);
#4760=EDGE_CURVE('',#6233,#6213,#528,.T.);
#4761=EDGE_CURVE('',#6219,#6245,#529,.T.);
#4762=EDGE_CURVE('',#6229,#6212,#31,.T.);
#4763=EDGE_CURVE('',#6220,#6247,#530,.T.);
#4764=EDGE_CURVE('',#6231,#6211,#531,.T.);
#4765=EDGE_CURVE('',#6221,#6204,#32,.F.);
#4766=EDGE_CURVE('',#6249,#6210,#532,.T.);
#4767=EDGE_CURVE('',#6222,#6202,#533,.T.);
#4768=EDGE_CURVE('',#6208,#6224,#33,.T.);
#4769=EDGE_CURVE('',#6223,#6206,#534,.T.);
#4770=EDGE_CURVE('',#6205,#6195,#34,.T.);
#4771=EDGE_CURVE('',#6196,#6248,#535,.T.);
#4772=EDGE_CURVE('',#6197,#6246,#536,.T.);
#4773=EDGE_CURVE('',#6203,#6194,#537,.T.);
#4774=EDGE_CURVE('',#6183,#6244,#35,.F.);
#4775=EDGE_CURVE('',#6207,#6193,#538,.T.);
#4776=EDGE_CURVE('',#6184,#6242,#539,.T.);
#4777=EDGE_CURVE('',#6209,#6192,#36,.T.);
#4778=EDGE_CURVE('',#6185,#6240,#540,.T.);
#4779=EDGE_CURVE('',#6250,#6191,#541,.T.);
#4780=EDGE_CURVE('',#6186,#6238,#37,.F.);
#4781=EDGE_CURVE('',#6232,#6190,#542,.T.);
#4782=EDGE_CURVE('',#6187,#6236,#543,.T.);
#4783=EDGE_CURVE('',#6230,#6189,#38,.T.);
#4784=EDGE_CURVE('',#6188,#6234,#544,.T.);
#4785=EDGE_CURVE('',#6251,#6252,#545,.T.);
#4786=EDGE_CURVE('',#6251,#6253,#7410,.T.);
#4787=EDGE_CURVE('',#6253,#6254,#546,.T.);
#4788=EDGE_CURVE('',#6252,#6254,#7411,.T.);
#4789=EDGE_CURVE('',#6255,#6256,#547,.T.);
#4790=EDGE_CURVE('',#6255,#6257,#7412,.T.);
#4791=EDGE_CURVE('',#6257,#6258,#548,.T.);
#4792=EDGE_CURVE('',#6256,#6258,#7413,.T.);
#4793=EDGE_CURVE('',#6259,#6260,#549,.T.);
#4794=EDGE_CURVE('',#6259,#6261,#7414,.T.);
#4795=EDGE_CURVE('',#6261,#6262,#550,.T.);
#4796=EDGE_CURVE('',#6260,#6262,#7415,.T.);
#4797=EDGE_CURVE('',#6263,#6264,#7416,.T.);
#4798=EDGE_CURVE('',#6264,#6265,#7417,.T.);
#4799=EDGE_CURVE('',#6265,#6266,#7418,.T.);
#4800=EDGE_CURVE('',#6266,#6267,#7419,.T.);
#4801=EDGE_CURVE('',#6267,#6260,#7420,.T.);
#4802=EDGE_CURVE('',#6263,#6262,#7421,.T.);
#4803=EDGE_CURVE('',#6268,#6269,#7422,.T.);
#4804=EDGE_CURVE('',#6268,#6256,#7423,.T.);
#4805=EDGE_CURVE('',#6258,#6253,#7424,.T.);
#4806=EDGE_CURVE('',#6269,#6251,#7425,.T.);
#4807=EDGE_CURVE('',#6270,#6255,#7426,.T.);
#4808=EDGE_CURVE('',#6270,#6271,#7427,.T.);
#4809=EDGE_CURVE('',#6272,#6271,#7428,.T.);
#4810=EDGE_CURVE('',#6257,#6272,#7429,.T.);
#4811=EDGE_CURVE('',#6273,#6274,#7430,.T.);
#4812=EDGE_CURVE('',#6273,#6252,#7431,.T.);
#4813=EDGE_CURVE('',#6254,#6261,#7432,.T.);
#4814=EDGE_CURVE('',#6274,#6259,#7433,.T.);
#4815=EDGE_CURVE('',#6263,#6275,#7434,.T.);
#4816=EDGE_CURVE('',#6272,#6276,#7435,.T.);
#4817=EDGE_CURVE('',#6275,#6276,#551,.T.);
#4818=EDGE_CURVE('',#6277,#6277,#552,.T.);
#4819=EDGE_CURVE('',#6278,#6278,#553,.T.);
#4820=EDGE_CURVE('',#6279,#6279,#554,.T.);
#4821=EDGE_CURVE('',#6280,#6280,#555,.T.);
#4822=EDGE_CURVE('',#6281,#6281,#556,.T.);
#4823=EDGE_CURVE('',#6282,#6282,#557,.T.);
#4824=EDGE_CURVE('',#6283,#6283,#558,.T.);
#4825=EDGE_CURVE('',#6284,#6284,#559,.T.);
#4826=EDGE_CURVE('',#6285,#6285,#560,.T.);
#4827=EDGE_CURVE('',#6286,#6286,#561,.T.);
#4828=EDGE_CURVE('',#6287,#6287,#562,.T.);
#4829=EDGE_CURVE('',#6288,#6288,#563,.T.);
#4830=EDGE_CURVE('',#6289,#6289,#564,.T.);
#4831=EDGE_CURVE('',#6290,#6290,#565,.T.);
#4832=EDGE_CURVE('',#6291,#6291,#566,.T.);
#4833=EDGE_CURVE('',#6292,#6292,#567,.T.);
#4834=EDGE_CURVE('',#6293,#6293,#568,.T.);
#4835=EDGE_CURVE('',#6294,#6294,#569,.T.);
#4836=EDGE_CURVE('',#6295,#6295,#570,.T.);
#4837=EDGE_CURVE('',#6296,#6296,#571,.T.);
#4838=EDGE_CURVE('',#6297,#6297,#572,.T.);
#4839=EDGE_CURVE('',#6298,#6298,#573,.T.);
#4840=EDGE_CURVE('',#6299,#6299,#574,.T.);
#4841=EDGE_CURVE('',#6300,#6300,#575,.T.);
#4842=EDGE_CURVE('',#6301,#6301,#576,.T.);
#4843=EDGE_CURVE('',#6302,#6302,#577,.T.);
#4844=EDGE_CURVE('',#6303,#6303,#578,.T.);
#4845=EDGE_CURVE('',#6304,#6304,#579,.T.);
#4846=EDGE_CURVE('',#6305,#6305,#580,.T.);
#4847=EDGE_CURVE('',#6306,#6306,#581,.T.);
#4848=EDGE_CURVE('',#6307,#6307,#582,.T.);
#4849=EDGE_CURVE('',#6308,#6308,#583,.T.);
#4850=EDGE_CURVE('',#6309,#6309,#584,.T.);
#4851=EDGE_CURVE('',#6310,#6310,#585,.T.);
#4852=EDGE_CURVE('',#6311,#6311,#586,.T.);
#4853=EDGE_CURVE('',#6312,#6312,#587,.T.);
#4854=EDGE_CURVE('',#6313,#6313,#588,.T.);
#4855=EDGE_CURVE('',#6314,#6314,#589,.T.);
#4856=EDGE_CURVE('',#6315,#6315,#590,.T.);
#4857=EDGE_CURVE('',#6316,#6316,#591,.T.);
#4858=EDGE_CURVE('',#6317,#6317,#592,.T.);
#4859=EDGE_CURVE('',#6318,#6318,#593,.T.);
#4860=EDGE_CURVE('',#6319,#6319,#594,.T.);
#4861=EDGE_CURVE('',#6320,#6320,#595,.T.);
#4862=EDGE_CURVE('',#6321,#6321,#596,.T.);
#4863=EDGE_CURVE('',#6322,#6322,#597,.T.);
#4864=EDGE_CURVE('',#6323,#6323,#598,.T.);
#4865=EDGE_CURVE('',#6324,#6324,#599,.T.);
#4866=EDGE_CURVE('',#6325,#6325,#600,.T.);
#4867=EDGE_CURVE('',#6326,#6326,#601,.T.);
#4868=EDGE_CURVE('',#6327,#6327,#602,.T.);
#4869=EDGE_CURVE('',#6328,#6328,#603,.T.);
#4870=EDGE_CURVE('',#6329,#6329,#604,.T.);
#4871=EDGE_CURVE('',#6330,#6330,#605,.T.);
#4872=EDGE_CURVE('',#6331,#6331,#606,.T.);
#4873=EDGE_CURVE('',#6332,#6332,#607,.T.);
#4874=EDGE_CURVE('',#6333,#6333,#608,.T.);
#4875=EDGE_CURVE('',#6334,#6334,#609,.T.);
#4876=EDGE_CURVE('',#6335,#6335,#610,.T.);
#4877=EDGE_CURVE('',#6336,#6336,#611,.T.);
#4878=EDGE_CURVE('',#6337,#6337,#612,.T.);
#4879=EDGE_CURVE('',#6338,#6338,#613,.T.);
#4880=EDGE_CURVE('',#6339,#6339,#614,.T.);
#4881=EDGE_CURVE('',#6340,#6340,#615,.T.);
#4882=EDGE_CURVE('',#6341,#6341,#616,.T.);
#4883=EDGE_CURVE('',#6342,#6342,#617,.T.);
#4884=EDGE_CURVE('',#6343,#6343,#618,.T.);
#4885=EDGE_CURVE('',#6344,#6344,#619,.T.);
#4886=EDGE_CURVE('',#6345,#6345,#620,.T.);
#4887=EDGE_CURVE('',#6346,#6346,#621,.T.);
#4888=EDGE_CURVE('',#6347,#6347,#622,.T.);
#4889=EDGE_CURVE('',#6348,#6348,#623,.T.);
#4890=EDGE_CURVE('',#6349,#6349,#624,.T.);
#4891=EDGE_CURVE('',#6350,#6350,#625,.T.);
#4892=EDGE_CURVE('',#6351,#6351,#626,.T.);
#4893=EDGE_CURVE('',#6352,#6352,#627,.T.);
#4894=EDGE_CURVE('',#6353,#6353,#628,.T.);
#4895=EDGE_CURVE('',#6354,#6354,#629,.T.);
#4896=EDGE_CURVE('',#6355,#6355,#630,.T.);
#4897=EDGE_CURVE('',#6356,#6356,#631,.T.);
#4898=EDGE_CURVE('',#6357,#6357,#632,.T.);
#4899=EDGE_CURVE('',#6358,#6358,#633,.T.);
#4900=EDGE_CURVE('',#6359,#6359,#634,.T.);
#4901=EDGE_CURVE('',#6360,#6360,#635,.T.);
#4902=EDGE_CURVE('',#6361,#6361,#636,.T.);
#4903=EDGE_CURVE('',#6362,#6362,#637,.T.);
#4904=EDGE_CURVE('',#6363,#6363,#638,.T.);
#4905=EDGE_CURVE('',#6364,#6364,#639,.T.);
#4906=EDGE_CURVE('',#6365,#6365,#640,.T.);
#4907=EDGE_CURVE('',#6366,#6366,#641,.T.);
#4908=EDGE_CURVE('',#6367,#6367,#642,.T.);
#4909=EDGE_CURVE('',#6368,#6368,#643,.T.);
#4910=EDGE_CURVE('',#6369,#6369,#644,.T.);
#4911=EDGE_CURVE('',#6370,#6370,#645,.T.);
#4912=EDGE_CURVE('',#6371,#6371,#646,.T.);
#4913=EDGE_CURVE('',#6372,#6372,#647,.T.);
#4914=EDGE_CURVE('',#6373,#6373,#648,.T.);
#4915=EDGE_CURVE('',#6374,#6374,#649,.T.);
#4916=EDGE_CURVE('',#6375,#6375,#650,.T.);
#4917=EDGE_CURVE('',#6376,#6376,#651,.T.);
#4918=EDGE_CURVE('',#6377,#6377,#652,.T.);
#4919=EDGE_CURVE('',#6378,#6378,#653,.T.);
#4920=EDGE_CURVE('',#6379,#6379,#654,.T.);
#4921=EDGE_CURVE('',#6380,#6380,#655,.T.);
#4922=EDGE_CURVE('',#6381,#6381,#656,.T.);
#4923=EDGE_CURVE('',#6382,#6382,#657,.T.);
#4924=EDGE_CURVE('',#6383,#6383,#658,.T.);
#4925=EDGE_CURVE('',#6384,#6384,#659,.T.);
#4926=EDGE_CURVE('',#6385,#6385,#660,.T.);
#4927=EDGE_CURVE('',#6386,#6386,#661,.T.);
#4928=EDGE_CURVE('',#6387,#6387,#662,.T.);
#4929=EDGE_CURVE('',#6388,#6388,#663,.T.);
#4930=EDGE_CURVE('',#6389,#6389,#664,.T.);
#4931=EDGE_CURVE('',#6390,#6390,#665,.T.);
#4932=EDGE_CURVE('',#6391,#6391,#666,.T.);
#4933=EDGE_CURVE('',#6392,#6392,#667,.T.);
#4934=EDGE_CURVE('',#6393,#6393,#668,.T.);
#4935=EDGE_CURVE('',#6394,#6394,#669,.T.);
#4936=EDGE_CURVE('',#6395,#6395,#670,.T.);
#4937=EDGE_CURVE('',#6396,#6396,#671,.T.);
#4938=EDGE_CURVE('',#6397,#6397,#672,.T.);
#4939=EDGE_CURVE('',#6398,#6398,#673,.T.);
#4940=EDGE_CURVE('',#6399,#6399,#674,.T.);
#4941=EDGE_CURVE('',#6400,#6400,#675,.T.);
#4942=EDGE_CURVE('',#6401,#6401,#676,.T.);
#4943=EDGE_CURVE('',#6402,#6402,#677,.T.);
#4944=EDGE_CURVE('',#6403,#6403,#678,.T.);
#4945=EDGE_CURVE('',#6404,#6404,#679,.T.);
#4946=EDGE_CURVE('',#6405,#6405,#680,.T.);
#4947=EDGE_CURVE('',#6406,#6406,#681,.T.);
#4948=EDGE_CURVE('',#6407,#6407,#682,.T.);
#4949=EDGE_CURVE('',#6408,#6408,#683,.T.);
#4950=EDGE_CURVE('',#6409,#6409,#684,.T.);
#4951=EDGE_CURVE('',#6410,#6410,#685,.T.);
#4952=EDGE_CURVE('',#6411,#6411,#686,.T.);
#4953=EDGE_CURVE('',#6412,#6412,#687,.T.);
#4954=EDGE_CURVE('',#6413,#6413,#688,.T.);
#4955=EDGE_CURVE('',#6414,#6414,#689,.T.);
#4956=EDGE_CURVE('',#6415,#6415,#690,.T.);
#4957=EDGE_CURVE('',#6416,#6416,#691,.T.);
#4958=EDGE_CURVE('',#6417,#6417,#692,.T.);
#4959=EDGE_CURVE('',#6418,#6418,#693,.T.);
#4960=EDGE_CURVE('',#6419,#6419,#694,.T.);
#4961=EDGE_CURVE('',#6420,#6420,#695,.T.);
#4962=EDGE_CURVE('',#6421,#6421,#696,.T.);
#4963=EDGE_CURVE('',#6422,#6422,#697,.T.);
#4964=EDGE_CURVE('',#6423,#6423,#698,.T.);
#4965=EDGE_CURVE('',#6424,#6424,#699,.T.);
#4966=EDGE_CURVE('',#6425,#6425,#700,.T.);
#4967=EDGE_CURVE('',#6426,#6426,#701,.T.);
#4968=EDGE_CURVE('',#6427,#6427,#702,.T.);
#4969=EDGE_CURVE('',#6428,#6428,#703,.T.);
#4970=EDGE_CURVE('',#6429,#6429,#704,.T.);
#4971=EDGE_CURVE('',#6430,#6430,#705,.T.);
#4972=EDGE_CURVE('',#6431,#6431,#706,.T.);
#4973=EDGE_CURVE('',#6432,#6432,#707,.T.);
#4974=EDGE_CURVE('',#6433,#6433,#708,.T.);
#4975=EDGE_CURVE('',#6434,#6434,#709,.T.);
#4976=EDGE_CURVE('',#6435,#6435,#710,.T.);
#4977=EDGE_CURVE('',#6436,#6436,#711,.T.);
#4978=EDGE_CURVE('',#6437,#6437,#712,.T.);
#4979=EDGE_CURVE('',#6438,#6438,#713,.T.);
#4980=EDGE_CURVE('',#6439,#6439,#714,.T.);
#4981=EDGE_CURVE('',#6440,#6440,#715,.T.);
#4982=EDGE_CURVE('',#6441,#6441,#716,.T.);
#4983=EDGE_CURVE('',#6442,#6442,#717,.T.);
#4984=EDGE_CURVE('',#6443,#6443,#718,.T.);
#4985=EDGE_CURVE('',#6444,#6444,#719,.T.);
#4986=EDGE_CURVE('',#6445,#6445,#720,.T.);
#4987=EDGE_CURVE('',#6446,#6446,#721,.T.);
#4988=EDGE_CURVE('',#6276,#6447,#7436,.T.);
#4989=EDGE_CURVE('',#6448,#6447,#722,.T.);
#4990=EDGE_CURVE('',#6275,#6448,#7437,.T.);
#4991=EDGE_CURVE('',#6449,#6449,#723,.T.);
#4992=EDGE_CURVE('',#6450,#6450,#724,.T.);
#4993=EDGE_CURVE('',#6451,#6451,#725,.T.);
#4994=EDGE_CURVE('',#6452,#6452,#726,.T.);
#4995=EDGE_CURVE('',#6453,#6453,#727,.T.);
#4996=EDGE_CURVE('',#6454,#6454,#728,.T.);
#4997=EDGE_CURVE('',#6455,#6455,#729,.T.);
#4998=EDGE_CURVE('',#6456,#6456,#730,.T.);
#4999=EDGE_CURVE('',#6447,#6271,#7438,.T.);
#5000=EDGE_CURVE('',#6448,#6457,#7439,.T.);
#5001=EDGE_CURVE('',#6457,#6458,#7440,.T.);
#5002=EDGE_CURVE('',#6264,#6458,#7441,.T.);
#5003=EDGE_CURVE('',#6459,#6459,#731,.F.);
#5004=EDGE_CURVE('',#6460,#6460,#732,.F.);
#5005=EDGE_CURVE('',#6461,#6461,#733,.F.);
#5006=EDGE_CURVE('',#6462,#6462,#734,.F.);
#5007=EDGE_CURVE('',#6463,#6269,#7442,.T.);
#5008=EDGE_CURVE('',#6463,#6464,#735,.T.);
#5009=EDGE_CURVE('',#6464,#6273,#7443,.T.);
#5010=EDGE_CURVE('',#6465,#6274,#7444,.T.);
#5011=EDGE_CURVE('',#6465,#6466,#736,.T.);
#5012=EDGE_CURVE('',#6466,#6267,#7445,.T.);
#5013=EDGE_CURVE('',#6266,#6467,#7446,.T.);
#5014=EDGE_CURVE('',#6467,#6468,#737,.T.);
#5015=EDGE_CURVE('',#6468,#6469,#7447,.T.);
#5016=EDGE_CURVE('',#6469,#6457,#7448,.T.);
#5017=EDGE_CURVE('',#6270,#6470,#7449,.T.);
#5018=EDGE_CURVE('',#6470,#6471,#738,.T.);
#5019=EDGE_CURVE('',#6268,#6471,#7450,.T.);
#5020=EDGE_CURVE('',#6472,#6472,#739,.F.);
#5021=EDGE_CURVE('',#6473,#6458,#7451,.T.);
#5022=EDGE_CURVE('',#6474,#6473,#7452,.T.);
#5023=EDGE_CURVE('',#6475,#6474,#740,.T.);
#5024=EDGE_CURVE('',#6265,#6475,#7453,.T.);
#5025=EDGE_CURVE('',#6473,#6469,#7454,.T.);
#5026=EDGE_CURVE('',#6474,#6468,#7455,.T.);
#5027=EDGE_CURVE('',#6475,#6467,#7456,.T.);
#5028=EDGE_CURVE('',#6476,#6259,#7457,.T.);
#5029=EDGE_CURVE('',#6476,#6465,#7458,.T.);
#5030=EDGE_CURVE('',#6476,#6477,#741,.T.);
#5031=EDGE_CURVE('',#6477,#6466,#7459,.T.);
#5032=EDGE_CURVE('',#6477,#6260,#7460,.T.);
#5033=EDGE_CURVE('',#6478,#6478,#742,.F.);
#5034=EDGE_CURVE('',#6255,#6479,#7461,.T.);
#5035=EDGE_CURVE('',#6479,#6470,#7462,.T.);
#5036=EDGE_CURVE('',#6479,#6480,#743,.T.);
#5037=EDGE_CURVE('',#6480,#6471,#7463,.T.);
#5038=EDGE_CURVE('',#6256,#6480,#7464,.T.);
#5039=EDGE_CURVE('',#6481,#6481,#744,.F.);
#5040=EDGE_CURVE('',#6482,#6463,#7465,.T.);
#5041=EDGE_CURVE('',#6482,#6483,#745,.T.);
#5042=EDGE_CURVE('',#6483,#6464,#7466,.T.);
#5043=EDGE_CURVE('',#6483,#6252,#7467,.T.);
#5044=EDGE_CURVE('',#6482,#6251,#7468,.T.);
#5045=EDGE_CURVE('',#6484,#6484,#746,.F.);
#5046=EDGE_CURVE('',#6485,#6486,#7469,.T.);
#5047=EDGE_CURVE('',#6485,#6487,#7470,.T.);
#5048=EDGE_CURVE('',#6487,#6488,#7471,.T.);
#5049=EDGE_CURVE('',#6486,#6488,#7472,.T.);
#5050=EDGE_CURVE('',#6489,#6490,#7473,.T.);
#5051=EDGE_CURVE('',#6489,#6485,#747,.T.);
#5052=EDGE_CURVE('',#6490,#6486,#748,.T.);
#5053=EDGE_CURVE('',#6491,#6492,#7474,.T.);
#5054=EDGE_CURVE('',#6491,#6489,#7475,.F.);
#5055=EDGE_CURVE('',#6490,#6492,#7476,.T.);
#5056=EDGE_CURVE('',#6493,#6494,#7477,.T.);
#5057=EDGE_CURVE('',#6493,#6491,#749,.T.);
#5058=EDGE_CURVE('',#6494,#6492,#750,.T.);
#5059=EDGE_CURVE('',#6495,#6496,#7478,.T.);
#5060=EDGE_CURVE('',#6495,#6493,#7479,.F.);
#5061=EDGE_CURVE('',#6494,#6496,#7480,.T.);
#5062=EDGE_CURVE('',#6497,#6498,#7481,.T.);
#5063=EDGE_CURVE('',#6497,#6495,#751,.T.);
#5064=EDGE_CURVE('',#6498,#6496,#752,.T.);
#5065=EDGE_CURVE('',#6499,#6500,#7482,.T.);
#5066=EDGE_CURVE('',#6499,#6497,#7483,.T.);
#5067=EDGE_CURVE('',#6500,#6498,#7484,.T.);
#5068=EDGE_CURVE('',#6501,#6502,#7485,.T.);
#5069=EDGE_CURVE('',#6501,#6503,#753,.F.);
#5070=EDGE_CURVE('',#6503,#6504,#7486,.T.);
#5071=EDGE_CURVE('',#6504,#6502,#754,.T.);
#5072=EDGE_CURVE('',#6505,#6506,#7487,.T.);
#5073=EDGE_CURVE('',#6505,#6501,#7488,.F.);
#5074=EDGE_CURVE('',#6502,#6506,#7489,.T.);
#5075=EDGE_CURVE('',#6507,#6508,#7490,.T.);
#5076=EDGE_CURVE('',#6507,#6505,#755,.F.);
#5077=EDGE_CURVE('',#6506,#6508,#756,.T.);
#5078=EDGE_CURVE('',#6509,#6510,#7491,.T.);
#5079=EDGE_CURVE('',#6509,#6507,#7492,.T.);
#5080=EDGE_CURVE('',#6510,#6508,#7493,.T.);
#5081=EDGE_CURVE('',#6511,#6512,#7494,.T.);
#5082=EDGE_CURVE('',#6511,#6509,#757,.F.);
#5083=EDGE_CURVE('',#6510,#6512,#758,.T.);
#5084=EDGE_CURVE('',#6513,#6514,#7495,.T.);
#5085=EDGE_CURVE('',#6513,#6511,#7496,.T.);
#5086=EDGE_CURVE('',#6514,#6512,#7497,.T.);
#5087=EDGE_CURVE('',#6515,#6516,#7498,.T.);
#5088=EDGE_CURVE('',#6515,#6513,#759,.F.);
#5089=EDGE_CURVE('',#6514,#6516,#760,.T.);
#5090=EDGE_CURVE('',#6503,#6515,#7499,.F.);
#5091=EDGE_CURVE('',#6516,#6504,#7500,.T.);
#5092=EDGE_CURVE('',#6487,#6499,#761,.T.);
#5093=EDGE_CURVE('',#6488,#6500,#762,.T.);
#5094=EDGE_CURVE('',#6517,#6518,#7501,.F.);
#5095=EDGE_CURVE('',#6518,#6519,#763,.T.);
#5096=EDGE_CURVE('',#6519,#6520,#7502,.T.);
#5097=EDGE_CURVE('',#6520,#6521,#764,.T.);
#5098=EDGE_CURVE('',#6521,#6522,#7503,.T.);
#5099=EDGE_CURVE('',#6522,#6523,#765,.T.);
#5100=EDGE_CURVE('',#6523,#6524,#7504,.F.);
#5101=EDGE_CURVE('',#6524,#6517,#766,.T.);
#5102=EDGE_CURVE('',#6525,#6526,#767,.F.);
#5103=EDGE_CURVE('',#6526,#6527,#7505,.T.);
#5104=EDGE_CURVE('',#6527,#6528,#768,.F.);
#5105=EDGE_CURVE('',#6528,#6529,#7506,.F.);
#5106=EDGE_CURVE('',#6529,#6530,#769,.F.);
#5107=EDGE_CURVE('',#6530,#6531,#7507,.F.);
#5108=EDGE_CURVE('',#6531,#6532,#770,.F.);
#5109=EDGE_CURVE('',#6532,#6525,#7508,.T.);
#5110=EDGE_CURVE('',#6505,#6522,#771,.T.);
#5111=EDGE_CURVE('',#6523,#6507,#772,.T.);
#5112=EDGE_CURVE('',#6524,#6509,#773,.T.);
#5113=EDGE_CURVE('',#6501,#6521,#774,.T.);
#5114=EDGE_CURVE('',#6517,#6511,#775,.T.);
#5115=EDGE_CURVE('',#6503,#6520,#776,.T.);
#5116=EDGE_CURVE('',#6518,#6513,#777,.T.);
#5117=EDGE_CURVE('',#6515,#6519,#778,.T.);
#5118=EDGE_CURVE('',#6487,#6530,#779,.T.);
#5119=EDGE_CURVE('',#6531,#6485,#780,.T.);
#5120=EDGE_CURVE('',#6532,#6489,#781,.T.);
#5121=EDGE_CURVE('',#6499,#6529,#782,.T.);
#5122=EDGE_CURVE('',#6525,#6491,#783,.T.);
#5123=EDGE_CURVE('',#6497,#6528,#784,.T.);
#5124=EDGE_CURVE('',#6526,#6493,#785,.T.);
#5125=EDGE_CURVE('',#6495,#6527,#786,.T.);
#5126=EDGE_CURVE('',#6533,#6534,#7509,.T.);
#5127=EDGE_CURVE('',#6535,#6534,#7510,.T.);
#5128=EDGE_CURVE('',#6536,#6535,#7511,.T.);
#5129=EDGE_CURVE('',#6533,#6536,#7512,.T.);
#5130=EDGE_CURVE('',#6537,#6538,#7513,.T.);
#5131=EDGE_CURVE('',#6534,#6538,#7514,.T.);
#5132=EDGE_CURVE('',#6537,#6533,#7515,.T.);
#5133=EDGE_CURVE('',#6539,#6540,#7516,.T.);
#5134=EDGE_CURVE('',#6538,#6540,#7517,.T.);
#5135=EDGE_CURVE('',#6539,#6537,#7518,.T.);
#5136=EDGE_CURVE('',#6541,#6542,#7519,.T.);
#5137=EDGE_CURVE('',#6543,#6541,#7520,.T.);
#5138=EDGE_CURVE('',#6543,#6544,#7521,.T.);
#5139=EDGE_CURVE('',#6544,#6542,#7522,.T.);
#5140=EDGE_CURVE('',#6542,#6545,#7523,.T.);
#5141=EDGE_CURVE('',#6544,#6546,#7524,.T.);
#5142=EDGE_CURVE('',#6546,#6545,#7525,.T.);
#5143=EDGE_CURVE('',#6547,#6545,#7526,.T.);
#5144=EDGE_CURVE('',#6548,#6546,#7527,.T.);
#5145=EDGE_CURVE('',#6548,#6547,#7528,.T.);
#5146=EDGE_CURVE('',#6541,#6547,#7529,.T.);
#5147=EDGE_CURVE('',#6543,#6548,#7530,.T.);
#5148=EDGE_CURVE('',#6540,#6535,#7531,.T.);
#5149=EDGE_CURVE('',#6536,#6539,#7532,.T.);
#5150=EDGE_CURVE('',#6549,#6550,#7533,.T.);
#5151=EDGE_CURVE('',#6551,#6549,#7534,.T.);
#5152=EDGE_CURVE('',#6552,#6551,#7535,.T.);
#5153=EDGE_CURVE('',#6550,#6552,#7536,.T.);
#5154=EDGE_CURVE('',#6537,#6551,#7537,.T.);
#5155=EDGE_CURVE('',#6549,#6539,#7538,.F.);
#5156=EDGE_CURVE('',#6550,#6536,#7539,.F.);
#5157=EDGE_CURVE('',#6533,#6552,#7540,.F.);
#5158=EDGE_CURVE('',#6553,#6554,#7541,.T.);
#5159=EDGE_CURVE('',#6553,#6555,#7542,.F.);
#5160=EDGE_CURVE('',#6555,#6556,#7543,.T.);
#5161=EDGE_CURVE('',#6556,#6554,#7544,.T.);
#5162=EDGE_CURVE('',#6554,#6557,#7545,.T.);
#5163=EDGE_CURVE('',#6558,#6557,#7546,.T.);
#5164=EDGE_CURVE('',#6558,#6559,#787,.T.);
#5165=EDGE_CURVE('',#6560,#6559,#7547,.T.);
#5166=EDGE_CURVE('',#6560,#6553,#788,.T.);
#5167=EDGE_CURVE('',#6561,#6562,#7548,.T.);
#5168=EDGE_CURVE('',#6561,#6558,#7549,.T.);
#5169=EDGE_CURVE('',#6562,#6557,#7550,.T.);
#5170=EDGE_CURVE('',#6563,#6564,#7551,.T.);
#5171=EDGE_CURVE('',#6564,#6565,#789,.T.);
#5172=EDGE_CURVE('',#6565,#6566,#7552,.T.);
#5173=EDGE_CURVE('',#6567,#6566,#7553,.T.);
#5174=EDGE_CURVE('',#6568,#6567,#7554,.T.);
#5175=EDGE_CURVE('',#6568,#6563,#790,.T.);
#5176=EDGE_CURVE('',#6569,#6570,#7555,.T.);
#5177=EDGE_CURVE('',#6569,#6568,#7556,.T.);
#5178=EDGE_CURVE('',#6570,#6567,#7557,.T.);
#5179=EDGE_CURVE('',#6571,#6572,#7558,.T.);
#5180=EDGE_CURVE('',#6571,#6569,#7559,.F.);
#5181=EDGE_CURVE('',#6570,#6572,#7560,.T.);
#5182=EDGE_CURVE('',#6565,#6571,#7561,.F.);
#5183=EDGE_CURVE('',#6572,#6566,#7562,.T.);
#5184=EDGE_CURVE('',#6555,#6561,#7563,.T.);
#5185=EDGE_CURVE('',#6556,#6562,#7564,.T.);
#5186=EDGE_CURVE('',#6573,#6574,#7565,.T.);
#5187=EDGE_CURVE('',#6574,#6564,#7566,.T.);
#5188=EDGE_CURVE('',#6563,#6573,#7567,.F.);
#5189=EDGE_CURVE('',#6575,#6560,#7568,.T.);
#5190=EDGE_CURVE('',#6559,#6576,#7569,.F.);
#5191=EDGE_CURVE('',#6576,#6575,#7570,.F.);
#5192=EDGE_CURVE('',#6573,#6569,#39,.F.);
#5193=EDGE_CURVE('',#6574,#6571,#40,.F.);
#5194=EDGE_CURVE('',#6576,#6561,#41,.F.);
#5195=EDGE_CURVE('',#6575,#6555,#42,.F.);
#5196=EDGE_CURVE('',#6577,#6578,#7571,.T.);
#5197=EDGE_CURVE('',#6579,#6578,#7572,.T.);
#5198=EDGE_CURVE('',#6580,#6579,#7573,.T.);
#5199=EDGE_CURVE('',#6580,#6577,#7574,.T.);
#5200=EDGE_CURVE('',#6581,#6582,#7575,.T.);
#5201=EDGE_CURVE('',#6582,#6583,#791,.T.);
#5202=EDGE_CURVE('',#6584,#6583,#7576,.T.);
#5203=EDGE_CURVE('',#6581,#6584,#792,.F.);
#5204=EDGE_CURVE('',#6585,#6586,#7577,.T.);
#5205=EDGE_CURVE('',#6586,#6587,#793,.T.);
#5206=EDGE_CURVE('',#6588,#6587,#7578,.T.);
#5207=EDGE_CURVE('',#6585,#6588,#794,.F.);
#5208=EDGE_CURVE('',#6589,#6590,#7579,.T.);
#5209=EDGE_CURVE('',#6590,#6591,#795,.T.);
#5210=EDGE_CURVE('',#6592,#6591,#7580,.T.);
#5211=EDGE_CURVE('',#6589,#6592,#796,.F.);
#5212=EDGE_CURVE('',#6593,#6594,#7581,.T.);
#5213=EDGE_CURVE('',#6594,#6595,#797,.T.);
#5214=EDGE_CURVE('',#6596,#6595,#7582,.T.);
#5215=EDGE_CURVE('',#6593,#6596,#798,.F.);
#5216=EDGE_CURVE('',#6597,#6598,#7583,.T.);
#5217=EDGE_CURVE('',#6598,#6599,#799,.T.);
#5218=EDGE_CURVE('',#6600,#6599,#7584,.T.);
#5219=EDGE_CURVE('',#6597,#6600,#800,.F.);
#5220=EDGE_CURVE('',#6601,#6602,#7585,.T.);
#5221=EDGE_CURVE('',#6602,#6603,#801,.T.);
#5222=EDGE_CURVE('',#6604,#6603,#7586,.T.);
#5223=EDGE_CURVE('',#6601,#6604,#802,.F.);
#5224=EDGE_CURVE('',#6605,#6606,#7587,.T.);
#5225=EDGE_CURVE('',#6606,#6607,#803,.T.);
#5226=EDGE_CURVE('',#6608,#6607,#7588,.T.);
#5227=EDGE_CURVE('',#6605,#6608,#804,.F.);
#5228=EDGE_CURVE('',#6609,#6610,#7589,.T.);
#5229=EDGE_CURVE('',#6610,#6611,#805,.T.);
#5230=EDGE_CURVE('',#6612,#6611,#7590,.T.);
#5231=EDGE_CURVE('',#6609,#6612,#806,.F.);
#5232=EDGE_CURVE('',#6613,#6614,#7591,.T.);
#5233=EDGE_CURVE('',#6614,#6615,#807,.T.);
#5234=EDGE_CURVE('',#6616,#6615,#7592,.T.);
#5235=EDGE_CURVE('',#6613,#6616,#808,.F.);
#5236=EDGE_CURVE('',#6617,#6618,#7593,.T.);
#5237=EDGE_CURVE('',#6618,#6619,#809,.T.);
#5238=EDGE_CURVE('',#6620,#6619,#7594,.T.);
#5239=EDGE_CURVE('',#6617,#6620,#810,.F.);
#5240=EDGE_CURVE('',#6621,#6622,#7595,.T.);
#5241=EDGE_CURVE('',#6622,#6623,#811,.T.);
#5242=EDGE_CURVE('',#6624,#6623,#7596,.T.);
#5243=EDGE_CURVE('',#6621,#6624,#812,.F.);
#5244=EDGE_CURVE('',#6625,#6626,#7597,.T.);
#5245=EDGE_CURVE('',#6626,#6627,#813,.T.);
#5246=EDGE_CURVE('',#6628,#6627,#7598,.T.);
#5247=EDGE_CURVE('',#6625,#6628,#814,.F.);
#5248=EDGE_CURVE('',#6629,#6630,#7599,.T.);
#5249=EDGE_CURVE('',#6630,#6631,#815,.T.);
#5250=EDGE_CURVE('',#6632,#6631,#7600,.T.);
#5251=EDGE_CURVE('',#6629,#6632,#816,.F.);
#5252=EDGE_CURVE('',#6633,#6634,#7601,.T.);
#5253=EDGE_CURVE('',#6634,#6635,#817,.T.);
#5254=EDGE_CURVE('',#6636,#6635,#7602,.T.);
#5255=EDGE_CURVE('',#6633,#6636,#818,.F.);
#5256=EDGE_CURVE('',#6637,#6638,#7603,.T.);
#5257=EDGE_CURVE('',#6638,#6639,#819,.T.);
#5258=EDGE_CURVE('',#6640,#6639,#7604,.T.);
#5259=EDGE_CURVE('',#6637,#6640,#820,.F.);
#5260=EDGE_CURVE('',#6641,#6642,#7605,.T.);
#5261=EDGE_CURVE('',#6642,#6643,#821,.T.);
#5262=EDGE_CURVE('',#6644,#6643,#7606,.T.);
#5263=EDGE_CURVE('',#6641,#6644,#822,.F.);
#5264=EDGE_CURVE('',#6645,#6646,#7607,.T.);
#5265=EDGE_CURVE('',#6646,#6647,#823,.T.);
#5266=EDGE_CURVE('',#6648,#6647,#7608,.T.);
#5267=EDGE_CURVE('',#6645,#6648,#824,.F.);
#5268=EDGE_CURVE('',#6649,#6650,#7609,.T.);
#5269=EDGE_CURVE('',#6650,#6651,#825,.T.);
#5270=EDGE_CURVE('',#6652,#6651,#7610,.T.);
#5271=EDGE_CURVE('',#6649,#6652,#826,.F.);
#5272=EDGE_CURVE('',#6653,#6654,#7611,.T.);
#5273=EDGE_CURVE('',#6654,#6655,#827,.T.);
#5274=EDGE_CURVE('',#6656,#6655,#7612,.T.);
#5275=EDGE_CURVE('',#6653,#6656,#828,.F.);
#5276=EDGE_CURVE('',#6657,#6658,#7613,.T.);
#5277=EDGE_CURVE('',#6658,#6659,#829,.T.);
#5278=EDGE_CURVE('',#6660,#6659,#7614,.T.);
#5279=EDGE_CURVE('',#6657,#6660,#830,.F.);
#5280=EDGE_CURVE('',#6661,#6662,#7615,.T.);
#5281=EDGE_CURVE('',#6662,#6663,#831,.T.);
#5282=EDGE_CURVE('',#6664,#6663,#7616,.T.);
#5283=EDGE_CURVE('',#6661,#6664,#832,.F.);
#5284=EDGE_CURVE('',#6665,#6666,#833,.T.);
#5285=EDGE_CURVE('',#6667,#6665,#7617,.T.);
#5286=EDGE_CURVE('',#6667,#6668,#834,.T.);
#5287=EDGE_CURVE('',#6668,#6666,#7618,.T.);
#5288=EDGE_CURVE('',#6669,#6670,#835,.T.);
#5289=EDGE_CURVE('',#6671,#6669,#7619,.T.);
#5290=EDGE_CURVE('',#6671,#6672,#836,.T.);
#5291=EDGE_CURVE('',#6672,#6670,#7620,.T.);
#5292=EDGE_CURVE('',#6673,#6674,#837,.T.);
#5293=EDGE_CURVE('',#6675,#6673,#7621,.T.);
#5294=EDGE_CURVE('',#6675,#6676,#838,.T.);
#5295=EDGE_CURVE('',#6676,#6674,#7622,.T.);
#5296=EDGE_CURVE('',#6677,#6678,#839,.T.);
#5297=EDGE_CURVE('',#6679,#6677,#7623,.T.);
#5298=EDGE_CURVE('',#6679,#6680,#840,.T.);
#5299=EDGE_CURVE('',#6680,#6678,#7624,.T.);
#5300=EDGE_CURVE('',#6681,#6682,#841,.T.);
#5301=EDGE_CURVE('',#6683,#6681,#7625,.T.);
#5302=EDGE_CURVE('',#6683,#6684,#842,.T.);
#5303=EDGE_CURVE('',#6684,#6682,#7626,.T.);
#5304=EDGE_CURVE('',#6685,#6686,#843,.T.);
#5305=EDGE_CURVE('',#6687,#6685,#7627,.T.);
#5306=EDGE_CURVE('',#6687,#6688,#844,.T.);
#5307=EDGE_CURVE('',#6688,#6686,#7628,.T.);
#5308=EDGE_CURVE('',#6689,#6690,#845,.T.);
#5309=EDGE_CURVE('',#6691,#6689,#7629,.T.);
#5310=EDGE_CURVE('',#6691,#6692,#846,.T.);
#5311=EDGE_CURVE('',#6692,#6690,#7630,.T.);
#5312=EDGE_CURVE('',#6693,#6694,#847,.T.);
#5313=EDGE_CURVE('',#6695,#6693,#7631,.T.);
#5314=EDGE_CURVE('',#6695,#6696,#848,.T.);
#5315=EDGE_CURVE('',#6696,#6694,#7632,.T.);
#5316=EDGE_CURVE('',#6697,#6698,#849,.T.);
#5317=EDGE_CURVE('',#6699,#6697,#7633,.T.);
#5318=EDGE_CURVE('',#6699,#6700,#850,.T.);
#5319=EDGE_CURVE('',#6700,#6698,#7634,.T.);
#5320=EDGE_CURVE('',#6701,#6702,#851,.T.);
#5321=EDGE_CURVE('',#6703,#6701,#7635,.T.);
#5322=EDGE_CURVE('',#6703,#6704,#852,.T.);
#5323=EDGE_CURVE('',#6704,#6702,#7636,.T.);
#5324=EDGE_CURVE('',#6705,#6706,#7637,.T.);
#5325=EDGE_CURVE('',#6707,#6705,#7638,.T.);
#5326=EDGE_CURVE('',#6707,#6708,#7639,.T.);
#5327=EDGE_CURVE('',#6708,#6706,#7640,.T.);
#5328=EDGE_CURVE('',#6709,#6710,#853,.T.);
#5329=EDGE_CURVE('',#6711,#6709,#7641,.T.);
#5330=EDGE_CURVE('',#6711,#6712,#854,.T.);
#5331=EDGE_CURVE('',#6712,#6710,#7642,.T.);
#5332=EDGE_CURVE('',#6713,#6714,#855,.T.);
#5333=EDGE_CURVE('',#6715,#6713,#7643,.T.);
#5334=EDGE_CURVE('',#6715,#6716,#856,.T.);
#5335=EDGE_CURVE('',#6716,#6714,#7644,.T.);
#5336=EDGE_CURVE('',#6717,#6718,#857,.T.);
#5337=EDGE_CURVE('',#6719,#6717,#7645,.T.);
#5338=EDGE_CURVE('',#6719,#6720,#858,.T.);
#5339=EDGE_CURVE('',#6720,#6718,#7646,.T.);
#5340=EDGE_CURVE('',#6721,#6722,#859,.T.);
#5341=EDGE_CURVE('',#6723,#6721,#7647,.T.);
#5342=EDGE_CURVE('',#6723,#6724,#860,.T.);
#5343=EDGE_CURVE('',#6724,#6722,#7648,.T.);
#5344=EDGE_CURVE('',#6725,#6726,#861,.T.);
#5345=EDGE_CURVE('',#6727,#6725,#7649,.T.);
#5346=EDGE_CURVE('',#6727,#6728,#862,.T.);
#5347=EDGE_CURVE('',#6728,#6726,#7650,.T.);
#5348=EDGE_CURVE('',#6729,#6730,#863,.T.);
#5349=EDGE_CURVE('',#6731,#6729,#7651,.T.);
#5350=EDGE_CURVE('',#6731,#6732,#864,.T.);
#5351=EDGE_CURVE('',#6732,#6730,#7652,.T.);
#5352=EDGE_CURVE('',#6733,#6734,#865,.T.);
#5353=EDGE_CURVE('',#6735,#6733,#7653,.T.);
#5354=EDGE_CURVE('',#6735,#6736,#866,.T.);
#5355=EDGE_CURVE('',#6736,#6734,#7654,.T.);
#5356=EDGE_CURVE('',#6737,#6738,#867,.T.);
#5357=EDGE_CURVE('',#6739,#6737,#7655,.T.);
#5358=EDGE_CURVE('',#6739,#6740,#868,.T.);
#5359=EDGE_CURVE('',#6740,#6738,#7656,.T.);
#5360=EDGE_CURVE('',#6741,#6742,#869,.T.);
#5361=EDGE_CURVE('',#6743,#6741,#7657,.T.);
#5362=EDGE_CURVE('',#6743,#6744,#870,.T.);
#5363=EDGE_CURVE('',#6744,#6742,#7658,.T.);
#5364=EDGE_CURVE('',#6745,#6746,#871,.T.);
#5365=EDGE_CURVE('',#6747,#6745,#7659,.T.);
#5366=EDGE_CURVE('',#6747,#6748,#872,.T.);
#5367=EDGE_CURVE('',#6748,#6746,#7660,.T.);
#5368=EDGE_CURVE('',#6749,#6750,#873,.T.);
#5369=EDGE_CURVE('',#6751,#6749,#7661,.T.);
#5370=EDGE_CURVE('',#6751,#6752,#874,.T.);
#5371=EDGE_CURVE('',#6752,#6750,#7662,.T.);
#5372=EDGE_CURVE('',#6577,#6705,#7663,.T.);
#5373=EDGE_CURVE('',#6578,#6706,#7664,.T.);
#5374=EDGE_CURVE('',#6580,#6707,#7665,.T.);
#5375=EDGE_CURVE('',#6579,#6708,#7666,.T.);
#5376=EDGE_CURVE('',#6584,#6712,#7667,.T.);
#5377=EDGE_CURVE('',#6583,#6710,#7668,.T.);
#5378=EDGE_CURVE('',#6581,#6711,#7669,.T.);
#5379=EDGE_CURVE('',#6582,#6709,#7670,.T.);
#5380=EDGE_CURVE('',#6588,#6704,#7671,.T.);
#5381=EDGE_CURVE('',#6587,#6702,#7672,.T.);
#5382=EDGE_CURVE('',#6585,#6703,#7673,.T.);
#5383=EDGE_CURVE('',#6586,#6701,#7674,.T.);
#5384=EDGE_CURVE('',#6592,#6716,#7675,.T.);
#5385=EDGE_CURVE('',#6591,#6714,#7676,.T.);
#5386=EDGE_CURVE('',#6589,#6715,#7677,.T.);
#5387=EDGE_CURVE('',#6590,#6713,#7678,.T.);
#5388=EDGE_CURVE('',#6596,#6700,#7679,.T.);
#5389=EDGE_CURVE('',#6595,#6698,#7680,.T.);
#5390=EDGE_CURVE('',#6593,#6699,#7681,.T.);
#5391=EDGE_CURVE('',#6594,#6697,#7682,.T.);
#5392=EDGE_CURVE('',#6600,#6720,#7683,.T.);
#5393=EDGE_CURVE('',#6599,#6718,#7684,.T.);
#5394=EDGE_CURVE('',#6597,#6719,#7685,.T.);
#5395=EDGE_CURVE('',#6598,#6717,#7686,.T.);
#5396=EDGE_CURVE('',#6604,#6696,#7687,.T.);
#5397=EDGE_CURVE('',#6603,#6694,#7688,.T.);
#5398=EDGE_CURVE('',#6601,#6695,#7689,.T.);
#5399=EDGE_CURVE('',#6602,#6693,#7690,.T.);
#5400=EDGE_CURVE('',#6608,#6724,#7691,.T.);
#5401=EDGE_CURVE('',#6607,#6722,#7692,.T.);
#5402=EDGE_CURVE('',#6605,#6723,#7693,.T.);
#5403=EDGE_CURVE('',#6606,#6721,#7694,.T.);
#5404=EDGE_CURVE('',#6612,#6692,#7695,.T.);
#5405=EDGE_CURVE('',#6611,#6690,#7696,.T.);
#5406=EDGE_CURVE('',#6609,#6691,#7697,.T.);
#5407=EDGE_CURVE('',#6610,#6689,#7698,.T.);
#5408=EDGE_CURVE('',#6616,#6728,#7699,.T.);
#5409=EDGE_CURVE('',#6615,#6726,#7700,.T.);
#5410=EDGE_CURVE('',#6613,#6727,#7701,.T.);
#5411=EDGE_CURVE('',#6614,#6725,#7702,.T.);
#5412=EDGE_CURVE('',#6620,#6688,#7703,.T.);
#5413=EDGE_CURVE('',#6619,#6686,#7704,.T.);
#5414=EDGE_CURVE('',#6617,#6687,#7705,.T.);
#5415=EDGE_CURVE('',#6618,#6685,#7706,.T.);
#5416=EDGE_CURVE('',#6624,#6732,#7707,.T.);
#5417=EDGE_CURVE('',#6623,#6730,#7708,.T.);
#5418=EDGE_CURVE('',#6621,#6731,#7709,.T.);
#5419=EDGE_CURVE('',#6622,#6729,#7710,.T.);
#5420=EDGE_CURVE('',#6628,#6684,#7711,.T.);
#5421=EDGE_CURVE('',#6627,#6682,#7712,.T.);
#5422=EDGE_CURVE('',#6625,#6683,#7713,.T.);
#5423=EDGE_CURVE('',#6626,#6681,#7714,.T.);
#5424=EDGE_CURVE('',#6632,#6736,#7715,.T.);
#5425=EDGE_CURVE('',#6631,#6734,#7716,.T.);
#5426=EDGE_CURVE('',#6629,#6735,#7717,.T.);
#5427=EDGE_CURVE('',#6630,#6733,#7718,.T.);
#5428=EDGE_CURVE('',#6636,#6680,#7719,.T.);
#5429=EDGE_CURVE('',#6635,#6678,#7720,.T.);
#5430=EDGE_CURVE('',#6633,#6679,#7721,.T.);
#5431=EDGE_CURVE('',#6634,#6677,#7722,.T.);
#5432=EDGE_CURVE('',#6640,#6740,#7723,.T.);
#5433=EDGE_CURVE('',#6639,#6738,#7724,.T.);
#5434=EDGE_CURVE('',#6637,#6739,#7725,.T.);
#5435=EDGE_CURVE('',#6638,#6737,#7726,.T.);
#5436=EDGE_CURVE('',#6644,#6676,#7727,.T.);
#5437=EDGE_CURVE('',#6643,#6674,#7728,.T.);
#5438=EDGE_CURVE('',#6641,#6675,#7729,.T.);
#5439=EDGE_CURVE('',#6642,#6673,#7730,.T.);
#5440=EDGE_CURVE('',#6648,#6744,#7731,.T.);
#5441=EDGE_CURVE('',#6647,#6742,#7732,.T.);
#5442=EDGE_CURVE('',#6645,#6743,#7733,.T.);
#5443=EDGE_CURVE('',#6646,#6741,#7734,.T.);
#5444=EDGE_CURVE('',#6652,#6672,#7735,.T.);
#5445=EDGE_CURVE('',#6651,#6670,#7736,.T.);
#5446=EDGE_CURVE('',#6649,#6671,#7737,.T.);
#5447=EDGE_CURVE('',#6650,#6669,#7738,.T.);
#5448=EDGE_CURVE('',#6656,#6748,#7739,.T.);
#5449=EDGE_CURVE('',#6655,#6746,#7740,.T.);
#5450=EDGE_CURVE('',#6653,#6747,#7741,.T.);
#5451=EDGE_CURVE('',#6654,#6745,#7742,.T.);
#5452=EDGE_CURVE('',#6660,#6668,#7743,.T.);
#5453=EDGE_CURVE('',#6659,#6666,#7744,.T.);
#5454=EDGE_CURVE('',#6657,#6667,#7745,.T.);
#5455=EDGE_CURVE('',#6658,#6665,#7746,.T.);
#5456=EDGE_CURVE('',#6662,#6749,#7747,.T.);
#5457=EDGE_CURVE('',#6663,#6750,#7748,.T.);
#5458=EDGE_CURVE('',#6661,#6751,#7749,.T.);
#5459=EDGE_CURVE('',#6664,#6752,#7750,.T.);
#5460=EDGE_CURVE('',#6753,#6753,#875,.T.);
#5461=EDGE_CURVE('',#6754,#6754,#876,.T.);
#5462=EDGE_CURVE('',#6755,#6755,#877,.T.);
#5463=EDGE_CURVE('',#6756,#6756,#878,.T.);
#5464=EDGE_CURVE('',#6757,#6757,#879,.T.);
#5465=EDGE_CURVE('',#6758,#6758,#880,.T.);
#5466=EDGE_CURVE('',#6759,#6759,#881,.T.);
#5467=EDGE_CURVE('',#6760,#6761,#882,.T.);
#5468=EDGE_CURVE('',#6760,#6762,#7751,.T.);
#5469=EDGE_CURVE('',#6763,#6762,#883,.T.);
#5470=EDGE_CURVE('',#6761,#6763,#7752,.T.);
#5471=EDGE_CURVE('',#6764,#6761,#7753,.T.);
#5472=EDGE_CURVE('',#6764,#6765,#884,.T.);
#5473=EDGE_CURVE('',#6765,#6760,#7754,.T.);
#5474=EDGE_CURVE('',#6766,#6763,#7755,.T.);
#5475=EDGE_CURVE('',#6764,#6766,#7756,.T.);
#5476=EDGE_CURVE('',#6767,#6762,#7757,.T.);
#5477=EDGE_CURVE('',#6766,#6767,#885,.T.);
#5478=EDGE_CURVE('',#6765,#6767,#7758,.T.);
#5479=EDGE_CURVE('',#6768,#6769,#7759,.T.);
#5480=EDGE_CURVE('',#6770,#6769,#7760,.T.);
#5481=EDGE_CURVE('',#6771,#6770,#7761,.T.);
#5482=EDGE_CURVE('',#6771,#6768,#7762,.T.);
#5483=EDGE_CURVE('',#6769,#6772,#7763,.T.);
#5484=EDGE_CURVE('',#6773,#6772,#7764,.T.);
#5485=EDGE_CURVE('',#6770,#6773,#7765,.T.);
#5486=EDGE_CURVE('',#6772,#6774,#7766,.T.);
#5487=EDGE_CURVE('',#6775,#6774,#7767,.T.);
#5488=EDGE_CURVE('',#6773,#6775,#7768,.T.);
#5489=EDGE_CURVE('',#6776,#6776,#886,.T.);
#5490=EDGE_CURVE('',#6777,#6777,#887,.T.);
#5491=EDGE_CURVE('',#6778,#6778,#888,.T.);
#5492=EDGE_CURVE('',#6779,#6779,#889,.T.);
#5493=EDGE_CURVE('',#6780,#6780,#890,.T.);
#5494=EDGE_CURVE('',#6781,#6781,#891,.T.);
#5495=EDGE_CURVE('',#6782,#6782,#892,.T.);
#5496=EDGE_CURVE('',#6783,#6783,#893,.T.);
#5497=EDGE_CURVE('',#6774,#6768,#7769,.T.);
#5498=EDGE_CURVE('',#6775,#6771,#7770,.T.);
#5499=EDGE_CURVE('',#6784,#6785,#7771,.T.);
#5500=EDGE_CURVE('',#6786,#6784,#7772,.T.);
#5501=EDGE_CURVE('',#6786,#6787,#7773,.T.);
#5502=EDGE_CURVE('',#6787,#6785,#7774,.T.);
#5503=EDGE_CURVE('',#6788,#6789,#7775,.T.);
#5504=EDGE_CURVE('',#6789,#6790,#7776,.T.);
#5505=EDGE_CURVE('',#6791,#6790,#7777,.T.);
#5506=EDGE_CURVE('',#6788,#6791,#7778,.T.);
#5507=EDGE_CURVE('',#6792,#6785,#7779,.T.);
#5508=EDGE_CURVE('',#6792,#6793,#7780,.T.);
#5509=EDGE_CURVE('',#6793,#6784,#7781,.T.);
#5510=EDGE_CURVE('',#6794,#6787,#7782,.T.);
#5511=EDGE_CURVE('',#6794,#6792,#7783,.T.);
#5512=EDGE_CURVE('',#6795,#6786,#7784,.T.);
#5513=EDGE_CURVE('',#6795,#6794,#7785,.T.);
#5514=EDGE_CURVE('',#6793,#6795,#7786,.T.);
#5515=EDGE_CURVE('',#6796,#6797,#7787,.T.);
#5516=EDGE_CURVE('',#6797,#6798,#7788,.T.);
#5517=EDGE_CURVE('',#6798,#6799,#7789,.T.);
#5518=EDGE_CURVE('',#6799,#6796,#7790,.T.);
#5519=EDGE_CURVE('',#6800,#6789,#7791,.T.);
#5520=EDGE_CURVE('',#6800,#6801,#7792,.T.);
#5521=EDGE_CURVE('',#6801,#6790,#7793,.T.);
#5522=EDGE_CURVE('',#6802,#6788,#7794,.T.);
#5523=EDGE_CURVE('',#6802,#6800,#7795,.T.);
#5524=EDGE_CURVE('',#6803,#6791,#7796,.T.);
#5525=EDGE_CURVE('',#6802,#6803,#7797,.T.);
#5526=EDGE_CURVE('',#6803,#6801,#7798,.T.);
#5527=EDGE_CURVE('',#6796,#6792,#7799,.T.);
#5528=EDGE_CURVE('',#6793,#6799,#7800,.T.);
#5529=EDGE_CURVE('',#6795,#6798,#7801,.T.);
#5530=EDGE_CURVE('',#6797,#6794,#7802,.F.);
#5531=EDGE_CURVE('',#6804,#6805,#7803,.T.);
#5532=EDGE_CURVE('',#6804,#6806,#7804,.T.);
#5533=EDGE_CURVE('',#6806,#6807,#7805,.T.);
#5534=EDGE_CURVE('',#6805,#6807,#7806,.T.);
#5535=EDGE_CURVE('',#6808,#6809,#7807,.T.);
#5536=EDGE_CURVE('',#6808,#6810,#7808,.F.);
#5537=EDGE_CURVE('',#6811,#6810,#7809,.T.);
#5538=EDGE_CURVE('',#6811,#6812,#7810,.T.);
#5539=EDGE_CURVE('',#6812,#6813,#7811,.T.);
#5540=EDGE_CURVE('',#6813,#6809,#7812,.T.);
#5541=EDGE_CURVE('',#6814,#6815,#7813,.T.);
#5542=EDGE_CURVE('',#6816,#6814,#7814,.T.);
#5543=EDGE_CURVE('',#6816,#6817,#7815,.T.);
#5544=EDGE_CURVE('',#6817,#6815,#7816,.T.);
#5545=EDGE_CURVE('',#6818,#6819,#7817,.T.);
#5546=EDGE_CURVE('',#6820,#6819,#7818,.T.);
#5547=EDGE_CURVE('',#6821,#6820,#7819,.T.);
#5548=EDGE_CURVE('',#6821,#6818,#7820,.T.);
#5549=EDGE_CURVE('',#6822,#6822,#894,.T.);
#5550=EDGE_CURVE('',#6823,#6824,#7821,.T.);
#5551=EDGE_CURVE('',#6825,#6823,#7822,.T.);
#5552=EDGE_CURVE('',#6826,#6825,#7823,.T.);
#5553=EDGE_CURVE('',#6826,#6827,#7824,.T.);
#5554=EDGE_CURVE('',#6827,#6828,#7825,.T.);
#5555=EDGE_CURVE('',#6829,#6828,#7826,.T.);
#5556=EDGE_CURVE('',#6830,#6829,#7827,.T.);
#5557=EDGE_CURVE('',#6830,#6831,#7828,.T.);
#5558=EDGE_CURVE('',#6831,#6832,#7829,.T.);
#5559=EDGE_CURVE('',#6833,#6832,#7830,.T.);
#5560=EDGE_CURVE('',#6834,#6833,#7831,.T.);
#5561=EDGE_CURVE('',#6834,#6835,#7832,.T.);
#5562=EDGE_CURVE('',#6835,#6836,#7833,.T.);
#5563=EDGE_CURVE('',#6836,#6824,#7834,.T.);
#5564=EDGE_CURVE('',#6837,#6823,#7835,.T.);
#5565=EDGE_CURVE('',#6838,#6837,#7836,.T.);
#5566=EDGE_CURVE('',#6825,#6838,#7837,.T.);
#5567=EDGE_CURVE('',#6833,#6839,#7838,.T.);
#5568=EDGE_CURVE('',#6832,#6840,#7839,.T.);
#5569=EDGE_CURVE('',#6839,#6840,#7840,.T.);
#5570=EDGE_CURVE('',#6841,#6842,#7841,.T.);
#5571=EDGE_CURVE('',#6841,#6824,#7842,.T.);
#5572=EDGE_CURVE('',#6836,#6842,#7843,.T.);
#5573=EDGE_CURVE('',#6843,#6843,#895,.T.);
#5574=EDGE_CURVE('',#6844,#6844,#896,.F.);
#5575=EDGE_CURVE('',#6845,#6846,#7844,.T.);
#5576=EDGE_CURVE('',#6847,#6845,#7845,.T.);
#5577=EDGE_CURVE('',#6848,#6847,#7846,.T.);
#5578=EDGE_CURVE('',#6846,#6848,#7847,.T.);
#5579=EDGE_CURVE('',#6849,#6811,#7848,.T.);
#5580=EDGE_CURVE('',#6849,#6850,#7849,.T.);
#5581=EDGE_CURVE('',#6850,#6812,#7850,.T.);
#5582=EDGE_CURVE('',#6827,#6851,#7851,.T.);
#5583=EDGE_CURVE('',#6851,#6852,#7852,.T.);
#5584=EDGE_CURVE('',#6852,#6853,#7853,.T.);
#5585=EDGE_CURVE('',#6853,#6854,#7854,.T.);
#5586=EDGE_CURVE('',#6854,#6855,#7855,.T.);
#5587=EDGE_CURVE('',#6855,#6856,#7856,.T.);
#5588=EDGE_CURVE('',#6857,#6856,#7857,.T.);
#5589=EDGE_CURVE('',#6857,#6858,#7858,.T.);
#5590=EDGE_CURVE('',#6859,#6858,#7859,.T.);
#5591=EDGE_CURVE('',#6859,#6840,#7860,.T.);
#5592=EDGE_CURVE('',#6860,#6831,#7861,.T.);
#5593=EDGE_CURVE('',#6861,#6860,#7862,.T.);
#5594=EDGE_CURVE('',#6861,#6828,#7863,.T.);
#5595=EDGE_CURVE('',#6862,#6863,#7864,.T.);
#5596=EDGE_CURVE('',#6864,#6863,#7865,.T.);
#5597=EDGE_CURVE('',#6865,#6864,#7866,.T.);
#5598=EDGE_CURVE('',#6865,#6866,#7867,.T.);
#5599=EDGE_CURVE('',#6867,#6866,#7868,.T.);
#5600=EDGE_CURVE('',#6868,#6867,#7869,.T.);
#5601=EDGE_CURVE('',#6868,#6869,#7870,.T.);
#5602=EDGE_CURVE('',#6870,#6869,#7871,.T.);
#5603=EDGE_CURVE('',#6870,#6871,#7872,.T.);
#5604=EDGE_CURVE('',#6872,#6871,#7873,.T.);
#5605=EDGE_CURVE('',#6873,#6872,#7874,.T.);
#5606=EDGE_CURVE('',#6873,#6874,#7875,.T.);
#5607=EDGE_CURVE('',#6875,#6874,#7876,.T.);
#5608=EDGE_CURVE('',#6876,#6875,#7877,.T.);
#5609=EDGE_CURVE('',#6877,#6876,#7878,.T.);
#5610=EDGE_CURVE('',#6877,#6845,#7879,.T.);
#5611=EDGE_CURVE('',#6878,#6846,#7880,.T.);
#5612=EDGE_CURVE('',#6878,#6879,#7881,.T.);
#5613=EDGE_CURVE('',#6862,#6879,#7882,.T.);
#5614=EDGE_CURVE('',#6880,#6867,#7883,.T.);
#5615=EDGE_CURVE('',#6880,#6881,#7884,.T.);
#5616=EDGE_CURVE('',#6881,#6878,#7885,.T.);
#5617=EDGE_CURVE('',#6882,#6848,#7886,.T.);
#5618=EDGE_CURVE('',#6876,#6882,#7887,.T.);
#5619=EDGE_CURVE('',#6883,#6875,#7888,.T.);
#5620=EDGE_CURVE('',#6883,#6884,#7889,.T.);
#5621=EDGE_CURVE('',#6884,#6868,#7890,.T.);
#5622=EDGE_CURVE('',#6885,#6885,#897,.T.);
#5623=EDGE_CURVE('',#6886,#6887,#7891,.T.);
#5624=EDGE_CURVE('',#6888,#6887,#7892,.T.);
#5625=EDGE_CURVE('',#6889,#6888,#7893,.T.);
#5626=EDGE_CURVE('',#6889,#6886,#7894,.T.);
#5627=EDGE_CURVE('',#6839,#6890,#7895,.T.);
#5628=EDGE_CURVE('',#6891,#6859,#7896,.T.);
#5629=EDGE_CURVE('',#6891,#6892,#7897,.T.);
#5630=EDGE_CURVE('',#6856,#6892,#7898,.T.);
#5631=EDGE_CURVE('',#6855,#6893,#7899,.T.);
#5632=EDGE_CURVE('',#6893,#6894,#7900,.T.);
#5633=EDGE_CURVE('',#6894,#6852,#7901,.T.);
#5634=EDGE_CURVE('',#6895,#6851,#7902,.T.);
#5635=EDGE_CURVE('',#6896,#6895,#7903,.T.);
#5636=EDGE_CURVE('',#6897,#6896,#7904,.T.);
#5637=EDGE_CURVE('',#6897,#6898,#7905,.T.);
#5638=EDGE_CURVE('',#6899,#6898,#7906,.T.);
#5639=EDGE_CURVE('',#6899,#6838,#7907,.T.);
#5640=EDGE_CURVE('',#6837,#6841,#7908,.T.);
#5641=EDGE_CURVE('',#6842,#6900,#7909,.T.);
#5642=EDGE_CURVE('',#6900,#6890,#7910,.T.);
#5643=EDGE_CURVE('',#6810,#6901,#7911,.T.);
#5644=EDGE_CURVE('',#6849,#6901,#7912,.T.);
#5645=EDGE_CURVE('',#6850,#6902,#7913,.T.);
#5646=EDGE_CURVE('',#6902,#6813,#7914,.T.);
#5647=EDGE_CURVE('',#6903,#6903,#898,.T.);
#5648=EDGE_CURVE('',#6901,#6902,#7915,.T.);
#5649=EDGE_CURVE('',#6904,#6877,#7916,.T.);
#5650=EDGE_CURVE('',#6882,#6904,#7917,.T.);
#5651=EDGE_CURVE('',#6905,#6906,#7918,.T.);
#5652=EDGE_CURVE('',#6906,#6808,#7919,.T.);
#5653=EDGE_CURVE('',#6809,#6905,#7920,.T.);
#5654=EDGE_CURVE('',#6905,#6902,#7921,.F.);
#5655=EDGE_CURVE('',#6906,#6901,#7922,.T.);
#5656=EDGE_CURVE('',#6907,#6907,#899,.T.);
#5657=EDGE_CURVE('',#6904,#6847,#7923,.T.);
#5658=EDGE_CURVE('',#6908,#6893,#7924,.T.);
#5659=EDGE_CURVE('',#6909,#6908,#7925,.T.);
#5660=EDGE_CURVE('',#6894,#6909,#7926,.T.);
#5661=EDGE_CURVE('',#6908,#6854,#7927,.T.);
#5662=EDGE_CURVE('',#6909,#6853,#7928,.T.);
#5663=EDGE_CURVE('',#6891,#6910,#7929,.T.);
#5664=EDGE_CURVE('',#6911,#6910,#7930,.T.);
#5665=EDGE_CURVE('',#6911,#6892,#7931,.T.);
#5666=EDGE_CURVE('',#6910,#6858,#7932,.T.);
#5667=EDGE_CURVE('',#6911,#6857,#7933,.T.);
#5668=EDGE_CURVE('',#6912,#6830,#7934,.T.);
#5669=EDGE_CURVE('',#6912,#6860,#7935,.T.);
#5670=EDGE_CURVE('',#6913,#6861,#7936,.T.);
#5671=EDGE_CURVE('',#6913,#6829,#7937,.T.);
#5672=EDGE_CURVE('',#6913,#6912,#7938,.T.);
#5673=EDGE_CURVE('',#6826,#6899,#7939,.T.);
#5674=EDGE_CURVE('',#6805,#6898,#7940,.T.);
#5675=EDGE_CURVE('',#6807,#6895,#7941,.T.);
#5676=EDGE_CURVE('',#6804,#6897,#7942,.T.);
#5677=EDGE_CURVE('',#6806,#6896,#7943,.T.);
#5678=EDGE_CURVE('',#6834,#6890,#7944,.T.);
#5679=EDGE_CURVE('',#6835,#6900,#7945,.T.);
#5680=EDGE_CURVE('',#6914,#6915,#7946,.T.);
#5681=EDGE_CURVE('',#6915,#6916,#7947,.T.);
#5682=EDGE_CURVE('',#6917,#6916,#7948,.T.);
#5683=EDGE_CURVE('',#6914,#6917,#7949,.T.);
#5684=EDGE_CURVE('',#6916,#6918,#7950,.T.);
#5685=EDGE_CURVE('',#6919,#6918,#7951,.T.);
#5686=EDGE_CURVE('',#6917,#6919,#7952,.T.);
#5687=EDGE_CURVE('',#6920,#6918,#7953,.T.);
#5688=EDGE_CURVE('',#6921,#6920,#7954,.T.);
#5689=EDGE_CURVE('',#6921,#6919,#7955,.T.);
#5690=EDGE_CURVE('',#6922,#6886,#7956,.T.);
#5691=EDGE_CURVE('',#6922,#6923,#7957,.T.);
#5692=EDGE_CURVE('',#6923,#6887,#7958,.T.);
#5693=EDGE_CURVE('',#6924,#6889,#7959,.T.);
#5694=EDGE_CURVE('',#6924,#6922,#7960,.T.);
#5695=EDGE_CURVE('',#6925,#6925,#900,.T.);
#5696=EDGE_CURVE('',#6926,#6888,#7961,.T.);
#5697=EDGE_CURVE('',#6924,#6926,#7962,.T.);
#5698=EDGE_CURVE('',#6926,#6923,#7963,.T.);
#5699=EDGE_CURVE('',#6927,#6927,#901,.T.);
#5700=EDGE_CURVE('',#6915,#6920,#7964,.T.);
#5701=EDGE_CURVE('',#6914,#6921,#7965,.T.);
#5702=EDGE_CURVE('',#6872,#6817,#7966,.T.);
#5703=EDGE_CURVE('',#6871,#6815,#7967,.T.);
#5704=EDGE_CURVE('',#6928,#6884,#7968,.T.);
#5705=EDGE_CURVE('',#6928,#6869,#7969,.T.);
#5706=EDGE_CURVE('',#6929,#6874,#7970,.T.);
#5707=EDGE_CURVE('',#6929,#6883,#7971,.T.);
#5708=EDGE_CURVE('',#6928,#6929,#7972,.T.);
#5709=EDGE_CURVE('',#6870,#6814,#7973,.T.);
#5710=EDGE_CURVE('',#6873,#6816,#7974,.T.);
#5711=EDGE_CURVE('',#6930,#6881,#7975,.T.);
#5712=EDGE_CURVE('',#6930,#6879,#7976,.T.);
#5713=EDGE_CURVE('',#6931,#6866,#7977,.T.);
#5714=EDGE_CURVE('',#6931,#6880,#7978,.T.);
#5715=EDGE_CURVE('',#6930,#6931,#7979,.T.);
#5716=EDGE_CURVE('',#6862,#6820,#7980,.T.);
#5717=EDGE_CURVE('',#6865,#6821,#7981,.T.);
#5718=EDGE_CURVE('',#6864,#6818,#7982,.T.);
#5719=EDGE_CURVE('',#6863,#6819,#7983,.T.);
#5720=EDGE_CURVE('',#6932,#6932,#902,.F.);
#5721=EDGE_CURVE('',#6933,#6933,#903,.T.);
#5722=EDGE_CURVE('',#6934,#6934,#904,.T.);
#5723=EDGE_CURVE('',#6935,#6935,#905,.T.);
#5724=EDGE_CURVE('',#6936,#6936,#906,.T.);
#5725=EDGE_CURVE('',#6937,#6937,#907,.T.);
#5726=EDGE_CURVE('',#6938,#6938,#908,.F.);
#5727=EDGE_CURVE('',#6939,#6939,#909,.T.);
#5728=EDGE_CURVE('',#6940,#6940,#910,.T.);
#5729=EDGE_CURVE('',#6941,#6941,#911,.T.);
#5730=EDGE_CURVE('',#6942,#6942,#912,.T.);
#5731=EDGE_CURVE('',#6943,#6944,#7984,.T.);
#5732=EDGE_CURVE('',#6943,#6945,#7985,.T.);
#5733=EDGE_CURVE('',#6945,#6946,#7986,.T.);
#5734=EDGE_CURVE('',#6944,#6946,#7987,.T.);
#5735=EDGE_CURVE('',#6947,#6948,#7988,.T.);
#5736=EDGE_CURVE('',#6947,#6949,#7989,.T.);
#5737=EDGE_CURVE('',#6950,#6949,#7990,.T.);
#5738=EDGE_CURVE('',#6950,#6948,#7991,.F.);
#5739=EDGE_CURVE('',#6951,#6952,#7992,.T.);
#5740=EDGE_CURVE('',#6951,#6953,#913,.T.);
#5741=EDGE_CURVE('',#6954,#6953,#7993,.T.);
#5742=EDGE_CURVE('',#6954,#6955,#914,.T.);
#5743=EDGE_CURVE('',#6955,#6956,#7994,.T.);
#5744=EDGE_CURVE('',#6956,#6957,#915,.T.);
#5745=EDGE_CURVE('',#6957,#6958,#7995,.T.);
#5746=EDGE_CURVE('',#6958,#6952,#916,.T.);
#5747=EDGE_CURVE('',#6959,#6960,#7996,.T.);
#5748=EDGE_CURVE('',#6961,#6959,#7997,.T.);
#5749=EDGE_CURVE('',#6961,#6962,#7998,.T.);
#5750=EDGE_CURVE('',#6960,#6962,#7999,.T.);
#5751=EDGE_CURVE('',#6963,#6964,#8000,.T.);
#5752=EDGE_CURVE('',#6963,#6965,#8001,.T.);
#5753=EDGE_CURVE('',#6965,#6966,#8002,.T.);
#5754=EDGE_CURVE('',#6966,#6964,#8003,.T.);
#5755=EDGE_CURVE('',#6967,#6968,#8004,.T.);
#5756=EDGE_CURVE('',#6968,#6969,#8005,.T.);
#5757=EDGE_CURVE('',#6970,#6969,#8006,.T.);
#5758=EDGE_CURVE('',#6967,#6970,#8007,.T.);
#5759=EDGE_CURVE('',#6971,#6972,#8008,.T.);
#5760=EDGE_CURVE('',#6971,#6973,#8009,.T.);
#5761=EDGE_CURVE('',#6973,#6974,#8010,.T.);
#5762=EDGE_CURVE('',#6972,#6974,#8011,.T.);
#5763=EDGE_CURVE('',#6960,#6943,#917,.T.);
#5764=EDGE_CURVE('',#6962,#6945,#918,.T.);
#5765=EDGE_CURVE('',#6944,#6973,#919,.T.);
#5766=EDGE_CURVE('',#6946,#6974,#920,.T.);
#5767=EDGE_CURVE('',#6963,#6975,#921,.T.);
#5768=EDGE_CURVE('',#6964,#6976,#922,.F.);
#5769=EDGE_CURVE('',#6977,#6976,#8012,.F.);
#5770=EDGE_CURVE('',#6978,#6977,#923,.F.);
#5771=EDGE_CURVE('',#6978,#6979,#8013,.T.);
#5772=EDGE_CURVE('',#6979,#6980,#924,.T.);
#5773=EDGE_CURVE('',#6980,#6975,#8014,.F.);
#5774=EDGE_CURVE('',#6981,#6947,#925,.T.);
#5775=EDGE_CURVE('',#6981,#6982,#8015,.T.);
#5776=EDGE_CURVE('',#6982,#6949,#926,.T.);
#5777=EDGE_CURVE('',#6966,#6983,#8016,.T.);
#5778=EDGE_CURVE('',#6984,#6983,#8017,.T.);
#5779=EDGE_CURVE('',#6984,#6985,#8018,.T.);
#5780=EDGE_CURVE('',#6986,#6985,#8019,.T.);
#5781=EDGE_CURVE('',#6976,#6986,#8020,.T.);
#5782=EDGE_CURVE('',#6987,#6988,#8021,.T.);
#5783=EDGE_CURVE('',#6989,#6988,#8022,.T.);
#5784=EDGE_CURVE('',#6989,#6990,#8023,.T.);
#5785=EDGE_CURVE('',#6991,#6990,#8024,.T.);
#5786=EDGE_CURVE('',#6991,#6978,#8025,.T.);
#5787=EDGE_CURVE('',#6977,#6987,#8026,.T.);
#5788=EDGE_CURVE('',#6992,#6992,#927,.T.);
#5789=EDGE_CURVE('',#6993,#6993,#928,.T.);
#5790=EDGE_CURVE('',#6994,#6994,#929,.T.);
#5791=EDGE_CURVE('',#6995,#6995,#930,.T.);
#5792=EDGE_CURVE('',#6961,#6972,#8027,.T.);
#5793=EDGE_CURVE('',#6950,#6996,#8028,.T.);
#5794=EDGE_CURVE('',#6997,#6982,#8029,.T.);
#5795=EDGE_CURVE('',#6997,#6998,#8030,.T.);
#5796=EDGE_CURVE('',#6998,#6999,#931,.T.);
#5797=EDGE_CURVE('',#6999,#7000,#8031,.T.);
#5798=EDGE_CURVE('',#7000,#7001,#932,.T.);
#5799=EDGE_CURVE('',#7001,#7002,#8032,.T.);
#5800=EDGE_CURVE('',#7002,#7003,#933,.T.);
#5801=EDGE_CURVE('',#7004,#7003,#8033,.T.);
#5802=EDGE_CURVE('',#7004,#7005,#934,.T.);
#5803=EDGE_CURVE('',#7006,#7005,#8034,.T.);
#5804=EDGE_CURVE('',#6980,#7006,#8035,.T.);
#5805=EDGE_CURVE('',#6996,#6979,#8036,.T.);
#5806=EDGE_CURVE('',#6985,#6988,#8037,.T.);
#5807=EDGE_CURVE('',#6986,#6987,#8038,.T.);
#5808=EDGE_CURVE('',#7007,#7003,#8039,.T.);
#5809=EDGE_CURVE('',#7008,#7007,#8040,.T.);
#5810=EDGE_CURVE('',#7008,#7004,#8041,.T.);
#5811=EDGE_CURVE('',#7009,#7010,#8042,.T.);
#5812=EDGE_CURVE('',#7009,#7011,#8043,.T.);
#5813=EDGE_CURVE('',#7011,#7012,#8044,.T.);
#5814=EDGE_CURVE('',#7010,#7012,#8045,.T.);
#5815=EDGE_CURVE('',#7013,#7014,#935,.T.);
#5816=EDGE_CURVE('',#7013,#7015,#8046,.T.);
#5817=EDGE_CURVE('',#7016,#7015,#936,.T.);
#5818=EDGE_CURVE('',#7017,#7016,#8047,.T.);
#5819=EDGE_CURVE('',#7018,#7017,#937,.T.);
#5820=EDGE_CURVE('',#7019,#7018,#8048,.T.);
#5821=EDGE_CURVE('',#7020,#7019,#938,.T.);
#5822=EDGE_CURVE('',#7020,#7014,#8049,.T.);
#5823=EDGE_CURVE('',#7021,#6999,#8050,.T.);
#5824=EDGE_CURVE('',#7021,#7022,#8051,.T.);
#5825=EDGE_CURVE('',#7022,#7000,#8052,.T.);
#5826=EDGE_CURVE('',#7023,#6998,#8053,.T.);
#5827=EDGE_CURVE('',#7023,#7021,#939,.T.);
#5828=EDGE_CURVE('',#7008,#7024,#940,.T.);
#5829=EDGE_CURVE('',#7024,#7005,#8054,.T.);
#5830=EDGE_CURVE('',#7025,#7002,#8055,.T.);
#5831=EDGE_CURVE('',#7025,#7007,#941,.T.);
#5832=EDGE_CURVE('',#7026,#7001,#8056,.T.);
#5833=EDGE_CURVE('',#7026,#7025,#8057,.T.);
#5834=EDGE_CURVE('',#7022,#7026,#942,.T.);
#5835=EDGE_CURVE('',#7027,#7028,#943,.T.);
#5836=EDGE_CURVE('',#7027,#7029,#8058,.T.);
#5837=EDGE_CURVE('',#7029,#7024,#8059,.T.);
#5838=EDGE_CURVE('',#7030,#7023,#8060,.T.);
#5839=EDGE_CURVE('',#7030,#7031,#8061,.T.);
#5840=EDGE_CURVE('',#7032,#7031,#944,.T.);
#5841=EDGE_CURVE('',#7032,#7028,#8062,.T.);
#5842=EDGE_CURVE('',#6952,#7015,#8063,.T.);
#5843=EDGE_CURVE('',#6951,#7013,#8064,.T.);
#5844=EDGE_CURVE('',#6953,#7014,#8065,.T.);
#5845=EDGE_CURVE('',#6954,#7020,#8066,.T.);
#5846=EDGE_CURVE('',#6955,#7019,#8067,.T.);
#5847=EDGE_CURVE('',#6956,#7018,#8068,.T.);
#5848=EDGE_CURVE('',#6957,#7017,#8069,.T.);
#5849=EDGE_CURVE('',#6958,#7016,#8070,.T.);
#5850=EDGE_CURVE('',#7012,#6969,#8071,.T.);
#5851=EDGE_CURVE('',#7010,#6968,#8072,.T.);
#5852=EDGE_CURVE('',#7009,#6967,#8073,.T.);
#5853=EDGE_CURVE('',#7011,#6970,#8074,.T.);
#5854=EDGE_CURVE('',#7030,#6997,#8075,.T.);
#5855=EDGE_CURVE('',#7031,#6981,#8076,.T.);
#5856=EDGE_CURVE('',#7029,#7006,#8077,.T.);
#5857=EDGE_CURVE('',#6975,#7027,#8078,.F.);
#5858=EDGE_CURVE('',#6991,#6996,#8079,.T.);
#5859=EDGE_CURVE('',#6959,#6971,#8080,.T.);
#5860=EDGE_CURVE('',#6948,#6965,#8081,.T.);
#5861=EDGE_CURVE('',#6990,#6983,#8082,.T.);
#5862=EDGE_CURVE('',#6989,#6984,#8083,.T.);
#5863=EDGE_CURVE('',#7033,#7033,#945,.T.);
#5864=EDGE_CURVE('',#7034,#7034,#946,.T.);
#5865=EDGE_CURVE('',#7035,#7035,#947,.T.);
#5866=EDGE_CURVE('',#7036,#7036,#948,.T.);
#5867=EDGE_CURVE('',#7037,#6981,#949,.T.);
#5868=EDGE_CURVE('',#7037,#7032,#8084,.T.);
#5869=EDGE_CURVE('',#6975,#7038,#950,.T.);
#5870=EDGE_CURVE('',#7038,#7028,#8085,.T.);
#5871=EDGE_CURVE('',#7037,#7038,#8086,.T.);
#5872=EDGE_CURVE('',#7039,#7040,#8087,.T.);
#5873=EDGE_CURVE('',#7039,#7041,#8088,.T.);
#5874=EDGE_CURVE('',#7041,#7042,#8089,.T.);
#5875=EDGE_CURVE('',#7042,#7040,#8090,.T.);
#5876=EDGE_CURVE('',#7043,#7044,#8091,.T.);
#5877=EDGE_CURVE('',#7043,#7039,#8092,.T.);
#5878=EDGE_CURVE('',#7040,#7044,#8093,.T.);
#5879=EDGE_CURVE('',#7045,#7046,#8094,.T.);
#5880=EDGE_CURVE('',#7045,#7043,#8095,.T.);
#5881=EDGE_CURVE('',#7044,#7046,#8096,.T.);
#5882=EDGE_CURVE('',#7047,#7048,#8097,.T.);
#5883=EDGE_CURVE('',#7049,#7048,#8098,.T.);
#5884=EDGE_CURVE('',#7050,#7049,#8099,.T.);
#5885=EDGE_CURVE('',#7050,#7047,#8100,.T.);
#5886=EDGE_CURVE('',#7048,#7051,#8101,.T.);
#5887=EDGE_CURVE('',#7052,#7051,#8102,.T.);
#5888=EDGE_CURVE('',#7049,#7052,#8103,.T.);
#5889=EDGE_CURVE('',#7053,#7051,#8104,.T.);
#5890=EDGE_CURVE('',#7054,#7053,#8105,.T.);
#5891=EDGE_CURVE('',#7054,#7052,#8106,.T.);
#5892=EDGE_CURVE('',#7047,#7053,#8107,.T.);
#5893=EDGE_CURVE('',#7050,#7054,#8108,.T.);
#5894=EDGE_CURVE('',#7041,#7045,#8109,.T.);
#5895=EDGE_CURVE('',#7046,#7042,#8110,.T.);
#5896=EDGE_CURVE('',#7055,#7056,#8111,.T.);
#5897=EDGE_CURVE('',#7056,#7057,#8112,.T.);
#5898=EDGE_CURVE('',#7057,#7058,#8113,.T.);
#5899=EDGE_CURVE('',#7058,#7055,#8114,.T.);
#5900=EDGE_CURVE('',#7043,#7058,#8115,.T.);
#5901=EDGE_CURVE('',#7055,#7045,#8116,.F.);
#5902=EDGE_CURVE('',#7056,#7041,#8117,.F.);
#5903=EDGE_CURVE('',#7039,#7057,#8118,.F.);
#5904=VERTEX_POINT('',#17552);
#5905=VERTEX_POINT('',#17553);
#5906=VERTEX_POINT('',#17555);
#5907=VERTEX_POINT('',#17557);
#5908=VERTEX_POINT('',#17559);
#5909=VERTEX_POINT('',#17561);
#5910=VERTEX_POINT('',#17563);
#5911=VERTEX_POINT('',#17565);
#5912=VERTEX_POINT('',#17569);
#5913=VERTEX_POINT('',#17570);
#5914=VERTEX_POINT('',#17572);
#5915=VERTEX_POINT('',#17574);
#5916=VERTEX_POINT('',#17577);
#5917=VERTEX_POINT('',#17579);
#5918=VERTEX_POINT('',#17580);
#5919=VERTEX_POINT('',#17582);
#5920=VERTEX_POINT('',#17584);
#5921=VERTEX_POINT('',#17588);
#5922=VERTEX_POINT('',#17589);
#5923=VERTEX_POINT('',#17591);
#5924=VERTEX_POINT('',#17593);
#5925=VERTEX_POINT('',#17595);
#5926=VERTEX_POINT('',#17597);
#5927=VERTEX_POINT('',#17599);
#5928=VERTEX_POINT('',#17601);
#5929=VERTEX_POINT('',#17604);
#5930=VERTEX_POINT('',#17605);
#5931=VERTEX_POINT('',#17607);
#5932=VERTEX_POINT('',#17609);
#5933=VERTEX_POINT('',#17613);
#5934=VERTEX_POINT('',#17615);
#5935=VERTEX_POINT('',#17619);
#5936=VERTEX_POINT('',#17620);
#5937=VERTEX_POINT('',#17625);
#5938=VERTEX_POINT('',#17627);
#5939=VERTEX_POINT('',#17634);
#5940=VERTEX_POINT('',#17635);
#5941=VERTEX_POINT('',#17643);
#5942=VERTEX_POINT('',#17645);
#5943=VERTEX_POINT('',#17649);
#5944=VERTEX_POINT('',#17653);
#5945=VERTEX_POINT('',#17657);
#5946=VERTEX_POINT('',#17661);
#5947=VERTEX_POINT('',#17665);
#5948=VERTEX_POINT('',#17669);
#5949=VERTEX_POINT('',#17675);
#5950=VERTEX_POINT('',#17676);
#5951=VERTEX_POINT('',#17678);
#5952=VERTEX_POINT('',#17680);
#5953=VERTEX_POINT('',#17683);
#5954=VERTEX_POINT('',#17685);
#5955=VERTEX_POINT('',#17687);
#5956=VERTEX_POINT('',#17691);
#5957=VERTEX_POINT('',#17693);
#5958=VERTEX_POINT('',#17696);
#5959=VERTEX_POINT('',#17697);
#5960=VERTEX_POINT('',#17699);
#5961=VERTEX_POINT('',#17701);
#5962=VERTEX_POINT('',#17703);
#5963=VERTEX_POINT('',#17705);
#5964=VERTEX_POINT('',#17707);
#5965=VERTEX_POINT('',#17709);
#5966=VERTEX_POINT('',#17713);
#5967=VERTEX_POINT('',#17717);
#5968=VERTEX_POINT('',#17723);
#5969=VERTEX_POINT('',#17727);
#5970=VERTEX_POINT('',#17733);
#5971=VERTEX_POINT('',#17735);
#5972=VERTEX_POINT('',#17737);
#5973=VERTEX_POINT('',#17739);
#5974=VERTEX_POINT('',#17767);
#5975=VERTEX_POINT('',#17771);
#5976=VERTEX_POINT('',#17775);
#5977=VERTEX_POINT('',#17779);
#5978=VERTEX_POINT('',#17785);
#5979=VERTEX_POINT('',#17787);
#5980=VERTEX_POINT('',#17790);
#5981=VERTEX_POINT('',#17792);
#5982=VERTEX_POINT('',#17795);
#5983=VERTEX_POINT('',#17801);
#5984=VERTEX_POINT('',#17802);
#5985=VERTEX_POINT('',#17804);
#5986=VERTEX_POINT('',#17806);
#5987=VERTEX_POINT('',#17809);
#5988=VERTEX_POINT('',#17810);
#5989=VERTEX_POINT('',#17812);
#5990=VERTEX_POINT('',#17814);
#5991=VERTEX_POINT('',#17817);
#5992=VERTEX_POINT('',#17818);
#5993=VERTEX_POINT('',#17820);
#5994=VERTEX_POINT('',#17822);
#5995=VERTEX_POINT('',#17825);
#5996=VERTEX_POINT('',#17826);
#5997=VERTEX_POINT('',#17828);
#5998=VERTEX_POINT('',#17830);
#5999=VERTEX_POINT('',#17833);
#6000=VERTEX_POINT('',#17834);
#6001=VERTEX_POINT('',#17836);
#6002=VERTEX_POINT('',#17838);
#6003=VERTEX_POINT('',#17841);
#6004=VERTEX_POINT('',#17842);
#6005=VERTEX_POINT('',#17844);
#6006=VERTEX_POINT('',#17846);
#6007=VERTEX_POINT('',#17849);
#6008=VERTEX_POINT('',#17850);
#6009=VERTEX_POINT('',#17852);
#6010=VERTEX_POINT('',#17854);
#6011=VERTEX_POINT('',#17857);
#6012=VERTEX_POINT('',#17858);
#6013=VERTEX_POINT('',#17860);
#6014=VERTEX_POINT('',#17862);
#6015=VERTEX_POINT('',#17865);
#6016=VERTEX_POINT('',#17866);
#6017=VERTEX_POINT('',#17868);
#6018=VERTEX_POINT('',#17870);
#6019=VERTEX_POINT('',#17873);
#6020=VERTEX_POINT('',#17874);
#6021=VERTEX_POINT('',#17876);
#6022=VERTEX_POINT('',#17878);
#6023=VERTEX_POINT('',#17881);
#6024=VERTEX_POINT('',#17882);
#6025=VERTEX_POINT('',#17884);
#6026=VERTEX_POINT('',#17886);
#6027=VERTEX_POINT('',#17889);
#6028=VERTEX_POINT('',#17890);
#6029=VERTEX_POINT('',#17892);
#6030=VERTEX_POINT('',#17894);
#6031=VERTEX_POINT('',#17897);
#6032=VERTEX_POINT('',#17898);
#6033=VERTEX_POINT('',#17900);
#6034=VERTEX_POINT('',#17902);
#6035=VERTEX_POINT('',#17905);
#6036=VERTEX_POINT('',#17906);
#6037=VERTEX_POINT('',#17908);
#6038=VERTEX_POINT('',#17910);
#6039=VERTEX_POINT('',#17913);
#6040=VERTEX_POINT('',#17914);
#6041=VERTEX_POINT('',#17916);
#6042=VERTEX_POINT('',#17918);
#6043=VERTEX_POINT('',#17921);
#6044=VERTEX_POINT('',#17922);
#6045=VERTEX_POINT('',#17924);
#6046=VERTEX_POINT('',#17926);
#6047=VERTEX_POINT('',#17929);
#6048=VERTEX_POINT('',#17930);
#6049=VERTEX_POINT('',#17932);
#6050=VERTEX_POINT('',#17934);
#6051=VERTEX_POINT('',#17937);
#6052=VERTEX_POINT('',#17938);
#6053=VERTEX_POINT('',#17940);
#6054=VERTEX_POINT('',#17942);
#6055=VERTEX_POINT('',#17945);
#6056=VERTEX_POINT('',#17946);
#6057=VERTEX_POINT('',#17948);
#6058=VERTEX_POINT('',#17950);
#6059=VERTEX_POINT('',#17953);
#6060=VERTEX_POINT('',#17954);
#6061=VERTEX_POINT('',#17956);
#6062=VERTEX_POINT('',#17958);
#6063=VERTEX_POINT('',#17961);
#6064=VERTEX_POINT('',#17962);
#6065=VERTEX_POINT('',#17964);
#6066=VERTEX_POINT('',#17966);
#6067=VERTEX_POINT('',#17969);
#6068=VERTEX_POINT('',#17970);
#6069=VERTEX_POINT('',#17972);
#6070=VERTEX_POINT('',#17974);
#6071=VERTEX_POINT('',#17978);
#6072=VERTEX_POINT('',#17979);
#6073=VERTEX_POINT('',#17981);
#6074=VERTEX_POINT('',#17983);
#6075=VERTEX_POINT('',#17986);
#6076=VERTEX_POINT('',#17987);
#6077=VERTEX_POINT('',#17989);
#6078=VERTEX_POINT('',#17991);
#6079=VERTEX_POINT('',#17994);
#6080=VERTEX_POINT('',#17995);
#6081=VERTEX_POINT('',#17997);
#6082=VERTEX_POINT('',#17999);
#6083=VERTEX_POINT('',#18002);
#6084=VERTEX_POINT('',#18003);
#6085=VERTEX_POINT('',#18005);
#6086=VERTEX_POINT('',#18007);
#6087=VERTEX_POINT('',#18010);
#6088=VERTEX_POINT('',#18011);
#6089=VERTEX_POINT('',#18013);
#6090=VERTEX_POINT('',#18015);
#6091=VERTEX_POINT('',#18018);
#6092=VERTEX_POINT('',#18019);
#6093=VERTEX_POINT('',#18021);
#6094=VERTEX_POINT('',#18023);
#6095=VERTEX_POINT('',#18026);
#6096=VERTEX_POINT('',#18027);
#6097=VERTEX_POINT('',#18029);
#6098=VERTEX_POINT('',#18031);
#6099=VERTEX_POINT('',#18034);
#6100=VERTEX_POINT('',#18035);
#6101=VERTEX_POINT('',#18037);
#6102=VERTEX_POINT('',#18039);
#6103=VERTEX_POINT('',#18042);
#6104=VERTEX_POINT('',#18043);
#6105=VERTEX_POINT('',#18045);
#6106=VERTEX_POINT('',#18047);
#6107=VERTEX_POINT('',#18050);
#6108=VERTEX_POINT('',#18051);
#6109=VERTEX_POINT('',#18053);
#6110=VERTEX_POINT('',#18055);
#6111=VERTEX_POINT('',#18058);
#6112=VERTEX_POINT('',#18059);
#6113=VERTEX_POINT('',#18061);
#6114=VERTEX_POINT('',#18063);
#6115=VERTEX_POINT('',#18066);
#6116=VERTEX_POINT('',#18067);
#6117=VERTEX_POINT('',#18069);
#6118=VERTEX_POINT('',#18071);
#6119=VERTEX_POINT('',#18074);
#6120=VERTEX_POINT('',#18075);
#6121=VERTEX_POINT('',#18077);
#6122=VERTEX_POINT('',#18079);
#6123=VERTEX_POINT('',#18082);
#6124=VERTEX_POINT('',#18083);
#6125=VERTEX_POINT('',#18085);
#6126=VERTEX_POINT('',#18087);
#6127=VERTEX_POINT('',#18090);
#6128=VERTEX_POINT('',#18091);
#6129=VERTEX_POINT('',#18093);
#6130=VERTEX_POINT('',#18095);
#6131=VERTEX_POINT('',#18098);
#6132=VERTEX_POINT('',#18099);
#6133=VERTEX_POINT('',#18101);
#6134=VERTEX_POINT('',#18103);
#6135=VERTEX_POINT('',#18106);
#6136=VERTEX_POINT('',#18107);
#6137=VERTEX_POINT('',#18109);
#6138=VERTEX_POINT('',#18111);
#6139=VERTEX_POINT('',#18114);
#6140=VERTEX_POINT('',#18115);
#6141=VERTEX_POINT('',#18117);
#6142=VERTEX_POINT('',#18119);
#6143=VERTEX_POINT('',#18122);
#6144=VERTEX_POINT('',#18123);
#6145=VERTEX_POINT('',#18125);
#6146=VERTEX_POINT('',#18127);
#6147=VERTEX_POINT('',#18130);
#6148=VERTEX_POINT('',#18131);
#6149=VERTEX_POINT('',#18133);
#6150=VERTEX_POINT('',#18135);
#6151=VERTEX_POINT('',#18138);
#6152=VERTEX_POINT('',#18139);
#6153=VERTEX_POINT('',#18141);
#6154=VERTEX_POINT('',#18143);
#6155=VERTEX_POINT('',#18146);
#6156=VERTEX_POINT('',#18147);
#6157=VERTEX_POINT('',#18149);
#6158=VERTEX_POINT('',#18151);
#6159=VERTEX_POINT('',#18332);
#6160=VERTEX_POINT('',#18333);
#6161=VERTEX_POINT('',#18335);
#6162=VERTEX_POINT('',#18337);
#6163=VERTEX_POINT('',#18341);
#6164=VERTEX_POINT('',#18342);
#6165=VERTEX_POINT('',#18344);
#6166=VERTEX_POINT('',#18346);
#6167=VERTEX_POINT('',#18350);
#6168=VERTEX_POINT('',#18352);
#6169=VERTEX_POINT('',#18356);
#6170=VERTEX_POINT('',#18357);
#6171=VERTEX_POINT('',#18359);
#6172=VERTEX_POINT('',#18361);
#6173=VERTEX_POINT('',#18365);
#6174=VERTEX_POINT('',#18367);
#6175=VERTEX_POINT('',#18371);
#6176=VERTEX_POINT('',#18374);
#6177=VERTEX_POINT('',#18376);
#6178=VERTEX_POINT('',#18379);
#6179=VERTEX_POINT('',#18383);
#6180=VERTEX_POINT('',#18386);
#6181=VERTEX_POINT('',#18389);
#6182=VERTEX_POINT('',#18391);
#6183=VERTEX_POINT('',#18407);
#6184=VERTEX_POINT('',#18408);
#6185=VERTEX_POINT('',#18410);
#6186=VERTEX_POINT('',#18412);
#6187=VERTEX_POINT('',#18414);
#6188=VERTEX_POINT('',#18416);
#6189=VERTEX_POINT('',#18418);
#6190=VERTEX_POINT('',#18420);
#6191=VERTEX_POINT('',#18422);
#6192=VERTEX_POINT('',#18424);
#6193=VERTEX_POINT('',#18426);
#6194=VERTEX_POINT('',#18428);
#6195=VERTEX_POINT('',#18430);
#6196=VERTEX_POINT('',#18432);
#6197=VERTEX_POINT('',#18434);
#6198=VERTEX_POINT('',#18437);
#6199=VERTEX_POINT('',#18438);
#6200=VERTEX_POINT('',#18440);
#6201=VERTEX_POINT('',#18442);
#6202=VERTEX_POINT('',#18446);
#6203=VERTEX_POINT('',#18447);
#6204=VERTEX_POINT('',#18449);
#6205=VERTEX_POINT('',#18451);
#6206=VERTEX_POINT('',#18455);
#6207=VERTEX_POINT('',#18456);
#6208=VERTEX_POINT('',#18461);
#6209=VERTEX_POINT('',#18462);
#6210=VERTEX_POINT('',#18467);
#6211=VERTEX_POINT('',#18468);
#6212=VERTEX_POINT('',#18470);
#6213=VERTEX_POINT('',#18472);
#6214=VERTEX_POINT('',#18474);
#6215=VERTEX_POINT('',#18476);
#6216=VERTEX_POINT('',#18478);
#6217=VERTEX_POINT('',#18480);
#6218=VERTEX_POINT('',#18482);
#6219=VERTEX_POINT('',#18484);
#6220=VERTEX_POINT('',#18486);
#6221=VERTEX_POINT('',#18488);
#6222=VERTEX_POINT('',#18490);
#6223=VERTEX_POINT('',#18492);
#6224=VERTEX_POINT('',#18494);
#6225=VERTEX_POINT('',#18498);
#6226=VERTEX_POINT('',#18500);
#6227=VERTEX_POINT('',#18504);
#6228=VERTEX_POINT('',#18508);
#6229=VERTEX_POINT('',#18515);
#6230=VERTEX_POINT('',#18516);
#6231=VERTEX_POINT('',#18518);
#6232=VERTEX_POINT('',#18520);
#6233=VERTEX_POINT('',#18524);
#6234=VERTEX_POINT('',#18525);
#6235=VERTEX_POINT('',#18530);
#6236=VERTEX_POINT('',#18531);
#6237=VERTEX_POINT('',#18536);
#6238=VERTEX_POINT('',#18537);
#6239=VERTEX_POINT('',#18542);
#6240=VERTEX_POINT('',#18543);
#6241=VERTEX_POINT('',#18548);
#6242=VERTEX_POINT('',#18549);
#6243=VERTEX_POINT('',#18554);
#6244=VERTEX_POINT('',#18555);
#6245=VERTEX_POINT('',#18560);
#6246=VERTEX_POINT('',#18561);
#6247=VERTEX_POINT('',#18566);
#6248=VERTEX_POINT('',#18567);
#6249=VERTEX_POINT('',#18575);
#6250=VERTEX_POINT('',#18576);
#6251=VERTEX_POINT('',#18645);
#6252=VERTEX_POINT('',#18646);
#6253=VERTEX_POINT('',#18648);
#6254=VERTEX_POINT('',#18650);
#6255=VERTEX_POINT('',#18654);
#6256=VERTEX_POINT('',#18655);
#6257=VERTEX_POINT('',#18657);
#6258=VERTEX_POINT('',#18659);
#6259=VERTEX_POINT('',#18663);
#6260=VERTEX_POINT('',#18664);
#6261=VERTEX_POINT('',#18666);
#6262=VERTEX_POINT('',#18668);
#6263=VERTEX_POINT('',#18672);
#6264=VERTEX_POINT('',#18673);
#6265=VERTEX_POINT('',#18675);
#6266=VERTEX_POINT('',#18677);
#6267=VERTEX_POINT('',#18679);
#6268=VERTEX_POINT('',#18684);
#6269=VERTEX_POINT('',#18685);
#6270=VERTEX_POINT('',#18691);
#6271=VERTEX_POINT('',#18693);
#6272=VERTEX_POINT('',#18695);
#6273=VERTEX_POINT('',#18699);
#6274=VERTEX_POINT('',#18700);
#6275=VERTEX_POINT('',#18706);
#6276=VERTEX_POINT('',#18708);
#6277=VERTEX_POINT('',#18711);
#6278=VERTEX_POINT('',#18713);
#6279=VERTEX_POINT('',#18715);
#6280=VERTEX_POINT('',#18717);
#6281=VERTEX_POINT('',#18719);
#6282=VERTEX_POINT('',#18721);
#6283=VERTEX_POINT('',#18723);
#6284=VERTEX_POINT('',#18725);
#6285=VERTEX_POINT('',#18727);
#6286=VERTEX_POINT('',#18729);
#6287=VERTEX_POINT('',#18731);
#6288=VERTEX_POINT('',#18733);
#6289=VERTEX_POINT('',#18735);
#6290=VERTEX_POINT('',#18737);
#6291=VERTEX_POINT('',#18739);
#6292=VERTEX_POINT('',#18741);
#6293=VERTEX_POINT('',#18743);
#6294=VERTEX_POINT('',#18745);
#6295=VERTEX_POINT('',#18747);
#6296=VERTEX_POINT('',#18749);
#6297=VERTEX_POINT('',#18751);
#6298=VERTEX_POINT('',#18753);
#6299=VERTEX_POINT('',#18755);
#6300=VERTEX_POINT('',#18757);
#6301=VERTEX_POINT('',#18759);
#6302=VERTEX_POINT('',#18761);
#6303=VERTEX_POINT('',#18763);
#6304=VERTEX_POINT('',#18765);
#6305=VERTEX_POINT('',#18767);
#6306=VERTEX_POINT('',#18769);
#6307=VERTEX_POINT('',#18771);
#6308=VERTEX_POINT('',#18773);
#6309=VERTEX_POINT('',#18775);
#6310=VERTEX_POINT('',#18777);
#6311=VERTEX_POINT('',#18779);
#6312=VERTEX_POINT('',#18781);
#6313=VERTEX_POINT('',#18783);
#6314=VERTEX_POINT('',#18785);
#6315=VERTEX_POINT('',#18787);
#6316=VERTEX_POINT('',#18789);
#6317=VERTEX_POINT('',#18791);
#6318=VERTEX_POINT('',#18793);
#6319=VERTEX_POINT('',#18795);
#6320=VERTEX_POINT('',#18797);
#6321=VERTEX_POINT('',#18799);
#6322=VERTEX_POINT('',#18801);
#6323=VERTEX_POINT('',#18803);
#6324=VERTEX_POINT('',#18805);
#6325=VERTEX_POINT('',#18807);
#6326=VERTEX_POINT('',#18809);
#6327=VERTEX_POINT('',#18811);
#6328=VERTEX_POINT('',#18813);
#6329=VERTEX_POINT('',#18815);
#6330=VERTEX_POINT('',#18817);
#6331=VERTEX_POINT('',#18819);
#6332=VERTEX_POINT('',#18821);
#6333=VERTEX_POINT('',#18823);
#6334=VERTEX_POINT('',#18825);
#6335=VERTEX_POINT('',#18827);
#6336=VERTEX_POINT('',#18829);
#6337=VERTEX_POINT('',#18831);
#6338=VERTEX_POINT('',#18833);
#6339=VERTEX_POINT('',#18835);
#6340=VERTEX_POINT('',#18837);
#6341=VERTEX_POINT('',#18839);
#6342=VERTEX_POINT('',#18841);
#6343=VERTEX_POINT('',#18843);
#6344=VERTEX_POINT('',#18845);
#6345=VERTEX_POINT('',#18847);
#6346=VERTEX_POINT('',#18849);
#6347=VERTEX_POINT('',#18851);
#6348=VERTEX_POINT('',#18853);
#6349=VERTEX_POINT('',#18855);
#6350=VERTEX_POINT('',#18857);
#6351=VERTEX_POINT('',#18859);
#6352=VERTEX_POINT('',#18861);
#6353=VERTEX_POINT('',#18863);
#6354=VERTEX_POINT('',#18865);
#6355=VERTEX_POINT('',#18867);
#6356=VERTEX_POINT('',#18869);
#6357=VERTEX_POINT('',#18871);
#6358=VERTEX_POINT('',#18873);
#6359=VERTEX_POINT('',#18875);
#6360=VERTEX_POINT('',#18877);
#6361=VERTEX_POINT('',#18879);
#6362=VERTEX_POINT('',#18881);
#6363=VERTEX_POINT('',#18883);
#6364=VERTEX_POINT('',#18885);
#6365=VERTEX_POINT('',#18887);
#6366=VERTEX_POINT('',#18890);
#6367=VERTEX_POINT('',#18893);
#6368=VERTEX_POINT('',#18896);
#6369=VERTEX_POINT('',#18899);
#6370=VERTEX_POINT('',#18902);
#6371=VERTEX_POINT('',#18905);
#6372=VERTEX_POINT('',#18908);
#6373=VERTEX_POINT('',#18911);
#6374=VERTEX_POINT('',#18914);
#6375=VERTEX_POINT('',#18917);
#6376=VERTEX_POINT('',#18920);
#6377=VERTEX_POINT('',#18923);
#6378=VERTEX_POINT('',#18926);
#6379=VERTEX_POINT('',#18929);
#6380=VERTEX_POINT('',#18932);
#6381=VERTEX_POINT('',#18935);
#6382=VERTEX_POINT('',#18938);
#6383=VERTEX_POINT('',#18941);
#6384=VERTEX_POINT('',#18944);
#6385=VERTEX_POINT('',#18947);
#6386=VERTEX_POINT('',#18950);
#6387=VERTEX_POINT('',#18953);
#6388=VERTEX_POINT('',#18956);
#6389=VERTEX_POINT('',#18959);
#6390=VERTEX_POINT('',#18962);
#6391=VERTEX_POINT('',#18965);
#6392=VERTEX_POINT('',#18968);
#6393=VERTEX_POINT('',#18971);
#6394=VERTEX_POINT('',#18974);
#6395=VERTEX_POINT('',#18977);
#6396=VERTEX_POINT('',#18980);
#6397=VERTEX_POINT('',#18983);
#6398=VERTEX_POINT('',#18986);
#6399=VERTEX_POINT('',#18989);
#6400=VERTEX_POINT('',#18992);
#6401=VERTEX_POINT('',#18995);
#6402=VERTEX_POINT('',#18998);
#6403=VERTEX_POINT('',#19001);
#6404=VERTEX_POINT('',#19004);
#6405=VERTEX_POINT('',#19007);
#6406=VERTEX_POINT('',#19010);
#6407=VERTEX_POINT('',#19013);
#6408=VERTEX_POINT('',#19016);
#6409=VERTEX_POINT('',#19019);
#6410=VERTEX_POINT('',#19022);
#6411=VERTEX_POINT('',#19025);
#6412=VERTEX_POINT('',#19028);
#6413=VERTEX_POINT('',#19031);
#6414=VERTEX_POINT('',#19034);
#6415=VERTEX_POINT('',#19037);
#6416=VERTEX_POINT('',#19040);
#6417=VERTEX_POINT('',#19043);
#6418=VERTEX_POINT('',#19046);
#6419=VERTEX_POINT('',#19049);
#6420=VERTEX_POINT('',#19052);
#6421=VERTEX_POINT('',#19055);
#6422=VERTEX_POINT('',#19058);
#6423=VERTEX_POINT('',#19061);
#6424=VERTEX_POINT('',#19064);
#6425=VERTEX_POINT('',#19067);
#6426=VERTEX_POINT('',#19070);
#6427=VERTEX_POINT('',#19073);
#6428=VERTEX_POINT('',#19076);
#6429=VERTEX_POINT('',#19079);
#6430=VERTEX_POINT('',#19082);
#6431=VERTEX_POINT('',#19085);
#6432=VERTEX_POINT('',#19088);
#6433=VERTEX_POINT('',#19091);
#6434=VERTEX_POINT('',#19094);
#6435=VERTEX_POINT('',#19097);
#6436=VERTEX_POINT('',#19100);
#6437=VERTEX_POINT('',#19103);
#6438=VERTEX_POINT('',#19106);
#6439=VERTEX_POINT('',#19109);
#6440=VERTEX_POINT('',#19112);
#6441=VERTEX_POINT('',#19115);
#6442=VERTEX_POINT('',#19118);
#6443=VERTEX_POINT('',#19121);
#6444=VERTEX_POINT('',#19124);
#6445=VERTEX_POINT('',#19127);
#6446=VERTEX_POINT('',#19130);
#6447=VERTEX_POINT('',#19133);
#6448=VERTEX_POINT('',#19135);
#6449=VERTEX_POINT('',#19139);
#6450=VERTEX_POINT('',#19142);
#6451=VERTEX_POINT('',#19145);
#6452=VERTEX_POINT('',#19148);
#6453=VERTEX_POINT('',#19151);
#6454=VERTEX_POINT('',#19154);
#6455=VERTEX_POINT('',#19157);
#6456=VERTEX_POINT('',#19160);
#6457=VERTEX_POINT('',#19165);
#6458=VERTEX_POINT('',#19167);
#6459=VERTEX_POINT('',#19171);
#6460=VERTEX_POINT('',#19173);
#6461=VERTEX_POINT('',#19175);
#6462=VERTEX_POINT('',#19177);
#6463=VERTEX_POINT('',#19179);
#6464=VERTEX_POINT('',#19181);
#6465=VERTEX_POINT('',#19184);
#6466=VERTEX_POINT('',#19186);
#6467=VERTEX_POINT('',#19189);
#6468=VERTEX_POINT('',#19191);
#6469=VERTEX_POINT('',#19193);
#6470=VERTEX_POINT('',#19196);
#6471=VERTEX_POINT('',#19198);
#6472=VERTEX_POINT('',#19202);
#6473=VERTEX_POINT('',#19204);
#6474=VERTEX_POINT('',#19206);
#6475=VERTEX_POINT('',#19208);
#6476=VERTEX_POINT('',#19219);
#6477=VERTEX_POINT('',#19223);
#6478=VERTEX_POINT('',#19229);
#6479=VERTEX_POINT('',#19232);
#6480=VERTEX_POINT('',#19236);
#6481=VERTEX_POINT('',#19242);
#6482=VERTEX_POINT('',#19245);
#6483=VERTEX_POINT('',#19247);
#6484=VERTEX_POINT('',#19255);
#6485=VERTEX_POINT('',#19263);
#6486=VERTEX_POINT('',#19264);
#6487=VERTEX_POINT('',#19266);
#6488=VERTEX_POINT('',#19268);
#6489=VERTEX_POINT('',#19272);
#6490=VERTEX_POINT('',#19273);
#6491=VERTEX_POINT('',#19278);
#6492=VERTEX_POINT('',#19279);
#6493=VERTEX_POINT('',#19284);
#6494=VERTEX_POINT('',#19285);
#6495=VERTEX_POINT('',#19290);
#6496=VERTEX_POINT('',#19291);
#6497=VERTEX_POINT('',#19296);
#6498=VERTEX_POINT('',#19297);
#6499=VERTEX_POINT('',#19302);
#6500=VERTEX_POINT('',#19303);
#6501=VERTEX_POINT('',#19308);
#6502=VERTEX_POINT('',#19309);
#6503=VERTEX_POINT('',#19311);
#6504=VERTEX_POINT('',#19313);
#6505=VERTEX_POINT('',#19317);
#6506=VERTEX_POINT('',#19318);
#6507=VERTEX_POINT('',#19323);
#6508=VERTEX_POINT('',#19324);
#6509=VERTEX_POINT('',#19329);
#6510=VERTEX_POINT('',#19330);
#6511=VERTEX_POINT('',#19335);
#6512=VERTEX_POINT('',#19336);
#6513=VERTEX_POINT('',#19341);
#6514=VERTEX_POINT('',#19342);
#6515=VERTEX_POINT('',#19347);
#6516=VERTEX_POINT('',#19348);
#6517=VERTEX_POINT('',#19359);
#6518=VERTEX_POINT('',#19360);
#6519=VERTEX_POINT('',#19362);
#6520=VERTEX_POINT('',#19364);
#6521=VERTEX_POINT('',#19366);
#6522=VERTEX_POINT('',#19368);
#6523=VERTEX_POINT('',#19370);
#6524=VERTEX_POINT('',#19372);
#6525=VERTEX_POINT('',#19375);
#6526=VERTEX_POINT('',#19376);
#6527=VERTEX_POINT('',#19378);
#6528=VERTEX_POINT('',#19380);
#6529=VERTEX_POINT('',#19382);
#6530=VERTEX_POINT('',#19384);
#6531=VERTEX_POINT('',#19386);
#6532=VERTEX_POINT('',#19388);
#6533=VERTEX_POINT('',#19426);
#6534=VERTEX_POINT('',#19427);
#6535=VERTEX_POINT('',#19429);
#6536=VERTEX_POINT('',#19431);
#6537=VERTEX_POINT('',#19435);
#6538=VERTEX_POINT('',#19436);
#6539=VERTEX_POINT('',#19441);
#6540=VERTEX_POINT('',#19442);
#6541=VERTEX_POINT('',#19447);
#6542=VERTEX_POINT('',#19448);
#6543=VERTEX_POINT('',#19450);
#6544=VERTEX_POINT('',#19452);
#6545=VERTEX_POINT('',#19456);
#6546=VERTEX_POINT('',#19458);
#6547=VERTEX_POINT('',#19462);
#6548=VERTEX_POINT('',#19464);
#6549=VERTEX_POINT('',#19474);
#6550=VERTEX_POINT('',#19475);
#6551=VERTEX_POINT('',#19477);
#6552=VERTEX_POINT('',#19479);
#6553=VERTEX_POINT('',#19493);
#6554=VERTEX_POINT('',#19494);
#6555=VERTEX_POINT('',#19496);
#6556=VERTEX_POINT('',#19498);
#6557=VERTEX_POINT('',#19502);
#6558=VERTEX_POINT('',#19504);
#6559=VERTEX_POINT('',#19506);
#6560=VERTEX_POINT('',#19508);
#6561=VERTEX_POINT('',#19512);
#6562=VERTEX_POINT('',#19513);
#6563=VERTEX_POINT('',#19518);
#6564=VERTEX_POINT('',#19519);
#6565=VERTEX_POINT('',#19521);
#6566=VERTEX_POINT('',#19523);
#6567=VERTEX_POINT('',#19525);
#6568=VERTEX_POINT('',#19527);
#6569=VERTEX_POINT('',#19531);
#6570=VERTEX_POINT('',#19532);
#6571=VERTEX_POINT('',#19537);
#6572=VERTEX_POINT('',#19538);
#6573=VERTEX_POINT('',#19549);
#6574=VERTEX_POINT('',#19550);
#6575=VERTEX_POINT('',#19554);
#6576=VERTEX_POINT('',#19556);
#6577=VERTEX_POINT('',#19572);
#6578=VERTEX_POINT('',#19573);
#6579=VERTEX_POINT('',#19575);
#6580=VERTEX_POINT('',#19577);
#6581=VERTEX_POINT('',#19580);
#6582=VERTEX_POINT('',#19581);
#6583=VERTEX_POINT('',#19583);
#6584=VERTEX_POINT('',#19585);
#6585=VERTEX_POINT('',#19588);
#6586=VERTEX_POINT('',#19589);
#6587=VERTEX_POINT('',#19591);
#6588=VERTEX_POINT('',#19593);
#6589=VERTEX_POINT('',#19596);
#6590=VERTEX_POINT('',#19597);
#6591=VERTEX_POINT('',#19599);
#6592=VERTEX_POINT('',#19601);
#6593=VERTEX_POINT('',#19604);
#6594=VERTEX_POINT('',#19605);
#6595=VERTEX_POINT('',#19607);
#6596=VERTEX_POINT('',#19609);
#6597=VERTEX_POINT('',#19612);
#6598=VERTEX_POINT('',#19613);
#6599=VERTEX_POINT('',#19615);
#6600=VERTEX_POINT('',#19617);
#6601=VERTEX_POINT('',#19620);
#6602=VERTEX_POINT('',#19621);
#6603=VERTEX_POINT('',#19623);
#6604=VERTEX_POINT('',#19625);
#6605=VERTEX_POINT('',#19628);
#6606=VERTEX_POINT('',#19629);
#6607=VERTEX_POINT('',#19631);
#6608=VERTEX_POINT('',#19633);
#6609=VERTEX_POINT('',#19636);
#6610=VERTEX_POINT('',#19637);
#6611=VERTEX_POINT('',#19639);
#6612=VERTEX_POINT('',#19641);
#6613=VERTEX_POINT('',#19644);
#6614=VERTEX_POINT('',#19645);
#6615=VERTEX_POINT('',#19647);
#6616=VERTEX_POINT('',#19649);
#6617=VERTEX_POINT('',#19652);
#6618=VERTEX_POINT('',#19653);
#6619=VERTEX_POINT('',#19655);
#6620=VERTEX_POINT('',#19657);
#6621=VERTEX_POINT('',#19660);
#6622=VERTEX_POINT('',#19661);
#6623=VERTEX_POINT('',#19663);
#6624=VERTEX_POINT('',#19665);
#6625=VERTEX_POINT('',#19668);
#6626=VERTEX_POINT('',#19669);
#6627=VERTEX_POINT('',#19671);
#6628=VERTEX_POINT('',#19673);
#6629=VERTEX_POINT('',#19676);
#6630=VERTEX_POINT('',#19677);
#6631=VERTEX_POINT('',#19679);
#6632=VERTEX_POINT('',#19681);
#6633=VERTEX_POINT('',#19684);
#6634=VERTEX_POINT('',#19685);
#6635=VERTEX_POINT('',#19687);
#6636=VERTEX_POINT('',#19689);
#6637=VERTEX_POINT('',#19692);
#6638=VERTEX_POINT('',#19693);
#6639=VERTEX_POINT('',#19695);
#6640=VERTEX_POINT('',#19697);
#6641=VERTEX_POINT('',#19700);
#6642=VERTEX_POINT('',#19701);
#6643=VERTEX_POINT('',#19703);
#6644=VERTEX_POINT('',#19705);
#6645=VERTEX_POINT('',#19708);
#6646=VERTEX_POINT('',#19709);
#6647=VERTEX_POINT('',#19711);
#6648=VERTEX_POINT('',#19713);
#6649=VERTEX_POINT('',#19716);
#6650=VERTEX_POINT('',#19717);
#6651=VERTEX_POINT('',#19719);
#6652=VERTEX_POINT('',#19721);
#6653=VERTEX_POINT('',#19724);
#6654=VERTEX_POINT('',#19725);
#6655=VERTEX_POINT('',#19727);
#6656=VERTEX_POINT('',#19729);
#6657=VERTEX_POINT('',#19732);
#6658=VERTEX_POINT('',#19733);
#6659=VERTEX_POINT('',#19735);
#6660=VERTEX_POINT('',#19737);
#6661=VERTEX_POINT('',#19740);
#6662=VERTEX_POINT('',#19741);
#6663=VERTEX_POINT('',#19743);
#6664=VERTEX_POINT('',#19745);
#6665=VERTEX_POINT('',#19749);
#6666=VERTEX_POINT('',#19750);
#6667=VERTEX_POINT('',#19752);
#6668=VERTEX_POINT('',#19754);
#6669=VERTEX_POINT('',#19757);
#6670=VERTEX_POINT('',#19758);
#6671=VERTEX_POINT('',#19760);
#6672=VERTEX_POINT('',#19762);
#6673=VERTEX_POINT('',#19765);
#6674=VERTEX_POINT('',#19766);
#6675=VERTEX_POINT('',#19768);
#6676=VERTEX_POINT('',#19770);
#6677=VERTEX_POINT('',#19773);
#6678=VERTEX_POINT('',#19774);
#6679=VERTEX_POINT('',#19776);
#6680=VERTEX_POINT('',#19778);
#6681=VERTEX_POINT('',#19781);
#6682=VERTEX_POINT('',#19782);
#6683=VERTEX_POINT('',#19784);
#6684=VERTEX_POINT('',#19786);
#6685=VERTEX_POINT('',#19789);
#6686=VERTEX_POINT('',#19790);
#6687=VERTEX_POINT('',#19792);
#6688=VERTEX_POINT('',#19794);
#6689=VERTEX_POINT('',#19797);
#6690=VERTEX_POINT('',#19798);
#6691=VERTEX_POINT('',#19800);
#6692=VERTEX_POINT('',#19802);
#6693=VERTEX_POINT('',#19805);
#6694=VERTEX_POINT('',#19806);
#6695=VERTEX_POINT('',#19808);
#6696=VERTEX_POINT('',#19810);
#6697=VERTEX_POINT('',#19813);
#6698=VERTEX_POINT('',#19814);
#6699=VERTEX_POINT('',#19816);
#6700=VERTEX_POINT('',#19818);
#6701=VERTEX_POINT('',#19821);
#6702=VERTEX_POINT('',#19822);
#6703=VERTEX_POINT('',#19824);
#6704=VERTEX_POINT('',#19826);
#6705=VERTEX_POINT('',#19829);
#6706=VERTEX_POINT('',#19830);
#6707=VERTEX_POINT('',#19832);
#6708=VERTEX_POINT('',#19834);
#6709=VERTEX_POINT('',#19837);
#6710=VERTEX_POINT('',#19838);
#6711=VERTEX_POINT('',#19840);
#6712=VERTEX_POINT('',#19842);
#6713=VERTEX_POINT('',#19845);
#6714=VERTEX_POINT('',#19846);
#6715=VERTEX_POINT('',#19848);
#6716=VERTEX_POINT('',#19850);
#6717=VERTEX_POINT('',#19853);
#6718=VERTEX_POINT('',#19854);
#6719=VERTEX_POINT('',#19856);
#6720=VERTEX_POINT('',#19858);
#6721=VERTEX_POINT('',#19861);
#6722=VERTEX_POINT('',#19862);
#6723=VERTEX_POINT('',#19864);
#6724=VERTEX_POINT('',#19866);
#6725=VERTEX_POINT('',#19869);
#6726=VERTEX_POINT('',#19870);
#6727=VERTEX_POINT('',#19872);
#6728=VERTEX_POINT('',#19874);
#6729=VERTEX_POINT('',#19877);
#6730=VERTEX_POINT('',#19878);
#6731=VERTEX_POINT('',#19880);
#6732=VERTEX_POINT('',#19882);
#6733=VERTEX_POINT('',#19885);
#6734=VERTEX_POINT('',#19886);
#6735=VERTEX_POINT('',#19888);
#6736=VERTEX_POINT('',#19890);
#6737=VERTEX_POINT('',#19893);
#6738=VERTEX_POINT('',#19894);
#6739=VERTEX_POINT('',#19896);
#6740=VERTEX_POINT('',#19898);
#6741=VERTEX_POINT('',#19901);
#6742=VERTEX_POINT('',#19902);
#6743=VERTEX_POINT('',#19904);
#6744=VERTEX_POINT('',#19906);
#6745=VERTEX_POINT('',#19909);
#6746=VERTEX_POINT('',#19910);
#6747=VERTEX_POINT('',#19912);
#6748=VERTEX_POINT('',#19914);
#6749=VERTEX_POINT('',#19917);
#6750=VERTEX_POINT('',#19918);
#6751=VERTEX_POINT('',#19920);
#6752=VERTEX_POINT('',#19922);
#6753=VERTEX_POINT('',#20103);
#6754=VERTEX_POINT('',#20105);
#6755=VERTEX_POINT('',#20108);
#6756=VERTEX_POINT('',#20111);
#6757=VERTEX_POINT('',#20116);
#6758=VERTEX_POINT('',#20118);
#6759=VERTEX_POINT('',#20121);
#6760=VERTEX_POINT('',#20124);
#6761=VERTEX_POINT('',#20125);
#6762=VERTEX_POINT('',#20127);
#6763=VERTEX_POINT('',#20129);
#6764=VERTEX_POINT('',#20133);
#6765=VERTEX_POINT('',#20135);
#6766=VERTEX_POINT('',#20139);
#6767=VERTEX_POINT('',#20143);
#6768=VERTEX_POINT('',#20151);
#6769=VERTEX_POINT('',#20152);
#6770=VERTEX_POINT('',#20154);
#6771=VERTEX_POINT('',#20156);
#6772=VERTEX_POINT('',#20160);
#6773=VERTEX_POINT('',#20162);
#6774=VERTEX_POINT('',#20166);
#6775=VERTEX_POINT('',#20168);
#6776=VERTEX_POINT('',#20172);
#6777=VERTEX_POINT('',#20174);
#6778=VERTEX_POINT('',#20177);
#6779=VERTEX_POINT('',#20179);
#6780=VERTEX_POINT('',#20182);
#6781=VERTEX_POINT('',#20184);
#6782=VERTEX_POINT('',#20187);
#6783=VERTEX_POINT('',#20189);
#6784=VERTEX_POINT('',#20195);
#6785=VERTEX_POINT('',#20196);
#6786=VERTEX_POINT('',#20198);
#6787=VERTEX_POINT('',#20200);
#6788=VERTEX_POINT('',#20203);
#6789=VERTEX_POINT('',#20204);
#6790=VERTEX_POINT('',#20206);
#6791=VERTEX_POINT('',#20208);
#6792=VERTEX_POINT('',#20212);
#6793=VERTEX_POINT('',#20214);
#6794=VERTEX_POINT('',#20218);
#6795=VERTEX_POINT('',#20222);
#6796=VERTEX_POINT('',#20228);
#6797=VERTEX_POINT('',#20229);
#6798=VERTEX_POINT('',#20231);
#6799=VERTEX_POINT('',#20233);
#6800=VERTEX_POINT('',#20237);
#6801=VERTEX_POINT('',#20239);
#6802=VERTEX_POINT('',#20243);
#6803=VERTEX_POINT('',#20247);
#6804=VERTEX_POINT('',#20263);
#6805=VERTEX_POINT('',#20264);
#6806=VERTEX_POINT('',#20266);
#6807=VERTEX_POINT('',#20268);
#6808=VERTEX_POINT('',#20271);
#6809=VERTEX_POINT('',#20272);
#6810=VERTEX_POINT('',#20274);
#6811=VERTEX_POINT('',#20276);
#6812=VERTEX_POINT('',#20278);
#6813=VERTEX_POINT('',#20280);
#6814=VERTEX_POINT('',#20283);
#6815=VERTEX_POINT('',#20284);
#6816=VERTEX_POINT('',#20286);
#6817=VERTEX_POINT('',#20288);
#6818=VERTEX_POINT('',#20291);
#6819=VERTEX_POINT('',#20292);
#6820=VERTEX_POINT('',#20294);
#6821=VERTEX_POINT('',#20296);
#6822=VERTEX_POINT('',#20300);
#6823=VERTEX_POINT('',#20302);
#6824=VERTEX_POINT('',#20303);
#6825=VERTEX_POINT('',#20305);
#6826=VERTEX_POINT('',#20307);
#6827=VERTEX_POINT('',#20309);
#6828=VERTEX_POINT('',#20311);
#6829=VERTEX_POINT('',#20313);
#6830=VERTEX_POINT('',#20315);
#6831=VERTEX_POINT('',#20317);
#6832=VERTEX_POINT('',#20319);
#6833=VERTEX_POINT('',#20321);
#6834=VERTEX_POINT('',#20323);
#6835=VERTEX_POINT('',#20325);
#6836=VERTEX_POINT('',#20327);
#6837=VERTEX_POINT('',#20331);
#6838=VERTEX_POINT('',#20333);
#6839=VERTEX_POINT('',#20337);
#6840=VERTEX_POINT('',#20339);
#6841=VERTEX_POINT('',#20343);
#6842=VERTEX_POINT('',#20344);
#6843=VERTEX_POINT('',#20349);
#6844=VERTEX_POINT('',#20351);
#6845=VERTEX_POINT('',#20354);
#6846=VERTEX_POINT('',#20355);
#6847=VERTEX_POINT('',#20357);
#6848=VERTEX_POINT('',#20359);
#6849=VERTEX_POINT('',#20362);
#6850=VERTEX_POINT('',#20364);
#6851=VERTEX_POINT('',#20367);
#6852=VERTEX_POINT('',#20369);
#6853=VERTEX_POINT('',#20371);
#6854=VERTEX_POINT('',#20373);
#6855=VERTEX_POINT('',#20375);
#6856=VERTEX_POINT('',#20377);
#6857=VERTEX_POINT('',#20379);
#6858=VERTEX_POINT('',#20381);
#6859=VERTEX_POINT('',#20383);
#6860=VERTEX_POINT('',#20386);
#6861=VERTEX_POINT('',#20388);
#6862=VERTEX_POINT('',#20392);
#6863=VERTEX_POINT('',#20393);
#6864=VERTEX_POINT('',#20395);
#6865=VERTEX_POINT('',#20397);
#6866=VERTEX_POINT('',#20399);
#6867=VERTEX_POINT('',#20401);
#6868=VERTEX_POINT('',#20403);
#6869=VERTEX_POINT('',#20405);
#6870=VERTEX_POINT('',#20407);
#6871=VERTEX_POINT('',#20409);
#6872=VERTEX_POINT('',#20411);
#6873=VERTEX_POINT('',#20413);
#6874=VERTEX_POINT('',#20415);
#6875=VERTEX_POINT('',#20417);
#6876=VERTEX_POINT('',#20419);
#6877=VERTEX_POINT('',#20421);
#6878=VERTEX_POINT('',#20424);
#6879=VERTEX_POINT('',#20426);
#6880=VERTEX_POINT('',#20430);
#6881=VERTEX_POINT('',#20432);
#6882=VERTEX_POINT('',#20435);
#6883=VERTEX_POINT('',#20438);
#6884=VERTEX_POINT('',#20440);
#6885=VERTEX_POINT('',#20444);
#6886=VERTEX_POINT('',#20446);
#6887=VERTEX_POINT('',#20447);
#6888=VERTEX_POINT('',#20449);
#6889=VERTEX_POINT('',#20451);
#6890=VERTEX_POINT('',#20454);
#6891=VERTEX_POINT('',#20456);
#6892=VERTEX_POINT('',#20458);
#6893=VERTEX_POINT('',#20461);
#6894=VERTEX_POINT('',#20463);
#6895=VERTEX_POINT('',#20466);
#6896=VERTEX_POINT('',#20468);
#6897=VERTEX_POINT('',#20470);
#6898=VERTEX_POINT('',#20472);
#6899=VERTEX_POINT('',#20474);
#6900=VERTEX_POINT('',#20478);
#6901=VERTEX_POINT('',#20482);
#6902=VERTEX_POINT('',#20486);
#6903=VERTEX_POINT('',#20490);
#6904=VERTEX_POINT('',#20494);
#6905=VERTEX_POINT('',#20497);
#6906=VERTEX_POINT('',#20498);
#6907=VERTEX_POINT('',#20508);
#6908=VERTEX_POINT('',#20513);
#6909=VERTEX_POINT('',#20515);
#6910=VERTEX_POINT('',#20524);
#6911=VERTEX_POINT('',#20526);
#6912=VERTEX_POINT('',#20535);
#6913=VERTEX_POINT('',#20539);
#6914=VERTEX_POINT('',#20563);
#6915=VERTEX_POINT('',#20564);
#6916=VERTEX_POINT('',#20566);
#6917=VERTEX_POINT('',#20568);
#6918=VERTEX_POINT('',#20572);
#6919=VERTEX_POINT('',#20574);
#6920=VERTEX_POINT('',#20578);
#6921=VERTEX_POINT('',#20580);
#6922=VERTEX_POINT('',#20584);
#6923=VERTEX_POINT('',#20586);
#6924=VERTEX_POINT('',#20590);
#6925=VERTEX_POINT('',#20594);
#6926=VERTEX_POINT('',#20596);
#6927=VERTEX_POINT('',#20602);
#6928=VERTEX_POINT('',#20613);
#6929=VERTEX_POINT('',#20617);
#6930=VERTEX_POINT('',#20628);
#6931=VERTEX_POINT('',#20632);
#6932=VERTEX_POINT('',#20648);
#6933=VERTEX_POINT('',#20650);
#6934=VERTEX_POINT('',#20653);
#6935=VERTEX_POINT('',#20655);
#6936=VERTEX_POINT('',#20658);
#6937=VERTEX_POINT('',#20664);
#6938=VERTEX_POINT('',#20666);
#6939=VERTEX_POINT('',#20669);
#6940=VERTEX_POINT('',#20671);
#6941=VERTEX_POINT('',#20674);
#6942=VERTEX_POINT('',#20678);
#6943=VERTEX_POINT('',#20683);
#6944=VERTEX_POINT('',#20684);
#6945=VERTEX_POINT('',#20686);
#6946=VERTEX_POINT('',#20688);
#6947=VERTEX_POINT('',#20692);
#6948=VERTEX_POINT('',#20693);
#6949=VERTEX_POINT('',#20695);
#6950=VERTEX_POINT('',#20697);
#6951=VERTEX_POINT('',#20701);
#6952=VERTEX_POINT('',#20702);
#6953=VERTEX_POINT('',#20704);
#6954=VERTEX_POINT('',#20706);
#6955=VERTEX_POINT('',#20708);
#6956=VERTEX_POINT('',#20710);
#6957=VERTEX_POINT('',#20712);
#6958=VERTEX_POINT('',#20714);
#6959=VERTEX_POINT('',#20717);
#6960=VERTEX_POINT('',#20718);
#6961=VERTEX_POINT('',#20720);
#6962=VERTEX_POINT('',#20722);
#6963=VERTEX_POINT('',#20726);
#6964=VERTEX_POINT('',#20727);
#6965=VERTEX_POINT('',#20729);
#6966=VERTEX_POINT('',#20731);
#6967=VERTEX_POINT('',#20735);
#6968=VERTEX_POINT('',#20736);
#6969=VERTEX_POINT('',#20738);
#6970=VERTEX_POINT('',#20740);
#6971=VERTEX_POINT('',#20743);
#6972=VERTEX_POINT('',#20744);
#6973=VERTEX_POINT('',#20746);
#6974=VERTEX_POINT('',#20748);
#6975=VERTEX_POINT('',#20758);
#6976=VERTEX_POINT('',#20760);
#6977=VERTEX_POINT('',#20762);
#6978=VERTEX_POINT('',#20764);
#6979=VERTEX_POINT('',#20766);
#6980=VERTEX_POINT('',#20768);
#6981=VERTEX_POINT('',#20772);
#6982=VERTEX_POINT('',#20774);
#6983=VERTEX_POINT('',#20778);
#6984=VERTEX_POINT('',#20780);
#6985=VERTEX_POINT('',#20782);
#6986=VERTEX_POINT('',#20784);
#6987=VERTEX_POINT('',#20788);
#6988=VERTEX_POINT('',#20789);
#6989=VERTEX_POINT('',#20791);
#6990=VERTEX_POINT('',#20793);
#6991=VERTEX_POINT('',#20795);
#6992=VERTEX_POINT('',#20800);
#6993=VERTEX_POINT('',#20802);
#6994=VERTEX_POINT('',#20804);
#6995=VERTEX_POINT('',#20806);
#6996=VERTEX_POINT('',#20809);
#6997=VERTEX_POINT('',#20811);
#6998=VERTEX_POINT('',#20813);
#6999=VERTEX_POINT('',#20815);
#7000=VERTEX_POINT('',#20817);
#7001=VERTEX_POINT('',#20819);
#7002=VERTEX_POINT('',#20821);
#7003=VERTEX_POINT('',#20823);
#7004=VERTEX_POINT('',#20825);
#7005=VERTEX_POINT('',#20827);
#7006=VERTEX_POINT('',#20829);
#7007=VERTEX_POINT('',#20836);
#7008=VERTEX_POINT('',#20838);
#7009=VERTEX_POINT('',#20841);
#7010=VERTEX_POINT('',#20842);
#7011=VERTEX_POINT('',#20844);
#7012=VERTEX_POINT('',#20846);
#7013=VERTEX_POINT('',#20850);
#7014=VERTEX_POINT('',#20851);
#7015=VERTEX_POINT('',#20853);
#7016=VERTEX_POINT('',#20855);
#7017=VERTEX_POINT('',#20857);
#7018=VERTEX_POINT('',#20859);
#7019=VERTEX_POINT('',#20861);
#7020=VERTEX_POINT('',#20863);
#7021=VERTEX_POINT('',#20866);
#7022=VERTEX_POINT('',#20868);
#7023=VERTEX_POINT('',#20872);
#7024=VERTEX_POINT('',#20876);
#7025=VERTEX_POINT('',#20880);
#7026=VERTEX_POINT('',#20884);
#7027=VERTEX_POINT('',#20890);
#7028=VERTEX_POINT('',#20891);
#7029=VERTEX_POINT('',#20893);
#7030=VERTEX_POINT('',#20896);
#7031=VERTEX_POINT('',#20898);
#7032=VERTEX_POINT('',#20900);
#7033=VERTEX_POINT('',#20947);
#7034=VERTEX_POINT('',#20951);
#7035=VERTEX_POINT('',#20955);
#7036=VERTEX_POINT('',#20959);
#7037=VERTEX_POINT('',#20964);
#7038=VERTEX_POINT('',#20968);
#7039=VERTEX_POINT('',#20976);
#7040=VERTEX_POINT('',#20977);
#7041=VERTEX_POINT('',#20979);
#7042=VERTEX_POINT('',#20981);
#7043=VERTEX_POINT('',#20985);
#7044=VERTEX_POINT('',#20986);
#7045=VERTEX_POINT('',#20991);
#7046=VERTEX_POINT('',#20992);
#7047=VERTEX_POINT('',#20997);
#7048=VERTEX_POINT('',#20998);
#7049=VERTEX_POINT('',#21000);
#7050=VERTEX_POINT('',#21002);
#7051=VERTEX_POINT('',#21006);
#7052=VERTEX_POINT('',#21008);
#7053=VERTEX_POINT('',#21012);
#7054=VERTEX_POINT('',#21014);
#7055=VERTEX_POINT('',#21024);
#7056=VERTEX_POINT('',#21025);
#7057=VERTEX_POINT('',#21027);
#7058=VERTEX_POINT('',#21029);
#7059=LINE('',#17551,#8119);
#7060=LINE('',#17556,#8120);
#7061=LINE('',#17560,#8121);
#7062=LINE('',#17564,#8122);
#7063=LINE('',#17568,#8123);
#7064=LINE('',#17571,#8124);
#7065=LINE('',#17573,#8125);
#7066=LINE('',#17575,#8126);
#7067=LINE('',#17578,#8127);
#7068=LINE('',#17581,#8128);
#7069=LINE('',#17583,#8129);
#7070=LINE('',#17585,#8130);
#7071=LINE('',#17590,#8131);
#7072=LINE('',#17594,#8132);
#7073=LINE('',#17598,#8133);
#7074=LINE('',#17602,#8134);
#7075=LINE('',#17603,#8135);
#7076=LINE('',#17606,#8136);
#7077=LINE('',#17608,#8137);
#7078=LINE('',#17610,#8138);
#7079=LINE('',#17614,#8139);
#7080=LINE('',#17618,#8140);
#7081=LINE('',#17624,#8141);
#7082=LINE('',#17626,#8142);
#7083=LINE('',#17628,#8143);
#7084=LINE('',#17633,#8144);
#7085=LINE('',#17639,#8145);
#7086=LINE('',#17640,#8146);
#7087=LINE('',#17642,#8147);
#7088=LINE('',#17644,#8148);
#7089=LINE('',#17648,#8149);
#7090=LINE('',#17650,#8150);
#7091=LINE('',#17652,#8151);
#7092=LINE('',#17654,#8152);
#7093=LINE('',#17656,#8153);
#7094=LINE('',#17660,#8154);
#7095=LINE('',#17664,#8155);
#7096=LINE('',#17666,#8156);
#7097=LINE('',#17668,#8157);
#7098=LINE('',#17670,#8158);
#7099=LINE('',#17674,#8159);
#7100=LINE('',#17677,#8160);
#7101=LINE('',#17679,#8161);
#7102=LINE('',#17681,#8162);
#7103=LINE('',#17684,#8163);
#7104=LINE('',#17686,#8164);
#7105=LINE('',#17688,#8165);
#7106=LINE('',#17690,#8166);
#7107=LINE('',#17692,#8167);
#7108=LINE('',#17694,#8168);
#7109=LINE('',#17698,#8169);
#7110=LINE('',#17702,#8170);
#7111=LINE('',#17706,#8171);
#7112=LINE('',#17710,#8172);
#7113=LINE('',#17712,#8173);
#7114=LINE('',#17716,#8174);
#7115=LINE('',#17718,#8175);
#7116=LINE('',#17722,#8176);
#7117=LINE('',#17726,#8177);
#7118=LINE('',#17728,#8178);
#7119=LINE('',#17741,#8179);
#7120=LINE('',#17742,#8180);
#7121=LINE('',#17744,#8181);
#7122=LINE('',#17746,#8182);
#7123=LINE('',#17748,#8183);
#7124=LINE('',#17750,#8184);
#7125=LINE('',#17752,#8185);
#7126=LINE('',#17754,#8186);
#7127=LINE('',#17758,#8187);
#7128=LINE('',#17759,#8188);
#7129=LINE('',#17761,#8189);
#7130=LINE('',#17762,#8190);
#7131=LINE('',#17800,#8191);
#7132=LINE('',#17803,#8192);
#7133=LINE('',#17805,#8193);
#7134=LINE('',#17807,#8194);
#7135=LINE('',#17808,#8195);
#7136=LINE('',#17813,#8196);
#7137=LINE('',#17816,#8197);
#7138=LINE('',#17821,#8198);
#7139=LINE('',#17824,#8199);
#7140=LINE('',#17829,#8200);
#7141=LINE('',#17832,#8201);
#7142=LINE('',#17837,#8202);
#7143=LINE('',#17840,#8203);
#7144=LINE('',#17845,#8204);
#7145=LINE('',#17848,#8205);
#7146=LINE('',#17853,#8206);
#7147=LINE('',#17856,#8207);
#7148=LINE('',#17861,#8208);
#7149=LINE('',#17864,#8209);
#7150=LINE('',#17869,#8210);
#7151=LINE('',#17872,#8211);
#7152=LINE('',#17877,#8212);
#7153=LINE('',#17880,#8213);
#7154=LINE('',#17885,#8214);
#7155=LINE('',#17888,#8215);
#7156=LINE('',#17893,#8216);
#7157=LINE('',#17896,#8217);
#7158=LINE('',#17901,#8218);
#7159=LINE('',#17904,#8219);
#7160=LINE('',#17909,#8220);
#7161=LINE('',#17912,#8221);
#7162=LINE('',#17917,#8222);
#7163=LINE('',#17920,#8223);
#7164=LINE('',#17925,#8224);
#7165=LINE('',#17928,#8225);
#7166=LINE('',#17933,#8226);
#7167=LINE('',#17936,#8227);
#7168=LINE('',#17941,#8228);
#7169=LINE('',#17944,#8229);
#7170=LINE('',#17949,#8230);
#7171=LINE('',#17952,#8231);
#7172=LINE('',#17957,#8232);
#7173=LINE('',#17960,#8233);
#7174=LINE('',#17965,#8234);
#7175=LINE('',#17968,#8235);
#7176=LINE('',#17973,#8236);
#7177=LINE('',#17980,#8237);
#7178=LINE('',#17984,#8238);
#7179=LINE('',#17988,#8239);
#7180=LINE('',#17992,#8240);
#7181=LINE('',#17996,#8241);
#7182=LINE('',#18000,#8242);
#7183=LINE('',#18004,#8243);
#7184=LINE('',#18008,#8244);
#7185=LINE('',#18012,#8245);
#7186=LINE('',#18016,#8246);
#7187=LINE('',#18020,#8247);
#7188=LINE('',#18024,#8248);
#7189=LINE('',#18028,#8249);
#7190=LINE('',#18032,#8250);
#7191=LINE('',#18036,#8251);
#7192=LINE('',#18040,#8252);
#7193=LINE('',#18044,#8253);
#7194=LINE('',#18048,#8254);
#7195=LINE('',#18052,#8255);
#7196=LINE('',#18056,#8256);
#7197=LINE('',#18057,#8257);
#7198=LINE('',#18060,#8258);
#7199=LINE('',#18062,#8259);
#7200=LINE('',#18064,#8260);
#7201=LINE('',#18068,#8261);
#7202=LINE('',#18072,#8262);
#7203=LINE('',#18076,#8263);
#7204=LINE('',#18080,#8264);
#7205=LINE('',#18084,#8265);
#7206=LINE('',#18088,#8266);
#7207=LINE('',#18092,#8267);
#7208=LINE('',#18096,#8268);
#7209=LINE('',#18100,#8269);
#7210=LINE('',#18104,#8270);
#7211=LINE('',#18108,#8271);
#7212=LINE('',#18112,#8272);
#7213=LINE('',#18116,#8273);
#7214=LINE('',#18120,#8274);
#7215=LINE('',#18124,#8275);
#7216=LINE('',#18128,#8276);
#7217=LINE('',#18132,#8277);
#7218=LINE('',#18136,#8278);
#7219=LINE('',#18140,#8279);
#7220=LINE('',#18144,#8280);
#7221=LINE('',#18148,#8281);
#7222=LINE('',#18152,#8282);
#7223=LINE('',#18154,#8283);
#7224=LINE('',#18155,#8284);
#7225=LINE('',#18157,#8285);
#7226=LINE('',#18159,#8286);
#7227=LINE('',#18162,#8287);
#7228=LINE('',#18163,#8288);
#7229=LINE('',#18165,#8289);
#7230=LINE('',#18167,#8290);
#7231=LINE('',#18170,#8291);
#7232=LINE('',#18171,#8292);
#7233=LINE('',#18173,#8293);
#7234=LINE('',#18175,#8294);
#7235=LINE('',#18178,#8295);
#7236=LINE('',#18179,#8296);
#7237=LINE('',#18181,#8297);
#7238=LINE('',#18183,#8298);
#7239=LINE('',#18186,#8299);
#7240=LINE('',#18187,#8300);
#7241=LINE('',#18189,#8301);
#7242=LINE('',#18191,#8302);
#7243=LINE('',#18194,#8303);
#7244=LINE('',#18195,#8304);
#7245=LINE('',#18197,#8305);
#7246=LINE('',#18199,#8306);
#7247=LINE('',#18202,#8307);
#7248=LINE('',#18203,#8308);
#7249=LINE('',#18205,#8309);
#7250=LINE('',#18207,#8310);
#7251=LINE('',#18210,#8311);
#7252=LINE('',#18211,#8312);
#7253=LINE('',#18213,#8313);
#7254=LINE('',#18215,#8314);
#7255=LINE('',#18218,#8315);
#7256=LINE('',#18219,#8316);
#7257=LINE('',#18221,#8317);
#7258=LINE('',#18223,#8318);
#7259=LINE('',#18226,#8319);
#7260=LINE('',#18227,#8320);
#7261=LINE('',#18229,#8321);
#7262=LINE('',#18231,#8322);
#7263=LINE('',#18234,#8323);
#7264=LINE('',#18235,#8324);
#7265=LINE('',#18237,#8325);
#7266=LINE('',#18239,#8326);
#7267=LINE('',#18242,#8327);
#7268=LINE('',#18243,#8328);
#7269=LINE('',#18245,#8329);
#7270=LINE('',#18247,#8330);
#7271=LINE('',#18250,#8331);
#7272=LINE('',#18251,#8332);
#7273=LINE('',#18253,#8333);
#7274=LINE('',#18255,#8334);
#7275=LINE('',#18258,#8335);
#7276=LINE('',#18259,#8336);
#7277=LINE('',#18261,#8337);
#7278=LINE('',#18263,#8338);
#7279=LINE('',#18266,#8339);
#7280=LINE('',#18267,#8340);
#7281=LINE('',#18269,#8341);
#7282=LINE('',#18271,#8342);
#7283=LINE('',#18274,#8343);
#7284=LINE('',#18275,#8344);
#7285=LINE('',#18277,#8345);
#7286=LINE('',#18279,#8346);
#7287=LINE('',#18282,#8347);
#7288=LINE('',#18283,#8348);
#7289=LINE('',#18285,#8349);
#7290=LINE('',#18287,#8350);
#7291=LINE('',#18290,#8351);
#7292=LINE('',#18291,#8352);
#7293=LINE('',#18293,#8353);
#7294=LINE('',#18295,#8354);
#7295=LINE('',#18298,#8355);
#7296=LINE('',#18299,#8356);
#7297=LINE('',#18301,#8357);
#7298=LINE('',#18303,#8358);
#7299=LINE('',#18306,#8359);
#7300=LINE('',#18307,#8360);
#7301=LINE('',#18309,#8361);
#7302=LINE('',#18311,#8362);
#7303=LINE('',#18314,#8363);
#7304=LINE('',#18315,#8364);
#7305=LINE('',#18317,#8365);
#7306=LINE('',#18319,#8366);
#7307=LINE('',#18322,#8367);
#7308=LINE('',#18323,#8368);
#7309=LINE('',#18325,#8369);
#7310=LINE('',#18327,#8370);
#7311=LINE('',#18331,#8371);
#7312=LINE('',#18334,#8372);
#7313=LINE('',#18336,#8373);
#7314=LINE('',#18338,#8374);
#7315=LINE('',#18340,#8375);
#7316=LINE('',#18343,#8376);
#7317=LINE('',#18345,#8377);
#7318=LINE('',#18347,#8378);
#7319=LINE('',#18349,#8379);
#7320=LINE('',#18351,#8380);
#7321=LINE('',#18353,#8381);
#7322=LINE('',#18355,#8382);
#7323=LINE('',#18358,#8383);
#7324=LINE('',#18360,#8384);
#7325=LINE('',#18362,#8385);
#7326=LINE('',#18364,#8386);
#7327=LINE('',#18366,#8387);
#7328=LINE('',#18368,#8388);
#7329=LINE('',#18370,#8389);
#7330=LINE('',#18372,#8390);
#7331=LINE('',#18373,#8391);
#7332=LINE('',#18375,#8392);
#7333=LINE('',#18377,#8393);
#7334=LINE('',#18378,#8394);
#7335=LINE('',#18380,#8395);
#7336=LINE('',#18382,#8396);
#7337=LINE('',#18384,#8397);
#7338=LINE('',#18385,#8398);
#7339=LINE('',#18387,#8399);
#7340=LINE('',#18388,#8400);
#7341=LINE('',#18390,#8401);
#7342=LINE('',#18392,#8402);
#7343=LINE('',#18394,#8403);
#7344=LINE('',#18397,#8404);
#7345=LINE('',#18400,#8405);
#7346=LINE('',#18402,#8406);
#7347=LINE('',#18406,#8407);
#7348=LINE('',#18411,#8408);
#7349=LINE('',#18413,#8409);
#7350=LINE('',#18417,#8410);
#7351=LINE('',#18419,#8411);
#7352=LINE('',#18423,#8412);
#7353=LINE('',#18425,#8413);
#7354=LINE('',#18429,#8414);
#7355=LINE('',#18431,#8415);
#7356=LINE('',#18435,#8416);
#7357=LINE('',#18439,#8417);
#7358=LINE('',#18443,#8418);
#7359=LINE('',#18445,#8419);
#7360=LINE('',#18448,#8420);
#7361=LINE('',#18450,#8421);
#7362=LINE('',#18452,#8422);
#7363=LINE('',#18454,#8423);
#7364=LINE('',#18460,#8424);
#7365=LINE('',#18463,#8425);
#7366=LINE('',#18464,#8426);
#7367=LINE('',#18469,#8427);
#7368=LINE('',#18471,#8428);
#7369=LINE('',#18475,#8429);
#7370=LINE('',#18477,#8430);
#7371=LINE('',#18481,#8431);
#7372=LINE('',#18483,#8432);
#7373=LINE('',#18487,#8433);
#7374=LINE('',#18489,#8434);
#7375=LINE('',#18493,#8435);
#7376=LINE('',#18495,#8436);
#7377=LINE('',#18497,#8437);
#7378=LINE('',#18501,#8438);
#7379=LINE('',#18503,#8439);
#7380=LINE('',#18505,#8440);
#7381=LINE('',#18509,#8441);
#7382=LINE('',#18511,#8442);
#7383=LINE('',#18514,#8443);
#7384=LINE('',#18517,#8444);
#7385=LINE('',#18519,#8445);
#7386=LINE('',#18521,#8446);
#7387=LINE('',#18523,#8447);
#7388=LINE('',#18526,#8448);
#7389=LINE('',#18527,#8449);
#7390=LINE('',#18529,#8450);
#7391=LINE('',#18535,#8451);
#7392=LINE('',#18538,#8452);
#7393=LINE('',#18539,#8453);
#7394=LINE('',#18541,#8454);
#7395=LINE('',#18544,#8455);
#7396=LINE('',#18545,#8456);
#7397=LINE('',#18547,#8457);
#7398=LINE('',#18553,#8458);
#7399=LINE('',#18556,#8459);
#7400=LINE('',#18557,#8460);
#7401=LINE('',#18559,#8461);
#7402=LINE('',#18562,#8462);
#7403=LINE('',#18563,#8463);
#7404=LINE('',#18565,#8464);
#7405=LINE('',#18571,#8465);
#7406=LINE('',#18572,#8466);
#7407=LINE('',#18574,#8467);
#7408=LINE('',#18577,#8468);
#7409=LINE('',#18578,#8469);
#7410=LINE('',#18647,#8470);
#7411=LINE('',#18651,#8471);
#7412=LINE('',#18656,#8472);
#7413=LINE('',#18660,#8473);
#7414=LINE('',#18665,#8474);
#7415=LINE('',#18669,#8475);
#7416=LINE('',#18671,#8476);
#7417=LINE('',#18674,#8477);
#7418=LINE('',#18676,#8478);
#7419=LINE('',#18678,#8479);
#7420=LINE('',#18680,#8480);
#7421=LINE('',#18681,#8481);
#7422=LINE('',#18683,#8482);
#7423=LINE('',#18686,#8483);
#7424=LINE('',#18687,#8484);
#7425=LINE('',#18688,#8485);
#7426=LINE('',#18690,#8486);
#7427=LINE('',#18692,#8487);
#7428=LINE('',#18694,#8488);
#7429=LINE('',#18696,#8489);
#7430=LINE('',#18698,#8490);
#7431=LINE('',#18701,#8491);
#7432=LINE('',#18702,#8492);
#7433=LINE('',#18703,#8493);
#7434=LINE('',#18705,#8494);
#7435=LINE('',#18707,#8495);
#7436=LINE('',#19132,#8496);
#7437=LINE('',#19136,#8497);
#7438=LINE('',#19162,#8498);
#7439=LINE('',#19164,#8499);
#7440=LINE('',#19166,#8500);
#7441=LINE('',#19168,#8501);
#7442=LINE('',#19178,#8502);
#7443=LINE('',#19182,#8503);
#7444=LINE('',#19183,#8504);
#7445=LINE('',#19187,#8505);
#7446=LINE('',#19188,#8506);
#7447=LINE('',#19192,#8507);
#7448=LINE('',#19194,#8508);
#7449=LINE('',#19195,#8509);
#7450=LINE('',#19199,#8510);
#7451=LINE('',#19203,#8511);
#7452=LINE('',#19205,#8512);
#7453=LINE('',#19209,#8513);
#7454=LINE('',#19211,#8514);
#7455=LINE('',#19213,#8515);
#7456=LINE('',#19215,#8516);
#7457=LINE('',#19218,#8517);
#7458=LINE('',#19220,#8518);
#7459=LINE('',#19224,#8519);
#7460=LINE('',#19226,#8520);
#7461=LINE('',#19231,#8521);
#7462=LINE('',#19233,#8522);
#7463=LINE('',#19237,#8523);
#7464=LINE('',#19239,#8524);
#7465=LINE('',#19244,#8525);
#7466=LINE('',#19248,#8526);
#7467=LINE('',#19250,#8527);
#7468=LINE('',#19252,#8528);
#7469=LINE('',#19262,#8529);
#7470=LINE('',#19265,#8530);
#7471=LINE('',#19267,#8531);
#7472=LINE('',#19269,#8532);
#7473=LINE('',#19271,#8533);
#7474=LINE('',#19277,#8534);
#7475=LINE('',#19280,#8535);
#7476=LINE('',#19281,#8536);
#7477=LINE('',#19283,#8537);
#7478=LINE('',#19289,#8538);
#7479=LINE('',#19292,#8539);
#7480=LINE('',#19293,#8540);
#7481=LINE('',#19295,#8541);
#7482=LINE('',#19301,#8542);
#7483=LINE('',#19304,#8543);
#7484=LINE('',#19305,#8544);
#7485=LINE('',#19307,#8545);
#7486=LINE('',#19312,#8546);
#7487=LINE('',#19316,#8547);
#7488=LINE('',#19319,#8548);
#7489=LINE('',#19320,#8549);
#7490=LINE('',#19322,#8550);
#7491=LINE('',#19328,#8551);
#7492=LINE('',#19331,#8552);
#7493=LINE('',#19332,#8553);
#7494=LINE('',#19334,#8554);
#7495=LINE('',#19340,#8555);
#7496=LINE('',#19343,#8556);
#7497=LINE('',#19344,#8557);
#7498=LINE('',#19346,#8558);
#7499=LINE('',#19352,#8559);
#7500=LINE('',#19353,#8560);
#7501=LINE('',#19358,#8561);
#7502=LINE('',#19363,#8562);
#7503=LINE('',#19367,#8563);
#7504=LINE('',#19371,#8564);
#7505=LINE('',#19377,#8565);
#7506=LINE('',#19381,#8566);
#7507=LINE('',#19385,#8567);
#7508=LINE('',#19389,#8568);
#7509=LINE('',#19425,#8569);
#7510=LINE('',#19428,#8570);
#7511=LINE('',#19430,#8571);
#7512=LINE('',#19432,#8572);
#7513=LINE('',#19434,#8573);
#7514=LINE('',#19437,#8574);
#7515=LINE('',#19438,#8575);
#7516=LINE('',#19440,#8576);
#7517=LINE('',#19443,#8577);
#7518=LINE('',#19444,#8578);
#7519=LINE('',#19446,#8579);
#7520=LINE('',#19449,#8580);
#7521=LINE('',#19451,#8581);
#7522=LINE('',#19453,#8582);
#7523=LINE('',#19455,#8583);
#7524=LINE('',#19457,#8584);
#7525=LINE('',#19459,#8585);
#7526=LINE('',#19461,#8586);
#7527=LINE('',#19463,#8587);
#7528=LINE('',#19465,#8588);
#7529=LINE('',#19467,#8589);
#7530=LINE('',#19468,#8590);
#7531=LINE('',#19470,#8591);
#7532=LINE('',#19471,#8592);
#7533=LINE('',#19473,#8593);
#7534=LINE('',#19476,#8594);
#7535=LINE('',#19478,#8595);
#7536=LINE('',#19480,#8596);
#7537=LINE('',#19483,#8597);
#7538=LINE('',#19484,#8598);
#7539=LINE('',#19486,#8599);
#7540=LINE('',#19488,#8600);
#7541=LINE('',#19492,#8601);
#7542=LINE('',#19495,#8602);
#7543=LINE('',#19497,#8603);
#7544=LINE('',#19499,#8604);
#7545=LINE('',#19501,#8605);
#7546=LINE('',#19503,#8606);
#7547=LINE('',#19507,#8607);
#7548=LINE('',#19511,#8608);
#7549=LINE('',#19514,#8609);
#7550=LINE('',#19515,#8610);
#7551=LINE('',#19517,#8611);
#7552=LINE('',#19522,#8612);
#7553=LINE('',#19524,#8613);
#7554=LINE('',#19526,#8614);
#7555=LINE('',#19530,#8615);
#7556=LINE('',#19533,#8616);
#7557=LINE('',#19534,#8617);
#7558=LINE('',#19536,#8618);
#7559=LINE('',#19539,#8619);
#7560=LINE('',#19540,#8620);
#7561=LINE('',#19542,#8621);
#7562=LINE('',#19543,#8622);
#7563=LINE('',#19545,#8623);
#7564=LINE('',#19546,#8624);
#7565=LINE('',#19548,#8625);
#7566=LINE('',#19551,#8626);
#7567=LINE('',#19552,#8627);
#7568=LINE('',#19553,#8628);
#7569=LINE('',#19555,#8629);
#7570=LINE('',#19557,#8630);
#7571=LINE('',#19571,#8631);
#7572=LINE('',#19574,#8632);
#7573=LINE('',#19576,#8633);
#7574=LINE('',#19578,#8634);
#7575=LINE('',#19579,#8635);
#7576=LINE('',#19584,#8636);
#7577=LINE('',#19587,#8637);
#7578=LINE('',#19592,#8638);
#7579=LINE('',#19595,#8639);
#7580=LINE('',#19600,#8640);
#7581=LINE('',#19603,#8641);
#7582=LINE('',#19608,#8642);
#7583=LINE('',#19611,#8643);
#7584=LINE('',#19616,#8644);
#7585=LINE('',#19619,#8645);
#7586=LINE('',#19624,#8646);
#7587=LINE('',#19627,#8647);
#7588=LINE('',#19632,#8648);
#7589=LINE('',#19635,#8649);
#7590=LINE('',#19640,#8650);
#7591=LINE('',#19643,#8651);
#7592=LINE('',#19648,#8652);
#7593=LINE('',#19651,#8653);
#7594=LINE('',#19656,#8654);
#7595=LINE('',#19659,#8655);
#7596=LINE('',#19664,#8656);
#7597=LINE('',#19667,#8657);
#7598=LINE('',#19672,#8658);
#7599=LINE('',#19675,#8659);
#7600=LINE('',#19680,#8660);
#7601=LINE('',#19683,#8661);
#7602=LINE('',#19688,#8662);
#7603=LINE('',#19691,#8663);
#7604=LINE('',#19696,#8664);
#7605=LINE('',#19699,#8665);
#7606=LINE('',#19704,#8666);
#7607=LINE('',#19707,#8667);
#7608=LINE('',#19712,#8668);
#7609=LINE('',#19715,#8669);
#7610=LINE('',#19720,#8670);
#7611=LINE('',#19723,#8671);
#7612=LINE('',#19728,#8672);
#7613=LINE('',#19731,#8673);
#7614=LINE('',#19736,#8674);
#7615=LINE('',#19739,#8675);
#7616=LINE('',#19744,#8676);
#7617=LINE('',#19751,#8677);
#7618=LINE('',#19755,#8678);
#7619=LINE('',#19759,#8679);
#7620=LINE('',#19763,#8680);
#7621=LINE('',#19767,#8681);
#7622=LINE('',#19771,#8682);
#7623=LINE('',#19775,#8683);
#7624=LINE('',#19779,#8684);
#7625=LINE('',#19783,#8685);
#7626=LINE('',#19787,#8686);
#7627=LINE('',#19791,#8687);
#7628=LINE('',#19795,#8688);
#7629=LINE('',#19799,#8689);
#7630=LINE('',#19803,#8690);
#7631=LINE('',#19807,#8691);
#7632=LINE('',#19811,#8692);
#7633=LINE('',#19815,#8693);
#7634=LINE('',#19819,#8694);
#7635=LINE('',#19823,#8695);
#7636=LINE('',#19827,#8696);
#7637=LINE('',#19828,#8697);
#7638=LINE('',#19831,#8698);
#7639=LINE('',#19833,#8699);
#7640=LINE('',#19835,#8700);
#7641=LINE('',#19839,#8701);
#7642=LINE('',#19843,#8702);
#7643=LINE('',#19847,#8703);
#7644=LINE('',#19851,#8704);
#7645=LINE('',#19855,#8705);
#7646=LINE('',#19859,#8706);
#7647=LINE('',#19863,#8707);
#7648=LINE('',#19867,#8708);
#7649=LINE('',#19871,#8709);
#7650=LINE('',#19875,#8710);
#7651=LINE('',#19879,#8711);
#7652=LINE('',#19883,#8712);
#7653=LINE('',#19887,#8713);
#7654=LINE('',#19891,#8714);
#7655=LINE('',#19895,#8715);
#7656=LINE('',#19899,#8716);
#7657=LINE('',#19903,#8717);
#7658=LINE('',#19907,#8718);
#7659=LINE('',#19911,#8719);
#7660=LINE('',#19915,#8720);
#7661=LINE('',#19919,#8721);
#7662=LINE('',#19923,#8722);
#7663=LINE('',#19925,#8723);
#7664=LINE('',#19926,#8724);
#7665=LINE('',#19928,#8725);
#7666=LINE('',#19930,#8726);
#7667=LINE('',#19933,#8727);
#7668=LINE('',#19934,#8728);
#7669=LINE('',#19936,#8729);
#7670=LINE('',#19938,#8730);
#7671=LINE('',#19941,#8731);
#7672=LINE('',#19942,#8732);
#7673=LINE('',#19944,#8733);
#7674=LINE('',#19946,#8734);
#7675=LINE('',#19949,#8735);
#7676=LINE('',#19950,#8736);
#7677=LINE('',#19952,#8737);
#7678=LINE('',#19954,#8738);
#7679=LINE('',#19957,#8739);
#7680=LINE('',#19958,#8740);
#7681=LINE('',#19960,#8741);
#7682=LINE('',#19962,#8742);
#7683=LINE('',#19965,#8743);
#7684=LINE('',#19966,#8744);
#7685=LINE('',#19968,#8745);
#7686=LINE('',#19970,#8746);
#7687=LINE('',#19973,#8747);
#7688=LINE('',#19974,#8748);
#7689=LINE('',#19976,#8749);
#7690=LINE('',#19978,#8750);
#7691=LINE('',#19981,#8751);
#7692=LINE('',#19982,#8752);
#7693=LINE('',#19984,#8753);
#7694=LINE('',#19986,#8754);
#7695=LINE('',#19989,#8755);
#7696=LINE('',#19990,#8756);
#7697=LINE('',#19992,#8757);
#7698=LINE('',#19994,#8758);
#7699=LINE('',#19997,#8759);
#7700=LINE('',#19998,#8760);
#7701=LINE('',#20000,#8761);
#7702=LINE('',#20002,#8762);
#7703=LINE('',#20005,#8763);
#7704=LINE('',#20006,#8764);
#7705=LINE('',#20008,#8765);
#7706=LINE('',#20010,#8766);
#7707=LINE('',#20013,#8767);
#7708=LINE('',#20014,#8768);
#7709=LINE('',#20016,#8769);
#7710=LINE('',#20018,#8770);
#7711=LINE('',#20021,#8771);
#7712=LINE('',#20022,#8772);
#7713=LINE('',#20024,#8773);
#7714=LINE('',#20026,#8774);
#7715=LINE('',#20029,#8775);
#7716=LINE('',#20030,#8776);
#7717=LINE('',#20032,#8777);
#7718=LINE('',#20034,#8778);
#7719=LINE('',#20037,#8779);
#7720=LINE('',#20038,#8780);
#7721=LINE('',#20040,#8781);
#7722=LINE('',#20042,#8782);
#7723=LINE('',#20045,#8783);
#7724=LINE('',#20046,#8784);
#7725=LINE('',#20048,#8785);
#7726=LINE('',#20050,#8786);
#7727=LINE('',#20053,#8787);
#7728=LINE('',#20054,#8788);
#7729=LINE('',#20056,#8789);
#7730=LINE('',#20058,#8790);
#7731=LINE('',#20061,#8791);
#7732=LINE('',#20062,#8792);
#7733=LINE('',#20064,#8793);
#7734=LINE('',#20066,#8794);
#7735=LINE('',#20069,#8795);
#7736=LINE('',#20070,#8796);
#7737=LINE('',#20072,#8797);
#7738=LINE('',#20074,#8798);
#7739=LINE('',#20077,#8799);
#7740=LINE('',#20078,#8800);
#7741=LINE('',#20080,#8801);
#7742=LINE('',#20082,#8802);
#7743=LINE('',#20085,#8803);
#7744=LINE('',#20086,#8804);
#7745=LINE('',#20088,#8805);
#7746=LINE('',#20090,#8806);
#7747=LINE('',#20093,#8807);
#7748=LINE('',#20094,#8808);
#7749=LINE('',#20096,#8809);
#7750=LINE('',#20098,#8810);
#7751=LINE('',#20126,#8811);
#7752=LINE('',#20130,#8812);
#7753=LINE('',#20132,#8813);
#7754=LINE('',#20136,#8814);
#7755=LINE('',#20138,#8815);
#7756=LINE('',#20140,#8816);
#7757=LINE('',#20142,#8817);
#7758=LINE('',#20146,#8818);
#7759=LINE('',#20150,#8819);
#7760=LINE('',#20153,#8820);
#7761=LINE('',#20155,#8821);
#7762=LINE('',#20157,#8822);
#7763=LINE('',#20159,#8823);
#7764=LINE('',#20161,#8824);
#7765=LINE('',#20163,#8825);
#7766=LINE('',#20165,#8826);
#7767=LINE('',#20167,#8827);
#7768=LINE('',#20169,#8828);
#7769=LINE('',#20191,#8829);
#7770=LINE('',#20192,#8830);
#7771=LINE('',#20194,#8831);
#7772=LINE('',#20197,#8832);
#7773=LINE('',#20199,#8833);
#7774=LINE('',#20201,#8834);
#7775=LINE('',#20202,#8835);
#7776=LINE('',#20205,#8836);
#7777=LINE('',#20207,#8837);
#7778=LINE('',#20209,#8838);
#7779=LINE('',#20211,#8839);
#7780=LINE('',#20213,#8840);
#7781=LINE('',#20215,#8841);
#7782=LINE('',#20217,#8842);
#7783=LINE('',#20219,#8843);
#7784=LINE('',#20221,#8844);
#7785=LINE('',#20223,#8845);
#7786=LINE('',#20225,#8846);
#7787=LINE('',#20227,#8847);
#7788=LINE('',#20230,#8848);
#7789=LINE('',#20232,#8849);
#7790=LINE('',#20234,#8850);
#7791=LINE('',#20236,#8851);
#7792=LINE('',#20238,#8852);
#7793=LINE('',#20240,#8853);
#7794=LINE('',#20242,#8854);
#7795=LINE('',#20244,#8855);
#7796=LINE('',#20246,#8856);
#7797=LINE('',#20248,#8857);
#7798=LINE('',#20250,#8858);
#7799=LINE('',#20253,#8859);
#7800=LINE('',#20254,#8860);
#7801=LINE('',#20256,#8861);
#7802=LINE('',#20258,#8862);
#7803=LINE('',#20262,#8863);
#7804=LINE('',#20265,#8864);
#7805=LINE('',#20267,#8865);
#7806=LINE('',#20269,#8866);
#7807=LINE('',#20270,#8867);
#7808=LINE('',#20273,#8868);
#7809=LINE('',#20275,#8869);
#7810=LINE('',#20277,#8870);
#7811=LINE('',#20279,#8871);
#7812=LINE('',#20281,#8872);
#7813=LINE('',#20282,#8873);
#7814=LINE('',#20285,#8874);
#7815=LINE('',#20287,#8875);
#7816=LINE('',#20289,#8876);
#7817=LINE('',#20290,#8877);
#7818=LINE('',#20293,#8878);
#7819=LINE('',#20295,#8879);
#7820=LINE('',#20297,#8880);
#7821=LINE('',#20301,#8881);
#7822=LINE('',#20304,#8882);
#7823=LINE('',#20306,#8883);
#7824=LINE('',#20308,#8884);
#7825=LINE('',#20310,#8885);
#7826=LINE('',#20312,#8886);
#7827=LINE('',#20314,#8887);
#7828=LINE('',#20316,#8888);
#7829=LINE('',#20318,#8889);
#7830=LINE('',#20320,#8890);
#7831=LINE('',#20322,#8891);
#7832=LINE('',#20324,#8892);
#7833=LINE('',#20326,#8893);
#7834=LINE('',#20328,#8894);
#7835=LINE('',#20330,#8895);
#7836=LINE('',#20332,#8896);
#7837=LINE('',#20334,#8897);
#7838=LINE('',#20336,#8898);
#7839=LINE('',#20338,#8899);
#7840=LINE('',#20340,#8900);
#7841=LINE('',#20342,#8901);
#7842=LINE('',#20345,#8902);
#7843=LINE('',#20346,#8903);
#7844=LINE('',#20353,#8904);
#7845=LINE('',#20356,#8905);
#7846=LINE('',#20358,#8906);
#7847=LINE('',#20360,#8907);
#7848=LINE('',#20361,#8908);
#7849=LINE('',#20363,#8909);
#7850=LINE('',#20365,#8910);
#7851=LINE('',#20366,#8911);
#7852=LINE('',#20368,#8912);
#7853=LINE('',#20370,#8913);
#7854=LINE('',#20372,#8914);
#7855=LINE('',#20374,#8915);
#7856=LINE('',#20376,#8916);
#7857=LINE('',#20378,#8917);
#7858=LINE('',#20380,#8918);
#7859=LINE('',#20382,#8919);
#7860=LINE('',#20384,#8920);
#7861=LINE('',#20385,#8921);
#7862=LINE('',#20387,#8922);
#7863=LINE('',#20389,#8923);
#7864=LINE('',#20391,#8924);
#7865=LINE('',#20394,#8925);
#7866=LINE('',#20396,#8926);
#7867=LINE('',#20398,#8927);
#7868=LINE('',#20400,#8928);
#7869=LINE('',#20402,#8929);
#7870=LINE('',#20404,#8930);
#7871=LINE('',#20406,#8931);
#7872=LINE('',#20408,#8932);
#7873=LINE('',#20410,#8933);
#7874=LINE('',#20412,#8934);
#7875=LINE('',#20414,#8935);
#7876=LINE('',#20416,#8936);
#7877=LINE('',#20418,#8937);
#7878=LINE('',#20420,#8938);
#7879=LINE('',#20422,#8939);
#7880=LINE('',#20423,#8940);
#7881=LINE('',#20425,#8941);
#7882=LINE('',#20427,#8942);
#7883=LINE('',#20429,#8943);
#7884=LINE('',#20431,#8944);
#7885=LINE('',#20433,#8945);
#7886=LINE('',#20434,#8946);
#7887=LINE('',#20436,#8947);
#7888=LINE('',#20437,#8948);
#7889=LINE('',#20439,#8949);
#7890=LINE('',#20441,#8950);
#7891=LINE('',#20445,#8951);
#7892=LINE('',#20448,#8952);
#7893=LINE('',#20450,#8953);
#7894=LINE('',#20452,#8954);
#7895=LINE('',#20453,#8955);
#7896=LINE('',#20455,#8956);
#7897=LINE('',#20457,#8957);
#7898=LINE('',#20459,#8958);
#7899=LINE('',#20460,#8959);
#7900=LINE('',#20462,#8960);
#7901=LINE('',#20464,#8961);
#7902=LINE('',#20465,#8962);
#7903=LINE('',#20467,#8963);
#7904=LINE('',#20469,#8964);
#7905=LINE('',#20471,#8965);
#7906=LINE('',#20473,#8966);
#7907=LINE('',#20475,#8967);
#7908=LINE('',#20476,#8968);
#7909=LINE('',#20477,#8969);
#7910=LINE('',#20479,#8970);
#7911=LINE('',#20481,#8971);
#7912=LINE('',#20483,#8972);
#7913=LINE('',#20485,#8973);
#7914=LINE('',#20487,#8974);
#7915=LINE('',#20491,#8975);
#7916=LINE('',#20493,#8976);
#7917=LINE('',#20495,#8977);
#7918=LINE('',#20496,#8978);
#7919=LINE('',#20499,#8979);
#7920=LINE('',#20500,#8980);
#7921=LINE('',#20502,#8981);
#7922=LINE('',#20504,#8982);
#7923=LINE('',#20509,#8983);
#7924=LINE('',#20512,#8984);
#7925=LINE('',#20514,#8985);
#7926=LINE('',#20516,#8986);
#7927=LINE('',#20518,#8987);
#7928=LINE('',#20520,#8988);
#7929=LINE('',#20523,#8989);
#7930=LINE('',#20525,#8990);
#7931=LINE('',#20527,#8991);
#7932=LINE('',#20529,#8992);
#7933=LINE('',#20531,#8993);
#7934=LINE('',#20534,#8994);
#7935=LINE('',#20536,#8995);
#7936=LINE('',#20538,#8996);
#7937=LINE('',#20540,#8997);
#7938=LINE('',#20542,#8998);
#7939=LINE('',#20545,#8999);
#7940=LINE('',#20546,#9000);
#7941=LINE('',#20547,#9001);
#7942=LINE('',#20549,#9002);
#7943=LINE('',#20550,#9003);
#7944=LINE('',#20555,#9004);
#7945=LINE('',#20557,#9005);
#7946=LINE('',#20562,#9006);
#7947=LINE('',#20565,#9007);
#7948=LINE('',#20567,#9008);
#7949=LINE('',#20569,#9009);
#7950=LINE('',#20571,#9010);
#7951=LINE('',#20573,#9011);
#7952=LINE('',#20575,#9012);
#7953=LINE('',#20577,#9013);
#7954=LINE('',#20579,#9014);
#7955=LINE('',#20581,#9015);
#7956=LINE('',#20583,#9016);
#7957=LINE('',#20585,#9017);
#7958=LINE('',#20587,#9018);
#7959=LINE('',#20589,#9019);
#7960=LINE('',#20591,#9020);
#7961=LINE('',#20595,#9021);
#7962=LINE('',#20597,#9022);
#7963=LINE('',#20599,#9023);
#7964=LINE('',#20603,#9024);
#7965=LINE('',#20604,#9025);
#7966=LINE('',#20609,#9026);
#7967=LINE('',#20610,#9027);
#7968=LINE('',#20612,#9028);
#7969=LINE('',#20614,#9029);
#7970=LINE('',#20616,#9030);
#7971=LINE('',#20618,#9031);
#7972=LINE('',#20620,#9032);
#7973=LINE('',#20622,#9033);
#7974=LINE('',#20623,#9034);
#7975=LINE('',#20627,#9035);
#7976=LINE('',#20629,#9036);
#7977=LINE('',#20631,#9037);
#7978=LINE('',#20633,#9038);
#7979=LINE('',#20635,#9039);
#7980=LINE('',#20637,#9040);
#7981=LINE('',#20638,#9041);
#7982=LINE('',#20640,#9042);
#7983=LINE('',#20641,#9043);
#7984=LINE('',#20682,#9044);
#7985=LINE('',#20685,#9045);
#7986=LINE('',#20687,#9046);
#7987=LINE('',#20689,#9047);
#7988=LINE('',#20691,#9048);
#7989=LINE('',#20694,#9049);
#7990=LINE('',#20696,#9050);
#7991=LINE('',#20698,#9051);
#7992=LINE('',#20700,#9052);
#7993=LINE('',#20705,#9053);
#7994=LINE('',#20709,#9054);
#7995=LINE('',#20713,#9055);
#7996=LINE('',#20716,#9056);
#7997=LINE('',#20719,#9057);
#7998=LINE('',#20721,#9058);
#7999=LINE('',#20723,#9059);
#8000=LINE('',#20725,#9060);
#8001=LINE('',#20728,#9061);
#8002=LINE('',#20730,#9062);
#8003=LINE('',#20732,#9063);
#8004=LINE('',#20734,#9064);
#8005=LINE('',#20737,#9065);
#8006=LINE('',#20739,#9066);
#8007=LINE('',#20741,#9067);
#8008=LINE('',#20742,#9068);
#8009=LINE('',#20745,#9069);
#8010=LINE('',#20747,#9070);
#8011=LINE('',#20749,#9071);
#8012=LINE('',#20761,#9072);
#8013=LINE('',#20765,#9073);
#8014=LINE('',#20769,#9074);
#8015=LINE('',#20773,#9075);
#8016=LINE('',#20777,#9076);
#8017=LINE('',#20779,#9077);
#8018=LINE('',#20781,#9078);
#8019=LINE('',#20783,#9079);
#8020=LINE('',#20785,#9080);
#8021=LINE('',#20787,#9081);
#8022=LINE('',#20790,#9082);
#8023=LINE('',#20792,#9083);
#8024=LINE('',#20794,#9084);
#8025=LINE('',#20796,#9085);
#8026=LINE('',#20797,#9086);
#8027=LINE('',#20807,#9087);
#8028=LINE('',#20808,#9088);
#8029=LINE('',#20810,#9089);
#8030=LINE('',#20812,#9090);
#8031=LINE('',#20816,#9091);
#8032=LINE('',#20820,#9092);
#8033=LINE('',#20824,#9093);
#8034=LINE('',#20828,#9094);
#8035=LINE('',#20830,#9095);
#8036=LINE('',#20831,#9096);
#8037=LINE('',#20833,#9097);
#8038=LINE('',#20834,#9098);
#8039=LINE('',#20835,#9099);
#8040=LINE('',#20837,#9100);
#8041=LINE('',#20839,#9101);
#8042=LINE('',#20840,#9102);
#8043=LINE('',#20843,#9103);
#8044=LINE('',#20845,#9104);
#8045=LINE('',#20847,#9105);
#8046=LINE('',#20852,#9106);
#8047=LINE('',#20856,#9107);
#8048=LINE('',#20860,#9108);
#8049=LINE('',#20864,#9109);
#8050=LINE('',#20865,#9110);
#8051=LINE('',#20867,#9111);
#8052=LINE('',#20869,#9112);
#8053=LINE('',#20871,#9113);
#8054=LINE('',#20877,#9114);
#8055=LINE('',#20879,#9115);
#8056=LINE('',#20883,#9116);
#8057=LINE('',#20885,#9117);
#8058=LINE('',#20892,#9118);
#8059=LINE('',#20894,#9119);
#8060=LINE('',#20895,#9120);
#8061=LINE('',#20897,#9121);
#8062=LINE('',#20901,#9122);
#8063=LINE('',#20903,#9123);
#8064=LINE('',#20904,#9124);
#8065=LINE('',#20906,#9125);
#8066=LINE('',#20908,#9126);
#8067=LINE('',#20910,#9127);
#8068=LINE('',#20912,#9128);
#8069=LINE('',#20914,#9129);
#8070=LINE('',#20916,#9130);
#8071=LINE('',#20920,#9131);
#8072=LINE('',#20921,#9132);
#8073=LINE('',#20923,#9133);
#8074=LINE('',#20924,#9134);
#8075=LINE('',#20928,#9135);
#8076=LINE('',#20929,#9136);
#8077=LINE('',#20932,#9137);
#8078=LINE('',#20933,#9138);
#8079=LINE('',#20936,#9139);
#8080=LINE('',#20938,#9140);
#8081=LINE('',#20940,#9141);
#8082=LINE('',#20941,#9142);
#8083=LINE('',#20943,#9143);
#8084=LINE('',#20965,#9144);
#8085=LINE('',#20969,#9145);
#8086=LINE('',#20971,#9146);
#8087=LINE('',#20975,#9147);
#8088=LINE('',#20978,#9148);
#8089=LINE('',#20980,#9149);
#8090=LINE('',#20982,#9150);
#8091=LINE('',#20984,#9151);
#8092=LINE('',#20987,#9152);
#8093=LINE('',#20988,#9153);
#8094=LINE('',#20990,#9154);
#8095=LINE('',#20993,#9155);
#8096=LINE('',#20994,#9156);
#8097=LINE('',#20996,#9157);
#8098=LINE('',#20999,#9158);
#8099=LINE('',#21001,#9159);
#8100=LINE('',#21003,#9160);
#8101=LINE('',#21005,#9161);
#8102=LINE('',#21007,#9162);
#8103=LINE('',#21009,#9163);
#8104=LINE('',#21011,#9164);
#8105=LINE('',#21013,#9165);
#8106=LINE('',#21015,#9166);
#8107=LINE('',#21017,#9167);
#8108=LINE('',#21018,#9168);
#8109=LINE('',#21020,#9169);
#8110=LINE('',#21021,#9170);
#8111=LINE('',#21023,#9171);
#8112=LINE('',#21026,#9172);
#8113=LINE('',#21028,#9173);
#8114=LINE('',#21030,#9174);
#8115=LINE('',#21033,#9175);
#8116=LINE('',#21034,#9176);
#8117=LINE('',#21036,#9177);
#8118=LINE('',#21038,#9178);
#8119=VECTOR('',#13941,1.);
#8120=VECTOR('',#13944,1.);
#8121=VECTOR('',#13947,1.);
#8122=VECTOR('',#13950,1.);
#8123=VECTOR('',#13955,1.);
#8124=VECTOR('',#13956,1.);
#8125=VECTOR('',#13957,1.);
#8126=VECTOR('',#13958,1.);
#8127=VECTOR('',#13961,1.);
#8128=VECTOR('',#13962,1.);
#8129=VECTOR('',#13963,1.);
#8130=VECTOR('',#13964,1.);
#8131=VECTOR('',#13969,1.);
#8132=VECTOR('',#13972,1.);
#8133=VECTOR('',#13975,1.);
#8134=VECTOR('',#13978,1.);
#8135=VECTOR('',#13979,1.);
#8136=VECTOR('',#13980,1.);
#8137=VECTOR('',#13981,1.);
#8138=VECTOR('',#13982,1.);
#8139=VECTOR('',#13987,1.);
#8140=VECTOR('',#13992,1.);
#8141=VECTOR('',#13999,1.);
#8142=VECTOR('',#14000,1.);
#8143=VECTOR('',#14001,1.);
#8144=VECTOR('',#14010,1.);
#8145=VECTOR('',#14017,1.);
#8146=VECTOR('',#14018,1.);
#8147=VECTOR('',#14021,1.);
#8148=VECTOR('',#14022,1.);
#8149=VECTOR('',#14027,1.);
#8150=VECTOR('',#14028,1.);
#8151=VECTOR('',#14031,1.);
#8152=VECTOR('',#14032,1.);
#8153=VECTOR('',#14035,1.);
#8154=VECTOR('',#14040,1.);
#8155=VECTOR('',#14045,1.);
#8156=VECTOR('',#14046,1.);
#8157=VECTOR('',#14049,1.);
#8158=VECTOR('',#14050,1.);
#8159=VECTOR('',#14057,1.);
#8160=VECTOR('',#14058,1.);
#8161=VECTOR('',#14059,1.);
#8162=VECTOR('',#14060,1.);
#8163=VECTOR('',#14063,1.);
#8164=VECTOR('',#14064,1.);
#8165=VECTOR('',#14065,1.);
#8166=VECTOR('',#14068,1.);
#8167=VECTOR('',#14069,1.);
#8168=VECTOR('',#14070,1.);
#8169=VECTOR('',#14073,1.);
#8170=VECTOR('',#14076,1.);
#8171=VECTOR('',#14079,1.);
#8172=VECTOR('',#14082,1.);
#8173=VECTOR('',#14085,1.);
#8174=VECTOR('',#14090,1.);
#8175=VECTOR('',#14091,1.);
#8176=VECTOR('',#14098,1.);
#8177=VECTOR('',#14103,1.);
#8178=VECTOR('',#14104,1.);
#8179=VECTOR('',#14121,1.);
#8180=VECTOR('',#14122,1.);
#8181=VECTOR('',#14125,1.);
#8182=VECTOR('',#14128,1.);
#8183=VECTOR('',#14131,1.);
#8184=VECTOR('',#14134,1.);
#8185=VECTOR('',#14137,1.);
#8186=VECTOR('',#14140,1.);
#8187=VECTOR('',#14147,1.);
#8188=VECTOR('',#14148,1.);
#8189=VECTOR('',#14151,1.);
#8190=VECTOR('',#14152,1.);
#8191=VECTOR('',#14209,1.);
#8192=VECTOR('',#14210,1.);
#8193=VECTOR('',#14211,1.);
#8194=VECTOR('',#14212,1.);
#8195=VECTOR('',#14213,1.);
#8196=VECTOR('',#14216,1.);
#8197=VECTOR('',#14219,1.);
#8198=VECTOR('',#14222,1.);
#8199=VECTOR('',#14225,1.);
#8200=VECTOR('',#14228,1.);
#8201=VECTOR('',#14231,1.);
#8202=VECTOR('',#14234,1.);
#8203=VECTOR('',#14237,1.);
#8204=VECTOR('',#14240,1.);
#8205=VECTOR('',#14243,1.);
#8206=VECTOR('',#14246,1.);
#8207=VECTOR('',#14249,1.);
#8208=VECTOR('',#14252,1.);
#8209=VECTOR('',#14255,1.);
#8210=VECTOR('',#14258,1.);
#8211=VECTOR('',#14261,1.);
#8212=VECTOR('',#14264,1.);
#8213=VECTOR('',#14267,1.);
#8214=VECTOR('',#14270,1.);
#8215=VECTOR('',#14273,1.);
#8216=VECTOR('',#14276,1.);
#8217=VECTOR('',#14279,1.);
#8218=VECTOR('',#14282,1.);
#8219=VECTOR('',#14285,1.);
#8220=VECTOR('',#14288,1.);
#8221=VECTOR('',#14291,1.);
#8222=VECTOR('',#14294,1.);
#8223=VECTOR('',#14297,1.);
#8224=VECTOR('',#14300,1.);
#8225=VECTOR('',#14303,1.);
#8226=VECTOR('',#14306,1.);
#8227=VECTOR('',#14309,1.);
#8228=VECTOR('',#14312,1.);
#8229=VECTOR('',#14315,1.);
#8230=VECTOR('',#14318,1.);
#8231=VECTOR('',#14321,1.);
#8232=VECTOR('',#14324,1.);
#8233=VECTOR('',#14327,1.);
#8234=VECTOR('',#14330,1.);
#8235=VECTOR('',#14333,1.);
#8236=VECTOR('',#14336,1.);
#8237=VECTOR('',#14343,1.);
#8238=VECTOR('',#14346,1.);
#8239=VECTOR('',#14349,1.);
#8240=VECTOR('',#14352,1.);
#8241=VECTOR('',#14355,1.);
#8242=VECTOR('',#14358,1.);
#8243=VECTOR('',#14361,1.);
#8244=VECTOR('',#14364,1.);
#8245=VECTOR('',#14367,1.);
#8246=VECTOR('',#14370,1.);
#8247=VECTOR('',#14373,1.);
#8248=VECTOR('',#14376,1.);
#8249=VECTOR('',#14379,1.);
#8250=VECTOR('',#14382,1.);
#8251=VECTOR('',#14385,1.);
#8252=VECTOR('',#14388,1.);
#8253=VECTOR('',#14391,1.);
#8254=VECTOR('',#14394,1.);
#8255=VECTOR('',#14397,1.);
#8256=VECTOR('',#14400,1.);
#8257=VECTOR('',#14401,1.);
#8258=VECTOR('',#14402,1.);
#8259=VECTOR('',#14403,1.);
#8260=VECTOR('',#14404,1.);
#8261=VECTOR('',#14407,1.);
#8262=VECTOR('',#14410,1.);
#8263=VECTOR('',#14413,1.);
#8264=VECTOR('',#14416,1.);
#8265=VECTOR('',#14419,1.);
#8266=VECTOR('',#14422,1.);
#8267=VECTOR('',#14425,1.);
#8268=VECTOR('',#14428,1.);
#8269=VECTOR('',#14431,1.);
#8270=VECTOR('',#14434,1.);
#8271=VECTOR('',#14437,1.);
#8272=VECTOR('',#14440,1.);
#8273=VECTOR('',#14443,1.);
#8274=VECTOR('',#14446,1.);
#8275=VECTOR('',#14449,1.);
#8276=VECTOR('',#14452,1.);
#8277=VECTOR('',#14455,1.);
#8278=VECTOR('',#14458,1.);
#8279=VECTOR('',#14461,1.);
#8280=VECTOR('',#14464,1.);
#8281=VECTOR('',#14467,1.);
#8282=VECTOR('',#14470,1.);
#8283=VECTOR('',#14473,1.);
#8284=VECTOR('',#14474,1.);
#8285=VECTOR('',#14477,1.);
#8286=VECTOR('',#14480,1.);
#8287=VECTOR('',#14485,1.);
#8288=VECTOR('',#14486,1.);
#8289=VECTOR('',#14489,1.);
#8290=VECTOR('',#14492,1.);
#8291=VECTOR('',#14497,1.);
#8292=VECTOR('',#14498,1.);
#8293=VECTOR('',#14501,1.);
#8294=VECTOR('',#14504,1.);
#8295=VECTOR('',#14509,1.);
#8296=VECTOR('',#14510,1.);
#8297=VECTOR('',#14513,1.);
#8298=VECTOR('',#14516,1.);
#8299=VECTOR('',#14521,1.);
#8300=VECTOR('',#14522,1.);
#8301=VECTOR('',#14525,1.);
#8302=VECTOR('',#14528,1.);
#8303=VECTOR('',#14533,1.);
#8304=VECTOR('',#14534,1.);
#8305=VECTOR('',#14537,1.);
#8306=VECTOR('',#14540,1.);
#8307=VECTOR('',#14545,1.);
#8308=VECTOR('',#14546,1.);
#8309=VECTOR('',#14549,1.);
#8310=VECTOR('',#14552,1.);
#8311=VECTOR('',#14557,1.);
#8312=VECTOR('',#14558,1.);
#8313=VECTOR('',#14561,1.);
#8314=VECTOR('',#14564,1.);
#8315=VECTOR('',#14569,1.);
#8316=VECTOR('',#14570,1.);
#8317=VECTOR('',#14573,1.);
#8318=VECTOR('',#14576,1.);
#8319=VECTOR('',#14581,1.);
#8320=VECTOR('',#14582,1.);
#8321=VECTOR('',#14585,1.);
#8322=VECTOR('',#14588,1.);
#8323=VECTOR('',#14593,1.);
#8324=VECTOR('',#14594,1.);
#8325=VECTOR('',#14597,1.);
#8326=VECTOR('',#14600,1.);
#8327=VECTOR('',#14605,1.);
#8328=VECTOR('',#14606,1.);
#8329=VECTOR('',#14609,1.);
#8330=VECTOR('',#14612,1.);
#8331=VECTOR('',#14617,1.);
#8332=VECTOR('',#14618,1.);
#8333=VECTOR('',#14621,1.);
#8334=VECTOR('',#14624,1.);
#8335=VECTOR('',#14629,1.);
#8336=VECTOR('',#14630,1.);
#8337=VECTOR('',#14633,1.);
#8338=VECTOR('',#14636,1.);
#8339=VECTOR('',#14641,1.);
#8340=VECTOR('',#14642,1.);
#8341=VECTOR('',#14645,1.);
#8342=VECTOR('',#14648,1.);
#8343=VECTOR('',#14653,1.);
#8344=VECTOR('',#14654,1.);
#8345=VECTOR('',#14657,1.);
#8346=VECTOR('',#14660,1.);
#8347=VECTOR('',#14665,1.);
#8348=VECTOR('',#14666,1.);
#8349=VECTOR('',#14669,1.);
#8350=VECTOR('',#14672,1.);
#8351=VECTOR('',#14677,1.);
#8352=VECTOR('',#14678,1.);
#8353=VECTOR('',#14681,1.);
#8354=VECTOR('',#14684,1.);
#8355=VECTOR('',#14689,1.);
#8356=VECTOR('',#14690,1.);
#8357=VECTOR('',#14693,1.);
#8358=VECTOR('',#14696,1.);
#8359=VECTOR('',#14701,1.);
#8360=VECTOR('',#14702,1.);
#8361=VECTOR('',#14705,1.);
#8362=VECTOR('',#14708,1.);
#8363=VECTOR('',#14713,1.);
#8364=VECTOR('',#14714,1.);
#8365=VECTOR('',#14717,1.);
#8366=VECTOR('',#14720,1.);
#8367=VECTOR('',#14725,1.);
#8368=VECTOR('',#14726,1.);
#8369=VECTOR('',#14729,1.);
#8370=VECTOR('',#14732,1.);
#8371=VECTOR('',#14739,1.);
#8372=VECTOR('',#14740,1.);
#8373=VECTOR('',#14741,1.);
#8374=VECTOR('',#14742,1.);
#8375=VECTOR('',#14745,1.);
#8376=VECTOR('',#14746,1.);
#8377=VECTOR('',#14747,1.);
#8378=VECTOR('',#14748,1.);
#8379=VECTOR('',#14751,1.);
#8380=VECTOR('',#14752,1.);
#8381=VECTOR('',#14753,1.);
#8382=VECTOR('',#14756,1.);
#8383=VECTOR('',#14757,1.);
#8384=VECTOR('',#14758,1.);
#8385=VECTOR('',#14759,1.);
#8386=VECTOR('',#14762,1.);
#8387=VECTOR('',#14763,1.);
#8388=VECTOR('',#14764,1.);
#8389=VECTOR('',#14767,1.);
#8390=VECTOR('',#14768,1.);
#8391=VECTOR('',#14769,1.);
#8392=VECTOR('',#14770,1.);
#8393=VECTOR('',#14771,1.);
#8394=VECTOR('',#14772,1.);
#8395=VECTOR('',#14773,1.);
#8396=VECTOR('',#14776,1.);
#8397=VECTOR('',#14777,1.);
#8398=VECTOR('',#14778,1.);
#8399=VECTOR('',#14779,1.);
#8400=VECTOR('',#14780,1.);
#8401=VECTOR('',#14781,1.);
#8402=VECTOR('',#14782,1.);
#8403=VECTOR('',#14785,1.);
#8404=VECTOR('',#14790,1.);
#8405=VECTOR('',#14795,1.);
#8406=VECTOR('',#14798,1.);
#8407=VECTOR('',#14805,1.);
#8408=VECTOR('',#14808,1.);
#8409=VECTOR('',#14809,1.);
#8410=VECTOR('',#14812,1.);
#8411=VECTOR('',#14813,1.);
#8412=VECTOR('',#14816,1.);
#8413=VECTOR('',#14817,1.);
#8414=VECTOR('',#14820,1.);
#8415=VECTOR('',#14821,1.);
#8416=VECTOR('',#14824,1.);
#8417=VECTOR('',#14827,1.);
#8418=VECTOR('',#14830,1.);
#8419=VECTOR('',#14833,1.);
#8420=VECTOR('',#14834,1.);
#8421=VECTOR('',#14835,1.);
#8422=VECTOR('',#14836,1.);
#8423=VECTOR('',#14839,1.);
#8424=VECTOR('',#14846,1.);
#8425=VECTOR('',#14847,1.);
#8426=VECTOR('',#14848,1.);
#8427=VECTOR('',#14853,1.);
#8428=VECTOR('',#14854,1.);
#8429=VECTOR('',#14857,1.);
#8430=VECTOR('',#14858,1.);
#8431=VECTOR('',#14861,1.);
#8432=VECTOR('',#14862,1.);
#8433=VECTOR('',#14865,1.);
#8434=VECTOR('',#14866,1.);
#8435=VECTOR('',#14869,1.);
#8436=VECTOR('',#14870,1.);
#8437=VECTOR('',#14873,1.);
#8438=VECTOR('',#14876,1.);
#8439=VECTOR('',#14879,1.);
#8440=VECTOR('',#14880,1.);
#8441=VECTOR('',#14885,1.);
#8442=VECTOR('',#14888,1.);
#8443=VECTOR('',#14893,1.);
#8444=VECTOR('',#14894,1.);
#8445=VECTOR('',#14895,1.);
#8446=VECTOR('',#14896,1.);
#8447=VECTOR('',#14899,1.);
#8448=VECTOR('',#14900,1.);
#8449=VECTOR('',#14901,1.);
#8450=VECTOR('',#14904,1.);
#8451=VECTOR('',#14911,1.);
#8452=VECTOR('',#14912,1.);
#8453=VECTOR('',#14913,1.);
#8454=VECTOR('',#14916,1.);
#8455=VECTOR('',#14917,1.);
#8456=VECTOR('',#14918,1.);
#8457=VECTOR('',#14921,1.);
#8458=VECTOR('',#14928,1.);
#8459=VECTOR('',#14929,1.);
#8460=VECTOR('',#14930,1.);
#8461=VECTOR('',#14933,1.);
#8462=VECTOR('',#14934,1.);
#8463=VECTOR('',#14935,1.);
#8464=VECTOR('',#14938,1.);
#8465=VECTOR('',#14945,1.);
#8466=VECTOR('',#14946,1.);
#8467=VECTOR('',#14949,1.);
#8468=VECTOR('',#14950,1.);
#8469=VECTOR('',#14951,1.);
#8470=VECTOR('',#15084,1.);
#8471=VECTOR('',#15087,1.);
#8472=VECTOR('',#15092,1.);
#8473=VECTOR('',#15095,1.);
#8474=VECTOR('',#15100,1.);
#8475=VECTOR('',#15103,1.);
#8476=VECTOR('',#15106,1.);
#8477=VECTOR('',#15107,1.);
#8478=VECTOR('',#15108,1.);
#8479=VECTOR('',#15109,1.);
#8480=VECTOR('',#15110,1.);
#8481=VECTOR('',#15111,1.);
#8482=VECTOR('',#15114,1.);
#8483=VECTOR('',#15115,1.);
#8484=VECTOR('',#15116,1.);
#8485=VECTOR('',#15117,1.);
#8486=VECTOR('',#15120,1.);
#8487=VECTOR('',#15121,1.);
#8488=VECTOR('',#15122,1.);
#8489=VECTOR('',#15123,1.);
#8490=VECTOR('',#15126,1.);
#8491=VECTOR('',#15127,1.);
#8492=VECTOR('',#15128,1.);
#8493=VECTOR('',#15129,1.);
#8494=VECTOR('',#15132,1.);
#8495=VECTOR('',#15133,1.);
#8496=VECTOR('',#15640,1.);
#8497=VECTOR('',#15643,1.);
#8498=VECTOR('',#15678,1.);
#8499=VECTOR('',#15681,1.);
#8500=VECTOR('',#15682,1.);
#8501=VECTOR('',#15683,1.);
#8502=VECTOR('',#15694,1.);
#8503=VECTOR('',#15697,1.);
#8504=VECTOR('',#15698,1.);
#8505=VECTOR('',#15701,1.);
#8506=VECTOR('',#15702,1.);
#8507=VECTOR('',#15705,1.);
#8508=VECTOR('',#15706,1.);
#8509=VECTOR('',#15707,1.);
#8510=VECTOR('',#15710,1.);
#8511=VECTOR('',#15715,1.);
#8512=VECTOR('',#15716,1.);
#8513=VECTOR('',#15719,1.);
#8514=VECTOR('',#15722,1.);
#8515=VECTOR('',#15725,1.);
#8516=VECTOR('',#15728,1.);
#8517=VECTOR('',#15733,1.);
#8518=VECTOR('',#15734,1.);
#8519=VECTOR('',#15739,1.);
#8520=VECTOR('',#15742,1.);
#8521=VECTOR('',#15749,1.);
#8522=VECTOR('',#15750,1.);
#8523=VECTOR('',#15755,1.);
#8524=VECTOR('',#15758,1.);
#8525=VECTOR('',#15765,1.);
#8526=VECTOR('',#15768,1.);
#8527=VECTOR('',#15771,1.);
#8528=VECTOR('',#15774,1.);
#8529=VECTOR('',#15791,1.);
#8530=VECTOR('',#15792,1.);
#8531=VECTOR('',#15793,1.);
#8532=VECTOR('',#15794,1.);
#8533=VECTOR('',#15797,1.);
#8534=VECTOR('',#15804,1.);
#8535=VECTOR('',#15805,1.);
#8536=VECTOR('',#15806,1.);
#8537=VECTOR('',#15809,1.);
#8538=VECTOR('',#15816,1.);
#8539=VECTOR('',#15817,1.);
#8540=VECTOR('',#15818,1.);
#8541=VECTOR('',#15821,1.);
#8542=VECTOR('',#15828,1.);
#8543=VECTOR('',#15829,1.);
#8544=VECTOR('',#15830,1.);
#8545=VECTOR('',#15833,1.);
#8546=VECTOR('',#15836,1.);
#8547=VECTOR('',#15841,1.);
#8548=VECTOR('',#15842,1.);
#8549=VECTOR('',#15843,1.);
#8550=VECTOR('',#15846,1.);
#8551=VECTOR('',#15853,1.);
#8552=VECTOR('',#15854,1.);
#8553=VECTOR('',#15855,1.);
#8554=VECTOR('',#15858,1.);
#8555=VECTOR('',#15865,1.);
#8556=VECTOR('',#15866,1.);
#8557=VECTOR('',#15867,1.);
#8558=VECTOR('',#15870,1.);
#8559=VECTOR('',#15877,1.);
#8560=VECTOR('',#15878,1.);
#8561=VECTOR('',#15887,1.);
#8562=VECTOR('',#15890,1.);
#8563=VECTOR('',#15893,1.);
#8564=VECTOR('',#15896,1.);
#8565=VECTOR('',#15901,1.);
#8566=VECTOR('',#15904,1.);
#8567=VECTOR('',#15907,1.);
#8568=VECTOR('',#15910,1.);
#8569=VECTOR('',#15981,1.);
#8570=VECTOR('',#15982,1.);
#8571=VECTOR('',#15983,1.);
#8572=VECTOR('',#15984,1.);
#8573=VECTOR('',#15987,1.);
#8574=VECTOR('',#15988,1.);
#8575=VECTOR('',#15989,1.);
#8576=VECTOR('',#15992,1.);
#8577=VECTOR('',#15993,1.);
#8578=VECTOR('',#15994,1.);
#8579=VECTOR('',#15997,1.);
#8580=VECTOR('',#15998,1.);
#8581=VECTOR('',#15999,1.);
#8582=VECTOR('',#16000,1.);
#8583=VECTOR('',#16003,1.);
#8584=VECTOR('',#16004,1.);
#8585=VECTOR('',#16005,1.);
#8586=VECTOR('',#16008,1.);
#8587=VECTOR('',#16009,1.);
#8588=VECTOR('',#16010,1.);
#8589=VECTOR('',#16013,1.);
#8590=VECTOR('',#16014,1.);
#8591=VECTOR('',#16017,1.);
#8592=VECTOR('',#16018,1.);
#8593=VECTOR('',#16021,1.);
#8594=VECTOR('',#16022,1.);
#8595=VECTOR('',#16023,1.);
#8596=VECTOR('',#16024,1.);
#8597=VECTOR('',#16029,1.);
#8598=VECTOR('',#16030,1.);
#8599=VECTOR('',#16033,1.);
#8600=VECTOR('',#16036,1.);
#8601=VECTOR('',#16043,1.);
#8602=VECTOR('',#16044,1.);
#8603=VECTOR('',#16045,1.);
#8604=VECTOR('',#16046,1.);
#8605=VECTOR('',#16049,1.);
#8606=VECTOR('',#16050,1.);
#8607=VECTOR('',#16053,1.);
#8608=VECTOR('',#16058,1.);
#8609=VECTOR('',#16059,1.);
#8610=VECTOR('',#16060,1.);
#8611=VECTOR('',#16063,1.);
#8612=VECTOR('',#16066,1.);
#8613=VECTOR('',#16067,1.);
#8614=VECTOR('',#16068,1.);
#8615=VECTOR('',#16073,1.);
#8616=VECTOR('',#16074,1.);
#8617=VECTOR('',#16075,1.);
#8618=VECTOR('',#16078,1.);
#8619=VECTOR('',#16079,1.);
#8620=VECTOR('',#16080,1.);
#8621=VECTOR('',#16083,1.);
#8622=VECTOR('',#16084,1.);
#8623=VECTOR('',#16087,1.);
#8624=VECTOR('',#16088,1.);
#8625=VECTOR('',#16091,1.);
#8626=VECTOR('',#16092,1.);
#8627=VECTOR('',#16093,1.);
#8628=VECTOR('',#16094,1.);
#8629=VECTOR('',#16095,1.);
#8630=VECTOR('',#16096,1.);
#8631=VECTOR('',#16123,1.);
#8632=VECTOR('',#16124,1.);
#8633=VECTOR('',#16125,1.);
#8634=VECTOR('',#16126,1.);
#8635=VECTOR('',#16127,1.);
#8636=VECTOR('',#16130,1.);
#8637=VECTOR('',#16133,1.);
#8638=VECTOR('',#16136,1.);
#8639=VECTOR('',#16139,1.);
#8640=VECTOR('',#16142,1.);
#8641=VECTOR('',#16145,1.);
#8642=VECTOR('',#16148,1.);
#8643=VECTOR('',#16151,1.);
#8644=VECTOR('',#16154,1.);
#8645=VECTOR('',#16157,1.);
#8646=VECTOR('',#16160,1.);
#8647=VECTOR('',#16163,1.);
#8648=VECTOR('',#16166,1.);
#8649=VECTOR('',#16169,1.);
#8650=VECTOR('',#16172,1.);
#8651=VECTOR('',#16175,1.);
#8652=VECTOR('',#16178,1.);
#8653=VECTOR('',#16181,1.);
#8654=VECTOR('',#16184,1.);
#8655=VECTOR('',#16187,1.);
#8656=VECTOR('',#16190,1.);
#8657=VECTOR('',#16193,1.);
#8658=VECTOR('',#16196,1.);
#8659=VECTOR('',#16199,1.);
#8660=VECTOR('',#16202,1.);
#8661=VECTOR('',#16205,1.);
#8662=VECTOR('',#16208,1.);
#8663=VECTOR('',#16211,1.);
#8664=VECTOR('',#16214,1.);
#8665=VECTOR('',#16217,1.);
#8666=VECTOR('',#16220,1.);
#8667=VECTOR('',#16223,1.);
#8668=VECTOR('',#16226,1.);
#8669=VECTOR('',#16229,1.);
#8670=VECTOR('',#16232,1.);
#8671=VECTOR('',#16235,1.);
#8672=VECTOR('',#16238,1.);
#8673=VECTOR('',#16241,1.);
#8674=VECTOR('',#16244,1.);
#8675=VECTOR('',#16247,1.);
#8676=VECTOR('',#16250,1.);
#8677=VECTOR('',#16257,1.);
#8678=VECTOR('',#16260,1.);
#8679=VECTOR('',#16263,1.);
#8680=VECTOR('',#16266,1.);
#8681=VECTOR('',#16269,1.);
#8682=VECTOR('',#16272,1.);
#8683=VECTOR('',#16275,1.);
#8684=VECTOR('',#16278,1.);
#8685=VECTOR('',#16281,1.);
#8686=VECTOR('',#16284,1.);
#8687=VECTOR('',#16287,1.);
#8688=VECTOR('',#16290,1.);
#8689=VECTOR('',#16293,1.);
#8690=VECTOR('',#16296,1.);
#8691=VECTOR('',#16299,1.);
#8692=VECTOR('',#16302,1.);
#8693=VECTOR('',#16305,1.);
#8694=VECTOR('',#16308,1.);
#8695=VECTOR('',#16311,1.);
#8696=VECTOR('',#16314,1.);
#8697=VECTOR('',#16315,1.);
#8698=VECTOR('',#16316,1.);
#8699=VECTOR('',#16317,1.);
#8700=VECTOR('',#16318,1.);
#8701=VECTOR('',#16321,1.);
#8702=VECTOR('',#16324,1.);
#8703=VECTOR('',#16327,1.);
#8704=VECTOR('',#16330,1.);
#8705=VECTOR('',#16333,1.);
#8706=VECTOR('',#16336,1.);
#8707=VECTOR('',#16339,1.);
#8708=VECTOR('',#16342,1.);
#8709=VECTOR('',#16345,1.);
#8710=VECTOR('',#16348,1.);
#8711=VECTOR('',#16351,1.);
#8712=VECTOR('',#16354,1.);
#8713=VECTOR('',#16357,1.);
#8714=VECTOR('',#16360,1.);
#8715=VECTOR('',#16363,1.);
#8716=VECTOR('',#16366,1.);
#8717=VECTOR('',#16369,1.);
#8718=VECTOR('',#16372,1.);
#8719=VECTOR('',#16375,1.);
#8720=VECTOR('',#16378,1.);
#8721=VECTOR('',#16381,1.);
#8722=VECTOR('',#16384,1.);
#8723=VECTOR('',#16387,1.);
#8724=VECTOR('',#16388,1.);
#8725=VECTOR('',#16391,1.);
#8726=VECTOR('',#16394,1.);
#8727=VECTOR('',#16399,1.);
#8728=VECTOR('',#16400,1.);
#8729=VECTOR('',#16403,1.);
#8730=VECTOR('',#16406,1.);
#8731=VECTOR('',#16411,1.);
#8732=VECTOR('',#16412,1.);
#8733=VECTOR('',#16415,1.);
#8734=VECTOR('',#16418,1.);
#8735=VECTOR('',#16423,1.);
#8736=VECTOR('',#16424,1.);
#8737=VECTOR('',#16427,1.);
#8738=VECTOR('',#16430,1.);
#8739=VECTOR('',#16435,1.);
#8740=VECTOR('',#16436,1.);
#8741=VECTOR('',#16439,1.);
#8742=VECTOR('',#16442,1.);
#8743=VECTOR('',#16447,1.);
#8744=VECTOR('',#16448,1.);
#8745=VECTOR('',#16451,1.);
#8746=VECTOR('',#16454,1.);
#8747=VECTOR('',#16459,1.);
#8748=VECTOR('',#16460,1.);
#8749=VECTOR('',#16463,1.);
#8750=VECTOR('',#16466,1.);
#8751=VECTOR('',#16471,1.);
#8752=VECTOR('',#16472,1.);
#8753=VECTOR('',#16475,1.);
#8754=VECTOR('',#16478,1.);
#8755=VECTOR('',#16483,1.);
#8756=VECTOR('',#16484,1.);
#8757=VECTOR('',#16487,1.);
#8758=VECTOR('',#16490,1.);
#8759=VECTOR('',#16495,1.);
#8760=VECTOR('',#16496,1.);
#8761=VECTOR('',#16499,1.);
#8762=VECTOR('',#16502,1.);
#8763=VECTOR('',#16507,1.);
#8764=VECTOR('',#16508,1.);
#8765=VECTOR('',#16511,1.);
#8766=VECTOR('',#16514,1.);
#8767=VECTOR('',#16519,1.);
#8768=VECTOR('',#16520,1.);
#8769=VECTOR('',#16523,1.);
#8770=VECTOR('',#16526,1.);
#8771=VECTOR('',#16531,1.);
#8772=VECTOR('',#16532,1.);
#8773=VECTOR('',#16535,1.);
#8774=VECTOR('',#16538,1.);
#8775=VECTOR('',#16543,1.);
#8776=VECTOR('',#16544,1.);
#8777=VECTOR('',#16547,1.);
#8778=VECTOR('',#16550,1.);
#8779=VECTOR('',#16555,1.);
#8780=VECTOR('',#16556,1.);
#8781=VECTOR('',#16559,1.);
#8782=VECTOR('',#16562,1.);
#8783=VECTOR('',#16567,1.);
#8784=VECTOR('',#16568,1.);
#8785=VECTOR('',#16571,1.);
#8786=VECTOR('',#16574,1.);
#8787=VECTOR('',#16579,1.);
#8788=VECTOR('',#16580,1.);
#8789=VECTOR('',#16583,1.);
#8790=VECTOR('',#16586,1.);
#8791=VECTOR('',#16591,1.);
#8792=VECTOR('',#16592,1.);
#8793=VECTOR('',#16595,1.);
#8794=VECTOR('',#16598,1.);
#8795=VECTOR('',#16603,1.);
#8796=VECTOR('',#16604,1.);
#8797=VECTOR('',#16607,1.);
#8798=VECTOR('',#16610,1.);
#8799=VECTOR('',#16615,1.);
#8800=VECTOR('',#16616,1.);
#8801=VECTOR('',#16619,1.);
#8802=VECTOR('',#16622,1.);
#8803=VECTOR('',#16627,1.);
#8804=VECTOR('',#16628,1.);
#8805=VECTOR('',#16631,1.);
#8806=VECTOR('',#16634,1.);
#8807=VECTOR('',#16639,1.);
#8808=VECTOR('',#16640,1.);
#8809=VECTOR('',#16643,1.);
#8810=VECTOR('',#16646,1.);
#8811=VECTOR('',#16683,1.);
#8812=VECTOR('',#16686,1.);
#8813=VECTOR('',#16689,1.);
#8814=VECTOR('',#16692,1.);
#8815=VECTOR('',#16695,1.);
#8816=VECTOR('',#16696,1.);
#8817=VECTOR('',#16699,1.);
#8818=VECTOR('',#16704,1.);
#8819=VECTOR('',#16711,1.);
#8820=VECTOR('',#16712,1.);
#8821=VECTOR('',#16713,1.);
#8822=VECTOR('',#16714,1.);
#8823=VECTOR('',#16717,1.);
#8824=VECTOR('',#16718,1.);
#8825=VECTOR('',#16719,1.);
#8826=VECTOR('',#16722,1.);
#8827=VECTOR('',#16723,1.);
#8828=VECTOR('',#16724,1.);
#8829=VECTOR('',#16751,1.);
#8830=VECTOR('',#16752,1.);
#8831=VECTOR('',#16755,1.);
#8832=VECTOR('',#16756,1.);
#8833=VECTOR('',#16757,1.);
#8834=VECTOR('',#16758,1.);
#8835=VECTOR('',#16759,1.);
#8836=VECTOR('',#16760,1.);
#8837=VECTOR('',#16761,1.);
#8838=VECTOR('',#16762,1.);
#8839=VECTOR('',#16765,1.);
#8840=VECTOR('',#16766,1.);
#8841=VECTOR('',#16767,1.);
#8842=VECTOR('',#16770,1.);
#8843=VECTOR('',#16771,1.);
#8844=VECTOR('',#16774,1.);
#8845=VECTOR('',#16775,1.);
#8846=VECTOR('',#16778,1.);
#8847=VECTOR('',#16781,1.);
#8848=VECTOR('',#16782,1.);
#8849=VECTOR('',#16783,1.);
#8850=VECTOR('',#16784,1.);
#8851=VECTOR('',#16787,1.);
#8852=VECTOR('',#16788,1.);
#8853=VECTOR('',#16789,1.);
#8854=VECTOR('',#16792,1.);
#8855=VECTOR('',#16793,1.);
#8856=VECTOR('',#16796,1.);
#8857=VECTOR('',#16797,1.);
#8858=VECTOR('',#16800,1.);
#8859=VECTOR('',#16805,1.);
#8860=VECTOR('',#16806,1.);
#8861=VECTOR('',#16809,1.);
#8862=VECTOR('',#16812,1.);
#8863=VECTOR('',#16819,1.);
#8864=VECTOR('',#16820,1.);
#8865=VECTOR('',#16821,1.);
#8866=VECTOR('',#16822,1.);
#8867=VECTOR('',#16823,1.);
#8868=VECTOR('',#16824,1.);
#8869=VECTOR('',#16825,1.);
#8870=VECTOR('',#16826,1.);
#8871=VECTOR('',#16827,1.);
#8872=VECTOR('',#16828,1.);
#8873=VECTOR('',#16829,1.);
#8874=VECTOR('',#16830,1.);
#8875=VECTOR('',#16831,1.);
#8876=VECTOR('',#16832,1.);
#8877=VECTOR('',#16833,1.);
#8878=VECTOR('',#16834,1.);
#8879=VECTOR('',#16835,1.);
#8880=VECTOR('',#16836,1.);
#8881=VECTOR('',#16841,1.);
#8882=VECTOR('',#16842,1.);
#8883=VECTOR('',#16843,1.);
#8884=VECTOR('',#16844,1.);
#8885=VECTOR('',#16845,1.);
#8886=VECTOR('',#16846,1.);
#8887=VECTOR('',#16847,1.);
#8888=VECTOR('',#16848,1.);
#8889=VECTOR('',#16849,1.);
#8890=VECTOR('',#16850,1.);
#8891=VECTOR('',#16851,1.);
#8892=VECTOR('',#16852,1.);
#8893=VECTOR('',#16853,1.);
#8894=VECTOR('',#16854,1.);
#8895=VECTOR('',#16857,1.);
#8896=VECTOR('',#16858,1.);
#8897=VECTOR('',#16859,1.);
#8898=VECTOR('',#16862,1.);
#8899=VECTOR('',#16863,1.);
#8900=VECTOR('',#16864,1.);
#8901=VECTOR('',#16867,1.);
#8902=VECTOR('',#16868,1.);
#8903=VECTOR('',#16869,1.);
#8904=VECTOR('',#16878,1.);
#8905=VECTOR('',#16879,1.);
#8906=VECTOR('',#16880,1.);
#8907=VECTOR('',#16881,1.);
#8908=VECTOR('',#16882,1.);
#8909=VECTOR('',#16883,1.);
#8910=VECTOR('',#16884,1.);
#8911=VECTOR('',#16885,1.);
#8912=VECTOR('',#16886,1.);
#8913=VECTOR('',#16887,1.);
#8914=VECTOR('',#16888,1.);
#8915=VECTOR('',#16889,1.);
#8916=VECTOR('',#16890,1.);
#8917=VECTOR('',#16891,1.);
#8918=VECTOR('',#16892,1.);
#8919=VECTOR('',#16893,1.);
#8920=VECTOR('',#16894,1.);
#8921=VECTOR('',#16895,1.);
#8922=VECTOR('',#16896,1.);
#8923=VECTOR('',#16897,1.);
#8924=VECTOR('',#16900,1.);
#8925=VECTOR('',#16901,1.);
#8926=VECTOR('',#16902,1.);
#8927=VECTOR('',#16903,1.);
#8928=VECTOR('',#16904,1.);
#8929=VECTOR('',#16905,1.);
#8930=VECTOR('',#16906,1.);
#8931=VECTOR('',#16907,1.);
#8932=VECTOR('',#16908,1.);
#8933=VECTOR('',#16909,1.);
#8934=VECTOR('',#16910,1.);
#8935=VECTOR('',#16911,1.);
#8936=VECTOR('',#16912,1.);
#8937=VECTOR('',#16913,1.);
#8938=VECTOR('',#16914,1.);
#8939=VECTOR('',#16915,1.);
#8940=VECTOR('',#16916,1.);
#8941=VECTOR('',#16917,1.);
#8942=VECTOR('',#16918,1.);
#8943=VECTOR('',#16921,1.);
#8944=VECTOR('',#16922,1.);
#8945=VECTOR('',#16923,1.);
#8946=VECTOR('',#16924,1.);
#8947=VECTOR('',#16925,1.);
#8948=VECTOR('',#16926,1.);
#8949=VECTOR('',#16927,1.);
#8950=VECTOR('',#16928,1.);
#8951=VECTOR('',#16933,1.);
#8952=VECTOR('',#16934,1.);
#8953=VECTOR('',#16935,1.);
#8954=VECTOR('',#16936,1.);
#8955=VECTOR('',#16937,1.);
#8956=VECTOR('',#16938,1.);
#8957=VECTOR('',#16939,1.);
#8958=VECTOR('',#16940,1.);
#8959=VECTOR('',#16941,1.);
#8960=VECTOR('',#16942,1.);
#8961=VECTOR('',#16943,1.);
#8962=VECTOR('',#16944,1.);
#8963=VECTOR('',#16945,1.);
#8964=VECTOR('',#16946,1.);
#8965=VECTOR('',#16947,1.);
#8966=VECTOR('',#16948,1.);
#8967=VECTOR('',#16949,1.);
#8968=VECTOR('',#16950,1.);
#8969=VECTOR('',#16951,1.);
#8970=VECTOR('',#16952,1.);
#8971=VECTOR('',#16955,1.);
#8972=VECTOR('',#16956,1.);
#8973=VECTOR('',#16959,1.);
#8974=VECTOR('',#16960,1.);
#8975=VECTOR('',#16965,1.);
#8976=VECTOR('',#16968,1.);
#8977=VECTOR('',#16969,1.);
#8978=VECTOR('',#16970,1.);
#8979=VECTOR('',#16971,1.);
#8980=VECTOR('',#16972,1.);
#8981=VECTOR('',#16975,1.);
#8982=VECTOR('',#16978,1.);
#8983=VECTOR('',#16985,1.);
#8984=VECTOR('',#16990,1.);
#8985=VECTOR('',#16991,1.);
#8986=VECTOR('',#16992,1.);
#8987=VECTOR('',#16995,1.);
#8988=VECTOR('',#16998,1.);
#8989=VECTOR('',#17003,1.);
#8990=VECTOR('',#17004,1.);
#8991=VECTOR('',#17005,1.);
#8992=VECTOR('',#17008,1.);
#8993=VECTOR('',#17011,1.);
#8994=VECTOR('',#17016,1.);
#8995=VECTOR('',#17017,1.);
#8996=VECTOR('',#17020,1.);
#8997=VECTOR('',#17021,1.);
#8998=VECTOR('',#17024,1.);
#8999=VECTOR('',#17029,1.);
#9000=VECTOR('',#17030,1.);
#9001=VECTOR('',#17031,1.);
#9002=VECTOR('',#17034,1.);
#9003=VECTOR('',#17035,1.);
#9004=VECTOR('',#17044,1.);
#9005=VECTOR('',#17047,1.);
#9006=VECTOR('',#17056,1.);
#9007=VECTOR('',#17057,1.);
#9008=VECTOR('',#17058,1.);
#9009=VECTOR('',#17059,1.);
#9010=VECTOR('',#17062,1.);
#9011=VECTOR('',#17063,1.);
#9012=VECTOR('',#17064,1.);
#9013=VECTOR('',#17067,1.);
#9014=VECTOR('',#17068,1.);
#9015=VECTOR('',#17069,1.);
#9016=VECTOR('',#17072,1.);
#9017=VECTOR('',#17073,1.);
#9018=VECTOR('',#17074,1.);
#9019=VECTOR('',#17077,1.);
#9020=VECTOR('',#17078,1.);
#9021=VECTOR('',#17083,1.);
#9022=VECTOR('',#17084,1.);
#9023=VECTOR('',#17087,1.);
#9024=VECTOR('',#17092,1.);
#9025=VECTOR('',#17093,1.);
#9026=VECTOR('',#17102,1.);
#9027=VECTOR('',#17103,1.);
#9028=VECTOR('',#17106,1.);
#9029=VECTOR('',#17107,1.);
#9030=VECTOR('',#17110,1.);
#9031=VECTOR('',#17111,1.);
#9032=VECTOR('',#17114,1.);
#9033=VECTOR('',#17117,1.);
#9034=VECTOR('',#17118,1.);
#9035=VECTOR('',#17125,1.);
#9036=VECTOR('',#17126,1.);
#9037=VECTOR('',#17129,1.);
#9038=VECTOR('',#17130,1.);
#9039=VECTOR('',#17133,1.);
#9040=VECTOR('',#17136,1.);
#9041=VECTOR('',#17137,1.);
#9042=VECTOR('',#17140,1.);
#9043=VECTOR('',#17141,1.);
#9044=VECTOR('',#17200,1.);
#9045=VECTOR('',#17201,1.);
#9046=VECTOR('',#17202,1.);
#9047=VECTOR('',#17203,1.);
#9048=VECTOR('',#17206,1.);
#9049=VECTOR('',#17207,1.);
#9050=VECTOR('',#17208,1.);
#9051=VECTOR('',#17209,1.);
#9052=VECTOR('',#17212,1.);
#9053=VECTOR('',#17215,1.);
#9054=VECTOR('',#17218,1.);
#9055=VECTOR('',#17221,1.);
#9056=VECTOR('',#17224,1.);
#9057=VECTOR('',#17225,1.);
#9058=VECTOR('',#17226,1.);
#9059=VECTOR('',#17227,1.);
#9060=VECTOR('',#17230,1.);
#9061=VECTOR('',#17231,1.);
#9062=VECTOR('',#17232,1.);
#9063=VECTOR('',#17233,1.);
#9064=VECTOR('',#17236,1.);
#9065=VECTOR('',#17237,1.);
#9066=VECTOR('',#17238,1.);
#9067=VECTOR('',#17239,1.);
#9068=VECTOR('',#17240,1.);
#9069=VECTOR('',#17241,1.);
#9070=VECTOR('',#17242,1.);
#9071=VECTOR('',#17243,1.);
#9072=VECTOR('',#17262,1.);
#9073=VECTOR('',#17265,1.);
#9074=VECTOR('',#17268,1.);
#9075=VECTOR('',#17273,1.);
#9076=VECTOR('',#17278,1.);
#9077=VECTOR('',#17279,1.);
#9078=VECTOR('',#17280,1.);
#9079=VECTOR('',#17281,1.);
#9080=VECTOR('',#17282,1.);
#9081=VECTOR('',#17285,1.);
#9082=VECTOR('',#17286,1.);
#9083=VECTOR('',#17287,1.);
#9084=VECTOR('',#17288,1.);
#9085=VECTOR('',#17289,1.);
#9086=VECTOR('',#17290,1.);
#9087=VECTOR('',#17301,1.);
#9088=VECTOR('',#17302,1.);
#9089=VECTOR('',#17303,1.);
#9090=VECTOR('',#17304,1.);
#9091=VECTOR('',#17307,1.);
#9092=VECTOR('',#17310,1.);
#9093=VECTOR('',#17313,1.);
#9094=VECTOR('',#17316,1.);
#9095=VECTOR('',#17317,1.);
#9096=VECTOR('',#17318,1.);
#9097=VECTOR('',#17321,1.);
#9098=VECTOR('',#17322,1.);
#9099=VECTOR('',#17323,1.);
#9100=VECTOR('',#17324,1.);
#9101=VECTOR('',#17325,1.);
#9102=VECTOR('',#17326,1.);
#9103=VECTOR('',#17327,1.);
#9104=VECTOR('',#17328,1.);
#9105=VECTOR('',#17329,1.);
#9106=VECTOR('',#17334,1.);
#9107=VECTOR('',#17337,1.);
#9108=VECTOR('',#17340,1.);
#9109=VECTOR('',#17343,1.);
#9110=VECTOR('',#17344,1.);
#9111=VECTOR('',#17345,1.);
#9112=VECTOR('',#17346,1.);
#9113=VECTOR('',#17349,1.);
#9114=VECTOR('',#17356,1.);
#9115=VECTOR('',#17359,1.);
#9116=VECTOR('',#17364,1.);
#9117=VECTOR('',#17365,1.);
#9118=VECTOR('',#17374,1.);
#9119=VECTOR('',#17375,1.);
#9120=VECTOR('',#17376,1.);
#9121=VECTOR('',#17377,1.);
#9122=VECTOR('',#17380,1.);
#9123=VECTOR('',#17383,1.);
#9124=VECTOR('',#17384,1.);
#9125=VECTOR('',#17387,1.);
#9126=VECTOR('',#17390,1.);
#9127=VECTOR('',#17393,1.);
#9128=VECTOR('',#17396,1.);
#9129=VECTOR('',#17399,1.);
#9130=VECTOR('',#17402,1.);
#9131=VECTOR('',#17409,1.);
#9132=VECTOR('',#17410,1.);
#9133=VECTOR('',#17413,1.);
#9134=VECTOR('',#17414,1.);
#9135=VECTOR('',#17421,1.);
#9136=VECTOR('',#17422,1.);
#9137=VECTOR('',#17427,1.);
#9138=VECTOR('',#17428,1.);
#9139=VECTOR('',#17433,1.);
#9140=VECTOR('',#17436,1.);
#9141=VECTOR('',#17439,1.);
#9142=VECTOR('',#17440,1.);
#9143=VECTOR('',#17443,1.);
#9144=VECTOR('',#17476,1.);
#9145=VECTOR('',#17481,1.);
#9146=VECTOR('',#17484,1.);
#9147=VECTOR('',#17491,1.);
#9148=VECTOR('',#17492,1.);
#9149=VECTOR('',#17493,1.);
#9150=VECTOR('',#17494,1.);
#9151=VECTOR('',#17497,1.);
#9152=VECTOR('',#17498,1.);
#9153=VECTOR('',#17499,1.);
#9154=VECTOR('',#17502,1.);
#9155=VECTOR('',#17503,1.);
#9156=VECTOR('',#17504,1.);
#9157=VECTOR('',#17507,1.);
#9158=VECTOR('',#17508,1.);
#9159=VECTOR('',#17509,1.);
#9160=VECTOR('',#17510,1.);
#9161=VECTOR('',#17513,1.);
#9162=VECTOR('',#17514,1.);
#9163=VECTOR('',#17515,1.);
#9164=VECTOR('',#17518,1.);
#9165=VECTOR('',#17519,1.);
#9166=VECTOR('',#17520,1.);
#9167=VECTOR('',#17523,1.);
#9168=VECTOR('',#17524,1.);
#9169=VECTOR('',#17527,1.);
#9170=VECTOR('',#17528,1.);
#9171=VECTOR('',#17531,1.);
#9172=VECTOR('',#17532,1.);
#9173=VECTOR('',#17533,1.);
#9174=VECTOR('',#17534,1.);
#9175=VECTOR('',#17539,1.);
#9176=VECTOR('',#17540,1.);
#9177=VECTOR('',#17543,1.);
#9178=VECTOR('',#17546,1.);
#9179=EDGE_LOOP('',(#951,#952,#953,#954,#955,#956,#957,#958));
#9180=EDGE_LOOP('',(#959,#960,#961,#962));
#9181=EDGE_LOOP('',(#963));
#9182=EDGE_LOOP('',(#964,#965,#966,#967));
#9183=EDGE_LOOP('',(#968,#969,#970,#971,#972,#973,#974,#975));
#9184=EDGE_LOOP('',(#976,#977,#978,#979));
#9185=EDGE_LOOP('',(#980,#981,#982,#983));
#9186=EDGE_LOOP('',(#984,#985,#986,#987));
#9187=EDGE_LOOP('',(#988,#989,#990,#991));
#9188=EDGE_LOOP('',(#992,#993,#994,#995));
#9189=EDGE_LOOP('',(#996,#997,#998,#999));
#9190=EDGE_LOOP('',(#1000,#1001,#1002,#1003));
#9191=EDGE_LOOP('',(#1004,#1005,#1006,#1007));
#9192=EDGE_LOOP('',(#1008,#1009,#1010,#1011));
#9193=EDGE_LOOP('',(#1012,#1013,#1014,#1015));
#9194=EDGE_LOOP('',(#1016,#1017,#1018,#1019));
#9195=EDGE_LOOP('',(#1020,#1021,#1022,#1023));
#9196=EDGE_LOOP('',(#1024,#1025,#1026,#1027));
#9197=EDGE_LOOP('',(#1028,#1029,#1030,#1031));
#9198=EDGE_LOOP('',(#1032,#1033,#1034,#1035));
#9199=EDGE_LOOP('',(#1036,#1037,#1038,#1039));
#9200=EDGE_LOOP('',(#1040));
#9201=EDGE_LOOP('',(#1041,#1042,#1043,#1044));
#9202=EDGE_LOOP('',(#1045,#1046,#1047,#1048));
#9203=EDGE_LOOP('',(#1049,#1050,#1051,#1052,#1053,#1054,#1055,#1056));
#9204=EDGE_LOOP('',(#1057,#1058,#1059,#1060));
#9205=EDGE_LOOP('',(#1061,#1062,#1063,#1064));
#9206=EDGE_LOOP('',(#1065,#1066,#1067,#1068));
#9207=EDGE_LOOP('',(#1069,#1070,#1071,#1072));
#9208=EDGE_LOOP('',(#1073,#1074,#1075,#1076));
#9209=EDGE_LOOP('',(#1077,#1078,#1079,#1080));
#9210=EDGE_LOOP('',(#1081));
#9211=EDGE_LOOP('',(#1082));
#9212=EDGE_LOOP('',(#1083));
#9213=EDGE_LOOP('',(#1084));
#9214=EDGE_LOOP('',(#1085,#1086,#1087,#1088,#1089,#1090,#1091,#1092));
#9215=EDGE_LOOP('',(#1093,#1094,#1095,#1096,#1097,#1098,#1099,#1100));
#9216=EDGE_LOOP('',(#1101,#1102,#1103,#1104));
#9217=EDGE_LOOP('',(#1105,#1106,#1107,#1108));
#9218=EDGE_LOOP('',(#1109,#1110,#1111,#1112));
#9219=EDGE_LOOP('',(#1113,#1114,#1115,#1116));
#9220=EDGE_LOOP('',(#1117,#1118,#1119,#1120));
#9221=EDGE_LOOP('',(#1121,#1122,#1123,#1124));
#9222=EDGE_LOOP('',(#1125,#1126,#1127,#1128));
#9223=EDGE_LOOP('',(#1129,#1130,#1131,#1132));
#9224=EDGE_LOOP('',(#1133));
#9225=EDGE_LOOP('',(#1134));
#9226=EDGE_LOOP('',(#1135,#1136,#1137,#1138));
#9227=EDGE_LOOP('',(#1139,#1140,#1141,#1142));
#9228=EDGE_LOOP('',(#1143,#1144,#1145,#1146));
#9229=EDGE_LOOP('',(#1147,#1148,#1149,#1150));
#9230=EDGE_LOOP('',(#1151));
#9231=EDGE_LOOP('',(#1152));
#9232=EDGE_LOOP('',(#1153));
#9233=EDGE_LOOP('',(#1154));
#9234=EDGE_LOOP('',(#1155));
#9235=EDGE_LOOP('',(#1156));
#9236=EDGE_LOOP('',(#1157));
#9237=EDGE_LOOP('',(#1158));
#9238=EDGE_LOOP('',(#1159));
#9239=EDGE_LOOP('',(#1160));
#9240=EDGE_LOOP('',(#1161));
#9241=EDGE_LOOP('',(#1162));
#9242=EDGE_LOOP('',(#1163,#1164,#1165,#1166,#1167,#1168,#1169,#1170));
#9243=EDGE_LOOP('',(#1171));
#9244=EDGE_LOOP('',(#1172));
#9245=EDGE_LOOP('',(#1173));
#9246=EDGE_LOOP('',(#1174));
#9247=EDGE_LOOP('',(#1175));
#9248=EDGE_LOOP('',(#1176));
#9249=EDGE_LOOP('',(#1177));
#9250=EDGE_LOOP('',(#1178));
#9251=EDGE_LOOP('',(#1179));
#9252=EDGE_LOOP('',(#1180));
#9253=EDGE_LOOP('',(#1181,#1182,#1183,#1184));
#9254=EDGE_LOOP('',(#1185,#1186,#1187,#1188));
#9255=EDGE_LOOP('',(#1189,#1190,#1191,#1192));
#9256=EDGE_LOOP('',(#1193,#1194,#1195,#1196));
#9257=EDGE_LOOP('',(#1197,#1198,#1199,#1200));
#9258=EDGE_LOOP('',(#1201,#1202,#1203,#1204));
#9259=EDGE_LOOP('',(#1205,#1206,#1207,#1208));
#9260=EDGE_LOOP('',(#1209,#1210,#1211,#1212));
#9261=EDGE_LOOP('',(#1213,#1214,#1215,#1216));
#9262=EDGE_LOOP('',(#1217,#1218,#1219,#1220));
#9263=EDGE_LOOP('',(#1221,#1222,#1223,#1224));
#9264=EDGE_LOOP('',(#1225,#1226,#1227,#1228));
#9265=EDGE_LOOP('',(#1229,#1230,#1231,#1232));
#9266=EDGE_LOOP('',(#1233,#1234,#1235,#1236));
#9267=EDGE_LOOP('',(#1237,#1238,#1239,#1240));
#9268=EDGE_LOOP('',(#1241,#1242,#1243,#1244));
#9269=EDGE_LOOP('',(#1245,#1246,#1247,#1248));
#9270=EDGE_LOOP('',(#1249,#1250,#1251,#1252));
#9271=EDGE_LOOP('',(#1253,#1254,#1255,#1256));
#9272=EDGE_LOOP('',(#1257,#1258,#1259,#1260));
#9273=EDGE_LOOP('',(#1261,#1262,#1263,#1264));
#9274=EDGE_LOOP('',(#1265,#1266,#1267,#1268));
#9275=EDGE_LOOP('',(#1269,#1270,#1271,#1272));
#9276=EDGE_LOOP('',(#1273,#1274,#1275,#1276));
#9277=EDGE_LOOP('',(#1277,#1278,#1279,#1280));
#9278=EDGE_LOOP('',(#1281,#1282,#1283,#1284));
#9279=EDGE_LOOP('',(#1285,#1286,#1287,#1288));
#9280=EDGE_LOOP('',(#1289,#1290,#1291,#1292));
#9281=EDGE_LOOP('',(#1293,#1294,#1295,#1296));
#9282=EDGE_LOOP('',(#1297,#1298,#1299,#1300));
#9283=EDGE_LOOP('',(#1301,#1302,#1303,#1304));
#9284=EDGE_LOOP('',(#1305,#1306,#1307,#1308));
#9285=EDGE_LOOP('',(#1309,#1310,#1311,#1312));
#9286=EDGE_LOOP('',(#1313,#1314,#1315,#1316));
#9287=EDGE_LOOP('',(#1317,#1318,#1319,#1320));
#9288=EDGE_LOOP('',(#1321,#1322,#1323,#1324));
#9289=EDGE_LOOP('',(#1325,#1326,#1327,#1328));
#9290=EDGE_LOOP('',(#1329,#1330,#1331,#1332));
#9291=EDGE_LOOP('',(#1333,#1334,#1335,#1336));
#9292=EDGE_LOOP('',(#1337,#1338,#1339,#1340));
#9293=EDGE_LOOP('',(#1341,#1342,#1343,#1344));
#9294=EDGE_LOOP('',(#1345,#1346,#1347,#1348));
#9295=EDGE_LOOP('',(#1349,#1350,#1351,#1352));
#9296=EDGE_LOOP('',(#1353,#1354,#1355,#1356));
#9297=EDGE_LOOP('',(#1357,#1358,#1359,#1360));
#9298=EDGE_LOOP('',(#1361,#1362,#1363,#1364));
#9299=EDGE_LOOP('',(#1365,#1366,#1367,#1368));
#9300=EDGE_LOOP('',(#1369,#1370,#1371,#1372));
#9301=EDGE_LOOP('',(#1373,#1374,#1375,#1376));
#9302=EDGE_LOOP('',(#1377,#1378,#1379,#1380));
#9303=EDGE_LOOP('',(#1381,#1382,#1383,#1384));
#9304=EDGE_LOOP('',(#1385,#1386,#1387,#1388));
#9305=EDGE_LOOP('',(#1389,#1390,#1391,#1392));
#9306=EDGE_LOOP('',(#1393,#1394,#1395,#1396));
#9307=EDGE_LOOP('',(#1397,#1398,#1399,#1400));
#9308=EDGE_LOOP('',(#1401,#1402,#1403,#1404));
#9309=EDGE_LOOP('',(#1405,#1406,#1407,#1408));
#9310=EDGE_LOOP('',(#1409,#1410,#1411,#1412));
#9311=EDGE_LOOP('',(#1413,#1414,#1415,#1416));
#9312=EDGE_LOOP('',(#1417,#1418,#1419,#1420));
#9313=EDGE_LOOP('',(#1421,#1422,#1423,#1424));
#9314=EDGE_LOOP('',(#1425,#1426,#1427,#1428));
#9315=EDGE_LOOP('',(#1429,#1430,#1431,#1432));
#9316=EDGE_LOOP('',(#1433,#1434,#1435,#1436));
#9317=EDGE_LOOP('',(#1437,#1438,#1439,#1440));
#9318=EDGE_LOOP('',(#1441,#1442,#1443,#1444));
#9319=EDGE_LOOP('',(#1445,#1446,#1447,#1448));
#9320=EDGE_LOOP('',(#1449,#1450,#1451,#1452));
#9321=EDGE_LOOP('',(#1453,#1454,#1455,#1456));
#9322=EDGE_LOOP('',(#1457,#1458,#1459,#1460));
#9323=EDGE_LOOP('',(#1461,#1462,#1463,#1464));
#9324=EDGE_LOOP('',(#1465,#1466,#1467,#1468));
#9325=EDGE_LOOP('',(#1469,#1470,#1471,#1472));
#9326=EDGE_LOOP('',(#1473,#1474,#1475,#1476));
#9327=EDGE_LOOP('',(#1477,#1478,#1479,#1480));
#9328=EDGE_LOOP('',(#1481,#1482,#1483,#1484));
#9329=EDGE_LOOP('',(#1485,#1486,#1487,#1488));
#9330=EDGE_LOOP('',(#1489,#1490,#1491,#1492));
#9331=EDGE_LOOP('',(#1493,#1494,#1495,#1496));
#9332=EDGE_LOOP('',(#1497,#1498,#1499,#1500));
#9333=EDGE_LOOP('',(#1501,#1502,#1503,#1504));
#9334=EDGE_LOOP('',(#1505,#1506,#1507,#1508));
#9335=EDGE_LOOP('',(#1509,#1510,#1511,#1512));
#9336=EDGE_LOOP('',(#1513,#1514,#1515,#1516));
#9337=EDGE_LOOP('',(#1517,#1518,#1519,#1520));
#9338=EDGE_LOOP('',(#1521,#1522,#1523,#1524));
#9339=EDGE_LOOP('',(#1525,#1526,#1527,#1528));
#9340=EDGE_LOOP('',(#1529,#1530,#1531,#1532));
#9341=EDGE_LOOP('',(#1533,#1534,#1535,#1536));
#9342=EDGE_LOOP('',(#1537,#1538,#1539,#1540));
#9343=EDGE_LOOP('',(#1541,#1542,#1543,#1544));
#9344=EDGE_LOOP('',(#1545,#1546,#1547,#1548));
#9345=EDGE_LOOP('',(#1549,#1550,#1551,#1552));
#9346=EDGE_LOOP('',(#1553,#1554,#1555,#1556));
#9347=EDGE_LOOP('',(#1557,#1558,#1559,#1560));
#9348=EDGE_LOOP('',(#1561,#1562,#1563,#1564));
#9349=EDGE_LOOP('',(#1565,#1566,#1567,#1568));
#9350=EDGE_LOOP('',(#1569,#1570,#1571,#1572));
#9351=EDGE_LOOP('',(#1573,#1574,#1575,#1576));
#9352=EDGE_LOOP('',(#1577,#1578,#1579,#1580));
#9353=EDGE_LOOP('',(#1581,#1582,#1583,#1584));
#9354=EDGE_LOOP('',(#1585,#1586,#1587,#1588));
#9355=EDGE_LOOP('',(#1589,#1590,#1591,#1592));
#9356=EDGE_LOOP('',(#1593,#1594,#1595,#1596));
#9357=EDGE_LOOP('',(#1597,#1598,#1599,#1600));
#9358=EDGE_LOOP('',(#1601,#1602,#1603,#1604));
#9359=EDGE_LOOP('',(#1605,#1606,#1607,#1608));
#9360=EDGE_LOOP('',(#1609,#1610,#1611,#1612));
#9361=EDGE_LOOP('',(#1613,#1614,#1615,#1616));
#9362=EDGE_LOOP('',(#1617,#1618,#1619,#1620));
#9363=EDGE_LOOP('',(#1621,#1622,#1623,#1624));
#9364=EDGE_LOOP('',(#1625,#1626,#1627,#1628));
#9365=EDGE_LOOP('',(#1629,#1630,#1631,#1632));
#9366=EDGE_LOOP('',(#1633,#1634,#1635,#1636));
#9367=EDGE_LOOP('',(#1637,#1638,#1639,#1640));
#9368=EDGE_LOOP('',(#1641,#1642,#1643,#1644));
#9369=EDGE_LOOP('',(#1645,#1646,#1647,#1648));
#9370=EDGE_LOOP('',(#1649,#1650,#1651,#1652));
#9371=EDGE_LOOP('',(#1653,#1654,#1655,#1656));
#9372=EDGE_LOOP('',(#1657,#1658,#1659,#1660));
#9373=EDGE_LOOP('',(#1661,#1662,#1663,#1664));
#9374=EDGE_LOOP('',(#1665,#1666,#1667,#1668));
#9375=EDGE_LOOP('',(#1669,#1670,#1671,#1672));
#9376=EDGE_LOOP('',(#1673,#1674,#1675,#1676));
#9377=EDGE_LOOP('',(#1677,#1678,#1679,#1680));
#9378=EDGE_LOOP('',(#1681,#1682,#1683,#1684));
#9379=EDGE_LOOP('',(#1685,#1686,#1687,#1688));
#9380=EDGE_LOOP('',(#1689,#1690,#1691,#1692));
#9381=EDGE_LOOP('',(#1693,#1694,#1695,#1696));
#9382=EDGE_LOOP('',(#1697,#1698,#1699,#1700));
#9383=EDGE_LOOP('',(#1701,#1702,#1703,#1704));
#9384=EDGE_LOOP('',(#1705,#1706,#1707,#1708));
#9385=EDGE_LOOP('',(#1709,#1710,#1711,#1712));
#9386=EDGE_LOOP('',(#1713,#1714,#1715,#1716));
#9387=EDGE_LOOP('',(#1717,#1718,#1719,#1720));
#9388=EDGE_LOOP('',(#1721,#1722,#1723,#1724));
#9389=EDGE_LOOP('',(#1725,#1726,#1727,#1728));
#9390=EDGE_LOOP('',(#1729,#1730,#1731,#1732,#1733,#1734,#1735,#1736,#1737,
#1738,#1739,#1740));
#9391=EDGE_LOOP('',(#1741,#1742,#1743,#1744,#1745,#1746,#1747,#1748,#1749,
#1750,#1751,#1752));
#9392=EDGE_LOOP('',(#1753,#1754,#1755,#1756));
#9393=EDGE_LOOP('',(#1757,#1758,#1759,#1760));
#9394=EDGE_LOOP('',(#1761,#1762,#1763,#1764));
#9395=EDGE_LOOP('',(#1765,#1766,#1767,#1768));
#9396=EDGE_LOOP('',(#1769,#1770,#1771,#1772));
#9397=EDGE_LOOP('',(#1773,#1774,#1775,#1776));
#9398=EDGE_LOOP('',(#1777,#1778,#1779,#1780));
#9399=EDGE_LOOP('',(#1781,#1782,#1783,#1784,#1785,#1786,#1787,#1788,#1789,
#1790,#1791,#1792,#1793,#1794,#1795));
#9400=EDGE_LOOP('',(#1796,#1797,#1798,#1799));
#9401=EDGE_LOOP('',(#1800,#1801,#1802,#1803));
#9402=EDGE_LOOP('',(#1804,#1805,#1806,#1807));
#9403=EDGE_LOOP('',(#1808,#1809,#1810,#1811));
#9404=EDGE_LOOP('',(#1812,#1813,#1814,#1815,#1816,#1817,#1818,#1819,#1820,
#1821,#1822,#1823,#1824,#1825,#1826));
#9405=EDGE_LOOP('',(#1827,#1828,#1829,#1830));
#9406=EDGE_LOOP('',(#1831,#1832,#1833,#1834));
#9407=EDGE_LOOP('',(#1835,#1836,#1837,#1838));
#9408=EDGE_LOOP('',(#1839,#1840,#1841,#1842));
#9409=EDGE_LOOP('',(#1843,#1844,#1845,#1846));
#9410=EDGE_LOOP('',(#1847,#1848,#1849,#1850));
#9411=EDGE_LOOP('',(#1851,#1852,#1853,#1854));
#9412=EDGE_LOOP('',(#1855,#1856,#1857,#1858));
#9413=EDGE_LOOP('',(#1859,#1860,#1861,#1862));
#9414=EDGE_LOOP('',(#1863,#1864,#1865,#1866));
#9415=EDGE_LOOP('',(#1867,#1868,#1869,#1870));
#9416=EDGE_LOOP('',(#1871,#1872,#1873,#1874));
#9417=EDGE_LOOP('',(#1875,#1876,#1877,#1878));
#9418=EDGE_LOOP('',(#1879,#1880,#1881,#1882));
#9419=EDGE_LOOP('',(#1883,#1884,#1885,#1886));
#9420=EDGE_LOOP('',(#1887,#1888,#1889,#1890));
#9421=EDGE_LOOP('',(#1891,#1892,#1893,#1894));
#9422=EDGE_LOOP('',(#1895,#1896,#1897,#1898));
#9423=EDGE_LOOP('',(#1899,#1900,#1901,#1902));
#9424=EDGE_LOOP('',(#1903,#1904,#1905,#1906));
#9425=EDGE_LOOP('',(#1907,#1908,#1909,#1910));
#9426=EDGE_LOOP('',(#1911,#1912,#1913,#1914));
#9427=EDGE_LOOP('',(#1915,#1916,#1917,#1918));
#9428=EDGE_LOOP('',(#1919,#1920,#1921,#1922));
#9429=EDGE_LOOP('',(#1923,#1924,#1925,#1926));
#9430=EDGE_LOOP('',(#1927,#1928,#1929,#1930));
#9431=EDGE_LOOP('',(#1931,#1932,#1933,#1934));
#9432=EDGE_LOOP('',(#1935,#1936,#1937,#1938));
#9433=EDGE_LOOP('',(#1939,#1940,#1941,#1942));
#9434=EDGE_LOOP('',(#1943,#1944,#1945,#1946));
#9435=EDGE_LOOP('',(#1947,#1948,#1949,#1950));
#9436=EDGE_LOOP('',(#1951,#1952,#1953,#1954));
#9437=EDGE_LOOP('',(#1955,#1956,#1957,#1958));
#9438=EDGE_LOOP('',(#1959,#1960,#1961,#1962));
#9439=EDGE_LOOP('',(#1963,#1964,#1965,#1966));
#9440=EDGE_LOOP('',(#1967,#1968,#1969,#1970));
#9441=EDGE_LOOP('',(#1971,#1972,#1973,#1974));
#9442=EDGE_LOOP('',(#1975,#1976,#1977,#1978));
#9443=EDGE_LOOP('',(#1979,#1980,#1981,#1982));
#9444=EDGE_LOOP('',(#1983,#1984,#1985,#1986));
#9445=EDGE_LOOP('',(#1987,#1988,#1989,#1990));
#9446=EDGE_LOOP('',(#1991,#1992,#1993,#1994));
#9447=EDGE_LOOP('',(#1995,#1996,#1997,#1998));
#9448=EDGE_LOOP('',(#1999,#2000,#2001,#2002));
#9449=EDGE_LOOP('',(#2003,#2004,#2005,#2006));
#9450=EDGE_LOOP('',(#2007,#2008,#2009,#2010));
#9451=EDGE_LOOP('',(#2011,#2012,#2013,#2014));
#9452=EDGE_LOOP('',(#2015,#2016,#2017,#2018));
#9453=EDGE_LOOP('',(#2019,#2020,#2021,#2022));
#9454=EDGE_LOOP('',(#2023,#2024,#2025,#2026));
#9455=EDGE_LOOP('',(#2027,#2028,#2029,#2030,#2031,#2032,#2033));
#9456=EDGE_LOOP('',(#2034,#2035,#2036,#2037,#2038,#2039));
#9457=EDGE_LOOP('',(#2040,#2041,#2042,#2043,#2044));
#9458=EDGE_LOOP('',(#2045,#2046,#2047,#2048,#2049,#2050));
#9459=EDGE_LOOP('',(#2051,#2052,#2053,#2054,#2055,#2056,#2057,#2058,#2059,
#2060));
#9460=EDGE_LOOP('',(#2061));
#9461=EDGE_LOOP('',(#2062));
#9462=EDGE_LOOP('',(#2063));
#9463=EDGE_LOOP('',(#2064));
#9464=EDGE_LOOP('',(#2065));
#9465=EDGE_LOOP('',(#2066));
#9466=EDGE_LOOP('',(#2067));
#9467=EDGE_LOOP('',(#2068));
#9468=EDGE_LOOP('',(#2069));
#9469=EDGE_LOOP('',(#2070));
#9470=EDGE_LOOP('',(#2071));
#9471=EDGE_LOOP('',(#2072));
#9472=EDGE_LOOP('',(#2073));
#9473=EDGE_LOOP('',(#2074));
#9474=EDGE_LOOP('',(#2075));
#9475=EDGE_LOOP('',(#2076));
#9476=EDGE_LOOP('',(#2077));
#9477=EDGE_LOOP('',(#2078));
#9478=EDGE_LOOP('',(#2079));
#9479=EDGE_LOOP('',(#2080));
#9480=EDGE_LOOP('',(#2081));
#9481=EDGE_LOOP('',(#2082));
#9482=EDGE_LOOP('',(#2083));
#9483=EDGE_LOOP('',(#2084));
#9484=EDGE_LOOP('',(#2085));
#9485=EDGE_LOOP('',(#2086));
#9486=EDGE_LOOP('',(#2087));
#9487=EDGE_LOOP('',(#2088));
#9488=EDGE_LOOP('',(#2089));
#9489=EDGE_LOOP('',(#2090));
#9490=EDGE_LOOP('',(#2091));
#9491=EDGE_LOOP('',(#2092));
#9492=EDGE_LOOP('',(#2093));
#9493=EDGE_LOOP('',(#2094));
#9494=EDGE_LOOP('',(#2095));
#9495=EDGE_LOOP('',(#2096));
#9496=EDGE_LOOP('',(#2097));
#9497=EDGE_LOOP('',(#2098));
#9498=EDGE_LOOP('',(#2099));
#9499=EDGE_LOOP('',(#2100));
#9500=EDGE_LOOP('',(#2101));
#9501=EDGE_LOOP('',(#2102));
#9502=EDGE_LOOP('',(#2103));
#9503=EDGE_LOOP('',(#2104));
#9504=EDGE_LOOP('',(#2105));
#9505=EDGE_LOOP('',(#2106));
#9506=EDGE_LOOP('',(#2107));
#9507=EDGE_LOOP('',(#2108));
#9508=EDGE_LOOP('',(#2109));
#9509=EDGE_LOOP('',(#2110));
#9510=EDGE_LOOP('',(#2111));
#9511=EDGE_LOOP('',(#2112));
#9512=EDGE_LOOP('',(#2113));
#9513=EDGE_LOOP('',(#2114));
#9514=EDGE_LOOP('',(#2115));
#9515=EDGE_LOOP('',(#2116));
#9516=EDGE_LOOP('',(#2117));
#9517=EDGE_LOOP('',(#2118));
#9518=EDGE_LOOP('',(#2119));
#9519=EDGE_LOOP('',(#2120));
#9520=EDGE_LOOP('',(#2121));
#9521=EDGE_LOOP('',(#2122));
#9522=EDGE_LOOP('',(#2123));
#9523=EDGE_LOOP('',(#2124));
#9524=EDGE_LOOP('',(#2125));
#9525=EDGE_LOOP('',(#2126));
#9526=EDGE_LOOP('',(#2127));
#9527=EDGE_LOOP('',(#2128));
#9528=EDGE_LOOP('',(#2129));
#9529=EDGE_LOOP('',(#2130));
#9530=EDGE_LOOP('',(#2131));
#9531=EDGE_LOOP('',(#2132));
#9532=EDGE_LOOP('',(#2133));
#9533=EDGE_LOOP('',(#2134));
#9534=EDGE_LOOP('',(#2135));
#9535=EDGE_LOOP('',(#2136));
#9536=EDGE_LOOP('',(#2137));
#9537=EDGE_LOOP('',(#2138));
#9538=EDGE_LOOP('',(#2139));
#9539=EDGE_LOOP('',(#2140));
#9540=EDGE_LOOP('',(#2141));
#9541=EDGE_LOOP('',(#2142));
#9542=EDGE_LOOP('',(#2143));
#9543=EDGE_LOOP('',(#2144));
#9544=EDGE_LOOP('',(#2145));
#9545=EDGE_LOOP('',(#2146));
#9546=EDGE_LOOP('',(#2147));
#9547=EDGE_LOOP('',(#2148));
#9548=EDGE_LOOP('',(#2149));
#9549=EDGE_LOOP('',(#2150));
#9550=EDGE_LOOP('',(#2151));
#9551=EDGE_LOOP('',(#2152));
#9552=EDGE_LOOP('',(#2153));
#9553=EDGE_LOOP('',(#2154));
#9554=EDGE_LOOP('',(#2155));
#9555=EDGE_LOOP('',(#2156));
#9556=EDGE_LOOP('',(#2157));
#9557=EDGE_LOOP('',(#2158));
#9558=EDGE_LOOP('',(#2159));
#9559=EDGE_LOOP('',(#2160));
#9560=EDGE_LOOP('',(#2161));
#9561=EDGE_LOOP('',(#2162));
#9562=EDGE_LOOP('',(#2163));
#9563=EDGE_LOOP('',(#2164));
#9564=EDGE_LOOP('',(#2165));
#9565=EDGE_LOOP('',(#2166));
#9566=EDGE_LOOP('',(#2167));
#9567=EDGE_LOOP('',(#2168));
#9568=EDGE_LOOP('',(#2169));
#9569=EDGE_LOOP('',(#2170));
#9570=EDGE_LOOP('',(#2171));
#9571=EDGE_LOOP('',(#2172));
#9572=EDGE_LOOP('',(#2173));
#9573=EDGE_LOOP('',(#2174));
#9574=EDGE_LOOP('',(#2175));
#9575=EDGE_LOOP('',(#2176));
#9576=EDGE_LOOP('',(#2177));
#9577=EDGE_LOOP('',(#2178));
#9578=EDGE_LOOP('',(#2179));
#9579=EDGE_LOOP('',(#2180));
#9580=EDGE_LOOP('',(#2181));
#9581=EDGE_LOOP('',(#2182));
#9582=EDGE_LOOP('',(#2183));
#9583=EDGE_LOOP('',(#2184));
#9584=EDGE_LOOP('',(#2185));
#9585=EDGE_LOOP('',(#2186));
#9586=EDGE_LOOP('',(#2187));
#9587=EDGE_LOOP('',(#2188));
#9588=EDGE_LOOP('',(#2189));
#9589=EDGE_LOOP('',(#2190));
#9590=EDGE_LOOP('',(#2191));
#9591=EDGE_LOOP('',(#2192));
#9592=EDGE_LOOP('',(#2193));
#9593=EDGE_LOOP('',(#2194));
#9594=EDGE_LOOP('',(#2195));
#9595=EDGE_LOOP('',(#2196));
#9596=EDGE_LOOP('',(#2197));
#9597=EDGE_LOOP('',(#2198));
#9598=EDGE_LOOP('',(#2199));
#9599=EDGE_LOOP('',(#2200));
#9600=EDGE_LOOP('',(#2201));
#9601=EDGE_LOOP('',(#2202));
#9602=EDGE_LOOP('',(#2203));
#9603=EDGE_LOOP('',(#2204));
#9604=EDGE_LOOP('',(#2205));
#9605=EDGE_LOOP('',(#2206));
#9606=EDGE_LOOP('',(#2207));
#9607=EDGE_LOOP('',(#2208));
#9608=EDGE_LOOP('',(#2209));
#9609=EDGE_LOOP('',(#2210));
#9610=EDGE_LOOP('',(#2211));
#9611=EDGE_LOOP('',(#2212));
#9612=EDGE_LOOP('',(#2213));
#9613=EDGE_LOOP('',(#2214));
#9614=EDGE_LOOP('',(#2215));
#9615=EDGE_LOOP('',(#2216));
#9616=EDGE_LOOP('',(#2217));
#9617=EDGE_LOOP('',(#2218));
#9618=EDGE_LOOP('',(#2219));
#9619=EDGE_LOOP('',(#2220));
#9620=EDGE_LOOP('',(#2221));
#9621=EDGE_LOOP('',(#2222));
#9622=EDGE_LOOP('',(#2223));
#9623=EDGE_LOOP('',(#2224));
#9624=EDGE_LOOP('',(#2225));
#9625=EDGE_LOOP('',(#2226));
#9626=EDGE_LOOP('',(#2227));
#9627=EDGE_LOOP('',(#2228));
#9628=EDGE_LOOP('',(#2229));
#9629=EDGE_LOOP('',(#2230));
#9630=EDGE_LOOP('',(#2231));
#9631=EDGE_LOOP('',(#2232));
#9632=EDGE_LOOP('',(#2233));
#9633=EDGE_LOOP('',(#2234));
#9634=EDGE_LOOP('',(#2235));
#9635=EDGE_LOOP('',(#2236));
#9636=EDGE_LOOP('',(#2237));
#9637=EDGE_LOOP('',(#2238));
#9638=EDGE_LOOP('',(#2239));
#9639=EDGE_LOOP('',(#2240));
#9640=EDGE_LOOP('',(#2241));
#9641=EDGE_LOOP('',(#2242));
#9642=EDGE_LOOP('',(#2243));
#9643=EDGE_LOOP('',(#2244));
#9644=EDGE_LOOP('',(#2245));
#9645=EDGE_LOOP('',(#2246));
#9646=EDGE_LOOP('',(#2247));
#9647=EDGE_LOOP('',(#2248));
#9648=EDGE_LOOP('',(#2249));
#9649=EDGE_LOOP('',(#2250));
#9650=EDGE_LOOP('',(#2251));
#9651=EDGE_LOOP('',(#2252));
#9652=EDGE_LOOP('',(#2253));
#9653=EDGE_LOOP('',(#2254));
#9654=EDGE_LOOP('',(#2255));
#9655=EDGE_LOOP('',(#2256));
#9656=EDGE_LOOP('',(#2257));
#9657=EDGE_LOOP('',(#2258));
#9658=EDGE_LOOP('',(#2259));
#9659=EDGE_LOOP('',(#2260));
#9660=EDGE_LOOP('',(#2261));
#9661=EDGE_LOOP('',(#2262));
#9662=EDGE_LOOP('',(#2263));
#9663=EDGE_LOOP('',(#2264));
#9664=EDGE_LOOP('',(#2265));
#9665=EDGE_LOOP('',(#2266));
#9666=EDGE_LOOP('',(#2267));
#9667=EDGE_LOOP('',(#2268));
#9668=EDGE_LOOP('',(#2269));
#9669=EDGE_LOOP('',(#2270));
#9670=EDGE_LOOP('',(#2271));
#9671=EDGE_LOOP('',(#2272));
#9672=EDGE_LOOP('',(#2273));
#9673=EDGE_LOOP('',(#2274));
#9674=EDGE_LOOP('',(#2275));
#9675=EDGE_LOOP('',(#2276));
#9676=EDGE_LOOP('',(#2277));
#9677=EDGE_LOOP('',(#2278));
#9678=EDGE_LOOP('',(#2279));
#9679=EDGE_LOOP('',(#2280));
#9680=EDGE_LOOP('',(#2281));
#9681=EDGE_LOOP('',(#2282));
#9682=EDGE_LOOP('',(#2283));
#9683=EDGE_LOOP('',(#2284));
#9684=EDGE_LOOP('',(#2285));
#9685=EDGE_LOOP('',(#2286));
#9686=EDGE_LOOP('',(#2287));
#9687=EDGE_LOOP('',(#2288));
#9688=EDGE_LOOP('',(#2289));
#9689=EDGE_LOOP('',(#2290));
#9690=EDGE_LOOP('',(#2291));
#9691=EDGE_LOOP('',(#2292));
#9692=EDGE_LOOP('',(#2293));
#9693=EDGE_LOOP('',(#2294));
#9694=EDGE_LOOP('',(#2295));
#9695=EDGE_LOOP('',(#2296));
#9696=EDGE_LOOP('',(#2297));
#9697=EDGE_LOOP('',(#2298));
#9698=EDGE_LOOP('',(#2299));
#9699=EDGE_LOOP('',(#2300));
#9700=EDGE_LOOP('',(#2301));
#9701=EDGE_LOOP('',(#2302));
#9702=EDGE_LOOP('',(#2303));
#9703=EDGE_LOOP('',(#2304));
#9704=EDGE_LOOP('',(#2305));
#9705=EDGE_LOOP('',(#2306));
#9706=EDGE_LOOP('',(#2307));
#9707=EDGE_LOOP('',(#2308));
#9708=EDGE_LOOP('',(#2309));
#9709=EDGE_LOOP('',(#2310));
#9710=EDGE_LOOP('',(#2311));
#9711=EDGE_LOOP('',(#2312,#2313,#2314,#2315));
#9712=EDGE_LOOP('',(#2316));
#9713=EDGE_LOOP('',(#2317));
#9714=EDGE_LOOP('',(#2318));
#9715=EDGE_LOOP('',(#2319));
#9716=EDGE_LOOP('',(#2320));
#9717=EDGE_LOOP('',(#2321));
#9718=EDGE_LOOP('',(#2322));
#9719=EDGE_LOOP('',(#2323));
#9720=EDGE_LOOP('',(#2324));
#9721=EDGE_LOOP('',(#2325));
#9722=EDGE_LOOP('',(#2326));
#9723=EDGE_LOOP('',(#2327));
#9724=EDGE_LOOP('',(#2328));
#9725=EDGE_LOOP('',(#2329));
#9726=EDGE_LOOP('',(#2330));
#9727=EDGE_LOOP('',(#2331));
#9728=EDGE_LOOP('',(#2332,#2333,#2334,#2335));
#9729=EDGE_LOOP('',(#2336,#2337,#2338,#2339,#2340,#2341));
#9730=EDGE_LOOP('',(#2342));
#9731=EDGE_LOOP('',(#2343));
#9732=EDGE_LOOP('',(#2344));
#9733=EDGE_LOOP('',(#2345));
#9734=EDGE_LOOP('',(#2346,#2347,#2348,#2349,#2350,#2351,#2352,#2353,#2354,
#2355,#2356,#2357,#2358,#2359,#2360,#2361,#2362,#2363,#2364,#2365));
#9735=EDGE_LOOP('',(#2366));
#9736=EDGE_LOOP('',(#2367));
#9737=EDGE_LOOP('',(#2368));
#9738=EDGE_LOOP('',(#2369));
#9739=EDGE_LOOP('',(#2370));
#9740=EDGE_LOOP('',(#2371));
#9741=EDGE_LOOP('',(#2372));
#9742=EDGE_LOOP('',(#2373));
#9743=EDGE_LOOP('',(#2374));
#9744=EDGE_LOOP('',(#2375));
#9745=EDGE_LOOP('',(#2376));
#9746=EDGE_LOOP('',(#2377));
#9747=EDGE_LOOP('',(#2378));
#9748=EDGE_LOOP('',(#2379));
#9749=EDGE_LOOP('',(#2380));
#9750=EDGE_LOOP('',(#2381));
#9751=EDGE_LOOP('',(#2382));
#9752=EDGE_LOOP('',(#2383));
#9753=EDGE_LOOP('',(#2384));
#9754=EDGE_LOOP('',(#2385));
#9755=EDGE_LOOP('',(#2386));
#9756=EDGE_LOOP('',(#2387));
#9757=EDGE_LOOP('',(#2388));
#9758=EDGE_LOOP('',(#2389));
#9759=EDGE_LOOP('',(#2390));
#9760=EDGE_LOOP('',(#2391));
#9761=EDGE_LOOP('',(#2392));
#9762=EDGE_LOOP('',(#2393));
#9763=EDGE_LOOP('',(#2394));
#9764=EDGE_LOOP('',(#2395));
#9765=EDGE_LOOP('',(#2396));
#9766=EDGE_LOOP('',(#2397));
#9767=EDGE_LOOP('',(#2398));
#9768=EDGE_LOOP('',(#2399));
#9769=EDGE_LOOP('',(#2400));
#9770=EDGE_LOOP('',(#2401));
#9771=EDGE_LOOP('',(#2402));
#9772=EDGE_LOOP('',(#2403));
#9773=EDGE_LOOP('',(#2404));
#9774=EDGE_LOOP('',(#2405));
#9775=EDGE_LOOP('',(#2406));
#9776=EDGE_LOOP('',(#2407));
#9777=EDGE_LOOP('',(#2408));
#9778=EDGE_LOOP('',(#2409));
#9779=EDGE_LOOP('',(#2410));
#9780=EDGE_LOOP('',(#2411));
#9781=EDGE_LOOP('',(#2412));
#9782=EDGE_LOOP('',(#2413));
#9783=EDGE_LOOP('',(#2414));
#9784=EDGE_LOOP('',(#2415));
#9785=EDGE_LOOP('',(#2416));
#9786=EDGE_LOOP('',(#2417));
#9787=EDGE_LOOP('',(#2418));
#9788=EDGE_LOOP('',(#2419));
#9789=EDGE_LOOP('',(#2420));
#9790=EDGE_LOOP('',(#2421));
#9791=EDGE_LOOP('',(#2422));
#9792=EDGE_LOOP('',(#2423));
#9793=EDGE_LOOP('',(#2424));
#9794=EDGE_LOOP('',(#2425));
#9795=EDGE_LOOP('',(#2426));
#9796=EDGE_LOOP('',(#2427));
#9797=EDGE_LOOP('',(#2428));
#9798=EDGE_LOOP('',(#2429));
#9799=EDGE_LOOP('',(#2430));
#9800=EDGE_LOOP('',(#2431));
#9801=EDGE_LOOP('',(#2432));
#9802=EDGE_LOOP('',(#2433));
#9803=EDGE_LOOP('',(#2434));
#9804=EDGE_LOOP('',(#2435));
#9805=EDGE_LOOP('',(#2436));
#9806=EDGE_LOOP('',(#2437));
#9807=EDGE_LOOP('',(#2438));
#9808=EDGE_LOOP('',(#2439));
#9809=EDGE_LOOP('',(#2440));
#9810=EDGE_LOOP('',(#2441));
#9811=EDGE_LOOP('',(#2442));
#9812=EDGE_LOOP('',(#2443));
#9813=EDGE_LOOP('',(#2444));
#9814=EDGE_LOOP('',(#2445));
#9815=EDGE_LOOP('',(#2446));
#9816=EDGE_LOOP('',(#2447));
#9817=EDGE_LOOP('',(#2448));
#9818=EDGE_LOOP('',(#2449));
#9819=EDGE_LOOP('',(#2450));
#9820=EDGE_LOOP('',(#2451));
#9821=EDGE_LOOP('',(#2452));
#9822=EDGE_LOOP('',(#2453));
#9823=EDGE_LOOP('',(#2454));
#9824=EDGE_LOOP('',(#2455));
#9825=EDGE_LOOP('',(#2456,#2457,#2458,#2459,#2460,#2461));
#9826=EDGE_LOOP('',(#2462,#2463,#2464,#2465));
#9827=EDGE_LOOP('',(#2466,#2467,#2468,#2469));
#9828=EDGE_LOOP('',(#2470,#2471,#2472,#2473));
#9829=EDGE_LOOP('',(#2474,#2475,#2476,#2477));
#9830=EDGE_LOOP('',(#2478,#2479,#2480,#2481));
#9831=EDGE_LOOP('',(#2482,#2483,#2484,#2485));
#9832=EDGE_LOOP('',(#2486,#2487,#2488,#2489));
#9833=EDGE_LOOP('',(#2490));
#9834=EDGE_LOOP('',(#2491,#2492,#2493,#2494));
#9835=EDGE_LOOP('',(#2495,#2496,#2497,#2498));
#9836=EDGE_LOOP('',(#2499,#2500,#2501,#2502));
#9837=EDGE_LOOP('',(#2503,#2504,#2505,#2506));
#9838=EDGE_LOOP('',(#2507));
#9839=EDGE_LOOP('',(#2508,#2509,#2510,#2511));
#9840=EDGE_LOOP('',(#2512,#2513,#2514,#2515));
#9841=EDGE_LOOP('',(#2516,#2517,#2518,#2519));
#9842=EDGE_LOOP('',(#2520,#2521,#2522,#2523));
#9843=EDGE_LOOP('',(#2524));
#9844=EDGE_LOOP('',(#2525,#2526,#2527,#2528));
#9845=EDGE_LOOP('',(#2529));
#9846=EDGE_LOOP('',(#2530));
#9847=EDGE_LOOP('',(#2531));
#9848=EDGE_LOOP('',(#2532));
#9849=EDGE_LOOP('',(#2533));
#9850=EDGE_LOOP('',(#2534));
#9851=EDGE_LOOP('',(#2535));
#9852=EDGE_LOOP('',(#2536));
#9853=EDGE_LOOP('',(#2537,#2538,#2539,#2540));
#9854=EDGE_LOOP('',(#2541,#2542,#2543,#2544));
#9855=EDGE_LOOP('',(#2545,#2546,#2547,#2548));
#9856=EDGE_LOOP('',(#2549,#2550,#2551,#2552));
#9857=EDGE_LOOP('',(#2553,#2554,#2555,#2556));
#9858=EDGE_LOOP('',(#2557,#2558,#2559,#2560));
#9859=EDGE_LOOP('',(#2561,#2562,#2563,#2564));
#9860=EDGE_LOOP('',(#2565,#2566,#2567,#2568));
#9861=EDGE_LOOP('',(#2569,#2570,#2571,#2572));
#9862=EDGE_LOOP('',(#2573,#2574,#2575,#2576));
#9863=EDGE_LOOP('',(#2577,#2578,#2579,#2580));
#9864=EDGE_LOOP('',(#2581,#2582,#2583,#2584));
#9865=EDGE_LOOP('',(#2585,#2586,#2587,#2588));
#9866=EDGE_LOOP('',(#2589,#2590,#2591,#2592));
#9867=EDGE_LOOP('',(#2593,#2594,#2595,#2596));
#9868=EDGE_LOOP('',(#2597,#2598,#2599,#2600));
#9869=EDGE_LOOP('',(#2601,#2602,#2603,#2604,#2605,#2606,#2607,#2608));
#9870=EDGE_LOOP('',(#2609,#2610,#2611,#2612,#2613,#2614,#2615,#2616));
#9871=EDGE_LOOP('',(#2617,#2618,#2619,#2620,#2621,#2622,#2623,#2624));
#9872=EDGE_LOOP('',(#2625,#2626,#2627,#2628,#2629,#2630,#2631,#2632));
#9873=EDGE_LOOP('',(#2633,#2634,#2635,#2636));
#9874=EDGE_LOOP('',(#2637,#2638,#2639,#2640));
#9875=EDGE_LOOP('',(#2641,#2642,#2643,#2644));
#9876=EDGE_LOOP('',(#2645,#2646,#2647,#2648));
#9877=EDGE_LOOP('',(#2649,#2650,#2651,#2652));
#9878=EDGE_LOOP('',(#2653,#2654,#2655,#2656));
#9879=EDGE_LOOP('',(#2657,#2658,#2659,#2660));
#9880=EDGE_LOOP('',(#2661,#2662,#2663,#2664));
#9881=EDGE_LOOP('',(#2665,#2666,#2667,#2668));
#9882=EDGE_LOOP('',(#2669,#2670,#2671,#2672));
#9883=EDGE_LOOP('',(#2673,#2674,#2675,#2676));
#9884=EDGE_LOOP('',(#2677,#2678,#2679,#2680));
#9885=EDGE_LOOP('',(#2681,#2682,#2683,#2684));
#9886=EDGE_LOOP('',(#2685,#2686,#2687,#2688));
#9887=EDGE_LOOP('',(#2689,#2690,#2691,#2692));
#9888=EDGE_LOOP('',(#2693,#2694,#2695,#2696));
#9889=EDGE_LOOP('',(#2697,#2698,#2699,#2700));
#9890=EDGE_LOOP('',(#2701,#2702,#2703,#2704));
#9891=EDGE_LOOP('',(#2705,#2706,#2707,#2708));
#9892=EDGE_LOOP('',(#2709,#2710,#2711,#2712));
#9893=EDGE_LOOP('',(#2713,#2714,#2715,#2716));
#9894=EDGE_LOOP('',(#2717,#2718,#2719,#2720));
#9895=EDGE_LOOP('',(#2721,#2722,#2723,#2724));
#9896=EDGE_LOOP('',(#2725,#2726,#2727,#2728));
#9897=EDGE_LOOP('',(#2729,#2730,#2731,#2732));
#9898=EDGE_LOOP('',(#2733,#2734,#2735,#2736));
#9899=EDGE_LOOP('',(#2737,#2738,#2739,#2740));
#9900=EDGE_LOOP('',(#2741,#2742,#2743,#2744));
#9901=EDGE_LOOP('',(#2745,#2746,#2747,#2748));
#9902=EDGE_LOOP('',(#2749,#2750,#2751,#2752));
#9903=EDGE_LOOP('',(#2753,#2754,#2755,#2756));
#9904=EDGE_LOOP('',(#2757,#2758,#2759,#2760));
#9905=EDGE_LOOP('',(#2761,#2762,#2763,#2764));
#9906=EDGE_LOOP('',(#2765,#2766,#2767,#2768,#2769,#2770));
#9907=EDGE_LOOP('',(#2771,#2772,#2773,#2774));
#9908=EDGE_LOOP('',(#2775,#2776,#2777,#2778,#2779,#2780));
#9909=EDGE_LOOP('',(#2781,#2782,#2783,#2784));
#9910=EDGE_LOOP('',(#2785,#2786,#2787,#2788));
#9911=EDGE_LOOP('',(#2789,#2790,#2791,#2792));
#9912=EDGE_LOOP('',(#2793,#2794,#2795,#2796));
#9913=EDGE_LOOP('',(#2797,#2798,#2799,#2800));
#9914=EDGE_LOOP('',(#2801,#2802,#2803,#2804));
#9915=EDGE_LOOP('',(#2805,#2806,#2807,#2808));
#9916=EDGE_LOOP('',(#2809,#2810,#2811,#2812));
#9917=EDGE_LOOP('',(#2813,#2814,#2815,#2816));
#9918=EDGE_LOOP('',(#2817,#2818,#2819,#2820));
#9919=EDGE_LOOP('',(#2821,#2822,#2823,#2824));
#9920=EDGE_LOOP('',(#2825,#2826,#2827,#2828));
#9921=EDGE_LOOP('',(#2829,#2830,#2831,#2832));
#9922=EDGE_LOOP('',(#2833,#2834,#2835,#2836));
#9923=EDGE_LOOP('',(#2837,#2838,#2839,#2840));
#9924=EDGE_LOOP('',(#2841,#2842,#2843,#2844));
#9925=EDGE_LOOP('',(#2845,#2846,#2847,#2848));
#9926=EDGE_LOOP('',(#2849,#2850,#2851,#2852));
#9927=EDGE_LOOP('',(#2853,#2854,#2855,#2856));
#9928=EDGE_LOOP('',(#2857,#2858,#2859,#2860));
#9929=EDGE_LOOP('',(#2861,#2862,#2863,#2864));
#9930=EDGE_LOOP('',(#2865,#2866,#2867,#2868));
#9931=EDGE_LOOP('',(#2869,#2870,#2871,#2872));
#9932=EDGE_LOOP('',(#2873,#2874,#2875,#2876));
#9933=EDGE_LOOP('',(#2877,#2878,#2879,#2880));
#9934=EDGE_LOOP('',(#2881,#2882,#2883,#2884));
#9935=EDGE_LOOP('',(#2885,#2886,#2887,#2888));
#9936=EDGE_LOOP('',(#2889,#2890,#2891,#2892));
#9937=EDGE_LOOP('',(#2893,#2894,#2895,#2896));
#9938=EDGE_LOOP('',(#2897,#2898,#2899,#2900));
#9939=EDGE_LOOP('',(#2901,#2902,#2903,#2904));
#9940=EDGE_LOOP('',(#2905,#2906,#2907,#2908));
#9941=EDGE_LOOP('',(#2909,#2910,#2911,#2912));
#9942=EDGE_LOOP('',(#2913,#2914,#2915,#2916));
#9943=EDGE_LOOP('',(#2917,#2918,#2919,#2920));
#9944=EDGE_LOOP('',(#2921,#2922,#2923,#2924));
#9945=EDGE_LOOP('',(#2925,#2926,#2927,#2928));
#9946=EDGE_LOOP('',(#2929,#2930,#2931,#2932));
#9947=EDGE_LOOP('',(#2933,#2934,#2935,#2936));
#9948=EDGE_LOOP('',(#2937,#2938,#2939,#2940));
#9949=EDGE_LOOP('',(#2941,#2942,#2943,#2944));
#9950=EDGE_LOOP('',(#2945,#2946,#2947,#2948));
#9951=EDGE_LOOP('',(#2949,#2950,#2951,#2952));
#9952=EDGE_LOOP('',(#2953,#2954,#2955,#2956));
#9953=EDGE_LOOP('',(#2957,#2958,#2959,#2960));
#9954=EDGE_LOOP('',(#2961,#2962,#2963,#2964));
#9955=EDGE_LOOP('',(#2965,#2966,#2967,#2968));
#9956=EDGE_LOOP('',(#2969,#2970,#2971,#2972));
#9957=EDGE_LOOP('',(#2973,#2974,#2975,#2976));
#9958=EDGE_LOOP('',(#2977,#2978,#2979,#2980));
#9959=EDGE_LOOP('',(#2981,#2982,#2983,#2984));
#9960=EDGE_LOOP('',(#2985,#2986,#2987,#2988));
#9961=EDGE_LOOP('',(#2989,#2990,#2991,#2992));
#9962=EDGE_LOOP('',(#2993,#2994,#2995,#2996));
#9963=EDGE_LOOP('',(#2997,#2998,#2999,#3000));
#9964=EDGE_LOOP('',(#3001,#3002,#3003,#3004));
#9965=EDGE_LOOP('',(#3005,#3006,#3007,#3008));
#9966=EDGE_LOOP('',(#3009,#3010,#3011,#3012));
#9967=EDGE_LOOP('',(#3013,#3014,#3015,#3016));
#9968=EDGE_LOOP('',(#3017,#3018,#3019,#3020));
#9969=EDGE_LOOP('',(#3021,#3022,#3023,#3024));
#9970=EDGE_LOOP('',(#3025,#3026,#3027,#3028));
#9971=EDGE_LOOP('',(#3029,#3030,#3031,#3032));
#9972=EDGE_LOOP('',(#3033,#3034,#3035,#3036));
#9973=EDGE_LOOP('',(#3037,#3038,#3039,#3040));
#9974=EDGE_LOOP('',(#3041,#3042,#3043,#3044));
#9975=EDGE_LOOP('',(#3045,#3046,#3047,#3048));
#9976=EDGE_LOOP('',(#3049,#3050,#3051,#3052));
#9977=EDGE_LOOP('',(#3053,#3054,#3055,#3056));
#9978=EDGE_LOOP('',(#3057,#3058,#3059,#3060));
#9979=EDGE_LOOP('',(#3061,#3062,#3063,#3064));
#9980=EDGE_LOOP('',(#3065,#3066,#3067,#3068));
#9981=EDGE_LOOP('',(#3069,#3070,#3071,#3072));
#9982=EDGE_LOOP('',(#3073,#3074,#3075,#3076));
#9983=EDGE_LOOP('',(#3077,#3078,#3079,#3080));
#9984=EDGE_LOOP('',(#3081,#3082,#3083,#3084));
#9985=EDGE_LOOP('',(#3085,#3086,#3087,#3088));
#9986=EDGE_LOOP('',(#3089,#3090,#3091,#3092));
#9987=EDGE_LOOP('',(#3093,#3094,#3095,#3096));
#9988=EDGE_LOOP('',(#3097,#3098,#3099,#3100));
#9989=EDGE_LOOP('',(#3101,#3102,#3103,#3104));
#9990=EDGE_LOOP('',(#3105,#3106,#3107,#3108));
#9991=EDGE_LOOP('',(#3109,#3110,#3111,#3112));
#9992=EDGE_LOOP('',(#3113,#3114,#3115,#3116));
#9993=EDGE_LOOP('',(#3117,#3118,#3119,#3120));
#9994=EDGE_LOOP('',(#3121,#3122,#3123,#3124));
#9995=EDGE_LOOP('',(#3125,#3126,#3127,#3128));
#9996=EDGE_LOOP('',(#3129,#3130,#3131,#3132));
#9997=EDGE_LOOP('',(#3133,#3134,#3135,#3136));
#9998=EDGE_LOOP('',(#3137,#3138,#3139,#3140));
#9999=EDGE_LOOP('',(#3141,#3142,#3143,#3144));
#10000=EDGE_LOOP('',(#3145,#3146,#3147,#3148));
#10001=EDGE_LOOP('',(#3149,#3150,#3151,#3152));
#10002=EDGE_LOOP('',(#3153,#3154,#3155,#3156));
#10003=EDGE_LOOP('',(#3157,#3158,#3159,#3160));
#10004=EDGE_LOOP('',(#3161,#3162,#3163,#3164));
#10005=EDGE_LOOP('',(#3165,#3166,#3167,#3168));
#10006=EDGE_LOOP('',(#3169,#3170,#3171,#3172));
#10007=EDGE_LOOP('',(#3173,#3174,#3175,#3176));
#10008=EDGE_LOOP('',(#3177,#3178,#3179,#3180));
#10009=EDGE_LOOP('',(#3181,#3182,#3183,#3184));
#10010=EDGE_LOOP('',(#3185,#3186,#3187,#3188));
#10011=EDGE_LOOP('',(#3189,#3190,#3191,#3192));
#10012=EDGE_LOOP('',(#3193,#3194,#3195,#3196));
#10013=EDGE_LOOP('',(#3197,#3198,#3199,#3200));
#10014=EDGE_LOOP('',(#3201,#3202,#3203,#3204));
#10015=EDGE_LOOP('',(#3205,#3206,#3207,#3208));
#10016=EDGE_LOOP('',(#3209,#3210,#3211,#3212));
#10017=EDGE_LOOP('',(#3213,#3214,#3215,#3216));
#10018=EDGE_LOOP('',(#3217,#3218,#3219,#3220));
#10019=EDGE_LOOP('',(#3221,#3222,#3223,#3224));
#10020=EDGE_LOOP('',(#3225,#3226,#3227,#3228));
#10021=EDGE_LOOP('',(#3229,#3230,#3231,#3232));
#10022=EDGE_LOOP('',(#3233,#3234,#3235,#3236));
#10023=EDGE_LOOP('',(#3237,#3238,#3239,#3240));
#10024=EDGE_LOOP('',(#3241,#3242,#3243,#3244));
#10025=EDGE_LOOP('',(#3245,#3246,#3247,#3248));
#10026=EDGE_LOOP('',(#3249,#3250,#3251,#3252));
#10027=EDGE_LOOP('',(#3253,#3254,#3255,#3256));
#10028=EDGE_LOOP('',(#3257,#3258,#3259,#3260));
#10029=EDGE_LOOP('',(#3261,#3262,#3263,#3264));
#10030=EDGE_LOOP('',(#3265,#3266,#3267,#3268));
#10031=EDGE_LOOP('',(#3269,#3270,#3271,#3272));
#10032=EDGE_LOOP('',(#3273,#3274,#3275,#3276));
#10033=EDGE_LOOP('',(#3277,#3278,#3279,#3280));
#10034=EDGE_LOOP('',(#3281,#3282,#3283,#3284));
#10035=EDGE_LOOP('',(#3285,#3286,#3287,#3288));
#10036=EDGE_LOOP('',(#3289,#3290,#3291,#3292));
#10037=EDGE_LOOP('',(#3293,#3294,#3295,#3296));
#10038=EDGE_LOOP('',(#3297,#3298,#3299,#3300));
#10039=EDGE_LOOP('',(#3301,#3302,#3303,#3304));
#10040=EDGE_LOOP('',(#3305,#3306,#3307,#3308));
#10041=EDGE_LOOP('',(#3309,#3310,#3311,#3312));
#10042=EDGE_LOOP('',(#3313,#3314,#3315,#3316));
#10043=EDGE_LOOP('',(#3317,#3318,#3319,#3320));
#10044=EDGE_LOOP('',(#3321,#3322,#3323,#3324));
#10045=EDGE_LOOP('',(#3325,#3326,#3327,#3328));
#10046=EDGE_LOOP('',(#3329,#3330,#3331,#3332));
#10047=EDGE_LOOP('',(#3333,#3334,#3335,#3336));
#10048=EDGE_LOOP('',(#3337,#3338,#3339,#3340));
#10049=EDGE_LOOP('',(#3341,#3342,#3343,#3344));
#10050=EDGE_LOOP('',(#3345,#3346,#3347,#3348));
#10051=EDGE_LOOP('',(#3349,#3350,#3351,#3352));
#10052=EDGE_LOOP('',(#3353,#3354,#3355,#3356));
#10053=EDGE_LOOP('',(#3357,#3358,#3359,#3360));
#10054=EDGE_LOOP('',(#3361,#3362,#3363,#3364));
#10055=EDGE_LOOP('',(#3365));
#10056=EDGE_LOOP('',(#3366));
#10057=EDGE_LOOP('',(#3367));
#10058=EDGE_LOOP('',(#3368));
#10059=EDGE_LOOP('',(#3369));
#10060=EDGE_LOOP('',(#3370));
#10061=EDGE_LOOP('',(#3371));
#10062=EDGE_LOOP('',(#3372));
#10063=EDGE_LOOP('',(#3373));
#10064=EDGE_LOOP('',(#3374));
#10065=EDGE_LOOP('',(#3375));
#10066=EDGE_LOOP('',(#3376));
#10067=EDGE_LOOP('',(#3377,#3378,#3379,#3380));
#10068=EDGE_LOOP('',(#3381));
#10069=EDGE_LOOP('',(#3382));
#10070=EDGE_LOOP('',(#3383,#3384,#3385,#3386));
#10071=EDGE_LOOP('',(#3387,#3388,#3389,#3390));
#10072=EDGE_LOOP('',(#3391,#3392,#3393,#3394));
#10073=EDGE_LOOP('',(#3395,#3396,#3397,#3398));
#10074=EDGE_LOOP('',(#3399,#3400,#3401,#3402));
#10075=EDGE_LOOP('',(#3403,#3404,#3405,#3406));
#10076=EDGE_LOOP('',(#3407,#3408,#3409,#3410));
#10077=EDGE_LOOP('',(#3411,#3412,#3413,#3414));
#10078=EDGE_LOOP('',(#3415));
#10079=EDGE_LOOP('',(#3416));
#10080=EDGE_LOOP('',(#3417));
#10081=EDGE_LOOP('',(#3418));
#10082=EDGE_LOOP('',(#3419));
#10083=EDGE_LOOP('',(#3420));
#10084=EDGE_LOOP('',(#3421));
#10085=EDGE_LOOP('',(#3422));
#10086=EDGE_LOOP('',(#3423,#3424,#3425,#3426));
#10087=EDGE_LOOP('',(#3427,#3428,#3429,#3430));
#10088=EDGE_LOOP('',(#3431,#3432,#3433,#3434));
#10089=EDGE_LOOP('',(#3435,#3436,#3437,#3438));
#10090=EDGE_LOOP('',(#3439,#3440,#3441,#3442));
#10091=EDGE_LOOP('',(#3443,#3444,#3445,#3446));
#10092=EDGE_LOOP('',(#3447,#3448,#3449,#3450));
#10093=EDGE_LOOP('',(#3451,#3452,#3453,#3454));
#10094=EDGE_LOOP('',(#3455));
#10095=EDGE_LOOP('',(#3456));
#10096=EDGE_LOOP('',(#3457));
#10097=EDGE_LOOP('',(#3458));
#10098=EDGE_LOOP('',(#3459,#3460,#3461,#3462));
#10099=EDGE_LOOP('',(#3463,#3464,#3465,#3466));
#10100=EDGE_LOOP('',(#3467,#3468,#3469,#3470));
#10101=EDGE_LOOP('',(#3471,#3472,#3473,#3474));
#10102=EDGE_LOOP('',(#3475,#3476,#3477,#3478));
#10103=EDGE_LOOP('',(#3479,#3480,#3481,#3482));
#10104=EDGE_LOOP('',(#3483));
#10105=EDGE_LOOP('',(#3484));
#10106=EDGE_LOOP('',(#3485,#3486,#3487,#3488));
#10107=EDGE_LOOP('',(#3489));
#10108=EDGE_LOOP('',(#3490));
#10109=EDGE_LOOP('',(#3491,#3492,#3493,#3494));
#10110=EDGE_LOOP('',(#3495,#3496,#3497,#3498));
#10111=EDGE_LOOP('',(#3499,#3500,#3501,#3502));
#10112=EDGE_LOOP('',(#3503,#3504,#3505,#3506));
#10113=EDGE_LOOP('',(#3507,#3508,#3509,#3510));
#10114=EDGE_LOOP('',(#3511,#3512,#3513,#3514,#3515,#3516));
#10115=EDGE_LOOP('',(#3517,#3518,#3519,#3520));
#10116=EDGE_LOOP('',(#3521,#3522,#3523,#3524));
#10117=EDGE_LOOP('',(#3525));
#10118=EDGE_LOOP('',(#3526,#3527,#3528,#3529,#3530,#3531,#3532,#3533,#3534,
#3535,#3536,#3537,#3538,#3539));
#10119=EDGE_LOOP('',(#3540,#3541,#3542,#3543));
#10120=EDGE_LOOP('',(#3544,#3545,#3546,#3547));
#10121=EDGE_LOOP('',(#3548,#3549,#3550,#3551));
#10122=EDGE_LOOP('',(#3552));
#10123=EDGE_LOOP('',(#3553));
#10124=EDGE_LOOP('',(#3554,#3555,#3556,#3557));
#10125=EDGE_LOOP('',(#3558,#3559,#3560,#3561));
#10126=EDGE_LOOP('',(#3562,#3563,#3564,#3565,#3566,#3567,#3568,#3569,#3570,
#3571,#3572,#3573,#3574,#3575,#3576,#3577));
#10127=EDGE_LOOP('',(#3578,#3579,#3580,#3581,#3582,#3583,#3584,#3585,#3586,
#3587,#3588,#3589,#3590,#3591,#3592,#3593,#3594,#3595,#3596,#3597));
#10128=EDGE_LOOP('',(#3598,#3599,#3600,#3601,#3602,#3603,#3604,#3605,#3606,
#3607,#3608,#3609));
#10129=EDGE_LOOP('',(#3610));
#10130=EDGE_LOOP('',(#3611,#3612,#3613,#3614));
#10131=EDGE_LOOP('',(#3615,#3616,#3617,#3618,#3619,#3620,#3621,#3622,#3623,
#3624,#3625,#3626,#3627,#3628,#3629,#3630,#3631,#3632,#3633,#3634,#3635,
#3636));
#10132=EDGE_LOOP('',(#3637,#3638,#3639,#3640));
#10133=EDGE_LOOP('',(#3641,#3642,#3643,#3644));
#10134=EDGE_LOOP('',(#3645));
#10135=EDGE_LOOP('',(#3646,#3647,#3648,#3649));
#10136=EDGE_LOOP('',(#3650));
#10137=EDGE_LOOP('',(#3651,#3652,#3653,#3654));
#10138=EDGE_LOOP('',(#3655,#3656,#3657,#3658));
#10139=EDGE_LOOP('',(#3659,#3660,#3661,#3662));
#10140=EDGE_LOOP('',(#3663,#3664,#3665,#3666));
#10141=EDGE_LOOP('',(#3667,#3668,#3669,#3670));
#10142=EDGE_LOOP('',(#3671));
#10143=EDGE_LOOP('',(#3672,#3673,#3674,#3675));
#10144=EDGE_LOOP('',(#3676,#3677,#3678,#3679));
#10145=EDGE_LOOP('',(#3680,#3681,#3682,#3683));
#10146=EDGE_LOOP('',(#3684,#3685,#3686,#3687));
#10147=EDGE_LOOP('',(#3688,#3689,#3690,#3691));
#10148=EDGE_LOOP('',(#3692,#3693,#3694,#3695));
#10149=EDGE_LOOP('',(#3696,#3697,#3698,#3699));
#10150=EDGE_LOOP('',(#3700,#3701,#3702,#3703));
#10151=EDGE_LOOP('',(#3704,#3705,#3706,#3707));
#10152=EDGE_LOOP('',(#3708,#3709,#3710,#3711));
#10153=EDGE_LOOP('',(#3712,#3713,#3714,#3715));
#10154=EDGE_LOOP('',(#3716,#3717,#3718,#3719));
#10155=EDGE_LOOP('',(#3720,#3721,#3722,#3723));
#10156=EDGE_LOOP('',(#3724,#3725,#3726,#3727));
#10157=EDGE_LOOP('',(#3728,#3729,#3730,#3731,#3732,#3733,#3734,#3735));
#10158=EDGE_LOOP('',(#3736,#3737,#3738,#3739));
#10159=EDGE_LOOP('',(#3740,#3741,#3742,#3743));
#10160=EDGE_LOOP('',(#3744,#3745,#3746,#3747));
#10161=EDGE_LOOP('',(#3748,#3749,#3750,#3751));
#10162=EDGE_LOOP('',(#3752));
#10163=EDGE_LOOP('',(#3753,#3754,#3755,#3756));
#10164=EDGE_LOOP('',(#3757,#3758,#3759,#3760));
#10165=EDGE_LOOP('',(#3761,#3762,#3763,#3764));
#10166=EDGE_LOOP('',(#3765,#3766,#3767,#3768));
#10167=EDGE_LOOP('',(#3769));
#10168=EDGE_LOOP('',(#3770));
#10169=EDGE_LOOP('',(#3771,#3772,#3773,#3774));
#10170=EDGE_LOOP('',(#3775,#3776,#3777,#3778));
#10171=EDGE_LOOP('',(#3779,#3780,#3781,#3782));
#10172=EDGE_LOOP('',(#3783,#3784,#3785,#3786));
#10173=EDGE_LOOP('',(#3787,#3788,#3789,#3790));
#10174=EDGE_LOOP('',(#3791));
#10175=EDGE_LOOP('',(#3792,#3793,#3794,#3795));
#10176=EDGE_LOOP('',(#3796,#3797,#3798,#3799));
#10177=EDGE_LOOP('',(#3800));
#10178=EDGE_LOOP('',(#3801,#3802,#3803,#3804));
#10179=EDGE_LOOP('',(#3805,#3806,#3807,#3808));
#10180=EDGE_LOOP('',(#3809,#3810,#3811,#3812));
#10181=EDGE_LOOP('',(#3813,#3814,#3815,#3816));
#10182=EDGE_LOOP('',(#3817));
#10183=EDGE_LOOP('',(#3818));
#10184=EDGE_LOOP('',(#3819,#3820,#3821,#3822));
#10185=EDGE_LOOP('',(#3823,#3824,#3825,#3826));
#10186=EDGE_LOOP('',(#3827,#3828,#3829,#3830));
#10187=EDGE_LOOP('',(#3831,#3832,#3833,#3834));
#10188=EDGE_LOOP('',(#3835,#3836,#3837,#3838,#3839,#3840,#3841,#3842));
#10189=EDGE_LOOP('',(#3843,#3844,#3845,#3846));
#10190=EDGE_LOOP('',(#3847,#3848,#3849,#3850));
#10191=EDGE_LOOP('',(#3851,#3852,#3853,#3854));
#10192=EDGE_LOOP('',(#3855,#3856,#3857,#3858));
#10193=EDGE_LOOP('',(#3859,#3860,#3861,#3862));
#10194=EDGE_LOOP('',(#3863,#3864,#3865,#3866,#3867,#3868,#3869,#3870));
#10195=EDGE_LOOP('',(#3871,#3872,#3873,#3874));
#10196=EDGE_LOOP('',(#3875,#3876,#3877,#3878));
#10197=EDGE_LOOP('',(#3879,#3880,#3881,#3882));
#10198=EDGE_LOOP('',(#3883));
#10199=EDGE_LOOP('',(#3884));
#10200=EDGE_LOOP('',(#3885));
#10201=EDGE_LOOP('',(#3886));
#10202=EDGE_LOOP('',(#3887));
#10203=EDGE_LOOP('',(#3888));
#10204=EDGE_LOOP('',(#3889));
#10205=EDGE_LOOP('',(#3890));
#10206=EDGE_LOOP('',(#3891));
#10207=EDGE_LOOP('',(#3892));
#10208=EDGE_LOOP('',(#3893));
#10209=EDGE_LOOP('',(#3894));
#10210=EDGE_LOOP('',(#3895));
#10211=EDGE_LOOP('',(#3896));
#10212=EDGE_LOOP('',(#3897));
#10213=EDGE_LOOP('',(#3898));
#10214=EDGE_LOOP('',(#3899));
#10215=EDGE_LOOP('',(#3900));
#10216=EDGE_LOOP('',(#3901));
#10217=EDGE_LOOP('',(#3902));
#10218=EDGE_LOOP('',(#3903));
#10219=EDGE_LOOP('',(#3904));
#10220=EDGE_LOOP('',(#3905));
#10221=EDGE_LOOP('',(#3906));
#10222=EDGE_LOOP('',(#3907,#3908,#3909,#3910));
#10223=EDGE_LOOP('',(#3911,#3912,#3913,#3914));
#10224=EDGE_LOOP('',(#3915,#3916,#3917,#3918,#3919,#3920,#3921,#3922));
#10225=EDGE_LOOP('',(#3923,#3924,#3925,#3926));
#10226=EDGE_LOOP('',(#3927,#3928,#3929,#3930));
#10227=EDGE_LOOP('',(#3931,#3932,#3933,#3934));
#10228=EDGE_LOOP('',(#3935,#3936,#3937,#3938));
#10229=EDGE_LOOP('',(#3939,#3940,#3941,#3942));
#10230=EDGE_LOOP('',(#3943,#3944,#3945,#3946));
#10231=EDGE_LOOP('',(#3947,#3948,#3949,#3950,#3951,#3952,#3953,#3954));
#10232=EDGE_LOOP('',(#3955,#3956,#3957,#3958));
#10233=EDGE_LOOP('',(#3959,#3960,#3961,#3962,#3963,#3964,#3965));
#10234=EDGE_LOOP('',(#3966,#3967,#3968,#3969,#3970,#3971,#3972));
#10235=EDGE_LOOP('',(#3973));
#10236=EDGE_LOOP('',(#3974));
#10237=EDGE_LOOP('',(#3975));
#10238=EDGE_LOOP('',(#3976));
#10239=EDGE_LOOP('',(#3977,#3978,#3979,#3980,#3981,#3982));
#10240=EDGE_LOOP('',(#3983,#3984,#3985,#3986,#3987,#3988,#3989,#3990,#3991,
#3992,#3993,#3994,#3995,#3996,#3997,#3998));
#10241=EDGE_LOOP('',(#3999,#4000,#4001,#4002));
#10242=EDGE_LOOP('',(#4003,#4004,#4005,#4006));
#10243=EDGE_LOOP('',(#4007,#4008,#4009,#4010));
#10244=EDGE_LOOP('',(#4011,#4012,#4013,#4014,#4015,#4016,#4017,#4018));
#10245=EDGE_LOOP('',(#4019,#4020,#4021,#4022));
#10246=EDGE_LOOP('',(#4023,#4024,#4025,#4026));
#10247=EDGE_LOOP('',(#4027,#4028,#4029,#4030));
#10248=EDGE_LOOP('',(#4031,#4032,#4033,#4034));
#10249=EDGE_LOOP('',(#4035,#4036,#4037,#4038));
#10250=EDGE_LOOP('',(#4039,#4040,#4041,#4042));
#10251=EDGE_LOOP('',(#4043,#4044,#4045,#4046,#4047,#4048,#4049,#4050,#4051,
#4052,#4053,#4054,#4055,#4056));
#10252=EDGE_LOOP('',(#4057,#4058,#4059,#4060));
#10253=EDGE_LOOP('',(#4061,#4062,#4063,#4064));
#10254=EDGE_LOOP('',(#4065,#4066,#4067,#4068));
#10255=EDGE_LOOP('',(#4069,#4070,#4071,#4072));
#10256=EDGE_LOOP('',(#4073,#4074,#4075,#4076));
#10257=EDGE_LOOP('',(#4077,#4078,#4079,#4080));
#10258=EDGE_LOOP('',(#4081,#4082,#4083,#4084));
#10259=EDGE_LOOP('',(#4085,#4086,#4087,#4088));
#10260=EDGE_LOOP('',(#4089,#4090,#4091,#4092));
#10261=EDGE_LOOP('',(#4093,#4094,#4095,#4096));
#10262=EDGE_LOOP('',(#4097,#4098,#4099,#4100));
#10263=EDGE_LOOP('',(#4101,#4102,#4103,#4104));
#10264=EDGE_LOOP('',(#4105,#4106,#4107,#4108));
#10265=EDGE_LOOP('',(#4109,#4110,#4111,#4112,#4113));
#10266=EDGE_LOOP('',(#4114,#4115,#4116,#4117));
#10267=EDGE_LOOP('',(#4118,#4119,#4120,#4121,#4122));
#10268=EDGE_LOOP('',(#4123,#4124,#4125,#4126));
#10269=EDGE_LOOP('',(#4127,#4128,#4129,#4130));
#10270=EDGE_LOOP('',(#4131,#4132,#4133,#4134));
#10271=EDGE_LOOP('',(#4135,#4136,#4137,#4138,#4139,#4140,#4141,#4142));
#10272=EDGE_LOOP('',(#4143,#4144,#4145,#4146));
#10273=EDGE_LOOP('',(#4147,#4148,#4149,#4150));
#10274=EDGE_LOOP('',(#4151));
#10275=EDGE_LOOP('',(#4152));
#10276=EDGE_LOOP('',(#4153));
#10277=EDGE_LOOP('',(#4154));
#10278=EDGE_LOOP('',(#4155));
#10279=EDGE_LOOP('',(#4156));
#10280=EDGE_LOOP('',(#4157));
#10281=EDGE_LOOP('',(#4158));
#10282=EDGE_LOOP('',(#4159));
#10283=EDGE_LOOP('',(#4160));
#10284=EDGE_LOOP('',(#4161));
#10285=EDGE_LOOP('',(#4162));
#10286=EDGE_LOOP('',(#4163,#4164,#4165,#4166,#4167,#4168));
#10287=EDGE_LOOP('',(#4169,#4170,#4171,#4172));
#10288=EDGE_LOOP('',(#4173,#4174,#4175,#4176));
#10289=EDGE_LOOP('',(#4177,#4178,#4179,#4180,#4181,#4182,#4183,#4184));
#10290=EDGE_LOOP('',(#4185,#4186,#4187,#4188));
#10291=EDGE_LOOP('',(#4189,#4190,#4191,#4192));
#10292=EDGE_LOOP('',(#4193,#4194,#4195,#4196));
#10293=EDGE_LOOP('',(#4197,#4198,#4199,#4200));
#10294=EDGE_LOOP('',(#4201,#4202,#4203,#4204));
#10295=EDGE_LOOP('',(#4205,#4206,#4207,#4208));
#10296=EDGE_LOOP('',(#4209,#4210,#4211,#4212));
#10297=EDGE_LOOP('',(#4213,#4214,#4215,#4216));
#10298=EDGE_LOOP('',(#4217,#4218,#4219,#4220));
#10299=EDGE_LOOP('',(#4221,#4222,#4223,#4224));
#10300=EDGE_LOOP('',(#4225,#4226,#4227,#4228));
#10301=EDGE_LOOP('',(#4229,#4230,#4231,#4232));
#10302=EDGE_LOOP('',(#4233,#4234,#4235,#4236));
#10303=EDGE_LOOP('',(#4237,#4238,#4239,#4240));
#10304=EDGE_LOOP('',(#4241,#4242,#4243,#4244));
#10305=EDGE_LOOP('',(#4245,#4246,#4247,#4248));
#10306=EDGE_LOOP('',(#4249,#4250,#4251,#4252));
#10307=FACE_BOUND('',#9179,.T.);
#10308=FACE_BOUND('',#9180,.T.);
#10309=FACE_BOUND('',#9181,.T.);
#10310=FACE_BOUND('',#9182,.T.);
#10311=FACE_BOUND('',#9183,.T.);
#10312=FACE_BOUND('',#9184,.T.);
#10313=FACE_BOUND('',#9185,.T.);
#10314=FACE_BOUND('',#9186,.T.);
#10315=FACE_BOUND('',#9187,.T.);
#10316=FACE_BOUND('',#9188,.T.);
#10317=FACE_BOUND('',#9189,.T.);
#10318=FACE_BOUND('',#9190,.T.);
#10319=FACE_BOUND('',#9191,.T.);
#10320=FACE_BOUND('',#9192,.T.);
#10321=FACE_BOUND('',#9193,.T.);
#10322=FACE_BOUND('',#9194,.T.);
#10323=FACE_BOUND('',#9195,.T.);
#10324=FACE_BOUND('',#9196,.T.);
#10325=FACE_BOUND('',#9197,.T.);
#10326=FACE_BOUND('',#9198,.T.);
#10327=FACE_BOUND('',#9199,.T.);
#10328=FACE_BOUND('',#9200,.T.);
#10329=FACE_BOUND('',#9201,.T.);
#10330=FACE_BOUND('',#9202,.T.);
#10331=FACE_BOUND('',#9203,.T.);
#10332=FACE_BOUND('',#9204,.T.);
#10333=FACE_BOUND('',#9205,.T.);
#10334=FACE_BOUND('',#9206,.T.);
#10335=FACE_BOUND('',#9207,.T.);
#10336=FACE_BOUND('',#9208,.T.);
#10337=FACE_BOUND('',#9209,.T.);
#10338=FACE_BOUND('',#9210,.T.);
#10339=FACE_BOUND('',#9211,.T.);
#10340=FACE_BOUND('',#9212,.T.);
#10341=FACE_BOUND('',#9213,.T.);
#10342=FACE_BOUND('',#9214,.T.);
#10343=FACE_BOUND('',#9215,.T.);
#10344=FACE_BOUND('',#9216,.T.);
#10345=FACE_BOUND('',#9217,.T.);
#10346=FACE_BOUND('',#9218,.T.);
#10347=FACE_BOUND('',#9219,.T.);
#10348=FACE_BOUND('',#9220,.T.);
#10349=FACE_BOUND('',#9221,.T.);
#10350=FACE_BOUND('',#9222,.T.);
#10351=FACE_BOUND('',#9223,.T.);
#10352=FACE_BOUND('',#9224,.T.);
#10353=FACE_BOUND('',#9225,.T.);
#10354=FACE_BOUND('',#9226,.T.);
#10355=FACE_BOUND('',#9227,.T.);
#10356=FACE_BOUND('',#9228,.T.);
#10357=FACE_BOUND('',#9229,.T.);
#10358=FACE_BOUND('',#9230,.T.);
#10359=FACE_BOUND('',#9231,.T.);
#10360=FACE_BOUND('',#9232,.T.);
#10361=FACE_BOUND('',#9233,.T.);
#10362=FACE_BOUND('',#9234,.T.);
#10363=FACE_BOUND('',#9235,.T.);
#10364=FACE_BOUND('',#9236,.T.);
#10365=FACE_BOUND('',#9237,.T.);
#10366=FACE_BOUND('',#9238,.T.);
#10367=FACE_BOUND('',#9239,.T.);
#10368=FACE_BOUND('',#9240,.T.);
#10369=FACE_BOUND('',#9241,.T.);
#10370=FACE_BOUND('',#9242,.T.);
#10371=FACE_BOUND('',#9243,.T.);
#10372=FACE_BOUND('',#9244,.T.);
#10373=FACE_BOUND('',#9245,.T.);
#10374=FACE_BOUND('',#9246,.T.);
#10375=FACE_BOUND('',#9247,.T.);
#10376=FACE_BOUND('',#9248,.T.);
#10377=FACE_BOUND('',#9249,.T.);
#10378=FACE_BOUND('',#9250,.T.);
#10379=FACE_BOUND('',#9251,.T.);
#10380=FACE_BOUND('',#9252,.T.);
#10381=FACE_BOUND('',#9253,.T.);
#10382=FACE_BOUND('',#9254,.T.);
#10383=FACE_BOUND('',#9255,.T.);
#10384=FACE_BOUND('',#9256,.T.);
#10385=FACE_BOUND('',#9257,.T.);
#10386=FACE_BOUND('',#9258,.T.);
#10387=FACE_BOUND('',#9259,.T.);
#10388=FACE_BOUND('',#9260,.T.);
#10389=FACE_BOUND('',#9261,.T.);
#10390=FACE_BOUND('',#9262,.T.);
#10391=FACE_BOUND('',#9263,.T.);
#10392=FACE_BOUND('',#9264,.T.);
#10393=FACE_BOUND('',#9265,.T.);
#10394=FACE_BOUND('',#9266,.T.);
#10395=FACE_BOUND('',#9267,.T.);
#10396=FACE_BOUND('',#9268,.T.);
#10397=FACE_BOUND('',#9269,.T.);
#10398=FACE_BOUND('',#9270,.T.);
#10399=FACE_BOUND('',#9271,.T.);
#10400=FACE_BOUND('',#9272,.T.);
#10401=FACE_BOUND('',#9273,.T.);
#10402=FACE_BOUND('',#9274,.T.);
#10403=FACE_BOUND('',#9275,.T.);
#10404=FACE_BOUND('',#9276,.T.);
#10405=FACE_BOUND('',#9277,.T.);
#10406=FACE_BOUND('',#9278,.T.);
#10407=FACE_BOUND('',#9279,.T.);
#10408=FACE_BOUND('',#9280,.T.);
#10409=FACE_BOUND('',#9281,.T.);
#10410=FACE_BOUND('',#9282,.T.);
#10411=FACE_BOUND('',#9283,.T.);
#10412=FACE_BOUND('',#9284,.T.);
#10413=FACE_BOUND('',#9285,.T.);
#10414=FACE_BOUND('',#9286,.T.);
#10415=FACE_BOUND('',#9287,.T.);
#10416=FACE_BOUND('',#9288,.T.);
#10417=FACE_BOUND('',#9289,.T.);
#10418=FACE_BOUND('',#9290,.T.);
#10419=FACE_BOUND('',#9291,.T.);
#10420=FACE_BOUND('',#9292,.T.);
#10421=FACE_BOUND('',#9293,.T.);
#10422=FACE_BOUND('',#9294,.T.);
#10423=FACE_BOUND('',#9295,.T.);
#10424=FACE_BOUND('',#9296,.T.);
#10425=FACE_BOUND('',#9297,.T.);
#10426=FACE_BOUND('',#9298,.T.);
#10427=FACE_BOUND('',#9299,.T.);
#10428=FACE_BOUND('',#9300,.T.);
#10429=FACE_BOUND('',#9301,.T.);
#10430=FACE_BOUND('',#9302,.T.);
#10431=FACE_BOUND('',#9303,.T.);
#10432=FACE_BOUND('',#9304,.T.);
#10433=FACE_BOUND('',#9305,.T.);
#10434=FACE_BOUND('',#9306,.T.);
#10435=FACE_BOUND('',#9307,.T.);
#10436=FACE_BOUND('',#9308,.T.);
#10437=FACE_BOUND('',#9309,.T.);
#10438=FACE_BOUND('',#9310,.T.);
#10439=FACE_BOUND('',#9311,.T.);
#10440=FACE_BOUND('',#9312,.T.);
#10441=FACE_BOUND('',#9313,.T.);
#10442=FACE_BOUND('',#9314,.T.);
#10443=FACE_BOUND('',#9315,.T.);
#10444=FACE_BOUND('',#9316,.T.);
#10445=FACE_BOUND('',#9317,.T.);
#10446=FACE_BOUND('',#9318,.T.);
#10447=FACE_BOUND('',#9319,.T.);
#10448=FACE_BOUND('',#9320,.T.);
#10449=FACE_BOUND('',#9321,.T.);
#10450=FACE_BOUND('',#9322,.T.);
#10451=FACE_BOUND('',#9323,.T.);
#10452=FACE_BOUND('',#9324,.T.);
#10453=FACE_BOUND('',#9325,.T.);
#10454=FACE_BOUND('',#9326,.T.);
#10455=FACE_BOUND('',#9327,.T.);
#10456=FACE_BOUND('',#9328,.T.);
#10457=FACE_BOUND('',#9329,.T.);
#10458=FACE_BOUND('',#9330,.T.);
#10459=FACE_BOUND('',#9331,.T.);
#10460=FACE_BOUND('',#9332,.T.);
#10461=FACE_BOUND('',#9333,.T.);
#10462=FACE_BOUND('',#9334,.T.);
#10463=FACE_BOUND('',#9335,.T.);
#10464=FACE_BOUND('',#9336,.T.);
#10465=FACE_BOUND('',#9337,.T.);
#10466=FACE_BOUND('',#9338,.T.);
#10467=FACE_BOUND('',#9339,.T.);
#10468=FACE_BOUND('',#9340,.T.);
#10469=FACE_BOUND('',#9341,.T.);
#10470=FACE_BOUND('',#9342,.T.);
#10471=FACE_BOUND('',#9343,.T.);
#10472=FACE_BOUND('',#9344,.T.);
#10473=FACE_BOUND('',#9345,.T.);
#10474=FACE_BOUND('',#9346,.T.);
#10475=FACE_BOUND('',#9347,.T.);
#10476=FACE_BOUND('',#9348,.T.);
#10477=FACE_BOUND('',#9349,.T.);
#10478=FACE_BOUND('',#9350,.T.);
#10479=FACE_BOUND('',#9351,.T.);
#10480=FACE_BOUND('',#9352,.T.);
#10481=FACE_BOUND('',#9353,.T.);
#10482=FACE_BOUND('',#9354,.T.);
#10483=FACE_BOUND('',#9355,.T.);
#10484=FACE_BOUND('',#9356,.T.);
#10485=FACE_BOUND('',#9357,.T.);
#10486=FACE_BOUND('',#9358,.T.);
#10487=FACE_BOUND('',#9359,.T.);
#10488=FACE_BOUND('',#9360,.T.);
#10489=FACE_BOUND('',#9361,.T.);
#10490=FACE_BOUND('',#9362,.T.);
#10491=FACE_BOUND('',#9363,.T.);
#10492=FACE_BOUND('',#9364,.T.);
#10493=FACE_BOUND('',#9365,.T.);
#10494=FACE_BOUND('',#9366,.T.);
#10495=FACE_BOUND('',#9367,.T.);
#10496=FACE_BOUND('',#9368,.T.);
#10497=FACE_BOUND('',#9369,.T.);
#10498=FACE_BOUND('',#9370,.T.);
#10499=FACE_BOUND('',#9371,.T.);
#10500=FACE_BOUND('',#9372,.T.);
#10501=FACE_BOUND('',#9373,.T.);
#10502=FACE_BOUND('',#9374,.T.);
#10503=FACE_BOUND('',#9375,.T.);
#10504=FACE_BOUND('',#9376,.T.);
#10505=FACE_BOUND('',#9377,.T.);
#10506=FACE_BOUND('',#9378,.T.);
#10507=FACE_BOUND('',#9379,.T.);
#10508=FACE_BOUND('',#9380,.T.);
#10509=FACE_BOUND('',#9381,.T.);
#10510=FACE_BOUND('',#9382,.T.);
#10511=FACE_BOUND('',#9383,.T.);
#10512=FACE_BOUND('',#9384,.T.);
#10513=FACE_BOUND('',#9385,.T.);
#10514=FACE_BOUND('',#9386,.T.);
#10515=FACE_BOUND('',#9387,.T.);
#10516=FACE_BOUND('',#9388,.T.);
#10517=FACE_BOUND('',#9389,.T.);
#10518=FACE_BOUND('',#9390,.T.);
#10519=FACE_BOUND('',#9391,.T.);
#10520=FACE_BOUND('',#9392,.T.);
#10521=FACE_BOUND('',#9393,.T.);
#10522=FACE_BOUND('',#9394,.T.);
#10523=FACE_BOUND('',#9395,.T.);
#10524=FACE_BOUND('',#9396,.T.);
#10525=FACE_BOUND('',#9397,.T.);
#10526=FACE_BOUND('',#9398,.T.);
#10527=FACE_BOUND('',#9399,.T.);
#10528=FACE_BOUND('',#9400,.T.);
#10529=FACE_BOUND('',#9401,.T.);
#10530=FACE_BOUND('',#9402,.T.);
#10531=FACE_BOUND('',#9403,.T.);
#10532=FACE_BOUND('',#9404,.T.);
#10533=FACE_BOUND('',#9405,.T.);
#10534=FACE_BOUND('',#9406,.T.);
#10535=FACE_BOUND('',#9407,.T.);
#10536=FACE_BOUND('',#9408,.T.);
#10537=FACE_BOUND('',#9409,.T.);
#10538=FACE_BOUND('',#9410,.T.);
#10539=FACE_BOUND('',#9411,.T.);
#10540=FACE_BOUND('',#9412,.T.);
#10541=FACE_BOUND('',#9413,.T.);
#10542=FACE_BOUND('',#9414,.T.);
#10543=FACE_BOUND('',#9415,.T.);
#10544=FACE_BOUND('',#9416,.T.);
#10545=FACE_BOUND('',#9417,.T.);
#10546=FACE_BOUND('',#9418,.T.);
#10547=FACE_BOUND('',#9419,.T.);
#10548=FACE_BOUND('',#9420,.T.);
#10549=FACE_BOUND('',#9421,.T.);
#10550=FACE_BOUND('',#9422,.T.);
#10551=FACE_BOUND('',#9423,.T.);
#10552=FACE_BOUND('',#9424,.T.);
#10553=FACE_BOUND('',#9425,.T.);
#10554=FACE_BOUND('',#9426,.T.);
#10555=FACE_BOUND('',#9427,.T.);
#10556=FACE_BOUND('',#9428,.T.);
#10557=FACE_BOUND('',#9429,.T.);
#10558=FACE_BOUND('',#9430,.T.);
#10559=FACE_BOUND('',#9431,.T.);
#10560=FACE_BOUND('',#9432,.T.);
#10561=FACE_BOUND('',#9433,.T.);
#10562=FACE_BOUND('',#9434,.T.);
#10563=FACE_BOUND('',#9435,.T.);
#10564=FACE_BOUND('',#9436,.T.);
#10565=FACE_BOUND('',#9437,.T.);
#10566=FACE_BOUND('',#9438,.T.);
#10567=FACE_BOUND('',#9439,.T.);
#10568=FACE_BOUND('',#9440,.T.);
#10569=FACE_BOUND('',#9441,.T.);
#10570=FACE_BOUND('',#9442,.T.);
#10571=FACE_BOUND('',#9443,.T.);
#10572=FACE_BOUND('',#9444,.T.);
#10573=FACE_BOUND('',#9445,.T.);
#10574=FACE_BOUND('',#9446,.T.);
#10575=FACE_BOUND('',#9447,.T.);
#10576=FACE_BOUND('',#9448,.T.);
#10577=FACE_BOUND('',#9449,.T.);
#10578=FACE_BOUND('',#9450,.T.);
#10579=FACE_BOUND('',#9451,.T.);
#10580=FACE_BOUND('',#9452,.T.);
#10581=FACE_BOUND('',#9453,.T.);
#10582=FACE_BOUND('',#9454,.T.);
#10583=FACE_BOUND('',#9455,.T.);
#10584=FACE_BOUND('',#9456,.T.);
#10585=FACE_BOUND('',#9457,.T.);
#10586=FACE_BOUND('',#9458,.T.);
#10587=FACE_BOUND('',#9459,.T.);
#10588=FACE_BOUND('',#9460,.T.);
#10589=FACE_BOUND('',#9461,.T.);
#10590=FACE_BOUND('',#9462,.T.);
#10591=FACE_BOUND('',#9463,.T.);
#10592=FACE_BOUND('',#9464,.T.);
#10593=FACE_BOUND('',#9465,.T.);
#10594=FACE_BOUND('',#9466,.T.);
#10595=FACE_BOUND('',#9467,.T.);
#10596=FACE_BOUND('',#9468,.T.);
#10597=FACE_BOUND('',#9469,.T.);
#10598=FACE_BOUND('',#9470,.T.);
#10599=FACE_BOUND('',#9471,.T.);
#10600=FACE_BOUND('',#9472,.T.);
#10601=FACE_BOUND('',#9473,.T.);
#10602=FACE_BOUND('',#9474,.T.);
#10603=FACE_BOUND('',#9475,.T.);
#10604=FACE_BOUND('',#9476,.T.);
#10605=FACE_BOUND('',#9477,.T.);
#10606=FACE_BOUND('',#9478,.T.);
#10607=FACE_BOUND('',#9479,.T.);
#10608=FACE_BOUND('',#9480,.T.);
#10609=FACE_BOUND('',#9481,.T.);
#10610=FACE_BOUND('',#9482,.T.);
#10611=FACE_BOUND('',#9483,.T.);
#10612=FACE_BOUND('',#9484,.T.);
#10613=FACE_BOUND('',#9485,.T.);
#10614=FACE_BOUND('',#9486,.T.);
#10615=FACE_BOUND('',#9487,.T.);
#10616=FACE_BOUND('',#9488,.T.);
#10617=FACE_BOUND('',#9489,.T.);
#10618=FACE_BOUND('',#9490,.T.);
#10619=FACE_BOUND('',#9491,.T.);
#10620=FACE_BOUND('',#9492,.T.);
#10621=FACE_BOUND('',#9493,.T.);
#10622=FACE_BOUND('',#9494,.T.);
#10623=FACE_BOUND('',#9495,.T.);
#10624=FACE_BOUND('',#9496,.T.);
#10625=FACE_BOUND('',#9497,.T.);
#10626=FACE_BOUND('',#9498,.T.);
#10627=FACE_BOUND('',#9499,.T.);
#10628=FACE_BOUND('',#9500,.T.);
#10629=FACE_BOUND('',#9501,.T.);
#10630=FACE_BOUND('',#9502,.T.);
#10631=FACE_BOUND('',#9503,.T.);
#10632=FACE_BOUND('',#9504,.T.);
#10633=FACE_BOUND('',#9505,.T.);
#10634=FACE_BOUND('',#9506,.T.);
#10635=FACE_BOUND('',#9507,.T.);
#10636=FACE_BOUND('',#9508,.T.);
#10637=FACE_BOUND('',#9509,.T.);
#10638=FACE_BOUND('',#9510,.T.);
#10639=FACE_BOUND('',#9511,.T.);
#10640=FACE_BOUND('',#9512,.T.);
#10641=FACE_BOUND('',#9513,.T.);
#10642=FACE_BOUND('',#9514,.T.);
#10643=FACE_BOUND('',#9515,.T.);
#10644=FACE_BOUND('',#9516,.T.);
#10645=FACE_BOUND('',#9517,.T.);
#10646=FACE_BOUND('',#9518,.T.);
#10647=FACE_BOUND('',#9519,.T.);
#10648=FACE_BOUND('',#9520,.T.);
#10649=FACE_BOUND('',#9521,.T.);
#10650=FACE_BOUND('',#9522,.T.);
#10651=FACE_BOUND('',#9523,.T.);
#10652=FACE_BOUND('',#9524,.T.);
#10653=FACE_BOUND('',#9525,.T.);
#10654=FACE_BOUND('',#9526,.T.);
#10655=FACE_BOUND('',#9527,.T.);
#10656=FACE_BOUND('',#9528,.T.);
#10657=FACE_BOUND('',#9529,.T.);
#10658=FACE_BOUND('',#9530,.T.);
#10659=FACE_BOUND('',#9531,.T.);
#10660=FACE_BOUND('',#9532,.T.);
#10661=FACE_BOUND('',#9533,.T.);
#10662=FACE_BOUND('',#9534,.T.);
#10663=FACE_BOUND('',#9535,.T.);
#10664=FACE_BOUND('',#9536,.T.);
#10665=FACE_BOUND('',#9537,.T.);
#10666=FACE_BOUND('',#9538,.T.);
#10667=FACE_BOUND('',#9539,.T.);
#10668=FACE_BOUND('',#9540,.T.);
#10669=FACE_BOUND('',#9541,.T.);
#10670=FACE_BOUND('',#9542,.T.);
#10671=FACE_BOUND('',#9543,.T.);
#10672=FACE_BOUND('',#9544,.T.);
#10673=FACE_BOUND('',#9545,.T.);
#10674=FACE_BOUND('',#9546,.T.);
#10675=FACE_BOUND('',#9547,.T.);
#10676=FACE_BOUND('',#9548,.T.);
#10677=FACE_BOUND('',#9549,.T.);
#10678=FACE_BOUND('',#9550,.T.);
#10679=FACE_BOUND('',#9551,.T.);
#10680=FACE_BOUND('',#9552,.T.);
#10681=FACE_BOUND('',#9553,.T.);
#10682=FACE_BOUND('',#9554,.T.);
#10683=FACE_BOUND('',#9555,.T.);
#10684=FACE_BOUND('',#9556,.T.);
#10685=FACE_BOUND('',#9557,.T.);
#10686=FACE_BOUND('',#9558,.T.);
#10687=FACE_BOUND('',#9559,.T.);
#10688=FACE_BOUND('',#9560,.T.);
#10689=FACE_BOUND('',#9561,.T.);
#10690=FACE_BOUND('',#9562,.T.);
#10691=FACE_BOUND('',#9563,.T.);
#10692=FACE_BOUND('',#9564,.T.);
#10693=FACE_BOUND('',#9565,.T.);
#10694=FACE_BOUND('',#9566,.T.);
#10695=FACE_BOUND('',#9567,.T.);
#10696=FACE_BOUND('',#9568,.T.);
#10697=FACE_BOUND('',#9569,.T.);
#10698=FACE_BOUND('',#9570,.T.);
#10699=FACE_BOUND('',#9571,.T.);
#10700=FACE_BOUND('',#9572,.T.);
#10701=FACE_BOUND('',#9573,.T.);
#10702=FACE_BOUND('',#9574,.T.);
#10703=FACE_BOUND('',#9575,.T.);
#10704=FACE_BOUND('',#9576,.T.);
#10705=FACE_BOUND('',#9577,.T.);
#10706=FACE_BOUND('',#9578,.T.);
#10707=FACE_BOUND('',#9579,.T.);
#10708=FACE_BOUND('',#9580,.T.);
#10709=FACE_BOUND('',#9581,.T.);
#10710=FACE_BOUND('',#9582,.T.);
#10711=FACE_BOUND('',#9583,.T.);
#10712=FACE_BOUND('',#9584,.T.);
#10713=FACE_BOUND('',#9585,.T.);
#10714=FACE_BOUND('',#9586,.T.);
#10715=FACE_BOUND('',#9587,.T.);
#10716=FACE_BOUND('',#9588,.T.);
#10717=FACE_BOUND('',#9589,.T.);
#10718=FACE_BOUND('',#9590,.T.);
#10719=FACE_BOUND('',#9591,.T.);
#10720=FACE_BOUND('',#9592,.T.);
#10721=FACE_BOUND('',#9593,.T.);
#10722=FACE_BOUND('',#9594,.T.);
#10723=FACE_BOUND('',#9595,.T.);
#10724=FACE_BOUND('',#9596,.T.);
#10725=FACE_BOUND('',#9597,.T.);
#10726=FACE_BOUND('',#9598,.T.);
#10727=FACE_BOUND('',#9599,.T.);
#10728=FACE_BOUND('',#9600,.T.);
#10729=FACE_BOUND('',#9601,.T.);
#10730=FACE_BOUND('',#9602,.T.);
#10731=FACE_BOUND('',#9603,.T.);
#10732=FACE_BOUND('',#9604,.T.);
#10733=FACE_BOUND('',#9605,.T.);
#10734=FACE_BOUND('',#9606,.T.);
#10735=FACE_BOUND('',#9607,.T.);
#10736=FACE_BOUND('',#9608,.T.);
#10737=FACE_BOUND('',#9609,.T.);
#10738=FACE_BOUND('',#9610,.T.);
#10739=FACE_BOUND('',#9611,.T.);
#10740=FACE_BOUND('',#9612,.T.);
#10741=FACE_BOUND('',#9613,.T.);
#10742=FACE_BOUND('',#9614,.T.);
#10743=FACE_BOUND('',#9615,.T.);
#10744=FACE_BOUND('',#9616,.T.);
#10745=FACE_BOUND('',#9617,.T.);
#10746=FACE_BOUND('',#9618,.T.);
#10747=FACE_BOUND('',#9619,.T.);
#10748=FACE_BOUND('',#9620,.T.);
#10749=FACE_BOUND('',#9621,.T.);
#10750=FACE_BOUND('',#9622,.T.);
#10751=FACE_BOUND('',#9623,.T.);
#10752=FACE_BOUND('',#9624,.T.);
#10753=FACE_BOUND('',#9625,.T.);
#10754=FACE_BOUND('',#9626,.T.);
#10755=FACE_BOUND('',#9627,.T.);
#10756=FACE_BOUND('',#9628,.T.);
#10757=FACE_BOUND('',#9629,.T.);
#10758=FACE_BOUND('',#9630,.T.);
#10759=FACE_BOUND('',#9631,.T.);
#10760=FACE_BOUND('',#9632,.T.);
#10761=FACE_BOUND('',#9633,.T.);
#10762=FACE_BOUND('',#9634,.T.);
#10763=FACE_BOUND('',#9635,.T.);
#10764=FACE_BOUND('',#9636,.T.);
#10765=FACE_BOUND('',#9637,.T.);
#10766=FACE_BOUND('',#9638,.T.);
#10767=FACE_BOUND('',#9639,.T.);
#10768=FACE_BOUND('',#9640,.T.);
#10769=FACE_BOUND('',#9641,.T.);
#10770=FACE_BOUND('',#9642,.T.);
#10771=FACE_BOUND('',#9643,.T.);
#10772=FACE_BOUND('',#9644,.T.);
#10773=FACE_BOUND('',#9645,.T.);
#10774=FACE_BOUND('',#9646,.T.);
#10775=FACE_BOUND('',#9647,.T.);
#10776=FACE_BOUND('',#9648,.T.);
#10777=FACE_BOUND('',#9649,.T.);
#10778=FACE_BOUND('',#9650,.T.);
#10779=FACE_BOUND('',#9651,.T.);
#10780=FACE_BOUND('',#9652,.T.);
#10781=FACE_BOUND('',#9653,.T.);
#10782=FACE_BOUND('',#9654,.T.);
#10783=FACE_BOUND('',#9655,.T.);
#10784=FACE_BOUND('',#9656,.T.);
#10785=FACE_BOUND('',#9657,.T.);
#10786=FACE_BOUND('',#9658,.T.);
#10787=FACE_BOUND('',#9659,.T.);
#10788=FACE_BOUND('',#9660,.T.);
#10789=FACE_BOUND('',#9661,.T.);
#10790=FACE_BOUND('',#9662,.T.);
#10791=FACE_BOUND('',#9663,.T.);
#10792=FACE_BOUND('',#9664,.T.);
#10793=FACE_BOUND('',#9665,.T.);
#10794=FACE_BOUND('',#9666,.T.);
#10795=FACE_BOUND('',#9667,.T.);
#10796=FACE_BOUND('',#9668,.T.);
#10797=FACE_BOUND('',#9669,.T.);
#10798=FACE_BOUND('',#9670,.T.);
#10799=FACE_BOUND('',#9671,.T.);
#10800=FACE_BOUND('',#9672,.T.);
#10801=FACE_BOUND('',#9673,.T.);
#10802=FACE_BOUND('',#9674,.T.);
#10803=FACE_BOUND('',#9675,.T.);
#10804=FACE_BOUND('',#9676,.T.);
#10805=FACE_BOUND('',#9677,.T.);
#10806=FACE_BOUND('',#9678,.T.);
#10807=FACE_BOUND('',#9679,.T.);
#10808=FACE_BOUND('',#9680,.T.);
#10809=FACE_BOUND('',#9681,.T.);
#10810=FACE_BOUND('',#9682,.T.);
#10811=FACE_BOUND('',#9683,.T.);
#10812=FACE_BOUND('',#9684,.T.);
#10813=FACE_BOUND('',#9685,.T.);
#10814=FACE_BOUND('',#9686,.T.);
#10815=FACE_BOUND('',#9687,.T.);
#10816=FACE_BOUND('',#9688,.T.);
#10817=FACE_BOUND('',#9689,.T.);
#10818=FACE_BOUND('',#9690,.T.);
#10819=FACE_BOUND('',#9691,.T.);
#10820=FACE_BOUND('',#9692,.T.);
#10821=FACE_BOUND('',#9693,.T.);
#10822=FACE_BOUND('',#9694,.T.);
#10823=FACE_BOUND('',#9695,.T.);
#10824=FACE_BOUND('',#9696,.T.);
#10825=FACE_BOUND('',#9697,.T.);
#10826=FACE_BOUND('',#9698,.T.);
#10827=FACE_BOUND('',#9699,.T.);
#10828=FACE_BOUND('',#9700,.T.);
#10829=FACE_BOUND('',#9701,.T.);
#10830=FACE_BOUND('',#9702,.T.);
#10831=FACE_BOUND('',#9703,.T.);
#10832=FACE_BOUND('',#9704,.T.);
#10833=FACE_BOUND('',#9705,.T.);
#10834=FACE_BOUND('',#9706,.T.);
#10835=FACE_BOUND('',#9707,.T.);
#10836=FACE_BOUND('',#9708,.T.);
#10837=FACE_BOUND('',#9709,.T.);
#10838=FACE_BOUND('',#9710,.T.);
#10839=FACE_BOUND('',#9711,.T.);
#10840=FACE_BOUND('',#9712,.T.);
#10841=FACE_BOUND('',#9713,.T.);
#10842=FACE_BOUND('',#9714,.T.);
#10843=FACE_BOUND('',#9715,.T.);
#10844=FACE_BOUND('',#9716,.T.);
#10845=FACE_BOUND('',#9717,.T.);
#10846=FACE_BOUND('',#9718,.T.);
#10847=FACE_BOUND('',#9719,.T.);
#10848=FACE_BOUND('',#9720,.T.);
#10849=FACE_BOUND('',#9721,.T.);
#10850=FACE_BOUND('',#9722,.T.);
#10851=FACE_BOUND('',#9723,.T.);
#10852=FACE_BOUND('',#9724,.T.);
#10853=FACE_BOUND('',#9725,.T.);
#10854=FACE_BOUND('',#9726,.T.);
#10855=FACE_BOUND('',#9727,.T.);
#10856=FACE_BOUND('',#9728,.T.);
#10857=FACE_BOUND('',#9729,.T.);
#10858=FACE_BOUND('',#9730,.T.);
#10859=FACE_BOUND('',#9731,.T.);
#10860=FACE_BOUND('',#9732,.T.);
#10861=FACE_BOUND('',#9733,.T.);
#10862=FACE_BOUND('',#9734,.T.);
#10863=FACE_BOUND('',#9735,.T.);
#10864=FACE_BOUND('',#9736,.T.);
#10865=FACE_BOUND('',#9737,.T.);
#10866=FACE_BOUND('',#9738,.T.);
#10867=FACE_BOUND('',#9739,.T.);
#10868=FACE_BOUND('',#9740,.T.);
#10869=FACE_BOUND('',#9741,.T.);
#10870=FACE_BOUND('',#9742,.T.);
#10871=FACE_BOUND('',#9743,.T.);
#10872=FACE_BOUND('',#9744,.T.);
#10873=FACE_BOUND('',#9745,.T.);
#10874=FACE_BOUND('',#9746,.T.);
#10875=FACE_BOUND('',#9747,.T.);
#10876=FACE_BOUND('',#9748,.T.);
#10877=FACE_BOUND('',#9749,.T.);
#10878=FACE_BOUND('',#9750,.T.);
#10879=FACE_BOUND('',#9751,.T.);
#10880=FACE_BOUND('',#9752,.T.);
#10881=FACE_BOUND('',#9753,.T.);
#10882=FACE_BOUND('',#9754,.T.);
#10883=FACE_BOUND('',#9755,.T.);
#10884=FACE_BOUND('',#9756,.T.);
#10885=FACE_BOUND('',#9757,.T.);
#10886=FACE_BOUND('',#9758,.T.);
#10887=FACE_BOUND('',#9759,.T.);
#10888=FACE_BOUND('',#9760,.T.);
#10889=FACE_BOUND('',#9761,.T.);
#10890=FACE_BOUND('',#9762,.T.);
#10891=FACE_BOUND('',#9763,.T.);
#10892=FACE_BOUND('',#9764,.T.);
#10893=FACE_BOUND('',#9765,.T.);
#10894=FACE_BOUND('',#9766,.T.);
#10895=FACE_BOUND('',#9767,.T.);
#10896=FACE_BOUND('',#9768,.T.);
#10897=FACE_BOUND('',#9769,.T.);
#10898=FACE_BOUND('',#9770,.T.);
#10899=FACE_BOUND('',#9771,.T.);
#10900=FACE_BOUND('',#9772,.T.);
#10901=FACE_BOUND('',#9773,.T.);
#10902=FACE_BOUND('',#9774,.T.);
#10903=FACE_BOUND('',#9775,.T.);
#10904=FACE_BOUND('',#9776,.T.);
#10905=FACE_BOUND('',#9777,.T.);
#10906=FACE_BOUND('',#9778,.T.);
#10907=FACE_BOUND('',#9779,.T.);
#10908=FACE_BOUND('',#9780,.T.);
#10909=FACE_BOUND('',#9781,.T.);
#10910=FACE_BOUND('',#9782,.T.);
#10911=FACE_BOUND('',#9783,.T.);
#10912=FACE_BOUND('',#9784,.T.);
#10913=FACE_BOUND('',#9785,.T.);
#10914=FACE_BOUND('',#9786,.T.);
#10915=FACE_BOUND('',#9787,.T.);
#10916=FACE_BOUND('',#9788,.T.);
#10917=FACE_BOUND('',#9789,.T.);
#10918=FACE_BOUND('',#9790,.T.);
#10919=FACE_BOUND('',#9791,.T.);
#10920=FACE_BOUND('',#9792,.T.);
#10921=FACE_BOUND('',#9793,.T.);
#10922=FACE_BOUND('',#9794,.T.);
#10923=FACE_BOUND('',#9795,.T.);
#10924=FACE_BOUND('',#9796,.T.);
#10925=FACE_BOUND('',#9797,.T.);
#10926=FACE_BOUND('',#9798,.T.);
#10927=FACE_BOUND('',#9799,.T.);
#10928=FACE_BOUND('',#9800,.T.);
#10929=FACE_BOUND('',#9801,.T.);
#10930=FACE_BOUND('',#9802,.T.);
#10931=FACE_BOUND('',#9803,.T.);
#10932=FACE_BOUND('',#9804,.T.);
#10933=FACE_BOUND('',#9805,.T.);
#10934=FACE_BOUND('',#9806,.T.);
#10935=FACE_BOUND('',#9807,.T.);
#10936=FACE_BOUND('',#9808,.T.);
#10937=FACE_BOUND('',#9809,.T.);
#10938=FACE_BOUND('',#9810,.T.);
#10939=FACE_BOUND('',#9811,.T.);
#10940=FACE_BOUND('',#9812,.T.);
#10941=FACE_BOUND('',#9813,.T.);
#10942=FACE_BOUND('',#9814,.T.);
#10943=FACE_BOUND('',#9815,.T.);
#10944=FACE_BOUND('',#9816,.T.);
#10945=FACE_BOUND('',#9817,.T.);
#10946=FACE_BOUND('',#9818,.T.);
#10947=FACE_BOUND('',#9819,.T.);
#10948=FACE_BOUND('',#9820,.T.);
#10949=FACE_BOUND('',#9821,.T.);
#10950=FACE_BOUND('',#9822,.T.);
#10951=FACE_BOUND('',#9823,.T.);
#10952=FACE_BOUND('',#9824,.T.);
#10953=FACE_BOUND('',#9825,.T.);
#10954=FACE_BOUND('',#9826,.T.);
#10955=FACE_BOUND('',#9827,.T.);
#10956=FACE_BOUND('',#9828,.T.);
#10957=FACE_BOUND('',#9829,.T.);
#10958=FACE_BOUND('',#9830,.T.);
#10959=FACE_BOUND('',#9831,.T.);
#10960=FACE_BOUND('',#9832,.T.);
#10961=FACE_BOUND('',#9833,.T.);
#10962=FACE_BOUND('',#9834,.T.);
#10963=FACE_BOUND('',#9835,.T.);
#10964=FACE_BOUND('',#9836,.T.);
#10965=FACE_BOUND('',#9837,.T.);
#10966=FACE_BOUND('',#9838,.T.);
#10967=FACE_BOUND('',#9839,.T.);
#10968=FACE_BOUND('',#9840,.T.);
#10969=FACE_BOUND('',#9841,.T.);
#10970=FACE_BOUND('',#9842,.T.);
#10971=FACE_BOUND('',#9843,.T.);
#10972=FACE_BOUND('',#9844,.T.);
#10973=FACE_BOUND('',#9845,.T.);
#10974=FACE_BOUND('',#9846,.T.);
#10975=FACE_BOUND('',#9847,.T.);
#10976=FACE_BOUND('',#9848,.T.);
#10977=FACE_BOUND('',#9849,.T.);
#10978=FACE_BOUND('',#9850,.T.);
#10979=FACE_BOUND('',#9851,.T.);
#10980=FACE_BOUND('',#9852,.T.);
#10981=FACE_BOUND('',#9853,.T.);
#10982=FACE_BOUND('',#9854,.T.);
#10983=FACE_BOUND('',#9855,.T.);
#10984=FACE_BOUND('',#9856,.T.);
#10985=FACE_BOUND('',#9857,.T.);
#10986=FACE_BOUND('',#9858,.T.);
#10987=FACE_BOUND('',#9859,.T.);
#10988=FACE_BOUND('',#9860,.T.);
#10989=FACE_BOUND('',#9861,.T.);
#10990=FACE_BOUND('',#9862,.T.);
#10991=FACE_BOUND('',#9863,.T.);
#10992=FACE_BOUND('',#9864,.T.);
#10993=FACE_BOUND('',#9865,.T.);
#10994=FACE_BOUND('',#9866,.T.);
#10995=FACE_BOUND('',#9867,.T.);
#10996=FACE_BOUND('',#9868,.T.);
#10997=FACE_BOUND('',#9869,.T.);
#10998=FACE_BOUND('',#9870,.T.);
#10999=FACE_BOUND('',#9871,.T.);
#11000=FACE_BOUND('',#9872,.T.);
#11001=FACE_BOUND('',#9873,.T.);
#11002=FACE_BOUND('',#9874,.T.);
#11003=FACE_BOUND('',#9875,.T.);
#11004=FACE_BOUND('',#9876,.T.);
#11005=FACE_BOUND('',#9877,.T.);
#11006=FACE_BOUND('',#9878,.T.);
#11007=FACE_BOUND('',#9879,.T.);
#11008=FACE_BOUND('',#9880,.T.);
#11009=FACE_BOUND('',#9881,.T.);
#11010=FACE_BOUND('',#9882,.T.);
#11011=FACE_BOUND('',#9883,.T.);
#11012=FACE_BOUND('',#9884,.T.);
#11013=FACE_BOUND('',#9885,.T.);
#11014=FACE_BOUND('',#9886,.T.);
#11015=FACE_BOUND('',#9887,.T.);
#11016=FACE_BOUND('',#9888,.T.);
#11017=FACE_BOUND('',#9889,.T.);
#11018=FACE_BOUND('',#9890,.T.);
#11019=FACE_BOUND('',#9891,.T.);
#11020=FACE_BOUND('',#9892,.T.);
#11021=FACE_BOUND('',#9893,.T.);
#11022=FACE_BOUND('',#9894,.T.);
#11023=FACE_BOUND('',#9895,.T.);
#11024=FACE_BOUND('',#9896,.T.);
#11025=FACE_BOUND('',#9897,.T.);
#11026=FACE_BOUND('',#9898,.T.);
#11027=FACE_BOUND('',#9899,.T.);
#11028=FACE_BOUND('',#9900,.T.);
#11029=FACE_BOUND('',#9901,.T.);
#11030=FACE_BOUND('',#9902,.T.);
#11031=FACE_BOUND('',#9903,.T.);
#11032=FACE_BOUND('',#9904,.T.);
#11033=FACE_BOUND('',#9905,.T.);
#11034=FACE_BOUND('',#9906,.T.);
#11035=FACE_BOUND('',#9907,.T.);
#11036=FACE_BOUND('',#9908,.T.);
#11037=FACE_BOUND('',#9909,.T.);
#11038=FACE_BOUND('',#9910,.T.);
#11039=FACE_BOUND('',#9911,.T.);
#11040=FACE_BOUND('',#9912,.T.);
#11041=FACE_BOUND('',#9913,.T.);
#11042=FACE_BOUND('',#9914,.T.);
#11043=FACE_BOUND('',#9915,.T.);
#11044=FACE_BOUND('',#9916,.T.);
#11045=FACE_BOUND('',#9917,.T.);
#11046=FACE_BOUND('',#9918,.T.);
#11047=FACE_BOUND('',#9919,.T.);
#11048=FACE_BOUND('',#9920,.T.);
#11049=FACE_BOUND('',#9921,.T.);
#11050=FACE_BOUND('',#9922,.T.);
#11051=FACE_BOUND('',#9923,.T.);
#11052=FACE_BOUND('',#9924,.T.);
#11053=FACE_BOUND('',#9925,.T.);
#11054=FACE_BOUND('',#9926,.T.);
#11055=FACE_BOUND('',#9927,.T.);
#11056=FACE_BOUND('',#9928,.T.);
#11057=FACE_BOUND('',#9929,.T.);
#11058=FACE_BOUND('',#9930,.T.);
#11059=FACE_BOUND('',#9931,.T.);
#11060=FACE_BOUND('',#9932,.T.);
#11061=FACE_BOUND('',#9933,.T.);
#11062=FACE_BOUND('',#9934,.T.);
#11063=FACE_BOUND('',#9935,.T.);
#11064=FACE_BOUND('',#9936,.T.);
#11065=FACE_BOUND('',#9937,.T.);
#11066=FACE_BOUND('',#9938,.T.);
#11067=FACE_BOUND('',#9939,.T.);
#11068=FACE_BOUND('',#9940,.T.);
#11069=FACE_BOUND('',#9941,.T.);
#11070=FACE_BOUND('',#9942,.T.);
#11071=FACE_BOUND('',#9943,.T.);
#11072=FACE_BOUND('',#9944,.T.);
#11073=FACE_BOUND('',#9945,.T.);
#11074=FACE_BOUND('',#9946,.T.);
#11075=FACE_BOUND('',#9947,.T.);
#11076=FACE_BOUND('',#9948,.T.);
#11077=FACE_BOUND('',#9949,.T.);
#11078=FACE_BOUND('',#9950,.T.);
#11079=FACE_BOUND('',#9951,.T.);
#11080=FACE_BOUND('',#9952,.T.);
#11081=FACE_BOUND('',#9953,.T.);
#11082=FACE_BOUND('',#9954,.T.);
#11083=FACE_BOUND('',#9955,.T.);
#11084=FACE_BOUND('',#9956,.T.);
#11085=FACE_BOUND('',#9957,.T.);
#11086=FACE_BOUND('',#9958,.T.);
#11087=FACE_BOUND('',#9959,.T.);
#11088=FACE_BOUND('',#9960,.T.);
#11089=FACE_BOUND('',#9961,.T.);
#11090=FACE_BOUND('',#9962,.T.);
#11091=FACE_BOUND('',#9963,.T.);
#11092=FACE_BOUND('',#9964,.T.);
#11093=FACE_BOUND('',#9965,.T.);
#11094=FACE_BOUND('',#9966,.T.);
#11095=FACE_BOUND('',#9967,.T.);
#11096=FACE_BOUND('',#9968,.T.);
#11097=FACE_BOUND('',#9969,.T.);
#11098=FACE_BOUND('',#9970,.T.);
#11099=FACE_BOUND('',#9971,.T.);
#11100=FACE_BOUND('',#9972,.T.);
#11101=FACE_BOUND('',#9973,.T.);
#11102=FACE_BOUND('',#9974,.T.);
#11103=FACE_BOUND('',#9975,.T.);
#11104=FACE_BOUND('',#9976,.T.);
#11105=FACE_BOUND('',#9977,.T.);
#11106=FACE_BOUND('',#9978,.T.);
#11107=FACE_BOUND('',#9979,.T.);
#11108=FACE_BOUND('',#9980,.T.);
#11109=FACE_BOUND('',#9981,.T.);
#11110=FACE_BOUND('',#9982,.T.);
#11111=FACE_BOUND('',#9983,.T.);
#11112=FACE_BOUND('',#9984,.T.);
#11113=FACE_BOUND('',#9985,.T.);
#11114=FACE_BOUND('',#9986,.T.);
#11115=FACE_BOUND('',#9987,.T.);
#11116=FACE_BOUND('',#9988,.T.);
#11117=FACE_BOUND('',#9989,.T.);
#11118=FACE_BOUND('',#9990,.T.);
#11119=FACE_BOUND('',#9991,.T.);
#11120=FACE_BOUND('',#9992,.T.);
#11121=FACE_BOUND('',#9993,.T.);
#11122=FACE_BOUND('',#9994,.T.);
#11123=FACE_BOUND('',#9995,.T.);
#11124=FACE_BOUND('',#9996,.T.);
#11125=FACE_BOUND('',#9997,.T.);
#11126=FACE_BOUND('',#9998,.T.);
#11127=FACE_BOUND('',#9999,.T.);
#11128=FACE_BOUND('',#10000,.T.);
#11129=FACE_BOUND('',#10001,.T.);
#11130=FACE_BOUND('',#10002,.T.);
#11131=FACE_BOUND('',#10003,.T.);
#11132=FACE_BOUND('',#10004,.T.);
#11133=FACE_BOUND('',#10005,.T.);
#11134=FACE_BOUND('',#10006,.T.);
#11135=FACE_BOUND('',#10007,.T.);
#11136=FACE_BOUND('',#10008,.T.);
#11137=FACE_BOUND('',#10009,.T.);
#11138=FACE_BOUND('',#10010,.T.);
#11139=FACE_BOUND('',#10011,.T.);
#11140=FACE_BOUND('',#10012,.T.);
#11141=FACE_BOUND('',#10013,.T.);
#11142=FACE_BOUND('',#10014,.T.);
#11143=FACE_BOUND('',#10015,.T.);
#11144=FACE_BOUND('',#10016,.T.);
#11145=FACE_BOUND('',#10017,.T.);
#11146=FACE_BOUND('',#10018,.T.);
#11147=FACE_BOUND('',#10019,.T.);
#11148=FACE_BOUND('',#10020,.T.);
#11149=FACE_BOUND('',#10021,.T.);
#11150=FACE_BOUND('',#10022,.T.);
#11151=FACE_BOUND('',#10023,.T.);
#11152=FACE_BOUND('',#10024,.T.);
#11153=FACE_BOUND('',#10025,.T.);
#11154=FACE_BOUND('',#10026,.T.);
#11155=FACE_BOUND('',#10027,.T.);
#11156=FACE_BOUND('',#10028,.T.);
#11157=FACE_BOUND('',#10029,.T.);
#11158=FACE_BOUND('',#10030,.T.);
#11159=FACE_BOUND('',#10031,.T.);
#11160=FACE_BOUND('',#10032,.T.);
#11161=FACE_BOUND('',#10033,.T.);
#11162=FACE_BOUND('',#10034,.T.);
#11163=FACE_BOUND('',#10035,.T.);
#11164=FACE_BOUND('',#10036,.T.);
#11165=FACE_BOUND('',#10037,.T.);
#11166=FACE_BOUND('',#10038,.T.);
#11167=FACE_BOUND('',#10039,.T.);
#11168=FACE_BOUND('',#10040,.T.);
#11169=FACE_BOUND('',#10041,.T.);
#11170=FACE_BOUND('',#10042,.T.);
#11171=FACE_BOUND('',#10043,.T.);
#11172=FACE_BOUND('',#10044,.T.);
#11173=FACE_BOUND('',#10045,.T.);
#11174=FACE_BOUND('',#10046,.T.);
#11175=FACE_BOUND('',#10047,.T.);
#11176=FACE_BOUND('',#10048,.T.);
#11177=FACE_BOUND('',#10049,.T.);
#11178=FACE_BOUND('',#10050,.T.);
#11179=FACE_BOUND('',#10051,.T.);
#11180=FACE_BOUND('',#10052,.T.);
#11181=FACE_BOUND('',#10053,.T.);
#11182=FACE_BOUND('',#10054,.T.);
#11183=FACE_BOUND('',#10055,.T.);
#11184=FACE_BOUND('',#10056,.T.);
#11185=FACE_BOUND('',#10057,.T.);
#11186=FACE_BOUND('',#10058,.T.);
#11187=FACE_BOUND('',#10059,.T.);
#11188=FACE_BOUND('',#10060,.T.);
#11189=FACE_BOUND('',#10061,.T.);
#11190=FACE_BOUND('',#10062,.T.);
#11191=FACE_BOUND('',#10063,.T.);
#11192=FACE_BOUND('',#10064,.T.);
#11193=FACE_BOUND('',#10065,.T.);
#11194=FACE_BOUND('',#10066,.T.);
#11195=FACE_BOUND('',#10067,.T.);
#11196=FACE_BOUND('',#10068,.T.);
#11197=FACE_BOUND('',#10069,.T.);
#11198=FACE_BOUND('',#10070,.T.);
#11199=FACE_BOUND('',#10071,.T.);
#11200=FACE_BOUND('',#10072,.T.);
#11201=FACE_BOUND('',#10073,.T.);
#11202=FACE_BOUND('',#10074,.T.);
#11203=FACE_BOUND('',#10075,.T.);
#11204=FACE_BOUND('',#10076,.T.);
#11205=FACE_BOUND('',#10077,.T.);
#11206=FACE_BOUND('',#10078,.T.);
#11207=FACE_BOUND('',#10079,.T.);
#11208=FACE_BOUND('',#10080,.T.);
#11209=FACE_BOUND('',#10081,.T.);
#11210=FACE_BOUND('',#10082,.T.);
#11211=FACE_BOUND('',#10083,.T.);
#11212=FACE_BOUND('',#10084,.T.);
#11213=FACE_BOUND('',#10085,.T.);
#11214=FACE_BOUND('',#10086,.T.);
#11215=FACE_BOUND('',#10087,.T.);
#11216=FACE_BOUND('',#10088,.T.);
#11217=FACE_BOUND('',#10089,.T.);
#11218=FACE_BOUND('',#10090,.T.);
#11219=FACE_BOUND('',#10091,.T.);
#11220=FACE_BOUND('',#10092,.T.);
#11221=FACE_BOUND('',#10093,.T.);
#11222=FACE_BOUND('',#10094,.T.);
#11223=FACE_BOUND('',#10095,.T.);
#11224=FACE_BOUND('',#10096,.T.);
#11225=FACE_BOUND('',#10097,.T.);
#11226=FACE_BOUND('',#10098,.T.);
#11227=FACE_BOUND('',#10099,.T.);
#11228=FACE_BOUND('',#10100,.T.);
#11229=FACE_BOUND('',#10101,.T.);
#11230=FACE_BOUND('',#10102,.T.);
#11231=FACE_BOUND('',#10103,.T.);
#11232=FACE_BOUND('',#10104,.T.);
#11233=FACE_BOUND('',#10105,.T.);
#11234=FACE_BOUND('',#10106,.T.);
#11235=FACE_BOUND('',#10107,.T.);
#11236=FACE_BOUND('',#10108,.T.);
#11237=FACE_BOUND('',#10109,.T.);
#11238=FACE_BOUND('',#10110,.T.);
#11239=FACE_BOUND('',#10111,.T.);
#11240=FACE_BOUND('',#10112,.T.);
#11241=FACE_BOUND('',#10113,.T.);
#11242=FACE_BOUND('',#10114,.T.);
#11243=FACE_BOUND('',#10115,.T.);
#11244=FACE_BOUND('',#10116,.T.);
#11245=FACE_BOUND('',#10117,.T.);
#11246=FACE_BOUND('',#10118,.T.);
#11247=FACE_BOUND('',#10119,.T.);
#11248=FACE_BOUND('',#10120,.T.);
#11249=FACE_BOUND('',#10121,.T.);
#11250=FACE_BOUND('',#10122,.T.);
#11251=FACE_BOUND('',#10123,.T.);
#11252=FACE_BOUND('',#10124,.T.);
#11253=FACE_BOUND('',#10125,.T.);
#11254=FACE_BOUND('',#10126,.T.);
#11255=FACE_BOUND('',#10127,.T.);
#11256=FACE_BOUND('',#10128,.T.);
#11257=FACE_BOUND('',#10129,.T.);
#11258=FACE_BOUND('',#10130,.T.);
#11259=FACE_BOUND('',#10131,.T.);
#11260=FACE_BOUND('',#10132,.T.);
#11261=FACE_BOUND('',#10133,.T.);
#11262=FACE_BOUND('',#10134,.T.);
#11263=FACE_BOUND('',#10135,.T.);
#11264=FACE_BOUND('',#10136,.T.);
#11265=FACE_BOUND('',#10137,.T.);
#11266=FACE_BOUND('',#10138,.T.);
#11267=FACE_BOUND('',#10139,.T.);
#11268=FACE_BOUND('',#10140,.T.);
#11269=FACE_BOUND('',#10141,.T.);
#11270=FACE_BOUND('',#10142,.T.);
#11271=FACE_BOUND('',#10143,.T.);
#11272=FACE_BOUND('',#10144,.T.);
#11273=FACE_BOUND('',#10145,.T.);
#11274=FACE_BOUND('',#10146,.T.);
#11275=FACE_BOUND('',#10147,.T.);
#11276=FACE_BOUND('',#10148,.T.);
#11277=FACE_BOUND('',#10149,.T.);
#11278=FACE_BOUND('',#10150,.T.);
#11279=FACE_BOUND('',#10151,.T.);
#11280=FACE_BOUND('',#10152,.T.);
#11281=FACE_BOUND('',#10153,.T.);
#11282=FACE_BOUND('',#10154,.T.);
#11283=FACE_BOUND('',#10155,.T.);
#11284=FACE_BOUND('',#10156,.T.);
#11285=FACE_BOUND('',#10157,.T.);
#11286=FACE_BOUND('',#10158,.T.);
#11287=FACE_BOUND('',#10159,.T.);
#11288=FACE_BOUND('',#10160,.T.);
#11289=FACE_BOUND('',#10161,.T.);
#11290=FACE_BOUND('',#10162,.T.);
#11291=FACE_BOUND('',#10163,.T.);
#11292=FACE_BOUND('',#10164,.T.);
#11293=FACE_BOUND('',#10165,.T.);
#11294=FACE_BOUND('',#10166,.T.);
#11295=FACE_BOUND('',#10167,.T.);
#11296=FACE_BOUND('',#10168,.T.);
#11297=FACE_BOUND('',#10169,.T.);
#11298=FACE_BOUND('',#10170,.T.);
#11299=FACE_BOUND('',#10171,.T.);
#11300=FACE_BOUND('',#10172,.T.);
#11301=FACE_BOUND('',#10173,.T.);
#11302=FACE_BOUND('',#10174,.T.);
#11303=FACE_BOUND('',#10175,.T.);
#11304=FACE_BOUND('',#10176,.T.);
#11305=FACE_BOUND('',#10177,.T.);
#11306=FACE_BOUND('',#10178,.T.);
#11307=FACE_BOUND('',#10179,.T.);
#11308=FACE_BOUND('',#10180,.T.);
#11309=FACE_BOUND('',#10181,.T.);
#11310=FACE_BOUND('',#10182,.T.);
#11311=FACE_BOUND('',#10183,.T.);
#11312=FACE_BOUND('',#10184,.T.);
#11313=FACE_BOUND('',#10185,.T.);
#11314=FACE_BOUND('',#10186,.T.);
#11315=FACE_BOUND('',#10187,.T.);
#11316=FACE_BOUND('',#10188,.T.);
#11317=FACE_BOUND('',#10189,.T.);
#11318=FACE_BOUND('',#10190,.T.);
#11319=FACE_BOUND('',#10191,.T.);
#11320=FACE_BOUND('',#10192,.T.);
#11321=FACE_BOUND('',#10193,.T.);
#11322=FACE_BOUND('',#10194,.T.);
#11323=FACE_BOUND('',#10195,.T.);
#11324=FACE_BOUND('',#10196,.T.);
#11325=FACE_BOUND('',#10197,.T.);
#11326=FACE_BOUND('',#10198,.T.);
#11327=FACE_BOUND('',#10199,.T.);
#11328=FACE_BOUND('',#10200,.T.);
#11329=FACE_BOUND('',#10201,.T.);
#11330=FACE_BOUND('',#10202,.T.);
#11331=FACE_BOUND('',#10203,.T.);
#11332=FACE_BOUND('',#10204,.T.);
#11333=FACE_BOUND('',#10205,.T.);
#11334=FACE_BOUND('',#10206,.T.);
#11335=FACE_BOUND('',#10207,.T.);
#11336=FACE_BOUND('',#10208,.T.);
#11337=FACE_BOUND('',#10209,.T.);
#11338=FACE_BOUND('',#10210,.T.);
#11339=FACE_BOUND('',#10211,.T.);
#11340=FACE_BOUND('',#10212,.T.);
#11341=FACE_BOUND('',#10213,.T.);
#11342=FACE_BOUND('',#10214,.T.);
#11343=FACE_BOUND('',#10215,.T.);
#11344=FACE_BOUND('',#10216,.T.);
#11345=FACE_BOUND('',#10217,.T.);
#11346=FACE_BOUND('',#10218,.T.);
#11347=FACE_BOUND('',#10219,.T.);
#11348=FACE_BOUND('',#10220,.T.);
#11349=FACE_BOUND('',#10221,.T.);
#11350=FACE_BOUND('',#10222,.T.);
#11351=FACE_BOUND('',#10223,.T.);
#11352=FACE_BOUND('',#10224,.T.);
#11353=FACE_BOUND('',#10225,.T.);
#11354=FACE_BOUND('',#10226,.T.);
#11355=FACE_BOUND('',#10227,.T.);
#11356=FACE_BOUND('',#10228,.T.);
#11357=FACE_BOUND('',#10229,.T.);
#11358=FACE_BOUND('',#10230,.T.);
#11359=FACE_BOUND('',#10231,.T.);
#11360=FACE_BOUND('',#10232,.T.);
#11361=FACE_BOUND('',#10233,.T.);
#11362=FACE_BOUND('',#10234,.T.);
#11363=FACE_BOUND('',#10235,.T.);
#11364=FACE_BOUND('',#10236,.T.);
#11365=FACE_BOUND('',#10237,.T.);
#11366=FACE_BOUND('',#10238,.T.);
#11367=FACE_BOUND('',#10239,.T.);
#11368=FACE_BOUND('',#10240,.T.);
#11369=FACE_BOUND('',#10241,.T.);
#11370=FACE_BOUND('',#10242,.T.);
#11371=FACE_BOUND('',#10243,.T.);
#11372=FACE_BOUND('',#10244,.T.);
#11373=FACE_BOUND('',#10245,.T.);
#11374=FACE_BOUND('',#10246,.T.);
#11375=FACE_BOUND('',#10247,.T.);
#11376=FACE_BOUND('',#10248,.T.);
#11377=FACE_BOUND('',#10249,.T.);
#11378=FACE_BOUND('',#10250,.T.);
#11379=FACE_BOUND('',#10251,.T.);
#11380=FACE_BOUND('',#10252,.T.);
#11381=FACE_BOUND('',#10253,.T.);
#11382=FACE_BOUND('',#10254,.T.);
#11383=FACE_BOUND('',#10255,.T.);
#11384=FACE_BOUND('',#10256,.T.);
#11385=FACE_BOUND('',#10257,.T.);
#11386=FACE_BOUND('',#10258,.T.);
#11387=FACE_BOUND('',#10259,.T.);
#11388=FACE_BOUND('',#10260,.T.);
#11389=FACE_BOUND('',#10261,.T.);
#11390=FACE_BOUND('',#10262,.T.);
#11391=FACE_BOUND('',#10263,.T.);
#11392=FACE_BOUND('',#10264,.T.);
#11393=FACE_BOUND('',#10265,.T.);
#11394=FACE_BOUND('',#10266,.T.);
#11395=FACE_BOUND('',#10267,.T.);
#11396=FACE_BOUND('',#10268,.T.);
#11397=FACE_BOUND('',#10269,.T.);
#11398=FACE_BOUND('',#10270,.T.);
#11399=FACE_BOUND('',#10271,.T.);
#11400=FACE_BOUND('',#10272,.T.);
#11401=FACE_BOUND('',#10273,.T.);
#11402=FACE_BOUND('',#10274,.T.);
#11403=FACE_BOUND('',#10275,.T.);
#11404=FACE_BOUND('',#10276,.T.);
#11405=FACE_BOUND('',#10277,.T.);
#11406=FACE_BOUND('',#10278,.T.);
#11407=FACE_BOUND('',#10279,.T.);
#11408=FACE_BOUND('',#10280,.T.);
#11409=FACE_BOUND('',#10281,.T.);
#11410=FACE_BOUND('',#10282,.T.);
#11411=FACE_BOUND('',#10283,.T.);
#11412=FACE_BOUND('',#10284,.T.);
#11413=FACE_BOUND('',#10285,.T.);
#11414=FACE_BOUND('',#10286,.T.);
#11415=FACE_BOUND('',#10287,.T.);
#11416=FACE_BOUND('',#10288,.T.);
#11417=FACE_BOUND('',#10289,.T.);
#11418=FACE_BOUND('',#10290,.T.);
#11419=FACE_BOUND('',#10291,.T.);
#11420=FACE_BOUND('',#10292,.T.);
#11421=FACE_BOUND('',#10293,.T.);
#11422=FACE_BOUND('',#10294,.T.);
#11423=FACE_BOUND('',#10295,.T.);
#11424=FACE_BOUND('',#10296,.T.);
#11425=FACE_BOUND('',#10297,.T.);
#11426=FACE_BOUND('',#10298,.T.);
#11427=FACE_BOUND('',#10299,.T.);
#11428=FACE_BOUND('',#10300,.T.);
#11429=FACE_BOUND('',#10301,.T.);
#11430=FACE_BOUND('',#10302,.T.);
#11431=FACE_BOUND('',#10303,.T.);
#11432=FACE_BOUND('',#10304,.T.);
#11433=FACE_BOUND('',#10305,.T.);
#11434=FACE_BOUND('',#10306,.T.);
#11435=PLANE('',#12662);
#11436=PLANE('',#12667);
#11437=PLANE('',#12669);
#11438=PLANE('',#12680);
#11439=PLANE('',#12687);
#11440=PLANE('',#12690);
#11441=PLANE('',#12691);
#11442=PLANE('',#12696);
#11443=PLANE('',#12697);
#11444=PLANE('',#12700);
#11445=PLANE('',#12702);
#11446=PLANE('',#12709);
#11447=PLANE('',#12714);
#11448=PLANE('',#12717);
#11449=PLANE('',#12722);
#11450=PLANE('',#12724);
#11451=PLANE('',#12726);
#11452=PLANE('',#12728);
#11453=PLANE('',#12731);
#11454=PLANE('',#12732);
#11455=PLANE('',#12733);
#11456=PLANE('',#12734);
#11457=PLANE('',#12737);
#11458=PLANE('',#12740);
#11459=PLANE('',#12743);
#11460=PLANE('',#12746);
#11461=PLANE('',#12747);
#11462=PLANE('',#12755);
#11463=PLANE('',#12757);
#11464=PLANE('',#12760);
#11465=PLANE('',#12803);
#11466=PLANE('',#12846);
#11467=PLANE('',#12847);
#11468=PLANE('',#12848);
#11469=PLANE('',#12849);
#11470=PLANE('',#12850);
#11471=PLANE('',#12852);
#11472=PLANE('',#12854);
#11473=PLANE('',#12856);
#11474=PLANE('',#12858);
#11475=PLANE('',#12860);
#11476=PLANE('',#12862);
#11477=PLANE('',#12864);
#11478=PLANE('',#12866);
#11479=PLANE('',#12868);
#11480=PLANE('',#12870);
#11481=PLANE('',#12872);
#11482=PLANE('',#12874);
#11483=PLANE('',#12876);
#11484=PLANE('',#12878);
#11485=PLANE('',#12880);
#11486=PLANE('',#12882);
#11487=PLANE('',#12884);
#11488=PLANE('',#12886);
#11489=PLANE('',#12888);
#11490=PLANE('',#12890);
#11491=PLANE('',#12892);
#11492=PLANE('',#12894);
#11493=PLANE('',#12896);
#11494=PLANE('',#12898);
#11495=PLANE('',#12900);
#11496=PLANE('',#12902);
#11497=PLANE('',#12904);
#11498=PLANE('',#12906);
#11499=PLANE('',#12908);
#11500=PLANE('',#12910);
#11501=PLANE('',#12912);
#11502=PLANE('',#12914);
#11503=PLANE('',#12916);
#11504=PLANE('',#12918);
#11505=PLANE('',#12920);
#11506=PLANE('',#12922);
#11507=PLANE('',#12924);
#11508=PLANE('',#12926);
#11509=PLANE('',#12928);
#11510=PLANE('',#12931);
#11511=PLANE('',#12933);
#11512=PLANE('',#12935);
#11513=PLANE('',#12936);
#11514=PLANE('',#12937);
#11515=PLANE('',#12938);
#11516=PLANE('',#12939);
#11517=PLANE('',#12940);
#11518=PLANE('',#12941);
#11519=PLANE('',#12942);
#11520=PLANE('',#12943);
#11521=PLANE('',#12944);
#11522=PLANE('',#12945);
#11523=PLANE('',#12946);
#11524=PLANE('',#12947);
#11525=PLANE('',#12948);
#11526=PLANE('',#12950);
#11527=PLANE('',#12958);
#11528=PLANE('',#12962);
#11529=PLANE('',#12963);
#11530=PLANE('',#12971);
#11531=PLANE('',#12974);
#11532=PLANE('',#12975);
#11533=PLANE('',#12976);
#11534=PLANE('',#12977);
#11535=PLANE('',#12981);
#11536=PLANE('',#12982);
#11537=PLANE('',#12986);
#11538=PLANE('',#12987);
#11539=PLANE('',#12991);
#11540=PLANE('',#12992);
#11541=PLANE('',#13066);
#11542=PLANE('',#13067);
#11543=PLANE('',#13068);
#11544=PLANE('',#13069);
#11545=PLANE('',#13070);
#11546=PLANE('',#13341);
#11547=PLANE('',#13342);
#11548=PLANE('',#13343);
#11549=PLANE('',#13352);
#11550=PLANE('',#13355);
#11551=PLANE('',#13356);
#11552=PLANE('',#13357);
#11553=PLANE('',#13359);
#11554=PLANE('',#13362);
#11555=PLANE('',#13363);
#11556=PLANE('',#13365);
#11557=PLANE('',#13368);
#11558=PLANE('',#13369);
#11559=PLANE('',#13373);
#11560=PLANE('',#13374);
#11561=PLANE('',#13375);
#11562=PLANE('',#13382);
#11563=PLANE('',#13386);
#11564=PLANE('',#13390);
#11565=PLANE('',#13394);
#11566=PLANE('',#13398);
#11567=PLANE('',#13402);
#11568=PLANE('',#13406);
#11569=PLANE('',#13410);
#11570=PLANE('',#13414);
#11571=PLANE('',#13423);
#11572=PLANE('',#13457);
#11573=PLANE('',#13458);
#11574=PLANE('',#13459);
#11575=PLANE('',#13460);
#11576=PLANE('',#13461);
#11577=PLANE('',#13462);
#11578=PLANE('',#13463);
#11579=PLANE('',#13464);
#11580=PLANE('',#13465);
#11581=PLANE('',#13466);
#11582=PLANE('',#13467);
#11583=PLANE('',#13468);
#11584=PLANE('',#13469);
#11585=PLANE('',#13470);
#11586=PLANE('',#13472);
#11587=PLANE('',#13473);
#11588=PLANE('',#13476);
#11589=PLANE('',#13477);
#11590=PLANE('',#13480);
#11591=PLANE('',#13481);
#11592=PLANE('',#13482);
#11593=PLANE('',#13483);
#11594=PLANE('',#13484);
#11595=PLANE('',#13485);
#11596=PLANE('',#13497);
#11597=PLANE('',#13540);
#11598=PLANE('',#13583);
#11599=PLANE('',#13584);
#11600=PLANE('',#13585);
#11601=PLANE('',#13586);
#11602=PLANE('',#13587);
#11603=PLANE('',#13589);
#11604=PLANE('',#13591);
#11605=PLANE('',#13593);
#11606=PLANE('',#13595);
#11607=PLANE('',#13597);
#11608=PLANE('',#13599);
#11609=PLANE('',#13601);
#11610=PLANE('',#13603);
#11611=PLANE('',#13605);
#11612=PLANE('',#13607);
#11613=PLANE('',#13609);
#11614=PLANE('',#13611);
#11615=PLANE('',#13613);
#11616=PLANE('',#13615);
#11617=PLANE('',#13617);
#11618=PLANE('',#13619);
#11619=PLANE('',#13621);
#11620=PLANE('',#13623);
#11621=PLANE('',#13625);
#11622=PLANE('',#13627);
#11623=PLANE('',#13629);
#11624=PLANE('',#13631);
#11625=PLANE('',#13633);
#11626=PLANE('',#13635);
#11627=PLANE('',#13637);
#11628=PLANE('',#13639);
#11629=PLANE('',#13641);
#11630=PLANE('',#13643);
#11631=PLANE('',#13645);
#11632=PLANE('',#13647);
#11633=PLANE('',#13649);
#11634=PLANE('',#13651);
#11635=PLANE('',#13653);
#11636=PLANE('',#13655);
#11637=PLANE('',#13657);
#11638=PLANE('',#13659);
#11639=PLANE('',#13661);
#11640=PLANE('',#13663);
#11641=PLANE('',#13665);
#11642=PLANE('',#13668);
#11643=PLANE('',#13670);
#11644=PLANE('',#13675);
#11645=PLANE('',#13677);
#11646=PLANE('',#13684);
#11647=PLANE('',#13686);
#11648=PLANE('',#13691);
#11649=PLANE('',#13694);
#11650=PLANE('',#13695);
#11651=PLANE('',#13697);
#11652=PLANE('',#13698);
#11653=PLANE('',#13699);
#11654=PLANE('',#13712);
#11655=PLANE('',#13713);
#11656=PLANE('',#13714);
#11657=PLANE('',#13715);
#11658=PLANE('',#13716);
#11659=PLANE('',#13717);
#11660=PLANE('',#13718);
#11661=PLANE('',#13719);
#11662=PLANE('',#13720);
#11663=PLANE('',#13721);
#11664=PLANE('',#13722);
#11665=PLANE('',#13723);
#11666=PLANE('',#13724);
#11667=PLANE('',#13725);
#11668=PLANE('',#13726);
#11669=PLANE('',#13727);
#11670=PLANE('',#13729);
#11671=PLANE('',#13730);
#11672=PLANE('',#13732);
#11673=PLANE('',#13733);
#11674=PLANE('',#13734);
#11675=PLANE('',#13738);
#11676=PLANE('',#13739);
#11677=PLANE('',#13740);
#11678=PLANE('',#13741);
#11679=PLANE('',#13743);
#11680=PLANE('',#13744);
#11681=PLANE('',#13745);
#11682=PLANE('',#13747);
#11683=PLANE('',#13748);
#11684=PLANE('',#13749);
#11685=PLANE('',#13750);
#11686=PLANE('',#13751);
#11687=PLANE('',#13753);
#11688=PLANE('',#13754);
#11689=PLANE('',#13755);
#11690=PLANE('',#13756);
#11691=PLANE('',#13757);
#11692=PLANE('',#13758);
#11693=PLANE('',#13759);
#11694=PLANE('',#13760);
#11695=PLANE('',#13761);
#11696=PLANE('',#13762);
#11697=PLANE('',#13763);
#11698=PLANE('',#13764);
#11699=PLANE('',#13765);
#11700=PLANE('',#13766);
#11701=PLANE('',#13767);
#11702=PLANE('',#13768);
#11703=PLANE('',#13769);
#11704=PLANE('',#13770);
#11705=PLANE('',#13771);
#11706=PLANE('',#13772);
#11707=PLANE('',#13773);
#11708=PLANE('',#13774);
#11709=PLANE('',#13776);
#11710=PLANE('',#13777);
#11711=PLANE('',#13778);
#11712=PLANE('',#13779);
#11713=PLANE('',#13780);
#11714=PLANE('',#13781);
#11715=PLANE('',#13783);
#11716=PLANE('',#13784);
#11717=PLANE('',#13786);
#11718=PLANE('',#13787);
#11719=PLANE('',#13789);
#11720=PLANE('',#13790);
#11721=PLANE('',#13791);
#11722=PLANE('',#13792);
#11723=PLANE('',#13793);
#11724=PLANE('',#13794);
#11725=PLANE('',#13795);
#11726=PLANE('',#13796);
#11727=PLANE('',#13797);
#11728=PLANE('',#13798);
#11729=PLANE('',#13799);
#11730=PLANE('',#13800);
#11731=PLANE('',#13801);
#11732=PLANE('',#13802);
#11733=PLANE('',#13808);
#11734=PLANE('',#13811);
#11735=PLANE('',#13822);
#11736=PLANE('',#13824);
#11737=PLANE('',#13825);
#11738=PLANE('',#13829);
#11739=PLANE('',#13830);
#11740=PLANE('',#13831);
#11741=PLANE('',#13836);
#11742=PLANE('',#13837);
#11743=PLANE('',#13852);
#11744=PLANE('',#13853);
#11745=PLANE('',#13854);
#11746=PLANE('',#13863);
#11747=PLANE('',#13864);
#11748=PLANE('',#13875);
#11749=PLANE('',#13878);
#11750=PLANE('',#13881);
#11751=PLANE('',#13883);
#11752=PLANE('',#13885);
#11753=PLANE('',#13887);
#11754=PLANE('',#13889);
#11755=PLANE('',#13890);
#11756=PLANE('',#13891);
#11757=PLANE('',#13892);
#11758=PLANE('',#13893);
#11759=PLANE('',#13894);
#11760=PLANE('',#13895);
#11761=PLANE('',#13896);
#11762=PLANE('',#13897);
#11763=PLANE('',#13898);
#11764=PLANE('',#13899);
#11765=PLANE('',#13900);
#11766=PLANE('',#13901);
#11767=PLANE('',#13902);
#11768=PLANE('',#13905);
#11769=PLANE('',#13908);
#11770=PLANE('',#13911);
#11771=PLANE('',#13914);
#11772=PLANE('',#13915);
#11773=PLANE('',#13920);
#11774=PLANE('',#13921);
#11775=PLANE('',#13923);
#11776=PLANE('',#13924);
#11777=PLANE('',#13925);
#11778=PLANE('',#13926);
#11779=PLANE('',#13927);
#11780=PLANE('',#13928);
#11781=PLANE('',#13929);
#11782=PLANE('',#13930);
#11783=PLANE('',#13931);
#11784=PLANE('',#13932);
#11785=PLANE('',#13933);
#11786=PLANE('',#13934);
#11787=PLANE('',#13935);
#11788=PLANE('',#13936);
#11789=ADVANCED_FACE('',(#10307),#11435,.T.);
#11790=ADVANCED_FACE('',(#10308,#10309,#10310),#11436,.F.);
#11791=ADVANCED_FACE('',(#10311,#10312),#11437,.T.);
#11792=ADVANCED_FACE('',(#10313),#85,.F.);
#11793=ADVANCED_FACE('',(#10314),#86,.F.);
#11794=ADVANCED_FACE('',(#10315),#11438,.F.);
#11795=ADVANCED_FACE('',(#10316),#87,.F.);
#11796=ADVANCED_FACE('',(#10317),#88,.F.);
#11797=ADVANCED_FACE('',(#10318),#11439,.T.);
#11798=ADVANCED_FACE('',(#10319),#79,.T.);
#11799=ADVANCED_FACE('',(#10320),#11440,.T.);
#11800=ADVANCED_FACE('',(#10321),#11441,.T.);
#11801=ADVANCED_FACE('',(#10322),#80,.T.);
#11802=ADVANCED_FACE('',(#10323),#81,.T.);
#11803=ADVANCED_FACE('',(#10324),#11442,.F.);
#11804=ADVANCED_FACE('',(#10325),#11443,.F.);
#11805=ADVANCED_FACE('',(#10326),#82,.T.);
#11806=ADVANCED_FACE('',(#10327,#10328,#10329),#11444,.T.);
#11807=ADVANCED_FACE('',(#10330,#10331),#11445,.F.);
#11808=ADVANCED_FACE('',(#10332),#89,.T.);
#11809=ADVANCED_FACE('',(#10333),#11446,.F.);
#11810=ADVANCED_FACE('',(#10334),#90,.T.);
#11811=ADVANCED_FACE('',(#10335),#91,.T.);
#11812=ADVANCED_FACE('',(#10336),#11447,.T.);
#11813=ADVANCED_FACE('',(#10337),#92,.T.);
#11814=ADVANCED_FACE('',(#10338,#10339,#10340,#10341,#10342,#10343),#11448,
 .F.);
#11815=ADVANCED_FACE('',(#10344),#11449,.T.);
#11816=ADVANCED_FACE('',(#10345),#93,.F.);
#11817=ADVANCED_FACE('',(#10346),#11450,.F.);
#11818=ADVANCED_FACE('',(#10347),#94,.F.);
#11819=ADVANCED_FACE('',(#10348),#11451,.F.);
#11820=ADVANCED_FACE('',(#10349),#95,.F.);
#11821=ADVANCED_FACE('',(#10350),#11452,.T.);
#11822=ADVANCED_FACE('',(#10351),#96,.F.);
#11823=ADVANCED_FACE('',(#10352,#10353),#97,.F.);
#11824=ADVANCED_FACE('',(#10354),#11453,.T.);
#11825=ADVANCED_FACE('',(#10355),#11454,.F.);
#11826=ADVANCED_FACE('',(#10356),#11455,.F.);
#11827=ADVANCED_FACE('',(#10357),#11456,.T.);
#11828=ADVANCED_FACE('',(#10358,#10359),#98,.F.);
#11829=ADVANCED_FACE('',(#10360),#11457,.F.);
#11830=ADVANCED_FACE('',(#10361,#10362),#99,.F.);
#11831=ADVANCED_FACE('',(#10363),#11458,.F.);
#11832=ADVANCED_FACE('',(#10364,#10365),#100,.F.);
#11833=ADVANCED_FACE('',(#10366),#11459,.F.);
#11834=ADVANCED_FACE('',(#10367,#10368),#101,.F.);
#11835=ADVANCED_FACE('',(#10369),#11460,.F.);
#11836=ADVANCED_FACE('',(#10370),#11461,.F.);
#11837=ADVANCED_FACE('',(#10371,#10372),#102,.F.);
#11838=ADVANCED_FACE('',(#10373,#10374),#103,.T.);
#11839=ADVANCED_FACE('',(#10375,#10376),#11462,.T.);
#11840=ADVANCED_FACE('',(#10377,#10378),#11463,.F.);
#11841=ADVANCED_FACE('',(#10379,#10380),#83,.T.);
#11842=ADVANCED_FACE('',(#10381,#10382,#10383,#10384,#10385,#10386,#10387,
#10388,#10389,#10390,#10391,#10392,#10393,#10394,#10395,#10396,#10397,#10398,
#10399,#10400,#10401,#10402),#11464,.F.);
#11843=ADVANCED_FACE('',(#10403,#10404,#10405,#10406,#10407,#10408,#10409,
#10410,#10411,#10412,#10413,#10414,#10415,#10416,#10417,#10418,#10419,#10420,
#10421,#10422,#10423,#10424),#11465,.T.);
#11844=ADVANCED_FACE('',(#10425),#11466,.F.);
#11845=ADVANCED_FACE('',(#10426),#11467,.F.);
#11846=ADVANCED_FACE('',(#10427),#11468,.T.);
#11847=ADVANCED_FACE('',(#10428),#11469,.T.);
#11848=ADVANCED_FACE('',(#10429),#11470,.T.);
#11849=ADVANCED_FACE('',(#10430),#104,.F.);
#11850=ADVANCED_FACE('',(#10431),#11471,.F.);
#11851=ADVANCED_FACE('',(#10432),#105,.F.);
#11852=ADVANCED_FACE('',(#10433),#11472,.T.);
#11853=ADVANCED_FACE('',(#10434),#106,.F.);
#11854=ADVANCED_FACE('',(#10435),#11473,.F.);
#11855=ADVANCED_FACE('',(#10436),#107,.F.);
#11856=ADVANCED_FACE('',(#10437),#11474,.T.);
#11857=ADVANCED_FACE('',(#10438),#108,.F.);
#11858=ADVANCED_FACE('',(#10439),#11475,.F.);
#11859=ADVANCED_FACE('',(#10440),#109,.F.);
#11860=ADVANCED_FACE('',(#10441),#11476,.T.);
#11861=ADVANCED_FACE('',(#10442),#110,.F.);
#11862=ADVANCED_FACE('',(#10443),#11477,.F.);
#11863=ADVANCED_FACE('',(#10444),#111,.F.);
#11864=ADVANCED_FACE('',(#10445),#11478,.T.);
#11865=ADVANCED_FACE('',(#10446),#112,.F.);
#11866=ADVANCED_FACE('',(#10447),#11479,.F.);
#11867=ADVANCED_FACE('',(#10448),#113,.F.);
#11868=ADVANCED_FACE('',(#10449),#11480,.T.);
#11869=ADVANCED_FACE('',(#10450),#114,.F.);
#11870=ADVANCED_FACE('',(#10451),#11481,.F.);
#11871=ADVANCED_FACE('',(#10452),#115,.F.);
#11872=ADVANCED_FACE('',(#10453),#11482,.T.);
#11873=ADVANCED_FACE('',(#10454),#116,.F.);
#11874=ADVANCED_FACE('',(#10455),#11483,.F.);
#11875=ADVANCED_FACE('',(#10456),#117,.F.);
#11876=ADVANCED_FACE('',(#10457),#11484,.T.);
#11877=ADVANCED_FACE('',(#10458),#118,.F.);
#11878=ADVANCED_FACE('',(#10459),#11485,.F.);
#11879=ADVANCED_FACE('',(#10460),#119,.F.);
#11880=ADVANCED_FACE('',(#10461),#11486,.T.);
#11881=ADVANCED_FACE('',(#10462),#120,.F.);
#11882=ADVANCED_FACE('',(#10463),#11487,.F.);
#11883=ADVANCED_FACE('',(#10464),#121,.F.);
#11884=ADVANCED_FACE('',(#10465),#11488,.T.);
#11885=ADVANCED_FACE('',(#10466),#122,.F.);
#11886=ADVANCED_FACE('',(#10467),#11489,.F.);
#11887=ADVANCED_FACE('',(#10468),#123,.F.);
#11888=ADVANCED_FACE('',(#10469),#11490,.T.);
#11889=ADVANCED_FACE('',(#10470),#124,.F.);
#11890=ADVANCED_FACE('',(#10471),#11491,.F.);
#11891=ADVANCED_FACE('',(#10472),#125,.F.);
#11892=ADVANCED_FACE('',(#10473),#11492,.T.);
#11893=ADVANCED_FACE('',(#10474),#126,.F.);
#11894=ADVANCED_FACE('',(#10475),#11493,.F.);
#11895=ADVANCED_FACE('',(#10476),#127,.F.);
#11896=ADVANCED_FACE('',(#10477),#11494,.T.);
#11897=ADVANCED_FACE('',(#10478),#128,.F.);
#11898=ADVANCED_FACE('',(#10479),#11495,.F.);
#11899=ADVANCED_FACE('',(#10480),#129,.F.);
#11900=ADVANCED_FACE('',(#10481),#11496,.T.);
#11901=ADVANCED_FACE('',(#10482),#130,.F.);
#11902=ADVANCED_FACE('',(#10483),#11497,.F.);
#11903=ADVANCED_FACE('',(#10484),#131,.F.);
#11904=ADVANCED_FACE('',(#10485),#11498,.T.);
#11905=ADVANCED_FACE('',(#10486),#132,.F.);
#11906=ADVANCED_FACE('',(#10487),#11499,.F.);
#11907=ADVANCED_FACE('',(#10488),#133,.F.);
#11908=ADVANCED_FACE('',(#10489),#11500,.T.);
#11909=ADVANCED_FACE('',(#10490),#134,.F.);
#11910=ADVANCED_FACE('',(#10491),#11501,.F.);
#11911=ADVANCED_FACE('',(#10492),#135,.F.);
#11912=ADVANCED_FACE('',(#10493),#11502,.T.);
#11913=ADVANCED_FACE('',(#10494),#136,.F.);
#11914=ADVANCED_FACE('',(#10495),#11503,.F.);
#11915=ADVANCED_FACE('',(#10496),#137,.F.);
#11916=ADVANCED_FACE('',(#10497),#11504,.T.);
#11917=ADVANCED_FACE('',(#10498),#138,.F.);
#11918=ADVANCED_FACE('',(#10499),#11505,.F.);
#11919=ADVANCED_FACE('',(#10500),#139,.F.);
#11920=ADVANCED_FACE('',(#10501),#11506,.T.);
#11921=ADVANCED_FACE('',(#10502),#140,.F.);
#11922=ADVANCED_FACE('',(#10503),#11507,.F.);
#11923=ADVANCED_FACE('',(#10504),#141,.F.);
#11924=ADVANCED_FACE('',(#10505),#11508,.T.);
#11925=ADVANCED_FACE('',(#10506),#142,.F.);
#11926=ADVANCED_FACE('',(#10507),#11509,.F.);
#11927=ADVANCED_FACE('',(#10508),#143,.F.);
#11928=ADVANCED_FACE('',(#10509),#144,.F.);
#11929=ADVANCED_FACE('',(#10510),#11510,.F.);
#11930=ADVANCED_FACE('',(#10511),#145,.F.);
#11931=ADVANCED_FACE('',(#10512),#11511,.T.);
#11932=ADVANCED_FACE('',(#10513),#11512,.F.);
#11933=ADVANCED_FACE('',(#10514),#11513,.T.);
#11934=ADVANCED_FACE('',(#10515),#11514,.T.);
#11935=ADVANCED_FACE('',(#10516),#11515,.F.);
#11936=ADVANCED_FACE('',(#10517),#11516,.F.);
#11937=ADVANCED_FACE('',(#10518),#11517,.T.);
#11938=ADVANCED_FACE('',(#10519),#11518,.F.);
#11939=ADVANCED_FACE('',(#10520),#11519,.T.);
#11940=ADVANCED_FACE('',(#10521),#11520,.T.);
#11941=ADVANCED_FACE('',(#10522),#11521,.F.);
#11942=ADVANCED_FACE('',(#10523),#11522,.T.);
#11943=ADVANCED_FACE('',(#10524),#11523,.F.);
#11944=ADVANCED_FACE('',(#10525),#11524,.T.);
#11945=ADVANCED_FACE('',(#10526),#11525,.T.);
#11946=ADVANCED_FACE('',(#10527,#10528),#11526,.F.);
#11947=ADVANCED_FACE('',(#10529),#11527,.F.);
#11948=ADVANCED_FACE('',(#10530),#146,.T.);
#11949=ADVANCED_FACE('',(#10531),#11528,.T.);
#11950=ADVANCED_FACE('',(#10532),#11529,.T.);
#11951=ADVANCED_FACE('',(#10533),#147,.F.);
#11952=ADVANCED_FACE('',(#10534),#11530,.F.);
#11953=ADVANCED_FACE('',(#10535),#148,.F.);
#11954=ADVANCED_FACE('',(#10536),#11531,.T.);
#11955=ADVANCED_FACE('',(#10537),#11532,.F.);
#11956=ADVANCED_FACE('',(#10538),#11533,.T.);
#11957=ADVANCED_FACE('',(#10539),#11534,.F.);
#11958=ADVANCED_FACE('',(#10540),#149,.T.);
#11959=ADVANCED_FACE('',(#10541),#11535,.T.);
#11960=ADVANCED_FACE('',(#10542),#11536,.F.);
#11961=ADVANCED_FACE('',(#10543),#150,.T.);
#11962=ADVANCED_FACE('',(#10544),#11537,.T.);
#11963=ADVANCED_FACE('',(#10545),#11538,.F.);
#11964=ADVANCED_FACE('',(#10546),#151,.T.);
#11965=ADVANCED_FACE('',(#10547),#11539,.T.);
#11966=ADVANCED_FACE('',(#10548),#11540,.F.);
#11967=ADVANCED_FACE('',(#10549),#152,.T.);
#11968=ADVANCED_FACE('',(#10550),#153,.T.);
#11969=ADVANCED_FACE('',(#10551),#11,.T.);
#11970=ADVANCED_FACE('',(#10552),#154,.T.);
#11971=ADVANCED_FACE('',(#10553),#155,.T.);
#11972=ADVANCED_FACE('',(#10554),#12,.T.);
#11973=ADVANCED_FACE('',(#10555),#156,.T.);
#11974=ADVANCED_FACE('',(#10556),#157,.T.);
#11975=ADVANCED_FACE('',(#10557),#13,.T.);
#11976=ADVANCED_FACE('',(#10558),#158,.T.);
#11977=ADVANCED_FACE('',(#10559),#159,.T.);
#11978=ADVANCED_FACE('',(#10560),#14,.T.);
#11979=ADVANCED_FACE('',(#10561),#160,.T.);
#11980=ADVANCED_FACE('',(#10562),#161,.T.);
#11981=ADVANCED_FACE('',(#10563),#15,.T.);
#11982=ADVANCED_FACE('',(#10564),#162,.T.);
#11983=ADVANCED_FACE('',(#10565),#163,.T.);
#11984=ADVANCED_FACE('',(#10566),#16,.T.);
#11985=ADVANCED_FACE('',(#10567),#164,.T.);
#11986=ADVANCED_FACE('',(#10568),#165,.T.);
#11987=ADVANCED_FACE('',(#10569),#17,.T.);
#11988=ADVANCED_FACE('',(#10570),#166,.T.);
#11989=ADVANCED_FACE('',(#10571),#167,.T.);
#11990=ADVANCED_FACE('',(#10572),#18,.T.);
#11991=ADVANCED_FACE('',(#10573),#168,.T.);
#11992=ADVANCED_FACE('',(#10574),#169,.T.);
#11993=ADVANCED_FACE('',(#10575),#19,.T.);
#11994=ADVANCED_FACE('',(#10576),#170,.T.);
#11995=ADVANCED_FACE('',(#10577),#171,.T.);
#11996=ADVANCED_FACE('',(#10578),#20,.T.);
#11997=ADVANCED_FACE('',(#10579),#172,.T.);
#11998=ADVANCED_FACE('',(#10580),#173,.T.);
#11999=ADVANCED_FACE('',(#10581),#174,.T.);
#12000=ADVANCED_FACE('',(#10582),#175,.T.);
#12001=ADVANCED_FACE('',(#10583),#11541,.T.);
#12002=ADVANCED_FACE('',(#10584),#11542,.F.);
#12003=ADVANCED_FACE('',(#10585),#11543,.T.);
#12004=ADVANCED_FACE('',(#10586),#11544,.F.);
#12005=ADVANCED_FACE('',(#10587,#10588,#10589,#10590,#10591,#10592,#10593,
#10594,#10595,#10596,#10597,#10598,#10599,#10600,#10601,#10602,#10603,#10604,
#10605,#10606,#10607,#10608,#10609,#10610,#10611,#10612,#10613,#10614,#10615,
#10616,#10617,#10618,#10619,#10620,#10621,#10622,#10623,#10624,#10625,#10626,
#10627,#10628,#10629,#10630,#10631,#10632,#10633,#10634,#10635,#10636,#10637,
#10638,#10639,#10640,#10641,#10642,#10643,#10644,#10645,#10646,#10647,#10648,
#10649,#10650,#10651,#10652,#10653,#10654,#10655,#10656,#10657,#10658,#10659,
#10660,#10661,#10662,#10663,#10664,#10665,#10666,#10667,#10668,#10669,#10670,
#10671,#10672,#10673,#10674,#10675,#10676),#11545,.T.);
#12006=ADVANCED_FACE('',(#10677,#10678),#176,.F.);
#12007=ADVANCED_FACE('',(#10679,#10680),#177,.F.);
#12008=ADVANCED_FACE('',(#10681,#10682),#178,.F.);
#12009=ADVANCED_FACE('',(#10683,#10684),#179,.F.);
#12010=ADVANCED_FACE('',(#10685,#10686),#180,.F.);
#12011=ADVANCED_FACE('',(#10687,#10688),#181,.F.);
#12012=ADVANCED_FACE('',(#10689,#10690),#182,.F.);
#12013=ADVANCED_FACE('',(#10691,#10692),#183,.F.);
#12014=ADVANCED_FACE('',(#10693,#10694),#184,.F.);
#12015=ADVANCED_FACE('',(#10695,#10696),#185,.F.);
#12016=ADVANCED_FACE('',(#10697,#10698),#186,.F.);
#12017=ADVANCED_FACE('',(#10699,#10700),#187,.F.);
#12018=ADVANCED_FACE('',(#10701,#10702),#188,.F.);
#12019=ADVANCED_FACE('',(#10703,#10704),#189,.F.);
#12020=ADVANCED_FACE('',(#10705,#10706),#190,.F.);
#12021=ADVANCED_FACE('',(#10707,#10708),#191,.F.);
#12022=ADVANCED_FACE('',(#10709,#10710),#192,.F.);
#12023=ADVANCED_FACE('',(#10711,#10712),#193,.F.);
#12024=ADVANCED_FACE('',(#10713,#10714),#194,.F.);
#12025=ADVANCED_FACE('',(#10715,#10716),#195,.F.);
#12026=ADVANCED_FACE('',(#10717,#10718),#196,.F.);
#12027=ADVANCED_FACE('',(#10719,#10720),#197,.F.);
#12028=ADVANCED_FACE('',(#10721,#10722),#198,.F.);
#12029=ADVANCED_FACE('',(#10723,#10724),#199,.F.);
#12030=ADVANCED_FACE('',(#10725,#10726),#200,.F.);
#12031=ADVANCED_FACE('',(#10727,#10728),#201,.F.);
#12032=ADVANCED_FACE('',(#10729,#10730),#202,.F.);
#12033=ADVANCED_FACE('',(#10731,#10732),#203,.F.);
#12034=ADVANCED_FACE('',(#10733,#10734),#204,.F.);
#12035=ADVANCED_FACE('',(#10735,#10736),#205,.F.);
#12036=ADVANCED_FACE('',(#10737,#10738),#206,.F.);
#12037=ADVANCED_FACE('',(#10739,#10740),#207,.F.);
#12038=ADVANCED_FACE('',(#10741,#10742),#208,.F.);
#12039=ADVANCED_FACE('',(#10743,#10744),#209,.F.);
#12040=ADVANCED_FACE('',(#10745,#10746),#210,.F.);
#12041=ADVANCED_FACE('',(#10747,#10748),#211,.F.);
#12042=ADVANCED_FACE('',(#10749,#10750),#212,.F.);
#12043=ADVANCED_FACE('',(#10751,#10752),#213,.F.);
#12044=ADVANCED_FACE('',(#10753,#10754),#214,.F.);
#12045=ADVANCED_FACE('',(#10755,#10756),#215,.F.);
#12046=ADVANCED_FACE('',(#10757,#10758),#216,.F.);
#12047=ADVANCED_FACE('',(#10759,#10760),#217,.F.);
#12048=ADVANCED_FACE('',(#10761,#10762),#218,.F.);
#12049=ADVANCED_FACE('',(#10763,#10764),#219,.F.);
#12050=ADVANCED_FACE('',(#10765,#10766),#220,.F.);
#12051=ADVANCED_FACE('',(#10767,#10768),#221,.F.);
#12052=ADVANCED_FACE('',(#10769,#10770),#222,.F.);
#12053=ADVANCED_FACE('',(#10771,#10772),#223,.F.);
#12054=ADVANCED_FACE('',(#10773,#10774),#224,.F.);
#12055=ADVANCED_FACE('',(#10775,#10776),#225,.F.);
#12056=ADVANCED_FACE('',(#10777,#10778),#226,.F.);
#12057=ADVANCED_FACE('',(#10779,#10780),#227,.F.);
#12058=ADVANCED_FACE('',(#10781,#10782),#228,.F.);
#12059=ADVANCED_FACE('',(#10783,#10784),#229,.F.);
#12060=ADVANCED_FACE('',(#10785,#10786),#230,.F.);
#12061=ADVANCED_FACE('',(#10787,#10788),#231,.F.);
#12062=ADVANCED_FACE('',(#10789,#10790),#232,.F.);
#12063=ADVANCED_FACE('',(#10791,#10792),#233,.F.);
#12064=ADVANCED_FACE('',(#10793,#10794),#234,.F.);
#12065=ADVANCED_FACE('',(#10795,#10796),#235,.F.);
#12066=ADVANCED_FACE('',(#10797,#10798),#236,.F.);
#12067=ADVANCED_FACE('',(#10799,#10800),#237,.F.);
#12068=ADVANCED_FACE('',(#10801,#10802),#238,.F.);
#12069=ADVANCED_FACE('',(#10803,#10804),#239,.F.);
#12070=ADVANCED_FACE('',(#10805,#10806),#240,.F.);
#12071=ADVANCED_FACE('',(#10807,#10808),#241,.F.);
#12072=ADVANCED_FACE('',(#10809,#10810),#242,.F.);
#12073=ADVANCED_FACE('',(#10811,#10812),#243,.F.);
#12074=ADVANCED_FACE('',(#10813,#10814),#244,.F.);
#12075=ADVANCED_FACE('',(#10815,#10816),#245,.F.);
#12076=ADVANCED_FACE('',(#10817,#10818),#246,.F.);
#12077=ADVANCED_FACE('',(#10819,#10820),#247,.F.);
#12078=ADVANCED_FACE('',(#10821,#10822),#248,.F.);
#12079=ADVANCED_FACE('',(#10823,#10824),#249,.F.);
#12080=ADVANCED_FACE('',(#10825,#10826),#250,.F.);
#12081=ADVANCED_FACE('',(#10827,#10828),#251,.F.);
#12082=ADVANCED_FACE('',(#10829,#10830),#252,.F.);
#12083=ADVANCED_FACE('',(#10831,#10832),#253,.F.);
#12084=ADVANCED_FACE('',(#10833,#10834),#254,.F.);
#12085=ADVANCED_FACE('',(#10835,#10836),#255,.F.);
#12086=ADVANCED_FACE('',(#10837,#10838),#256,.F.);
#12087=ADVANCED_FACE('',(#10839),#257,.F.);
#12088=ADVANCED_FACE('',(#10840,#10841),#258,.F.);
#12089=ADVANCED_FACE('',(#10842,#10843),#259,.F.);
#12090=ADVANCED_FACE('',(#10844,#10845),#260,.F.);
#12091=ADVANCED_FACE('',(#10846,#10847),#261,.F.);
#12092=ADVANCED_FACE('',(#10848,#10849),#262,.F.);
#12093=ADVANCED_FACE('',(#10850,#10851),#263,.F.);
#12094=ADVANCED_FACE('',(#10852,#10853),#264,.F.);
#12095=ADVANCED_FACE('',(#10854,#10855),#265,.F.);
#12096=ADVANCED_FACE('',(#10856),#11546,.T.);
#12097=ADVANCED_FACE('',(#10857),#11547,.F.);
#12098=ADVANCED_FACE('',(#10858,#10859,#10860,#10861,#10862,#10863,#10864,
#10865,#10866,#10867,#10868,#10869,#10870,#10871,#10872,#10873,#10874,#10875,
#10876,#10877,#10878,#10879,#10880,#10881,#10882,#10883,#10884,#10885,#10886,
#10887,#10888,#10889,#10890,#10891,#10892,#10893,#10894,#10895,#10896,#10897,
#10898,#10899,#10900,#10901,#10902,#10903,#10904,#10905,#10906,#10907,#10908,
#10909,#10910,#10911,#10912,#10913,#10914,#10915,#10916,#10917,#10918,#10919,
#10920,#10921,#10922,#10923,#10924,#10925,#10926,#10927,#10928,#10929,#10930,
#10931,#10932,#10933,#10934,#10935,#10936,#10937,#10938,#10939,#10940,#10941,
#10942,#10943,#10944,#10945,#10946,#10947,#10948,#10949,#10950,#10951),
#11548,.F.);
#12099=ADVANCED_FACE('',(#10952,#10953),#11549,.F.);
#12100=ADVANCED_FACE('',(#10954),#11550,.T.);
#12101=ADVANCED_FACE('',(#10955),#11551,.T.);
#12102=ADVANCED_FACE('',(#10956),#11552,.T.);
#12103=ADVANCED_FACE('',(#10957),#266,.T.);
#12104=ADVANCED_FACE('',(#10958),#11553,.F.);
#12105=ADVANCED_FACE('',(#10959),#267,.T.);
#12106=ADVANCED_FACE('',(#10960),#11554,.T.);
#12107=ADVANCED_FACE('',(#10961,#10962),#11555,.F.);
#12108=ADVANCED_FACE('',(#10963),#11556,.T.);
#12109=ADVANCED_FACE('',(#10964),#268,.T.);
#12110=ADVANCED_FACE('',(#10965),#11557,.F.);
#12111=ADVANCED_FACE('',(#10966,#10967),#11558,.F.);
#12112=ADVANCED_FACE('',(#10968),#269,.T.);
#12113=ADVANCED_FACE('',(#10969),#11559,.T.);
#12114=ADVANCED_FACE('',(#10970),#11560,.F.);
#12115=ADVANCED_FACE('',(#10971,#10972),#11561,.F.);
#12116=ADVANCED_FACE('',(#10973,#10974),#270,.F.);
#12117=ADVANCED_FACE('',(#10975,#10976),#271,.F.);
#12118=ADVANCED_FACE('',(#10977,#10978),#272,.F.);
#12119=ADVANCED_FACE('',(#10979,#10980),#273,.F.);
#12120=ADVANCED_FACE('',(#10981),#11562,.T.);
#12121=ADVANCED_FACE('',(#10982),#274,.T.);
#12122=ADVANCED_FACE('',(#10983),#11563,.F.);
#12123=ADVANCED_FACE('',(#10984),#275,.T.);
#12124=ADVANCED_FACE('',(#10985),#11564,.F.);
#12125=ADVANCED_FACE('',(#10986),#276,.T.);
#12126=ADVANCED_FACE('',(#10987),#11565,.T.);
#12127=ADVANCED_FACE('',(#10988),#277,.F.);
#12128=ADVANCED_FACE('',(#10989),#11566,.F.);
#12129=ADVANCED_FACE('',(#10990),#278,.F.);
#12130=ADVANCED_FACE('',(#10991),#11567,.T.);
#12131=ADVANCED_FACE('',(#10992),#279,.F.);
#12132=ADVANCED_FACE('',(#10993),#11568,.T.);
#12133=ADVANCED_FACE('',(#10994),#280,.F.);
#12134=ADVANCED_FACE('',(#10995),#11569,.F.);
#12135=ADVANCED_FACE('',(#10996),#281,.T.);
#12136=ADVANCED_FACE('',(#10997,#10998),#11570,.F.);
#12137=ADVANCED_FACE('',(#10999,#11000),#11571,.T.);
#12138=ADVANCED_FACE('',(#11001),#21,.T.);
#12139=ADVANCED_FACE('',(#11002),#282,.T.);
#12140=ADVANCED_FACE('',(#11003),#283,.T.);
#12141=ADVANCED_FACE('',(#11004),#22,.T.);
#12142=ADVANCED_FACE('',(#11005),#23,.T.);
#12143=ADVANCED_FACE('',(#11006),#284,.T.);
#12144=ADVANCED_FACE('',(#11007),#285,.T.);
#12145=ADVANCED_FACE('',(#11008),#24,.T.);
#12146=ADVANCED_FACE('',(#11009),#286,.T.);
#12147=ADVANCED_FACE('',(#11010),#25,.T.);
#12148=ADVANCED_FACE('',(#11011),#26,.T.);
#12149=ADVANCED_FACE('',(#11012),#287,.T.);
#12150=ADVANCED_FACE('',(#11013),#288,.T.);
#12151=ADVANCED_FACE('',(#11014),#27,.T.);
#12152=ADVANCED_FACE('',(#11015),#28,.T.);
#12153=ADVANCED_FACE('',(#11016),#289,.T.);
#12154=ADVANCED_FACE('',(#11017),#11572,.F.);
#12155=ADVANCED_FACE('',(#11018),#11573,.F.);
#12156=ADVANCED_FACE('',(#11019),#11574,.F.);
#12157=ADVANCED_FACE('',(#11020),#11575,.F.);
#12158=ADVANCED_FACE('',(#11021),#11576,.F.);
#12159=ADVANCED_FACE('',(#11022),#11577,.T.);
#12160=ADVANCED_FACE('',(#11023),#11578,.T.);
#12161=ADVANCED_FACE('',(#11024),#11579,.F.);
#12162=ADVANCED_FACE('',(#11025,#11026),#11580,.T.);
#12163=ADVANCED_FACE('',(#11027,#11028),#11581,.F.);
#12164=ADVANCED_FACE('',(#11029),#11582,.T.);
#12165=ADVANCED_FACE('',(#11030),#11583,.T.);
#12166=ADVANCED_FACE('',(#11031),#11584,.T.);
#12167=ADVANCED_FACE('',(#11032),#11585,.T.);
#12168=ADVANCED_FACE('',(#11033),#11586,.F.);
#12169=ADVANCED_FACE('',(#11034),#11587,.F.);
#12170=ADVANCED_FACE('',(#11035),#11588,.T.);
#12171=ADVANCED_FACE('',(#11036),#11589,.T.);
#12172=ADVANCED_FACE('',(#11037),#11590,.T.);
#12173=ADVANCED_FACE('',(#11038),#11591,.F.);
#12174=ADVANCED_FACE('',(#11039),#11592,.F.);
#12175=ADVANCED_FACE('',(#11040),#11593,.T.);
#12176=ADVANCED_FACE('',(#11041,#11042),#11594,.T.);
#12177=ADVANCED_FACE('',(#11043,#11044),#11595,.F.);
#12178=ADVANCED_FACE('',(#11045),#290,.T.);
#12179=ADVANCED_FACE('',(#11046),#291,.T.);
#12180=ADVANCED_FACE('',(#11047),#292,.T.);
#12181=ADVANCED_FACE('',(#11048),#293,.T.);
#12182=ADVANCED_FACE('',(#11049),#294,.T.);
#12183=ADVANCED_FACE('',(#11050),#295,.T.);
#12184=ADVANCED_FACE('',(#11051,#11052,#11053,#11054,#11055,#11056,#11057,
#11058,#11059,#11060,#11061,#11062,#11063,#11064,#11065,#11066,#11067,#11068,
#11069,#11070,#11071,#11072),#11596,.F.);
#12185=ADVANCED_FACE('',(#11073,#11074,#11075,#11076,#11077,#11078,#11079,
#11080,#11081,#11082,#11083,#11084,#11085,#11086,#11087,#11088,#11089,#11090,
#11091,#11092,#11093,#11094),#11597,.T.);
#12186=ADVANCED_FACE('',(#11095),#11598,.F.);
#12187=ADVANCED_FACE('',(#11096),#11599,.F.);
#12188=ADVANCED_FACE('',(#11097),#11600,.T.);
#12189=ADVANCED_FACE('',(#11098),#11601,.T.);
#12190=ADVANCED_FACE('',(#11099),#11602,.T.);
#12191=ADVANCED_FACE('',(#11100),#296,.F.);
#12192=ADVANCED_FACE('',(#11101),#11603,.F.);
#12193=ADVANCED_FACE('',(#11102),#297,.F.);
#12194=ADVANCED_FACE('',(#11103),#11604,.T.);
#12195=ADVANCED_FACE('',(#11104),#298,.F.);
#12196=ADVANCED_FACE('',(#11105),#11605,.F.);
#12197=ADVANCED_FACE('',(#11106),#299,.F.);
#12198=ADVANCED_FACE('',(#11107),#11606,.T.);
#12199=ADVANCED_FACE('',(#11108),#300,.F.);
#12200=ADVANCED_FACE('',(#11109),#11607,.F.);
#12201=ADVANCED_FACE('',(#11110),#301,.F.);
#12202=ADVANCED_FACE('',(#11111),#11608,.T.);
#12203=ADVANCED_FACE('',(#11112),#302,.F.);
#12204=ADVANCED_FACE('',(#11113),#11609,.F.);
#12205=ADVANCED_FACE('',(#11114),#303,.F.);
#12206=ADVANCED_FACE('',(#11115),#11610,.T.);
#12207=ADVANCED_FACE('',(#11116),#304,.F.);
#12208=ADVANCED_FACE('',(#11117),#11611,.F.);
#12209=ADVANCED_FACE('',(#11118),#305,.F.);
#12210=ADVANCED_FACE('',(#11119),#11612,.T.);
#12211=ADVANCED_FACE('',(#11120),#306,.F.);
#12212=ADVANCED_FACE('',(#11121),#11613,.F.);
#12213=ADVANCED_FACE('',(#11122),#307,.F.);
#12214=ADVANCED_FACE('',(#11123),#11614,.T.);
#12215=ADVANCED_FACE('',(#11124),#308,.F.);
#12216=ADVANCED_FACE('',(#11125),#11615,.F.);
#12217=ADVANCED_FACE('',(#11126),#309,.F.);
#12218=ADVANCED_FACE('',(#11127),#11616,.T.);
#12219=ADVANCED_FACE('',(#11128),#310,.F.);
#12220=ADVANCED_FACE('',(#11129),#11617,.F.);
#12221=ADVANCED_FACE('',(#11130),#311,.F.);
#12222=ADVANCED_FACE('',(#11131),#11618,.T.);
#12223=ADVANCED_FACE('',(#11132),#312,.F.);
#12224=ADVANCED_FACE('',(#11133),#11619,.F.);
#12225=ADVANCED_FACE('',(#11134),#313,.F.);
#12226=ADVANCED_FACE('',(#11135),#11620,.T.);
#12227=ADVANCED_FACE('',(#11136),#314,.F.);
#12228=ADVANCED_FACE('',(#11137),#11621,.F.);
#12229=ADVANCED_FACE('',(#11138),#315,.F.);
#12230=ADVANCED_FACE('',(#11139),#11622,.T.);
#12231=ADVANCED_FACE('',(#11140),#316,.F.);
#12232=ADVANCED_FACE('',(#11141),#11623,.F.);
#12233=ADVANCED_FACE('',(#11142),#317,.F.);
#12234=ADVANCED_FACE('',(#11143),#11624,.T.);
#12235=ADVANCED_FACE('',(#11144),#318,.F.);
#12236=ADVANCED_FACE('',(#11145),#11625,.F.);
#12237=ADVANCED_FACE('',(#11146),#319,.F.);
#12238=ADVANCED_FACE('',(#11147),#11626,.T.);
#12239=ADVANCED_FACE('',(#11148),#320,.F.);
#12240=ADVANCED_FACE('',(#11149),#11627,.F.);
#12241=ADVANCED_FACE('',(#11150),#321,.F.);
#12242=ADVANCED_FACE('',(#11151),#11628,.T.);
#12243=ADVANCED_FACE('',(#11152),#322,.F.);
#12244=ADVANCED_FACE('',(#11153),#11629,.F.);
#12245=ADVANCED_FACE('',(#11154),#323,.F.);
#12246=ADVANCED_FACE('',(#11155),#11630,.T.);
#12247=ADVANCED_FACE('',(#11156),#324,.F.);
#12248=ADVANCED_FACE('',(#11157),#11631,.F.);
#12249=ADVANCED_FACE('',(#11158),#325,.F.);
#12250=ADVANCED_FACE('',(#11159),#11632,.T.);
#12251=ADVANCED_FACE('',(#11160),#326,.F.);
#12252=ADVANCED_FACE('',(#11161),#11633,.F.);
#12253=ADVANCED_FACE('',(#11162),#327,.F.);
#12254=ADVANCED_FACE('',(#11163),#11634,.T.);
#12255=ADVANCED_FACE('',(#11164),#328,.F.);
#12256=ADVANCED_FACE('',(#11165),#11635,.F.);
#12257=ADVANCED_FACE('',(#11166),#329,.F.);
#12258=ADVANCED_FACE('',(#11167),#11636,.T.);
#12259=ADVANCED_FACE('',(#11168),#330,.F.);
#12260=ADVANCED_FACE('',(#11169),#11637,.F.);
#12261=ADVANCED_FACE('',(#11170),#331,.F.);
#12262=ADVANCED_FACE('',(#11171),#11638,.T.);
#12263=ADVANCED_FACE('',(#11172),#332,.F.);
#12264=ADVANCED_FACE('',(#11173),#11639,.F.);
#12265=ADVANCED_FACE('',(#11174),#333,.F.);
#12266=ADVANCED_FACE('',(#11175),#11640,.T.);
#12267=ADVANCED_FACE('',(#11176),#334,.F.);
#12268=ADVANCED_FACE('',(#11177),#11641,.F.);
#12269=ADVANCED_FACE('',(#11178),#335,.F.);
#12270=ADVANCED_FACE('',(#11179),#336,.F.);
#12271=ADVANCED_FACE('',(#11180),#11642,.F.);
#12272=ADVANCED_FACE('',(#11181),#337,.F.);
#12273=ADVANCED_FACE('',(#11182),#11643,.T.);
#12274=ADVANCED_FACE('',(#11183,#11184),#338,.T.);
#12275=ADVANCED_FACE('',(#11185,#11186),#11644,.T.);
#12276=ADVANCED_FACE('',(#11187,#11188),#11645,.F.);
#12277=ADVANCED_FACE('',(#11189,#11190),#339,.F.);
#12278=ADVANCED_FACE('',(#11191,#11192),#340,.T.);
#12279=ADVANCED_FACE('',(#11193,#11194),#11646,.T.);
#12280=ADVANCED_FACE('',(#11195,#11196),#11647,.F.);
#12281=ADVANCED_FACE('',(#11197,#11198),#341,.F.);
#12282=ADVANCED_FACE('',(#11199),#11648,.F.);
#12283=ADVANCED_FACE('',(#11200),#342,.T.);
#12284=ADVANCED_FACE('',(#11201),#11649,.T.);
#12285=ADVANCED_FACE('',(#11202),#11650,.T.);
#12286=ADVANCED_FACE('',(#11203),#11651,.F.);
#12287=ADVANCED_FACE('',(#11204),#11652,.F.);
#12288=ADVANCED_FACE('',(#11205),#11653,.F.);
#12289=ADVANCED_FACE('',(#11206,#11207),#343,.F.);
#12290=ADVANCED_FACE('',(#11208,#11209),#344,.F.);
#12291=ADVANCED_FACE('',(#11210,#11211),#345,.F.);
#12292=ADVANCED_FACE('',(#11212,#11213),#346,.F.);
#12293=ADVANCED_FACE('',(#11214),#11654,.F.);
#12294=ADVANCED_FACE('',(#11215,#11216),#11655,.T.);
#12295=ADVANCED_FACE('',(#11217),#11656,.F.);
#12296=ADVANCED_FACE('',(#11218),#11657,.T.);
#12297=ADVANCED_FACE('',(#11219),#11658,.T.);
#12298=ADVANCED_FACE('',(#11220),#11659,.F.);
#12299=ADVANCED_FACE('',(#11221,#11222,#11223,#11224,#11225,#11226),#11660,
 .F.);
#12300=ADVANCED_FACE('',(#11227),#11661,.T.);
#12301=ADVANCED_FACE('',(#11228),#11662,.T.);
#12302=ADVANCED_FACE('',(#11229),#11663,.F.);
#12303=ADVANCED_FACE('',(#11230),#11664,.F.);
#12304=ADVANCED_FACE('',(#11231,#11232,#11233,#11234,#11235,#11236),#11665,
 .T.);
#12305=ADVANCED_FACE('',(#11237),#11666,.F.);
#12306=ADVANCED_FACE('',(#11238),#11667,.F.);
#12307=ADVANCED_FACE('',(#11239),#11668,.T.);
#12308=ADVANCED_FACE('',(#11240),#11669,.T.);
#12309=ADVANCED_FACE('',(#11241,#11242,#11243,#11244),#11670,.F.);
#12310=ADVANCED_FACE('',(#11245,#11246),#11671,.F.);
#12311=ADVANCED_FACE('',(#11247),#11672,.F.);
#12312=ADVANCED_FACE('',(#11248),#11673,.F.);
#12313=ADVANCED_FACE('',(#11249),#11674,.T.);
#12314=ADVANCED_FACE('',(#11250,#11251),#347,.F.);
#12315=ADVANCED_FACE('',(#11252,#11253,#11254),#11675,.T.);
#12316=ADVANCED_FACE('',(#11255),#11676,.F.);
#12317=ADVANCED_FACE('',(#11256),#11677,.F.);
#12318=ADVANCED_FACE('',(#11257,#11258,#11259),#11678,.T.);
#12319=ADVANCED_FACE('',(#11260),#11679,.F.);
#12320=ADVANCED_FACE('',(#11261),#11680,.T.);
#12321=ADVANCED_FACE('',(#11262,#11263),#11681,.T.);
#12322=ADVANCED_FACE('',(#11264,#11265,#11266),#11682,.F.);
#12323=ADVANCED_FACE('',(#11267),#11683,.T.);
#12324=ADVANCED_FACE('',(#11268),#11684,.T.);
#12325=ADVANCED_FACE('',(#11269),#11685,.F.);
#12326=ADVANCED_FACE('',(#11270,#11271),#11686,.F.);
#12327=ADVANCED_FACE('',(#11272),#11687,.F.);
#12328=ADVANCED_FACE('',(#11273),#11688,.T.);
#12329=ADVANCED_FACE('',(#11274),#11689,.T.);
#12330=ADVANCED_FACE('',(#11275),#11690,.T.);
#12331=ADVANCED_FACE('',(#11276),#11691,.T.);
#12332=ADVANCED_FACE('',(#11277),#11692,.T.);
#12333=ADVANCED_FACE('',(#11278),#11693,.F.);
#12334=ADVANCED_FACE('',(#11279),#11694,.F.);
#12335=ADVANCED_FACE('',(#11280),#11695,.T.);
#12336=ADVANCED_FACE('',(#11281),#11696,.F.);
#12337=ADVANCED_FACE('',(#11282),#11697,.T.);
#12338=ADVANCED_FACE('',(#11283),#11698,.T.);
#12339=ADVANCED_FACE('',(#11284),#11699,.F.);
#12340=ADVANCED_FACE('',(#11285),#11700,.T.);
#12341=ADVANCED_FACE('',(#11286),#11701,.F.);
#12342=ADVANCED_FACE('',(#11287),#11702,.F.);
#12343=ADVANCED_FACE('',(#11288),#11703,.T.);
#12344=ADVANCED_FACE('',(#11289,#11290),#11704,.T.);
#12345=ADVANCED_FACE('',(#11291),#11705,.F.);
#12346=ADVANCED_FACE('',(#11292),#11706,.T.);
#12347=ADVANCED_FACE('',(#11293),#11707,.T.);
#12348=ADVANCED_FACE('',(#11294),#11708,.T.);
#12349=ADVANCED_FACE('',(#11295,#11296),#348,.F.);
#12350=ADVANCED_FACE('',(#11297),#11709,.F.);
#12351=ADVANCED_FACE('',(#11298),#11710,.F.);
#12352=ADVANCED_FACE('',(#11299),#11711,.T.);
#12353=ADVANCED_FACE('',(#11300),#11712,.T.);
#12354=ADVANCED_FACE('',(#11301),#11713,.T.);
#12355=ADVANCED_FACE('',(#11302,#11303),#11714,.F.);
#12356=ADVANCED_FACE('',(#11304),#11715,.F.);
#12357=ADVANCED_FACE('',(#11305,#11306),#11716,.T.);
#12358=ADVANCED_FACE('',(#11307,#11308),#11717,.T.);
#12359=ADVANCED_FACE('',(#11309),#11718,.T.);
#12360=ADVANCED_FACE('',(#11310,#11311),#349,.F.);
#12361=ADVANCED_FACE('',(#11312),#11719,.F.);
#12362=ADVANCED_FACE('',(#11313),#11720,.T.);
#12363=ADVANCED_FACE('',(#11314),#11721,.F.);
#12364=ADVANCED_FACE('',(#11315),#11722,.F.);
#12365=ADVANCED_FACE('',(#11316),#11723,.T.);
#12366=ADVANCED_FACE('',(#11317),#11724,.F.);
#12367=ADVANCED_FACE('',(#11318),#11725,.T.);
#12368=ADVANCED_FACE('',(#11319),#11726,.T.);
#12369=ADVANCED_FACE('',(#11320),#11727,.F.);
#12370=ADVANCED_FACE('',(#11321),#11728,.F.);
#12371=ADVANCED_FACE('',(#11322),#11729,.T.);
#12372=ADVANCED_FACE('',(#11323),#11730,.F.);
#12373=ADVANCED_FACE('',(#11324),#11731,.F.);
#12374=ADVANCED_FACE('',(#11325),#11732,.T.);
#12375=ADVANCED_FACE('',(#11326,#11327),#350,.F.);
#12376=ADVANCED_FACE('',(#11328,#11329),#351,.T.);
#12377=ADVANCED_FACE('',(#11330,#11331),#11733,.T.);
#12378=ADVANCED_FACE('',(#11332,#11333),#11734,.F.);
#12379=ADVANCED_FACE('',(#11334,#11335),#84,.T.);
#12380=ADVANCED_FACE('',(#11336,#11337),#352,.F.);
#12381=ADVANCED_FACE('',(#11338,#11339),#353,.F.);
#12382=ADVANCED_FACE('',(#11340,#11341),#354,.T.);
#12383=ADVANCED_FACE('',(#11342,#11343),#11735,.F.);
#12384=ADVANCED_FACE('',(#11344,#11345),#11736,.T.);
#12385=ADVANCED_FACE('',(#11346,#11347),#11737,.T.);
#12386=ADVANCED_FACE('',(#11348,#11349),#355,.F.);
#12387=ADVANCED_FACE('',(#11350),#11738,.F.);
#12388=ADVANCED_FACE('',(#11351),#11739,.F.);
#12389=ADVANCED_FACE('',(#11352,#11353),#11740,.F.);
#12390=ADVANCED_FACE('',(#11354),#11741,.T.);
#12391=ADVANCED_FACE('',(#11355,#11356),#11742,.T.);
#12392=ADVANCED_FACE('',(#11357),#356,.F.);
#12393=ADVANCED_FACE('',(#11358),#357,.F.);
#12394=ADVANCED_FACE('',(#11359),#358,.F.);
#12395=ADVANCED_FACE('',(#11360),#359,.F.);
#12396=ADVANCED_FACE('',(#11361),#11743,.F.);
#12397=ADVANCED_FACE('',(#11362),#11744,.T.);
#12398=ADVANCED_FACE('',(#11363,#11364,#11365,#11366,#11367,#11368),#11745,
 .T.);
#12399=ADVANCED_FACE('',(#11369,#11370,#11371),#11746,.F.);
#12400=ADVANCED_FACE('',(#11372,#11373),#11747,.T.);
#12401=ADVANCED_FACE('',(#11374),#360,.T.);
#12402=ADVANCED_FACE('',(#11375),#361,.T.);
#12403=ADVANCED_FACE('',(#11376),#362,.T.);
#12404=ADVANCED_FACE('',(#11377),#11748,.T.);
#12405=ADVANCED_FACE('',(#11378),#363,.T.);
#12406=ADVANCED_FACE('',(#11379),#11749,.F.);
#12407=ADVANCED_FACE('',(#11380),#11750,.T.);
#12408=ADVANCED_FACE('',(#11381),#364,.F.);
#12409=ADVANCED_FACE('',(#11382),#11751,.T.);
#12410=ADVANCED_FACE('',(#11383),#365,.F.);
#12411=ADVANCED_FACE('',(#11384),#11752,.F.);
#12412=ADVANCED_FACE('',(#11385),#366,.F.);
#12413=ADVANCED_FACE('',(#11386),#11753,.F.);
#12414=ADVANCED_FACE('',(#11387),#367,.F.);
#12415=ADVANCED_FACE('',(#11388),#11754,.T.);
#12416=ADVANCED_FACE('',(#11389),#11755,.T.);
#12417=ADVANCED_FACE('',(#11390),#11756,.F.);
#12418=ADVANCED_FACE('',(#11391),#11757,.F.);
#12419=ADVANCED_FACE('',(#11392),#11758,.T.);
#12420=ADVANCED_FACE('',(#11393),#11759,.F.);
#12421=ADVANCED_FACE('',(#11394),#11760,.F.);
#12422=ADVANCED_FACE('',(#11395),#11761,.F.);
#12423=ADVANCED_FACE('',(#11396),#11762,.T.);
#12424=ADVANCED_FACE('',(#11397),#11763,.T.);
#12425=ADVANCED_FACE('',(#11398),#11764,.F.);
#12426=ADVANCED_FACE('',(#11399),#11765,.T.);
#12427=ADVANCED_FACE('',(#11400),#11766,.T.);
#12428=ADVANCED_FACE('',(#11401),#11767,.F.);
#12429=ADVANCED_FACE('',(#11402,#11403),#368,.F.);
#12430=ADVANCED_FACE('',(#11404),#11768,.T.);
#12431=ADVANCED_FACE('',(#11405,#11406),#369,.F.);
#12432=ADVANCED_FACE('',(#11407),#11769,.T.);
#12433=ADVANCED_FACE('',(#11408,#11409),#370,.F.);
#12434=ADVANCED_FACE('',(#11410),#11770,.T.);
#12435=ADVANCED_FACE('',(#11411,#11412),#371,.F.);
#12436=ADVANCED_FACE('',(#11413),#11771,.T.);
#12437=ADVANCED_FACE('',(#11414),#11772,.F.);
#12438=ADVANCED_FACE('',(#11415),#372,.T.);
#12439=ADVANCED_FACE('',(#11416),#373,.T.);
#12440=ADVANCED_FACE('',(#11417),#11773,.F.);
#12441=ADVANCED_FACE('',(#11418),#11774,.T.);
#12442=ADVANCED_FACE('',(#11419),#11775,.F.);
#12443=ADVANCED_FACE('',(#11420),#11776,.F.);
#12444=ADVANCED_FACE('',(#11421),#11777,.F.);
#12445=ADVANCED_FACE('',(#11422),#11778,.F.);
#12446=ADVANCED_FACE('',(#11423),#11779,.F.);
#12447=ADVANCED_FACE('',(#11424),#11780,.T.);
#12448=ADVANCED_FACE('',(#11425),#11781,.T.);
#12449=ADVANCED_FACE('',(#11426),#11782,.F.);
#12450=ADVANCED_FACE('',(#11427,#11428),#11783,.T.);
#12451=ADVANCED_FACE('',(#11429,#11430),#11784,.F.);
#12452=ADVANCED_FACE('',(#11431),#11785,.T.);
#12453=ADVANCED_FACE('',(#11432),#11786,.T.);
#12454=ADVANCED_FACE('',(#11433),#11787,.T.);
#12455=ADVANCED_FACE('',(#11434),#11788,.T.);
#12456=CLOSED_SHELL('',(#11789,#11790,#11791,#11792,#11793,#11794,#11795,
#11796,#11797,#11798,#11799,#11800,#11801,#11802,#11803,#11804,#11805,#11806,
#11807,#11808,#11809,#11810,#11811,#11812,#11813,#11814,#11815,#11816,#11817,
#11818,#11819,#11820,#11821,#11822,#11823,#11824,#11825,#11826,#11827,#11828,
#11829,#11830,#11831,#11832,#11833,#11834,#11835,#11836));
#12457=CLOSED_SHELL('',(#11837,#11838,#11839,#11840,#11841));
#12458=CLOSED_SHELL('',(#11842,#11843,#11844,#11845,#11846,#11847,#11848,
#11849,#11850,#11851,#11852,#11853,#11854,#11855,#11856,#11857,#11858,#11859,
#11860,#11861,#11862,#11863,#11864,#11865,#11866,#11867,#11868,#11869,#11870,
#11871,#11872,#11873,#11874,#11875,#11876,#11877,#11878,#11879,#11880,#11881,
#11882,#11883,#11884,#11885,#11886,#11887,#11888,#11889,#11890,#11891,#11892,
#11893,#11894,#11895,#11896,#11897,#11898,#11899,#11900,#11901,#11902,#11903,
#11904,#11905,#11906,#11907,#11908,#11909,#11910,#11911,#11912,#11913,#11914,
#11915,#11916,#11917,#11918,#11919,#11920,#11921,#11922,#11923,#11924,#11925,
#11926,#11927,#11928,#11929,#11930,#11931));
#12459=CLOSED_SHELL('',(#11932,#11933,#11934,#11935,#11936,#11937,#11938,
#11939,#11940,#11941,#11942,#11943,#11944,#11945));
#12460=CLOSED_SHELL('',(#11946,#11947,#11948,#11949,#11950,#11951,#11952,
#11953,#11954,#11955,#11956,#11957,#11958,#11959,#11960,#11961,#11962,#11963,
#11964,#11965,#11966,#11967,#11968,#11969,#11970,#11971,#11972,#11973,#11974,
#11975,#11976,#11977,#11978,#11979,#11980,#11981,#11982,#11983,#11984,#11985,
#11986,#11987,#11988,#11989,#11990,#11991,#11992,#11993,#11994,#11995,#11996,
#11997));
#12461=CLOSED_SHELL('',(#11998,#11999,#12000,#12001,#12002,#12003,#12004,
#12005,#12006,#12007,#12008,#12009,#12010,#12011,#12012,#12013,#12014,#12015,
#12016,#12017,#12018,#12019,#12020,#12021,#12022,#12023,#12024,#12025,#12026,
#12027,#12028,#12029,#12030,#12031,#12032,#12033,#12034,#12035,#12036,#12037,
#12038,#12039,#12040,#12041,#12042,#12043,#12044,#12045,#12046,#12047,#12048,
#12049,#12050,#12051,#12052,#12053,#12054,#12055,#12056,#12057,#12058,#12059,
#12060,#12061,#12062,#12063,#12064,#12065,#12066,#12067,#12068,#12069,#12070,
#12071,#12072,#12073,#12074,#12075,#12076,#12077,#12078,#12079,#12080,#12081,
#12082,#12083,#12084,#12085,#12086,#12087,#12088,#12089,#12090,#12091,#12092,
#12093,#12094,#12095,#12096,#12097,#12098,#12099,#12100,#12101,#12102,#12103,
#12104,#12105,#12106,#12107,#12108,#12109,#12110,#12111,#12112,#12113,#12114,
#12115,#12116,#12117,#12118,#12119));
#12462=CLOSED_SHELL('',(#12120,#12121,#12122,#12123,#12124,#12125,#12126,
#12127,#12128,#12129,#12130,#12131,#12132,#12133,#12134,#12135,#12136,#12137,
#12138,#12139,#12140,#12141,#12142,#12143,#12144,#12145,#12146,#12147,#12148,
#12149,#12150,#12151,#12152,#12153));
#12463=CLOSED_SHELL('',(#12154,#12155,#12156,#12157,#12158,#12159,#12160,
#12161,#12162,#12163,#12164,#12165,#12166,#12167));
#12464=CLOSED_SHELL('',(#12168,#12169,#12170,#12171,#12172,#12173,#12174,
#12175,#12176,#12177,#12178,#12179,#12180,#12181,#12182,#12183));
#12465=CLOSED_SHELL('',(#12184,#12185,#12186,#12187,#12188,#12189,#12190,
#12191,#12192,#12193,#12194,#12195,#12196,#12197,#12198,#12199,#12200,#12201,
#12202,#12203,#12204,#12205,#12206,#12207,#12208,#12209,#12210,#12211,#12212,
#12213,#12214,#12215,#12216,#12217,#12218,#12219,#12220,#12221,#12222,#12223,
#12224,#12225,#12226,#12227,#12228,#12229,#12230,#12231,#12232,#12233,#12234,
#12235,#12236,#12237,#12238,#12239,#12240,#12241,#12242,#12243,#12244,#12245,
#12246,#12247,#12248,#12249,#12250,#12251,#12252,#12253,#12254,#12255,#12256,
#12257,#12258,#12259,#12260,#12261,#12262,#12263,#12264,#12265,#12266,#12267,
#12268,#12269,#12270,#12271,#12272,#12273));
#12466=CLOSED_SHELL('',(#12274,#12275,#12276,#12277));
#12467=CLOSED_SHELL('',(#12278,#12279,#12280,#12281,#12282,#12283,#12284,
#12285));
#12468=CLOSED_SHELL('',(#12286,#12287,#12288,#12289,#12290,#12291,#12292,
#12293,#12294,#12295,#12296,#12297,#12298,#12299,#12300,#12301,#12302,#12303,
#12304,#12305,#12306,#12307,#12308));
#12469=CLOSED_SHELL('',(#12309,#12310,#12311,#12312,#12313,#12314,#12315,
#12316,#12317,#12318,#12319,#12320,#12321,#12322,#12323,#12324,#12325,#12326,
#12327,#12328,#12329,#12330,#12331,#12332,#12333,#12334,#12335,#12336,#12337,
#12338,#12339,#12340,#12341,#12342,#12343,#12344,#12345,#12346,#12347,#12348,
#12349,#12350,#12351,#12352,#12353,#12354,#12355,#12356,#12357,#12358,#12359,
#12360,#12361,#12362,#12363,#12364,#12365,#12366,#12367,#12368,#12369,#12370,
#12371,#12372,#12373,#12374,#12375));
#12470=CLOSED_SHELL('',(#12376,#12377,#12378,#12379,#12380));
#12471=CLOSED_SHELL('',(#12381,#12382,#12383,#12384,#12385,#12386));
#12472=CLOSED_SHELL('',(#12387,#12388,#12389,#12390,#12391,#12392,#12393,
#12394,#12395,#12396,#12397,#12398,#12399,#12400,#12401,#12402,#12403,#12404,
#12405,#12406,#12407,#12408,#12409,#12410,#12411,#12412,#12413,#12414,#12415,
#12416,#12417,#12418,#12419,#12420,#12421,#12422,#12423,#12424,#12425,#12426,
#12427,#12428,#12429,#12430,#12431,#12432,#12433,#12434,#12435,#12436,#12437,
#12438,#12439,#12440,#12441));
#12473=CLOSED_SHELL('',(#12442,#12443,#12444,#12445,#12446,#12447,#12448,
#12449,#12450,#12451,#12452,#12453,#12454,#12455));
#12474=STYLED_ITEM('',(#12492),#12607);
#12475=STYLED_ITEM('',(#12493),#12608);
#12476=STYLED_ITEM('',(#12494),#12609);
#12477=STYLED_ITEM('',(#12495),#12610);
#12478=STYLED_ITEM('',(#12496),#12611);
#12479=STYLED_ITEM('',(#12497),#12612);
#12480=STYLED_ITEM('',(#12498),#12613);
#12481=STYLED_ITEM('',(#12499),#12614);
#12482=STYLED_ITEM('',(#12500),#12615);
#12483=STYLED_ITEM('',(#12501),#12616);
#12484=STYLED_ITEM('',(#12502),#12617);
#12485=STYLED_ITEM('',(#12503),#12618);
#12486=STYLED_ITEM('',(#12504),#12619);
#12487=STYLED_ITEM('',(#12505),#12620);
#12488=STYLED_ITEM('',(#12506),#12621);
#12489=STYLED_ITEM('',(#12507),#12622);
#12490=STYLED_ITEM('',(#12508),#12623);
#12491=STYLED_ITEM('',(#12509),#12624);
#12492=PRESENTATION_STYLE_ASSIGNMENT((#12510));
#12493=PRESENTATION_STYLE_ASSIGNMENT((#12511));
#12494=PRESENTATION_STYLE_ASSIGNMENT((#12512));
#12495=PRESENTATION_STYLE_ASSIGNMENT((#12513));
#12496=PRESENTATION_STYLE_ASSIGNMENT((#12514));
#12497=PRESENTATION_STYLE_ASSIGNMENT((#12515));
#12498=PRESENTATION_STYLE_ASSIGNMENT((#12516));
#12499=PRESENTATION_STYLE_ASSIGNMENT((#12517));
#12500=PRESENTATION_STYLE_ASSIGNMENT((#12518));
#12501=PRESENTATION_STYLE_ASSIGNMENT((#12519));
#12502=PRESENTATION_STYLE_ASSIGNMENT((#12520));
#12503=PRESENTATION_STYLE_ASSIGNMENT((#12521));
#12504=PRESENTATION_STYLE_ASSIGNMENT((#12522));
#12505=PRESENTATION_STYLE_ASSIGNMENT((#12523));
#12506=PRESENTATION_STYLE_ASSIGNMENT((#12524));
#12507=PRESENTATION_STYLE_ASSIGNMENT((#12525));
#12508=PRESENTATION_STYLE_ASSIGNMENT((#12526));
#12509=PRESENTATION_STYLE_ASSIGNMENT((#12527));
#12510=SURFACE_STYLE_USAGE(.BOTH.,#12528);
#12511=SURFACE_STYLE_USAGE(.BOTH.,#12529);
#12512=SURFACE_STYLE_USAGE(.BOTH.,#12530);
#12513=SURFACE_STYLE_USAGE(.BOTH.,#12531);
#12514=SURFACE_STYLE_USAGE(.BOTH.,#12532);
#12515=SURFACE_STYLE_USAGE(.BOTH.,#12533);
#12516=SURFACE_STYLE_USAGE(.BOTH.,#12534);
#12517=SURFACE_STYLE_USAGE(.BOTH.,#12535);
#12518=SURFACE_STYLE_USAGE(.BOTH.,#12536);
#12519=SURFACE_STYLE_USAGE(.BOTH.,#12537);
#12520=SURFACE_STYLE_USAGE(.BOTH.,#12538);
#12521=SURFACE_STYLE_USAGE(.BOTH.,#12539);
#12522=SURFACE_STYLE_USAGE(.BOTH.,#12540);
#12523=SURFACE_STYLE_USAGE(.BOTH.,#12541);
#12524=SURFACE_STYLE_USAGE(.BOTH.,#12542);
#12525=SURFACE_STYLE_USAGE(.BOTH.,#12543);
#12526=SURFACE_STYLE_USAGE(.BOTH.,#12544);
#12527=SURFACE_STYLE_USAGE(.BOTH.,#12545);
#12528=SURFACE_SIDE_STYLE('',(#12546));
#12529=SURFACE_SIDE_STYLE('',(#12547));
#12530=SURFACE_SIDE_STYLE('',(#12548));
#12531=SURFACE_SIDE_STYLE('',(#12549));
#12532=SURFACE_SIDE_STYLE('',(#12550));
#12533=SURFACE_SIDE_STYLE('',(#12551));
#12534=SURFACE_SIDE_STYLE('',(#12552));
#12535=SURFACE_SIDE_STYLE('',(#12553));
#12536=SURFACE_SIDE_STYLE('',(#12554));
#12537=SURFACE_SIDE_STYLE('',(#12555));
#12538=SURFACE_SIDE_STYLE('',(#12556));
#12539=SURFACE_SIDE_STYLE('',(#12557));
#12540=SURFACE_SIDE_STYLE('',(#12558));
#12541=SURFACE_SIDE_STYLE('',(#12559));
#12542=SURFACE_SIDE_STYLE('',(#12560));
#12543=SURFACE_SIDE_STYLE('',(#12561));
#12544=SURFACE_SIDE_STYLE('',(#12562));
#12545=SURFACE_SIDE_STYLE('',(#12563));
#12546=SURFACE_STYLE_FILL_AREA(#12564);
#12547=SURFACE_STYLE_FILL_AREA(#12565);
#12548=SURFACE_STYLE_FILL_AREA(#12566);
#12549=SURFACE_STYLE_FILL_AREA(#12567);
#12550=SURFACE_STYLE_FILL_AREA(#12568);
#12551=SURFACE_STYLE_FILL_AREA(#12569);
#12552=SURFACE_STYLE_FILL_AREA(#12570);
#12553=SURFACE_STYLE_FILL_AREA(#12571);
#12554=SURFACE_STYLE_FILL_AREA(#12572);
#12555=SURFACE_STYLE_FILL_AREA(#12573);
#12556=SURFACE_STYLE_FILL_AREA(#12574);
#12557=SURFACE_STYLE_FILL_AREA(#12575);
#12558=SURFACE_STYLE_FILL_AREA(#12576);
#12559=SURFACE_STYLE_FILL_AREA(#12577);
#12560=SURFACE_STYLE_FILL_AREA(#12578);
#12561=SURFACE_STYLE_FILL_AREA(#12579);
#12562=SURFACE_STYLE_FILL_AREA(#12580);
#12563=SURFACE_STYLE_FILL_AREA(#12581);
#12564=FILL_AREA_STYLE('',(#12582));
#12565=FILL_AREA_STYLE('',(#12583));
#12566=FILL_AREA_STYLE('',(#12584));
#12567=FILL_AREA_STYLE('',(#12585));
#12568=FILL_AREA_STYLE('',(#12586));
#12569=FILL_AREA_STYLE('',(#12587));
#12570=FILL_AREA_STYLE('',(#12588));
#12571=FILL_AREA_STYLE('',(#12589));
#12572=FILL_AREA_STYLE('',(#12590));
#12573=FILL_AREA_STYLE('',(#12591));
#12574=FILL_AREA_STYLE('',(#12592));
#12575=FILL_AREA_STYLE('',(#12593));
#12576=FILL_AREA_STYLE('',(#12594));
#12577=FILL_AREA_STYLE('',(#12595));
#12578=FILL_AREA_STYLE('',(#12596));
#12579=FILL_AREA_STYLE('',(#12597));
#12580=FILL_AREA_STYLE('',(#12598));
#12581=FILL_AREA_STYLE('',(#12599));
#12582=FILL_AREA_STYLE_COLOUR('',#12600);
#12583=FILL_AREA_STYLE_COLOUR('',#12601);
#12584=FILL_AREA_STYLE_COLOUR('',#12602);
#12585=FILL_AREA_STYLE_COLOUR('',#12601);
#12586=FILL_AREA_STYLE_COLOUR('',#12603);
#12587=FILL_AREA_STYLE_COLOUR('',#12603);
#12588=FILL_AREA_STYLE_COLOUR('',#10);
#12589=FILL_AREA_STYLE_COLOUR('',#12602);
#12590=FILL_AREA_STYLE_COLOUR('',#10);
#12591=FILL_AREA_STYLE_COLOUR('',#12602);
#12592=FILL_AREA_STYLE_COLOUR('',#12601);
#12593=FILL_AREA_STYLE_COLOUR('',#12601);
#12594=FILL_AREA_STYLE_COLOUR('',#12604);
#12595=FILL_AREA_STYLE_COLOUR('',#12605);
#12596=FILL_AREA_STYLE_COLOUR('',#12601);
#12597=FILL_AREA_STYLE_COLOUR('',#12601);
#12598=FILL_AREA_STYLE_COLOUR('',#12606);
#12599=FILL_AREA_STYLE_COLOUR('',#12602);
#12600=COLOUR_RGB('',0.615686274509804,0.811764705882353,0.929411764705882);
#12601=COLOUR_RGB('',0.980392156862745,0.713725490196078,0.00392156862745098);
#12602=COLOUR_RGB('',0.917647058823529,0.917647058823529,0.917647058823529);
#12603=COLOUR_RGB('',0.972549019607843,0.529411764705882,0.00392156862745098);
#12604=COLOUR_RGB('',0.654901960784314,0.823529411764706,0.576470588235294);
#12605=COLOUR_RGB('',0.529411764705882,0.568627450980392,0.6);
#12606=COLOUR_RGB('',0.0862745098039216,0.32156862745098,0.580392156862745);
#12607=MANIFOLD_SOLID_BREP('top shell',#12456);
#12608=MANIFOLD_SOLID_BREP('water cap 2',#12457);
#12609=MANIFOLD_SOLID_BREP('bottom heater cap 1',#12458);
#12610=MANIFOLD_SOLID_BREP('electronic cover',#12459);
#12611=MANIFOLD_SOLID_BREP('servo arm',#12460);
#12612=MANIFOLD_SOLID_BREP('air water barrier',#12461);
#12613=MANIFOLD_SOLID_BREP('Rubber gripper',#12462);
#12614=MANIFOLD_SOLID_BREP('bottom heater cap 2',#12463);
#12615=MANIFOLD_SOLID_BREP('rubber gripper',#12464);
#12616=MANIFOLD_SOLID_BREP('heater cap 1',#12465);
#12617=MANIFOLD_SOLID_BREP('water cap 3',#12466);
#12618=MANIFOLD_SOLID_BREP('water cap 1',#12467);
#12619=MANIFOLD_SOLID_BREP('secondary electronics box',#12468);
#12620=MANIFOLD_SOLID_BREP('main electronic box',#12469);
#12621=MANIFOLD_SOLID_BREP('mister cap 2',#12470);
#12622=MANIFOLD_SOLID_BREP('mister cap',#12471);
#12623=MANIFOLD_SOLID_BREP('bottom shell',#12472);
#12624=MANIFOLD_SOLID_BREP('heater cap 2',#12473);
#12625=SHAPE_DEFINITION_REPRESENTATION(#21148,#12643);
#12626=SHAPE_DEFINITION_REPRESENTATION(#21149,#12644);
#12627=SHAPE_DEFINITION_REPRESENTATION(#21150,#12645);
#12628=SHAPE_DEFINITION_REPRESENTATION(#21151,#12646);
#12629=SHAPE_DEFINITION_REPRESENTATION(#21152,#12647);
#12630=SHAPE_DEFINITION_REPRESENTATION(#21153,#12648);
#12631=SHAPE_DEFINITION_REPRESENTATION(#21154,#12649);
#12632=SHAPE_DEFINITION_REPRESENTATION(#21155,#12650);
#12633=SHAPE_DEFINITION_REPRESENTATION(#21156,#12651);
#12634=SHAPE_DEFINITION_REPRESENTATION(#21157,#12652);
#12635=SHAPE_DEFINITION_REPRESENTATION(#21158,#12653);
#12636=SHAPE_DEFINITION_REPRESENTATION(#21159,#12654);
#12637=SHAPE_DEFINITION_REPRESENTATION(#21160,#12655);
#12638=SHAPE_DEFINITION_REPRESENTATION(#21161,#12656);
#12639=SHAPE_DEFINITION_REPRESENTATION(#21162,#12657);
#12640=SHAPE_DEFINITION_REPRESENTATION(#21163,#12658);
#12641=SHAPE_DEFINITION_REPRESENTATION(#21164,#12659);
#12642=SHAPE_DEFINITION_REPRESENTATION(#21165,#12660);
#12643=SHAPE_REPRESENTATION('top shell',(#12661),#21058);
#12644=SHAPE_REPRESENTATION('water cap 2',(#12748),#21059);
#12645=SHAPE_REPRESENTATION('bottom heater cap 1',(#12759),#21060);
#12646=SHAPE_REPRESENTATION('electronic cover',(#12934),#21061);
#12647=SHAPE_REPRESENTATION('servo arm',(#12949),#21062);
#12648=SHAPE_REPRESENTATION('air water barrier',(#13056),#21063);
#12649=SHAPE_REPRESENTATION('Rubber gripper',(#13381),#21064);
#12650=SHAPE_REPRESENTATION('bottom heater cap 2',(#13456),#21065);
#12651=SHAPE_REPRESENTATION('rubber gripper',(#13471),#21066);
#12652=SHAPE_REPRESENTATION('heater cap 1',(#13496),#21067);
#12653=SHAPE_REPRESENTATION('water cap 3',(#13671),#21068);
#12654=SHAPE_REPRESENTATION('water cap 1',(#13680),#21069);
#12655=SHAPE_REPRESENTATION('secondary electronics box',(#13696),#21070);
#12656=SHAPE_REPRESENTATION('main electronic box',(#13728),#21071);
#12657=SHAPE_REPRESENTATION('mister cap 2',(#13804),#21072);
#12658=SHAPE_REPRESENTATION('mister cap',(#13815),#21073);
#12659=SHAPE_REPRESENTATION('bottom shell',(#13828),#21074);
#12660=SHAPE_REPRESENTATION('heater cap 2',(#13922),#21075);
#12661=AXIS2_PLACEMENT_3D('',#17549,#13937,#13938);
#12662=AXIS2_PLACEMENT_3D('',#17550,#13939,#13940);
#12663=AXIS2_PLACEMENT_3D('',#17554,#13942,#13943);
#12664=AXIS2_PLACEMENT_3D('',#17558,#13945,#13946);
#12665=AXIS2_PLACEMENT_3D('',#17562,#13948,#13949);
#12666=AXIS2_PLACEMENT_3D('',#17566,#13951,#13952);
#12667=AXIS2_PLACEMENT_3D('',#17567,#13953,#13954);
#12668=AXIS2_PLACEMENT_3D('',#17576,#13959,#13960);
#12669=AXIS2_PLACEMENT_3D('',#17586,#13965,#13966);
#12670=AXIS2_PLACEMENT_3D('',#17587,#13967,#13968);
#12671=AXIS2_PLACEMENT_3D('',#17592,#13970,#13971);
#12672=AXIS2_PLACEMENT_3D('',#17596,#13973,#13974);
#12673=AXIS2_PLACEMENT_3D('',#17600,#13976,#13977);
#12674=AXIS2_PLACEMENT_3D('',#17611,#13983,#13984);
#12675=AXIS2_PLACEMENT_3D('',#17612,#13985,#13986);
#12676=AXIS2_PLACEMENT_3D('',#17616,#13988,#13989);
#12677=AXIS2_PLACEMENT_3D('',#17617,#13990,#13991);
#12678=AXIS2_PLACEMENT_3D('',#17621,#13993,#13994);
#12679=AXIS2_PLACEMENT_3D('',#17622,#13995,#13996);
#12680=AXIS2_PLACEMENT_3D('',#17623,#13997,#13998);
#12681=AXIS2_PLACEMENT_3D('',#17629,#14002,#14003);
#12682=AXIS2_PLACEMENT_3D('',#17630,#14004,#14005);
#12683=AXIS2_PLACEMENT_3D('',#17631,#14006,#14007);
#12684=AXIS2_PLACEMENT_3D('',#17632,#14008,#14009);
#12685=AXIS2_PLACEMENT_3D('',#17636,#14011,#14012);
#12686=AXIS2_PLACEMENT_3D('',#17637,#14013,#14014);
#12687=AXIS2_PLACEMENT_3D('',#17638,#14015,#14016);
#12688=AXIS2_PLACEMENT_3D('',#17641,#14019,#14020);
#12689=AXIS2_PLACEMENT_3D('',#17646,#14023,#14024);
#12690=AXIS2_PLACEMENT_3D('',#17647,#14025,#14026);
#12691=AXIS2_PLACEMENT_3D('',#17651,#14029,#14030);
#12692=AXIS2_PLACEMENT_3D('',#17655,#14033,#14034);
#12693=AXIS2_PLACEMENT_3D('',#17658,#14036,#14037);
#12694=AXIS2_PLACEMENT_3D('',#17659,#14038,#14039);
#12695=AXIS2_PLACEMENT_3D('',#17662,#14041,#14042);
#12696=AXIS2_PLACEMENT_3D('',#17663,#14043,#14044);
#12697=AXIS2_PLACEMENT_3D('',#17667,#14047,#14048);
#12698=AXIS2_PLACEMENT_3D('',#17671,#14051,#14052);
#12699=AXIS2_PLACEMENT_3D('',#17672,#14053,#14054);
#12700=AXIS2_PLACEMENT_3D('',#17673,#14055,#14056);
#12701=AXIS2_PLACEMENT_3D('',#17682,#14061,#14062);
#12702=AXIS2_PLACEMENT_3D('',#17689,#14066,#14067);
#12703=AXIS2_PLACEMENT_3D('',#17695,#14071,#14072);
#12704=AXIS2_PLACEMENT_3D('',#17700,#14074,#14075);
#12705=AXIS2_PLACEMENT_3D('',#17704,#14077,#14078);
#12706=AXIS2_PLACEMENT_3D('',#17708,#14080,#14081);
#12707=AXIS2_PLACEMENT_3D('',#17711,#14083,#14084);
#12708=AXIS2_PLACEMENT_3D('',#17714,#14086,#14087);
#12709=AXIS2_PLACEMENT_3D('',#17715,#14088,#14089);
#12710=AXIS2_PLACEMENT_3D('',#17719,#14092,#14093);
#12711=AXIS2_PLACEMENT_3D('',#17720,#14094,#14095);
#12712=AXIS2_PLACEMENT_3D('',#17721,#14096,#14097);
#12713=AXIS2_PLACEMENT_3D('',#17724,#14099,#14100);
#12714=AXIS2_PLACEMENT_3D('',#17725,#14101,#14102);
#12715=AXIS2_PLACEMENT_3D('',#17729,#14105,#14106);
#12716=AXIS2_PLACEMENT_3D('',#17730,#14107,#14108);
#12717=AXIS2_PLACEMENT_3D('',#17731,#14109,#14110);
#12718=AXIS2_PLACEMENT_3D('',#17732,#14111,#14112);
#12719=AXIS2_PLACEMENT_3D('',#17734,#14113,#14114);
#12720=AXIS2_PLACEMENT_3D('',#17736,#14115,#14116);
#12721=AXIS2_PLACEMENT_3D('',#17738,#14117,#14118);
#12722=AXIS2_PLACEMENT_3D('',#17740,#14119,#14120);
#12723=AXIS2_PLACEMENT_3D('',#17743,#14123,#14124);
#12724=AXIS2_PLACEMENT_3D('',#17745,#14126,#14127);
#12725=AXIS2_PLACEMENT_3D('',#17747,#14129,#14130);
#12726=AXIS2_PLACEMENT_3D('',#17749,#14132,#14133);
#12727=AXIS2_PLACEMENT_3D('',#17751,#14135,#14136);
#12728=AXIS2_PLACEMENT_3D('',#17753,#14138,#14139);
#12729=AXIS2_PLACEMENT_3D('',#17755,#14141,#14142);
#12730=AXIS2_PLACEMENT_3D('',#17756,#14143,#14144);
#12731=AXIS2_PLACEMENT_3D('',#17757,#14145,#14146);
#12732=AXIS2_PLACEMENT_3D('',#17760,#14149,#14150);
#12733=AXIS2_PLACEMENT_3D('',#17763,#14153,#14154);
#12734=AXIS2_PLACEMENT_3D('',#17764,#14155,#14156);
#12735=AXIS2_PLACEMENT_3D('',#17765,#14157,#14158);
#12736=AXIS2_PLACEMENT_3D('',#17766,#14159,#14160);
#12737=AXIS2_PLACEMENT_3D('',#17768,#14161,#14162);
#12738=AXIS2_PLACEMENT_3D('',#17769,#14163,#14164);
#12739=AXIS2_PLACEMENT_3D('',#17770,#14165,#14166);
#12740=AXIS2_PLACEMENT_3D('',#17772,#14167,#14168);
#12741=AXIS2_PLACEMENT_3D('',#17773,#14169,#14170);
#12742=AXIS2_PLACEMENT_3D('',#17774,#14171,#14172);
#12743=AXIS2_PLACEMENT_3D('',#17776,#14173,#14174);
#12744=AXIS2_PLACEMENT_3D('',#17777,#14175,#14176);
#12745=AXIS2_PLACEMENT_3D('',#17778,#14177,#14178);
#12746=AXIS2_PLACEMENT_3D('',#17780,#14179,#14180);
#12747=AXIS2_PLACEMENT_3D('',#17781,#14181,#14182);
#12748=AXIS2_PLACEMENT_3D('',#17782,#14183,#14184);
#12749=AXIS2_PLACEMENT_3D('',#17783,#14185,#14186);
#12750=AXIS2_PLACEMENT_3D('',#17784,#14187,#14188);
#12751=AXIS2_PLACEMENT_3D('',#17786,#14189,#14190);
#12752=AXIS2_PLACEMENT_3D('',#17788,#14191,#14192);
#12753=AXIS2_PLACEMENT_3D('',#17789,#14193,#14194);
#12754=AXIS2_PLACEMENT_3D('',#17791,#14195,#14196);
#12755=AXIS2_PLACEMENT_3D('',#17793,#14197,#14198);
#12756=AXIS2_PLACEMENT_3D('',#17794,#14199,#14200);
#12757=AXIS2_PLACEMENT_3D('',#17796,#14201,#14202);
#12758=AXIS2_PLACEMENT_3D('',#17797,#14203,#14204);
#12759=AXIS2_PLACEMENT_3D('',#17798,#14205,#14206);
#12760=AXIS2_PLACEMENT_3D('',#17799,#14207,#14208);
#12761=AXIS2_PLACEMENT_3D('',#17811,#14214,#14215);
#12762=AXIS2_PLACEMENT_3D('',#17815,#14217,#14218);
#12763=AXIS2_PLACEMENT_3D('',#17819,#14220,#14221);
#12764=AXIS2_PLACEMENT_3D('',#17823,#14223,#14224);
#12765=AXIS2_PLACEMENT_3D('',#17827,#14226,#14227);
#12766=AXIS2_PLACEMENT_3D('',#17831,#14229,#14230);
#12767=AXIS2_PLACEMENT_3D('',#17835,#14232,#14233);
#12768=AXIS2_PLACEMENT_3D('',#17839,#14235,#14236);
#12769=AXIS2_PLACEMENT_3D('',#17843,#14238,#14239);
#12770=AXIS2_PLACEMENT_3D('',#17847,#14241,#14242);
#12771=AXIS2_PLACEMENT_3D('',#17851,#14244,#14245);
#12772=AXIS2_PLACEMENT_3D('',#17855,#14247,#14248);
#12773=AXIS2_PLACEMENT_3D('',#17859,#14250,#14251);
#12774=AXIS2_PLACEMENT_3D('',#17863,#14253,#14254);
#12775=AXIS2_PLACEMENT_3D('',#17867,#14256,#14257);
#12776=AXIS2_PLACEMENT_3D('',#17871,#14259,#14260);
#12777=AXIS2_PLACEMENT_3D('',#17875,#14262,#14263);
#12778=AXIS2_PLACEMENT_3D('',#17879,#14265,#14266);
#12779=AXIS2_PLACEMENT_3D('',#17883,#14268,#14269);
#12780=AXIS2_PLACEMENT_3D('',#17887,#14271,#14272);
#12781=AXIS2_PLACEMENT_3D('',#17891,#14274,#14275);
#12782=AXIS2_PLACEMENT_3D('',#17895,#14277,#14278);
#12783=AXIS2_PLACEMENT_3D('',#17899,#14280,#14281);
#12784=AXIS2_PLACEMENT_3D('',#17903,#14283,#14284);
#12785=AXIS2_PLACEMENT_3D('',#17907,#14286,#14287);
#12786=AXIS2_PLACEMENT_3D('',#17911,#14289,#14290);
#12787=AXIS2_PLACEMENT_3D('',#17915,#14292,#14293);
#12788=AXIS2_PLACEMENT_3D('',#17919,#14295,#14296);
#12789=AXIS2_PLACEMENT_3D('',#17923,#14298,#14299);
#12790=AXIS2_PLACEMENT_3D('',#17927,#14301,#14302);
#12791=AXIS2_PLACEMENT_3D('',#17931,#14304,#14305);
#12792=AXIS2_PLACEMENT_3D('',#17935,#14307,#14308);
#12793=AXIS2_PLACEMENT_3D('',#17939,#14310,#14311);
#12794=AXIS2_PLACEMENT_3D('',#17943,#14313,#14314);
#12795=AXIS2_PLACEMENT_3D('',#17947,#14316,#14317);
#12796=AXIS2_PLACEMENT_3D('',#17951,#14319,#14320);
#12797=AXIS2_PLACEMENT_3D('',#17955,#14322,#14323);
#12798=AXIS2_PLACEMENT_3D('',#17959,#14325,#14326);
#12799=AXIS2_PLACEMENT_3D('',#17963,#14328,#14329);
#12800=AXIS2_PLACEMENT_3D('',#17967,#14331,#14332);
#12801=AXIS2_PLACEMENT_3D('',#17971,#14334,#14335);
#12802=AXIS2_PLACEMENT_3D('',#17975,#14337,#14338);
#12803=AXIS2_PLACEMENT_3D('',#17976,#14339,#14340);
#12804=AXIS2_PLACEMENT_3D('',#17977,#14341,#14342);
#12805=AXIS2_PLACEMENT_3D('',#17982,#14344,#14345);
#12806=AXIS2_PLACEMENT_3D('',#17985,#14347,#14348);
#12807=AXIS2_PLACEMENT_3D('',#17990,#14350,#14351);
#12808=AXIS2_PLACEMENT_3D('',#17993,#14353,#14354);
#12809=AXIS2_PLACEMENT_3D('',#17998,#14356,#14357);
#12810=AXIS2_PLACEMENT_3D('',#18001,#14359,#14360);
#12811=AXIS2_PLACEMENT_3D('',#18006,#14362,#14363);
#12812=AXIS2_PLACEMENT_3D('',#18009,#14365,#14366);
#12813=AXIS2_PLACEMENT_3D('',#18014,#14368,#14369);
#12814=AXIS2_PLACEMENT_3D('',#18017,#14371,#14372);
#12815=AXIS2_PLACEMENT_3D('',#18022,#14374,#14375);
#12816=AXIS2_PLACEMENT_3D('',#18025,#14377,#14378);
#12817=AXIS2_PLACEMENT_3D('',#18030,#14380,#14381);
#12818=AXIS2_PLACEMENT_3D('',#18033,#14383,#14384);
#12819=AXIS2_PLACEMENT_3D('',#18038,#14386,#14387);
#12820=AXIS2_PLACEMENT_3D('',#18041,#14389,#14390);
#12821=AXIS2_PLACEMENT_3D('',#18046,#14392,#14393);
#12822=AXIS2_PLACEMENT_3D('',#18049,#14395,#14396);
#12823=AXIS2_PLACEMENT_3D('',#18054,#14398,#14399);
#12824=AXIS2_PLACEMENT_3D('',#18065,#14405,#14406);
#12825=AXIS2_PLACEMENT_3D('',#18070,#14408,#14409);
#12826=AXIS2_PLACEMENT_3D('',#18073,#14411,#14412);
#12827=AXIS2_PLACEMENT_3D('',#18078,#14414,#14415);
#12828=AXIS2_PLACEMENT_3D('',#18081,#14417,#14418);
#12829=AXIS2_PLACEMENT_3D('',#18086,#14420,#14421);
#12830=AXIS2_PLACEMENT_3D('',#18089,#14423,#14424);
#12831=AXIS2_PLACEMENT_3D('',#18094,#14426,#14427);
#12832=AXIS2_PLACEMENT_3D('',#18097,#14429,#14430);
#12833=AXIS2_PLACEMENT_3D('',#18102,#14432,#14433);
#12834=AXIS2_PLACEMENT_3D('',#18105,#14435,#14436);
#12835=AXIS2_PLACEMENT_3D('',#18110,#14438,#14439);
#12836=AXIS2_PLACEMENT_3D('',#18113,#14441,#14442);
#12837=AXIS2_PLACEMENT_3D('',#18118,#14444,#14445);
#12838=AXIS2_PLACEMENT_3D('',#18121,#14447,#14448);
#12839=AXIS2_PLACEMENT_3D('',#18126,#14450,#14451);
#12840=AXIS2_PLACEMENT_3D('',#18129,#14453,#14454);
#12841=AXIS2_PLACEMENT_3D('',#18134,#14456,#14457);
#12842=AXIS2_PLACEMENT_3D('',#18137,#14459,#14460);
#12843=AXIS2_PLACEMENT_3D('',#18142,#14462,#14463);
#12844=AXIS2_PLACEMENT_3D('',#18145,#14465,#14466);
#12845=AXIS2_PLACEMENT_3D('',#18150,#14468,#14469);
#12846=AXIS2_PLACEMENT_3D('',#18153,#14471,#14472);
#12847=AXIS2_PLACEMENT_3D('',#18156,#14475,#14476);
#12848=AXIS2_PLACEMENT_3D('',#18158,#14478,#14479);
#12849=AXIS2_PLACEMENT_3D('',#18160,#14481,#14482);
#12850=AXIS2_PLACEMENT_3D('',#18161,#14483,#14484);
#12851=AXIS2_PLACEMENT_3D('',#18164,#14487,#14488);
#12852=AXIS2_PLACEMENT_3D('',#18166,#14490,#14491);
#12853=AXIS2_PLACEMENT_3D('',#18168,#14493,#14494);
#12854=AXIS2_PLACEMENT_3D('',#18169,#14495,#14496);
#12855=AXIS2_PLACEMENT_3D('',#18172,#14499,#14500);
#12856=AXIS2_PLACEMENT_3D('',#18174,#14502,#14503);
#12857=AXIS2_PLACEMENT_3D('',#18176,#14505,#14506);
#12858=AXIS2_PLACEMENT_3D('',#18177,#14507,#14508);
#12859=AXIS2_PLACEMENT_3D('',#18180,#14511,#14512);
#12860=AXIS2_PLACEMENT_3D('',#18182,#14514,#14515);
#12861=AXIS2_PLACEMENT_3D('',#18184,#14517,#14518);
#12862=AXIS2_PLACEMENT_3D('',#18185,#14519,#14520);
#12863=AXIS2_PLACEMENT_3D('',#18188,#14523,#14524);
#12864=AXIS2_PLACEMENT_3D('',#18190,#14526,#14527);
#12865=AXIS2_PLACEMENT_3D('',#18192,#14529,#14530);
#12866=AXIS2_PLACEMENT_3D('',#18193,#14531,#14532);
#12867=AXIS2_PLACEMENT_3D('',#18196,#14535,#14536);
#12868=AXIS2_PLACEMENT_3D('',#18198,#14538,#14539);
#12869=AXIS2_PLACEMENT_3D('',#18200,#14541,#14542);
#12870=AXIS2_PLACEMENT_3D('',#18201,#14543,#14544);
#12871=AXIS2_PLACEMENT_3D('',#18204,#14547,#14548);
#12872=AXIS2_PLACEMENT_3D('',#18206,#14550,#14551);
#12873=AXIS2_PLACEMENT_3D('',#18208,#14553,#14554);
#12874=AXIS2_PLACEMENT_3D('',#18209,#14555,#14556);
#12875=AXIS2_PLACEMENT_3D('',#18212,#14559,#14560);
#12876=AXIS2_PLACEMENT_3D('',#18214,#14562,#14563);
#12877=AXIS2_PLACEMENT_3D('',#18216,#14565,#14566);
#12878=AXIS2_PLACEMENT_3D('',#18217,#14567,#14568);
#12879=AXIS2_PLACEMENT_3D('',#18220,#14571,#14572);
#12880=AXIS2_PLACEMENT_3D('',#18222,#14574,#14575);
#12881=AXIS2_PLACEMENT_3D('',#18224,#14577,#14578);
#12882=AXIS2_PLACEMENT_3D('',#18225,#14579,#14580);
#12883=AXIS2_PLACEMENT_3D('',#18228,#14583,#14584);
#12884=AXIS2_PLACEMENT_3D('',#18230,#14586,#14587);
#12885=AXIS2_PLACEMENT_3D('',#18232,#14589,#14590);
#12886=AXIS2_PLACEMENT_3D('',#18233,#14591,#14592);
#12887=AXIS2_PLACEMENT_3D('',#18236,#14595,#14596);
#12888=AXIS2_PLACEMENT_3D('',#18238,#14598,#14599);
#12889=AXIS2_PLACEMENT_3D('',#18240,#14601,#14602);
#12890=AXIS2_PLACEMENT_3D('',#18241,#14603,#14604);
#12891=AXIS2_PLACEMENT_3D('',#18244,#14607,#14608);
#12892=AXIS2_PLACEMENT_3D('',#18246,#14610,#14611);
#12893=AXIS2_PLACEMENT_3D('',#18248,#14613,#14614);
#12894=AXIS2_PLACEMENT_3D('',#18249,#14615,#14616);
#12895=AXIS2_PLACEMENT_3D('',#18252,#14619,#14620);
#12896=AXIS2_PLACEMENT_3D('',#18254,#14622,#14623);
#12897=AXIS2_PLACEMENT_3D('',#18256,#14625,#14626);
#12898=AXIS2_PLACEMENT_3D('',#18257,#14627,#14628);
#12899=AXIS2_PLACEMENT_3D('',#18260,#14631,#14632);
#12900=AXIS2_PLACEMENT_3D('',#18262,#14634,#14635);
#12901=AXIS2_PLACEMENT_3D('',#18264,#14637,#14638);
#12902=AXIS2_PLACEMENT_3D('',#18265,#14639,#14640);
#12903=AXIS2_PLACEMENT_3D('',#18268,#14643,#14644);
#12904=AXIS2_PLACEMENT_3D('',#18270,#14646,#14647);
#12905=AXIS2_PLACEMENT_3D('',#18272,#14649,#14650);
#12906=AXIS2_PLACEMENT_3D('',#18273,#14651,#14652);
#12907=AXIS2_PLACEMENT_3D('',#18276,#14655,#14656);
#12908=AXIS2_PLACEMENT_3D('',#18278,#14658,#14659);
#12909=AXIS2_PLACEMENT_3D('',#18280,#14661,#14662);
#12910=AXIS2_PLACEMENT_3D('',#18281,#14663,#14664);
#12911=AXIS2_PLACEMENT_3D('',#18284,#14667,#14668);
#12912=AXIS2_PLACEMENT_3D('',#18286,#14670,#14671);
#12913=AXIS2_PLACEMENT_3D('',#18288,#14673,#14674);
#12914=AXIS2_PLACEMENT_3D('',#18289,#14675,#14676);
#12915=AXIS2_PLACEMENT_3D('',#18292,#14679,#14680);
#12916=AXIS2_PLACEMENT_3D('',#18294,#14682,#14683);
#12917=AXIS2_PLACEMENT_3D('',#18296,#14685,#14686);
#12918=AXIS2_PLACEMENT_3D('',#18297,#14687,#14688);
#12919=AXIS2_PLACEMENT_3D('',#18300,#14691,#14692);
#12920=AXIS2_PLACEMENT_3D('',#18302,#14694,#14695);
#12921=AXIS2_PLACEMENT_3D('',#18304,#14697,#14698);
#12922=AXIS2_PLACEMENT_3D('',#18305,#14699,#14700);
#12923=AXIS2_PLACEMENT_3D('',#18308,#14703,#14704);
#12924=AXIS2_PLACEMENT_3D('',#18310,#14706,#14707);
#12925=AXIS2_PLACEMENT_3D('',#18312,#14709,#14710);
#12926=AXIS2_PLACEMENT_3D('',#18313,#14711,#14712);
#12927=AXIS2_PLACEMENT_3D('',#18316,#14715,#14716);
#12928=AXIS2_PLACEMENT_3D('',#18318,#14718,#14719);
#12929=AXIS2_PLACEMENT_3D('',#18320,#14721,#14722);
#12930=AXIS2_PLACEMENT_3D('',#18321,#14723,#14724);
#12931=AXIS2_PLACEMENT_3D('',#18324,#14727,#14728);
#12932=AXIS2_PLACEMENT_3D('',#18326,#14730,#14731);
#12933=AXIS2_PLACEMENT_3D('',#18328,#14733,#14734);
#12934=AXIS2_PLACEMENT_3D('',#18329,#14735,#14736);
#12935=AXIS2_PLACEMENT_3D('',#18330,#14737,#14738);
#12936=AXIS2_PLACEMENT_3D('',#18339,#14743,#14744);
#12937=AXIS2_PLACEMENT_3D('',#18348,#14749,#14750);
#12938=AXIS2_PLACEMENT_3D('',#18354,#14754,#14755);
#12939=AXIS2_PLACEMENT_3D('',#18363,#14760,#14761);
#12940=AXIS2_PLACEMENT_3D('',#18369,#14765,#14766);
#12941=AXIS2_PLACEMENT_3D('',#18381,#14774,#14775);
#12942=AXIS2_PLACEMENT_3D('',#18393,#14783,#14784);
#12943=AXIS2_PLACEMENT_3D('',#18395,#14786,#14787);
#12944=AXIS2_PLACEMENT_3D('',#18396,#14788,#14789);
#12945=AXIS2_PLACEMENT_3D('',#18398,#14791,#14792);
#12946=AXIS2_PLACEMENT_3D('',#18399,#14793,#14794);
#12947=AXIS2_PLACEMENT_3D('',#18401,#14796,#14797);
#12948=AXIS2_PLACEMENT_3D('',#18403,#14799,#14800);
#12949=AXIS2_PLACEMENT_3D('',#18404,#14801,#14802);
#12950=AXIS2_PLACEMENT_3D('',#18405,#14803,#14804);
#12951=AXIS2_PLACEMENT_3D('',#18409,#14806,#14807);
#12952=AXIS2_PLACEMENT_3D('',#18415,#14810,#14811);
#12953=AXIS2_PLACEMENT_3D('',#18421,#14814,#14815);
#12954=AXIS2_PLACEMENT_3D('',#18427,#14818,#14819);
#12955=AXIS2_PLACEMENT_3D('',#18433,#14822,#14823);
#12956=AXIS2_PLACEMENT_3D('',#18436,#14825,#14826);
#12957=AXIS2_PLACEMENT_3D('',#18441,#14828,#14829);
#12958=AXIS2_PLACEMENT_3D('',#18444,#14831,#14832);
#12959=AXIS2_PLACEMENT_3D('',#18453,#14837,#14838);
#12960=AXIS2_PLACEMENT_3D('',#18457,#14840,#14841);
#12961=AXIS2_PLACEMENT_3D('',#18458,#14842,#14843);
#12962=AXIS2_PLACEMENT_3D('',#18459,#14844,#14845);
#12963=AXIS2_PLACEMENT_3D('',#18465,#14849,#14850);
#12964=AXIS2_PLACEMENT_3D('',#18466,#14851,#14852);
#12965=AXIS2_PLACEMENT_3D('',#18473,#14855,#14856);
#12966=AXIS2_PLACEMENT_3D('',#18479,#14859,#14860);
#12967=AXIS2_PLACEMENT_3D('',#18485,#14863,#14864);
#12968=AXIS2_PLACEMENT_3D('',#18491,#14867,#14868);
#12969=AXIS2_PLACEMENT_3D('',#18496,#14871,#14872);
#12970=AXIS2_PLACEMENT_3D('',#18499,#14874,#14875);
#12971=AXIS2_PLACEMENT_3D('',#18502,#14877,#14878);
#12972=AXIS2_PLACEMENT_3D('',#18506,#14881,#14882);
#12973=AXIS2_PLACEMENT_3D('',#18507,#14883,#14884);
#12974=AXIS2_PLACEMENT_3D('',#18510,#14886,#14887);
#12975=AXIS2_PLACEMENT_3D('',#18512,#14889,#14890);
#12976=AXIS2_PLACEMENT_3D('',#18513,#14891,#14892);
#12977=AXIS2_PLACEMENT_3D('',#18522,#14897,#14898);
#12978=AXIS2_PLACEMENT_3D('',#18528,#14902,#14903);
#12979=AXIS2_PLACEMENT_3D('',#18532,#14905,#14906);
#12980=AXIS2_PLACEMENT_3D('',#18533,#14907,#14908);
#12981=AXIS2_PLACEMENT_3D('',#18534,#14909,#14910);
#12982=AXIS2_PLACEMENT_3D('',#18540,#14914,#14915);
#12983=AXIS2_PLACEMENT_3D('',#18546,#14919,#14920);
#12984=AXIS2_PLACEMENT_3D('',#18550,#14922,#14923);
#12985=AXIS2_PLACEMENT_3D('',#18551,#14924,#14925);
#12986=AXIS2_PLACEMENT_3D('',#18552,#14926,#14927);
#12987=AXIS2_PLACEMENT_3D('',#18558,#14931,#14932);
#12988=AXIS2_PLACEMENT_3D('',#18564,#14936,#14937);
#12989=AXIS2_PLACEMENT_3D('',#18568,#14939,#14940);
#12990=AXIS2_PLACEMENT_3D('',#18569,#14941,#14942);
#12991=AXIS2_PLACEMENT_3D('',#18570,#14943,#14944);
#12992=AXIS2_PLACEMENT_3D('',#18573,#14947,#14948);
#12993=AXIS2_PLACEMENT_3D('',#18579,#14952,#14953);
#12994=AXIS2_PLACEMENT_3D('',#18580,#14954,#14955);
#12995=AXIS2_PLACEMENT_3D('',#18581,#14956,#14957);
#12996=AXIS2_PLACEMENT_3D('',#18582,#14958,#14959);
#12997=AXIS2_PLACEMENT_3D('',#18583,#14960,#14961);
#12998=AXIS2_PLACEMENT_3D('',#18584,#14962,#14963);
#12999=AXIS2_PLACEMENT_3D('',#18585,#14964,#14965);
#13000=AXIS2_PLACEMENT_3D('',#18586,#14966,#14967);
#13001=AXIS2_PLACEMENT_3D('',#18587,#14968,#14969);
#13002=AXIS2_PLACEMENT_3D('',#18588,#14970,#14971);
#13003=AXIS2_PLACEMENT_3D('',#18589,#14972,#14973);
#13004=AXIS2_PLACEMENT_3D('',#18590,#14974,#14975);
#13005=AXIS2_PLACEMENT_3D('',#18591,#14976,#14977);
#13006=AXIS2_PLACEMENT_3D('',#18592,#14978,#14979);
#13007=AXIS2_PLACEMENT_3D('',#18593,#14980,#14981);
#13008=AXIS2_PLACEMENT_3D('',#18594,#14982,#14983);
#13009=AXIS2_PLACEMENT_3D('',#18595,#14984,#14985);
#13010=AXIS2_PLACEMENT_3D('',#18596,#14986,#14987);
#13011=AXIS2_PLACEMENT_3D('',#18597,#14988,#14989);
#13012=AXIS2_PLACEMENT_3D('',#18598,#14990,#14991);
#13013=AXIS2_PLACEMENT_3D('',#18599,#14992,#14993);
#13014=AXIS2_PLACEMENT_3D('',#18600,#14994,#14995);
#13015=AXIS2_PLACEMENT_3D('',#18601,#14996,#14997);
#13016=AXIS2_PLACEMENT_3D('',#18602,#14998,#14999);
#13017=AXIS2_PLACEMENT_3D('',#18603,#15000,#15001);
#13018=AXIS2_PLACEMENT_3D('',#18604,#15002,#15003);
#13019=AXIS2_PLACEMENT_3D('',#18605,#15004,#15005);
#13020=AXIS2_PLACEMENT_3D('',#18606,#15006,#15007);
#13021=AXIS2_PLACEMENT_3D('',#18607,#15008,#15009);
#13022=AXIS2_PLACEMENT_3D('',#18608,#15010,#15011);
#13023=AXIS2_PLACEMENT_3D('',#18609,#15012,#15013);
#13024=AXIS2_PLACEMENT_3D('',#18610,#15014,#15015);
#13025=AXIS2_PLACEMENT_3D('',#18611,#15016,#15017);
#13026=AXIS2_PLACEMENT_3D('',#18612,#15018,#15019);
#13027=AXIS2_PLACEMENT_3D('',#18613,#15020,#15021);
#13028=AXIS2_PLACEMENT_3D('',#18614,#15022,#15023);
#13029=AXIS2_PLACEMENT_3D('',#18615,#15024,#15025);
#13030=AXIS2_PLACEMENT_3D('',#18616,#15026,#15027);
#13031=AXIS2_PLACEMENT_3D('',#18617,#15028,#15029);
#13032=AXIS2_PLACEMENT_3D('',#18618,#15030,#15031);
#13033=AXIS2_PLACEMENT_3D('',#18619,#15032,#15033);
#13034=AXIS2_PLACEMENT_3D('',#18620,#15034,#15035);
#13035=AXIS2_PLACEMENT_3D('',#18621,#15036,#15037);
#13036=AXIS2_PLACEMENT_3D('',#18622,#15038,#15039);
#13037=AXIS2_PLACEMENT_3D('',#18623,#15040,#15041);
#13038=AXIS2_PLACEMENT_3D('',#18624,#15042,#15043);
#13039=AXIS2_PLACEMENT_3D('',#18625,#15044,#15045);
#13040=AXIS2_PLACEMENT_3D('',#18626,#15046,#15047);
#13041=AXIS2_PLACEMENT_3D('',#18627,#15048,#15049);
#13042=AXIS2_PLACEMENT_3D('',#18628,#15050,#15051);
#13043=AXIS2_PLACEMENT_3D('',#18629,#15052,#15053);
#13044=AXIS2_PLACEMENT_3D('',#18630,#15054,#15055);
#13045=AXIS2_PLACEMENT_3D('',#18631,#15056,#15057);
#13046=AXIS2_PLACEMENT_3D('',#18632,#15058,#15059);
#13047=AXIS2_PLACEMENT_3D('',#18633,#15060,#15061);
#13048=AXIS2_PLACEMENT_3D('',#18634,#15062,#15063);
#13049=AXIS2_PLACEMENT_3D('',#18635,#15064,#15065);
#13050=AXIS2_PLACEMENT_3D('',#18636,#15066,#15067);
#13051=AXIS2_PLACEMENT_3D('',#18637,#15068,#15069);
#13052=AXIS2_PLACEMENT_3D('',#18638,#15070,#15071);
#13053=AXIS2_PLACEMENT_3D('',#18639,#15072,#15073);
#13054=AXIS2_PLACEMENT_3D('',#18640,#15074,#15075);
#13055=AXIS2_PLACEMENT_3D('',#18641,#15076,#15077);
#13056=AXIS2_PLACEMENT_3D('',#18642,#15078,#15079);
#13057=AXIS2_PLACEMENT_3D('',#18643,#15080,#15081);
#13058=AXIS2_PLACEMENT_3D('',#18644,#15082,#15083);
#13059=AXIS2_PLACEMENT_3D('',#18649,#15085,#15086);
#13060=AXIS2_PLACEMENT_3D('',#18652,#15088,#15089);
#13061=AXIS2_PLACEMENT_3D('',#18653,#15090,#15091);
#13062=AXIS2_PLACEMENT_3D('',#18658,#15093,#15094);
#13063=AXIS2_PLACEMENT_3D('',#18661,#15096,#15097);
#13064=AXIS2_PLACEMENT_3D('',#18662,#15098,#15099);
#13065=AXIS2_PLACEMENT_3D('',#18667,#15101,#15102);
#13066=AXIS2_PLACEMENT_3D('',#18670,#15104,#15105);
#13067=AXIS2_PLACEMENT_3D('',#18682,#15112,#15113);
#13068=AXIS2_PLACEMENT_3D('',#18689,#15118,#15119);
#13069=AXIS2_PLACEMENT_3D('',#18697,#15124,#15125);
#13070=AXIS2_PLACEMENT_3D('',#18704,#15130,#15131);
#13071=AXIS2_PLACEMENT_3D('',#18709,#15134,#15135);
#13072=AXIS2_PLACEMENT_3D('',#18710,#15136,#15137);
#13073=AXIS2_PLACEMENT_3D('',#18712,#15138,#15139);
#13074=AXIS2_PLACEMENT_3D('',#18714,#15140,#15141);
#13075=AXIS2_PLACEMENT_3D('',#18716,#15142,#15143);
#13076=AXIS2_PLACEMENT_3D('',#18718,#15144,#15145);
#13077=AXIS2_PLACEMENT_3D('',#18720,#15146,#15147);
#13078=AXIS2_PLACEMENT_3D('',#18722,#15148,#15149);
#13079=AXIS2_PLACEMENT_3D('',#18724,#15150,#15151);
#13080=AXIS2_PLACEMENT_3D('',#18726,#15152,#15153);
#13081=AXIS2_PLACEMENT_3D('',#18728,#15154,#15155);
#13082=AXIS2_PLACEMENT_3D('',#18730,#15156,#15157);
#13083=AXIS2_PLACEMENT_3D('',#18732,#15158,#15159);
#13084=AXIS2_PLACEMENT_3D('',#18734,#15160,#15161);
#13085=AXIS2_PLACEMENT_3D('',#18736,#15162,#15163);
#13086=AXIS2_PLACEMENT_3D('',#18738,#15164,#15165);
#13087=AXIS2_PLACEMENT_3D('',#18740,#15166,#15167);
#13088=AXIS2_PLACEMENT_3D('',#18742,#15168,#15169);
#13089=AXIS2_PLACEMENT_3D('',#18744,#15170,#15171);
#13090=AXIS2_PLACEMENT_3D('',#18746,#15172,#15173);
#13091=AXIS2_PLACEMENT_3D('',#18748,#15174,#15175);
#13092=AXIS2_PLACEMENT_3D('',#18750,#15176,#15177);
#13093=AXIS2_PLACEMENT_3D('',#18752,#15178,#15179);
#13094=AXIS2_PLACEMENT_3D('',#18754,#15180,#15181);
#13095=AXIS2_PLACEMENT_3D('',#18756,#15182,#15183);
#13096=AXIS2_PLACEMENT_3D('',#18758,#15184,#15185);
#13097=AXIS2_PLACEMENT_3D('',#18760,#15186,#15187);
#13098=AXIS2_PLACEMENT_3D('',#18762,#15188,#15189);
#13099=AXIS2_PLACEMENT_3D('',#18764,#15190,#15191);
#13100=AXIS2_PLACEMENT_3D('',#18766,#15192,#15193);
#13101=AXIS2_PLACEMENT_3D('',#18768,#15194,#15195);
#13102=AXIS2_PLACEMENT_3D('',#18770,#15196,#15197);
#13103=AXIS2_PLACEMENT_3D('',#18772,#15198,#15199);
#13104=AXIS2_PLACEMENT_3D('',#18774,#15200,#15201);
#13105=AXIS2_PLACEMENT_3D('',#18776,#15202,#15203);
#13106=AXIS2_PLACEMENT_3D('',#18778,#15204,#15205);
#13107=AXIS2_PLACEMENT_3D('',#18780,#15206,#15207);
#13108=AXIS2_PLACEMENT_3D('',#18782,#15208,#15209);
#13109=AXIS2_PLACEMENT_3D('',#18784,#15210,#15211);
#13110=AXIS2_PLACEMENT_3D('',#18786,#15212,#15213);
#13111=AXIS2_PLACEMENT_3D('',#18788,#15214,#15215);
#13112=AXIS2_PLACEMENT_3D('',#18790,#15216,#15217);
#13113=AXIS2_PLACEMENT_3D('',#18792,#15218,#15219);
#13114=AXIS2_PLACEMENT_3D('',#18794,#15220,#15221);
#13115=AXIS2_PLACEMENT_3D('',#18796,#15222,#15223);
#13116=AXIS2_PLACEMENT_3D('',#18798,#15224,#15225);
#13117=AXIS2_PLACEMENT_3D('',#18800,#15226,#15227);
#13118=AXIS2_PLACEMENT_3D('',#18802,#15228,#15229);
#13119=AXIS2_PLACEMENT_3D('',#18804,#15230,#15231);
#13120=AXIS2_PLACEMENT_3D('',#18806,#15232,#15233);
#13121=AXIS2_PLACEMENT_3D('',#18808,#15234,#15235);
#13122=AXIS2_PLACEMENT_3D('',#18810,#15236,#15237);
#13123=AXIS2_PLACEMENT_3D('',#18812,#15238,#15239);
#13124=AXIS2_PLACEMENT_3D('',#18814,#15240,#15241);
#13125=AXIS2_PLACEMENT_3D('',#18816,#15242,#15243);
#13126=AXIS2_PLACEMENT_3D('',#18818,#15244,#15245);
#13127=AXIS2_PLACEMENT_3D('',#18820,#15246,#15247);
#13128=AXIS2_PLACEMENT_3D('',#18822,#15248,#15249);
#13129=AXIS2_PLACEMENT_3D('',#18824,#15250,#15251);
#13130=AXIS2_PLACEMENT_3D('',#18826,#15252,#15253);
#13131=AXIS2_PLACEMENT_3D('',#18828,#15254,#15255);
#13132=AXIS2_PLACEMENT_3D('',#18830,#15256,#15257);
#13133=AXIS2_PLACEMENT_3D('',#18832,#15258,#15259);
#13134=AXIS2_PLACEMENT_3D('',#18834,#15260,#15261);
#13135=AXIS2_PLACEMENT_3D('',#18836,#15262,#15263);
#13136=AXIS2_PLACEMENT_3D('',#18838,#15264,#15265);
#13137=AXIS2_PLACEMENT_3D('',#18840,#15266,#15267);
#13138=AXIS2_PLACEMENT_3D('',#18842,#15268,#15269);
#13139=AXIS2_PLACEMENT_3D('',#18844,#15270,#15271);
#13140=AXIS2_PLACEMENT_3D('',#18846,#15272,#15273);
#13141=AXIS2_PLACEMENT_3D('',#18848,#15274,#15275);
#13142=AXIS2_PLACEMENT_3D('',#18850,#15276,#15277);
#13143=AXIS2_PLACEMENT_3D('',#18852,#15278,#15279);
#13144=AXIS2_PLACEMENT_3D('',#18854,#15280,#15281);
#13145=AXIS2_PLACEMENT_3D('',#18856,#15282,#15283);
#13146=AXIS2_PLACEMENT_3D('',#18858,#15284,#15285);
#13147=AXIS2_PLACEMENT_3D('',#18860,#15286,#15287);
#13148=AXIS2_PLACEMENT_3D('',#18862,#15288,#15289);
#13149=AXIS2_PLACEMENT_3D('',#18864,#15290,#15291);
#13150=AXIS2_PLACEMENT_3D('',#18866,#15292,#15293);
#13151=AXIS2_PLACEMENT_3D('',#18868,#15294,#15295);
#13152=AXIS2_PLACEMENT_3D('',#18870,#15296,#15297);
#13153=AXIS2_PLACEMENT_3D('',#18872,#15298,#15299);
#13154=AXIS2_PLACEMENT_3D('',#18874,#15300,#15301);
#13155=AXIS2_PLACEMENT_3D('',#18876,#15302,#15303);
#13156=AXIS2_PLACEMENT_3D('',#18878,#15304,#15305);
#13157=AXIS2_PLACEMENT_3D('',#18880,#15306,#15307);
#13158=AXIS2_PLACEMENT_3D('',#18882,#15308,#15309);
#13159=AXIS2_PLACEMENT_3D('',#18884,#15310,#15311);
#13160=AXIS2_PLACEMENT_3D('',#18886,#15312,#15313);
#13161=AXIS2_PLACEMENT_3D('',#18888,#15314,#15315);
#13162=AXIS2_PLACEMENT_3D('',#18889,#15316,#15317);
#13163=AXIS2_PLACEMENT_3D('',#18891,#15318,#15319);
#13164=AXIS2_PLACEMENT_3D('',#18892,#15320,#15321);
#13165=AXIS2_PLACEMENT_3D('',#18894,#15322,#15323);
#13166=AXIS2_PLACEMENT_3D('',#18895,#15324,#15325);
#13167=AXIS2_PLACEMENT_3D('',#18897,#15326,#15327);
#13168=AXIS2_PLACEMENT_3D('',#18898,#15328,#15329);
#13169=AXIS2_PLACEMENT_3D('',#18900,#15330,#15331);
#13170=AXIS2_PLACEMENT_3D('',#18901,#15332,#15333);
#13171=AXIS2_PLACEMENT_3D('',#18903,#15334,#15335);
#13172=AXIS2_PLACEMENT_3D('',#18904,#15336,#15337);
#13173=AXIS2_PLACEMENT_3D('',#18906,#15338,#15339);
#13174=AXIS2_PLACEMENT_3D('',#18907,#15340,#15341);
#13175=AXIS2_PLACEMENT_3D('',#18909,#15342,#15343);
#13176=AXIS2_PLACEMENT_3D('',#18910,#15344,#15345);
#13177=AXIS2_PLACEMENT_3D('',#18912,#15346,#15347);
#13178=AXIS2_PLACEMENT_3D('',#18913,#15348,#15349);
#13179=AXIS2_PLACEMENT_3D('',#18915,#15350,#15351);
#13180=AXIS2_PLACEMENT_3D('',#18916,#15352,#15353);
#13181=AXIS2_PLACEMENT_3D('',#18918,#15354,#15355);
#13182=AXIS2_PLACEMENT_3D('',#18919,#15356,#15357);
#13183=AXIS2_PLACEMENT_3D('',#18921,#15358,#15359);
#13184=AXIS2_PLACEMENT_3D('',#18922,#15360,#15361);
#13185=AXIS2_PLACEMENT_3D('',#18924,#15362,#15363);
#13186=AXIS2_PLACEMENT_3D('',#18925,#15364,#15365);
#13187=AXIS2_PLACEMENT_3D('',#18927,#15366,#15367);
#13188=AXIS2_PLACEMENT_3D('',#18928,#15368,#15369);
#13189=AXIS2_PLACEMENT_3D('',#18930,#15370,#15371);
#13190=AXIS2_PLACEMENT_3D('',#18931,#15372,#15373);
#13191=AXIS2_PLACEMENT_3D('',#18933,#15374,#15375);
#13192=AXIS2_PLACEMENT_3D('',#18934,#15376,#15377);
#13193=AXIS2_PLACEMENT_3D('',#18936,#15378,#15379);
#13194=AXIS2_PLACEMENT_3D('',#18937,#15380,#15381);
#13195=AXIS2_PLACEMENT_3D('',#18939,#15382,#15383);
#13196=AXIS2_PLACEMENT_3D('',#18940,#15384,#15385);
#13197=AXIS2_PLACEMENT_3D('',#18942,#15386,#15387);
#13198=AXIS2_PLACEMENT_3D('',#18943,#15388,#15389);
#13199=AXIS2_PLACEMENT_3D('',#18945,#15390,#15391);
#13200=AXIS2_PLACEMENT_3D('',#18946,#15392,#15393);
#13201=AXIS2_PLACEMENT_3D('',#18948,#15394,#15395);
#13202=AXIS2_PLACEMENT_3D('',#18949,#15396,#15397);
#13203=AXIS2_PLACEMENT_3D('',#18951,#15398,#15399);
#13204=AXIS2_PLACEMENT_3D('',#18952,#15400,#15401);
#13205=AXIS2_PLACEMENT_3D('',#18954,#15402,#15403);
#13206=AXIS2_PLACEMENT_3D('',#18955,#15404,#15405);
#13207=AXIS2_PLACEMENT_3D('',#18957,#15406,#15407);
#13208=AXIS2_PLACEMENT_3D('',#18958,#15408,#15409);
#13209=AXIS2_PLACEMENT_3D('',#18960,#15410,#15411);
#13210=AXIS2_PLACEMENT_3D('',#18961,#15412,#15413);
#13211=AXIS2_PLACEMENT_3D('',#18963,#15414,#15415);
#13212=AXIS2_PLACEMENT_3D('',#18964,#15416,#15417);
#13213=AXIS2_PLACEMENT_3D('',#18966,#15418,#15419);
#13214=AXIS2_PLACEMENT_3D('',#18967,#15420,#15421);
#13215=AXIS2_PLACEMENT_3D('',#18969,#15422,#15423);
#13216=AXIS2_PLACEMENT_3D('',#18970,#15424,#15425);
#13217=AXIS2_PLACEMENT_3D('',#18972,#15426,#15427);
#13218=AXIS2_PLACEMENT_3D('',#18973,#15428,#15429);
#13219=AXIS2_PLACEMENT_3D('',#18975,#15430,#15431);
#13220=AXIS2_PLACEMENT_3D('',#18976,#15432,#15433);
#13221=AXIS2_PLACEMENT_3D('',#18978,#15434,#15435);
#13222=AXIS2_PLACEMENT_3D('',#18979,#15436,#15437);
#13223=AXIS2_PLACEMENT_3D('',#18981,#15438,#15439);
#13224=AXIS2_PLACEMENT_3D('',#18982,#15440,#15441);
#13225=AXIS2_PLACEMENT_3D('',#18984,#15442,#15443);
#13226=AXIS2_PLACEMENT_3D('',#18985,#15444,#15445);
#13227=AXIS2_PLACEMENT_3D('',#18987,#15446,#15447);
#13228=AXIS2_PLACEMENT_3D('',#18988,#15448,#15449);
#13229=AXIS2_PLACEMENT_3D('',#18990,#15450,#15451);
#13230=AXIS2_PLACEMENT_3D('',#18991,#15452,#15453);
#13231=AXIS2_PLACEMENT_3D('',#18993,#15454,#15455);
#13232=AXIS2_PLACEMENT_3D('',#18994,#15456,#15457);
#13233=AXIS2_PLACEMENT_3D('',#18996,#15458,#15459);
#13234=AXIS2_PLACEMENT_3D('',#18997,#15460,#15461);
#13235=AXIS2_PLACEMENT_3D('',#18999,#15462,#15463);
#13236=AXIS2_PLACEMENT_3D('',#19000,#15464,#15465);
#13237=AXIS2_PLACEMENT_3D('',#19002,#15466,#15467);
#13238=AXIS2_PLACEMENT_3D('',#19003,#15468,#15469);
#13239=AXIS2_PLACEMENT_3D('',#19005,#15470,#15471);
#13240=AXIS2_PLACEMENT_3D('',#19006,#15472,#15473);
#13241=AXIS2_PLACEMENT_3D('',#19008,#15474,#15475);
#13242=AXIS2_PLACEMENT_3D('',#19009,#15476,#15477);
#13243=AXIS2_PLACEMENT_3D('',#19011,#15478,#15479);
#13244=AXIS2_PLACEMENT_3D('',#19012,#15480,#15481);
#13245=AXIS2_PLACEMENT_3D('',#19014,#15482,#15483);
#13246=AXIS2_PLACEMENT_3D('',#19015,#15484,#15485);
#13247=AXIS2_PLACEMENT_3D('',#19017,#15486,#15487);
#13248=AXIS2_PLACEMENT_3D('',#19018,#15488,#15489);
#13249=AXIS2_PLACEMENT_3D('',#19020,#15490,#15491);
#13250=AXIS2_PLACEMENT_3D('',#19021,#15492,#15493);
#13251=AXIS2_PLACEMENT_3D('',#19023,#15494,#15495);
#13252=AXIS2_PLACEMENT_3D('',#19024,#15496,#15497);
#13253=AXIS2_PLACEMENT_3D('',#19026,#15498,#15499);
#13254=AXIS2_PLACEMENT_3D('',#19027,#15500,#15501);
#13255=AXIS2_PLACEMENT_3D('',#19029,#15502,#15503);
#13256=AXIS2_PLACEMENT_3D('',#19030,#15504,#15505);
#13257=AXIS2_PLACEMENT_3D('',#19032,#15506,#15507);
#13258=AXIS2_PLACEMENT_3D('',#19033,#15508,#15509);
#13259=AXIS2_PLACEMENT_3D('',#19035,#15510,#15511);
#13260=AXIS2_PLACEMENT_3D('',#19036,#15512,#15513);
#13261=AXIS2_PLACEMENT_3D('',#19038,#15514,#15515);
#13262=AXIS2_PLACEMENT_3D('',#19039,#15516,#15517);
#13263=AXIS2_PLACEMENT_3D('',#19041,#15518,#15519);
#13264=AXIS2_PLACEMENT_3D('',#19042,#15520,#15521);
#13265=AXIS2_PLACEMENT_3D('',#19044,#15522,#15523);
#13266=AXIS2_PLACEMENT_3D('',#19045,#15524,#15525);
#13267=AXIS2_PLACEMENT_3D('',#19047,#15526,#15527);
#13268=AXIS2_PLACEMENT_3D('',#19048,#15528,#15529);
#13269=AXIS2_PLACEMENT_3D('',#19050,#15530,#15531);
#13270=AXIS2_PLACEMENT_3D('',#19051,#15532,#15533);
#13271=AXIS2_PLACEMENT_3D('',#19053,#15534,#15535);
#13272=AXIS2_PLACEMENT_3D('',#19054,#15536,#15537);
#13273=AXIS2_PLACEMENT_3D('',#19056,#15538,#15539);
#13274=AXIS2_PLACEMENT_3D('',#19057,#15540,#15541);
#13275=AXIS2_PLACEMENT_3D('',#19059,#15542,#15543);
#13276=AXIS2_PLACEMENT_3D('',#19060,#15544,#15545);
#13277=AXIS2_PLACEMENT_3D('',#19062,#15546,#15547);
#13278=AXIS2_PLACEMENT_3D('',#19063,#15548,#15549);
#13279=AXIS2_PLACEMENT_3D('',#19065,#15550,#15551);
#13280=AXIS2_PLACEMENT_3D('',#19066,#15552,#15553);
#13281=AXIS2_PLACEMENT_3D('',#19068,#15554,#15555);
#13282=AXIS2_PLACEMENT_3D('',#19069,#15556,#15557);
#13283=AXIS2_PLACEMENT_3D('',#19071,#15558,#15559);
#13284=AXIS2_PLACEMENT_3D('',#19072,#15560,#15561);
#13285=AXIS2_PLACEMENT_3D('',#19074,#15562,#15563);
#13286=AXIS2_PLACEMENT_3D('',#19075,#15564,#15565);
#13287=AXIS2_PLACEMENT_3D('',#19077,#15566,#15567);
#13288=AXIS2_PLACEMENT_3D('',#19078,#15568,#15569);
#13289=AXIS2_PLACEMENT_3D('',#19080,#15570,#15571);
#13290=AXIS2_PLACEMENT_3D('',#19081,#15572,#15573);
#13291=AXIS2_PLACEMENT_3D('',#19083,#15574,#15575);
#13292=AXIS2_PLACEMENT_3D('',#19084,#15576,#15577);
#13293=AXIS2_PLACEMENT_3D('',#19086,#15578,#15579);
#13294=AXIS2_PLACEMENT_3D('',#19087,#15580,#15581);
#13295=AXIS2_PLACEMENT_3D('',#19089,#15582,#15583);
#13296=AXIS2_PLACEMENT_3D('',#19090,#15584,#15585);
#13297=AXIS2_PLACEMENT_3D('',#19092,#15586,#15587);
#13298=AXIS2_PLACEMENT_3D('',#19093,#15588,#15589);
#13299=AXIS2_PLACEMENT_3D('',#19095,#15590,#15591);
#13300=AXIS2_PLACEMENT_3D('',#19096,#15592,#15593);
#13301=AXIS2_PLACEMENT_3D('',#19098,#15594,#15595);
#13302=AXIS2_PLACEMENT_3D('',#19099,#15596,#15597);
#13303=AXIS2_PLACEMENT_3D('',#19101,#15598,#15599);
#13304=AXIS2_PLACEMENT_3D('',#19102,#15600,#15601);
#13305=AXIS2_PLACEMENT_3D('',#19104,#15602,#15603);
#13306=AXIS2_PLACEMENT_3D('',#19105,#15604,#15605);
#13307=AXIS2_PLACEMENT_3D('',#19107,#15606,#15607);
#13308=AXIS2_PLACEMENT_3D('',#19108,#15608,#15609);
#13309=AXIS2_PLACEMENT_3D('',#19110,#15610,#15611);
#13310=AXIS2_PLACEMENT_3D('',#19111,#15612,#15613);
#13311=AXIS2_PLACEMENT_3D('',#19113,#15614,#15615);
#13312=AXIS2_PLACEMENT_3D('',#19114,#15616,#15617);
#13313=AXIS2_PLACEMENT_3D('',#19116,#15618,#15619);
#13314=AXIS2_PLACEMENT_3D('',#19117,#15620,#15621);
#13315=AXIS2_PLACEMENT_3D('',#19119,#15622,#15623);
#13316=AXIS2_PLACEMENT_3D('',#19120,#15624,#15625);
#13317=AXIS2_PLACEMENT_3D('',#19122,#15626,#15627);
#13318=AXIS2_PLACEMENT_3D('',#19123,#15628,#15629);
#13319=AXIS2_PLACEMENT_3D('',#19125,#15630,#15631);
#13320=AXIS2_PLACEMENT_3D('',#19126,#15632,#15633);
#13321=AXIS2_PLACEMENT_3D('',#19128,#15634,#15635);
#13322=AXIS2_PLACEMENT_3D('',#19129,#15636,#15637);
#13323=AXIS2_PLACEMENT_3D('',#19131,#15638,#15639);
#13324=AXIS2_PLACEMENT_3D('',#19134,#15641,#15642);
#13325=AXIS2_PLACEMENT_3D('',#19137,#15644,#15645);
#13326=AXIS2_PLACEMENT_3D('',#19138,#15646,#15647);
#13327=AXIS2_PLACEMENT_3D('',#19140,#15648,#15649);
#13328=AXIS2_PLACEMENT_3D('',#19141,#15650,#15651);
#13329=AXIS2_PLACEMENT_3D('',#19143,#15652,#15653);
#13330=AXIS2_PLACEMENT_3D('',#19144,#15654,#15655);
#13331=AXIS2_PLACEMENT_3D('',#19146,#15656,#15657);
#13332=AXIS2_PLACEMENT_3D('',#19147,#15658,#15659);
#13333=AXIS2_PLACEMENT_3D('',#19149,#15660,#15661);
#13334=AXIS2_PLACEMENT_3D('',#19150,#15662,#15663);
#13335=AXIS2_PLACEMENT_3D('',#19152,#15664,#15665);
#13336=AXIS2_PLACEMENT_3D('',#19153,#15666,#15667);
#13337=AXIS2_PLACEMENT_3D('',#19155,#15668,#15669);
#13338=AXIS2_PLACEMENT_3D('',#19156,#15670,#15671);
#13339=AXIS2_PLACEMENT_3D('',#19158,#15672,#15673);
#13340=AXIS2_PLACEMENT_3D('',#19159,#15674,#15675);
#13341=AXIS2_PLACEMENT_3D('',#19161,#15676,#15677);
#13342=AXIS2_PLACEMENT_3D('',#19163,#15679,#15680);
#13343=AXIS2_PLACEMENT_3D('',#19169,#15684,#15685);
#13344=AXIS2_PLACEMENT_3D('',#19170,#15686,#15687);
#13345=AXIS2_PLACEMENT_3D('',#19172,#15688,#15689);
#13346=AXIS2_PLACEMENT_3D('',#19174,#15690,#15691);
#13347=AXIS2_PLACEMENT_3D('',#19176,#15692,#15693);
#13348=AXIS2_PLACEMENT_3D('',#19180,#15695,#15696);
#13349=AXIS2_PLACEMENT_3D('',#19185,#15699,#15700);
#13350=AXIS2_PLACEMENT_3D('',#19190,#15703,#15704);
#13351=AXIS2_PLACEMENT_3D('',#19197,#15708,#15709);
#13352=AXIS2_PLACEMENT_3D('',#19200,#15711,#15712);
#13353=AXIS2_PLACEMENT_3D('',#19201,#15713,#15714);
#13354=AXIS2_PLACEMENT_3D('',#19207,#15717,#15718);
#13355=AXIS2_PLACEMENT_3D('',#19210,#15720,#15721);
#13356=AXIS2_PLACEMENT_3D('',#19212,#15723,#15724);
#13357=AXIS2_PLACEMENT_3D('',#19214,#15726,#15727);
#13358=AXIS2_PLACEMENT_3D('',#19216,#15729,#15730);
#13359=AXIS2_PLACEMENT_3D('',#19217,#15731,#15732);
#13360=AXIS2_PLACEMENT_3D('',#19221,#15735,#15736);
#13361=AXIS2_PLACEMENT_3D('',#19222,#15737,#15738);
#13362=AXIS2_PLACEMENT_3D('',#19225,#15740,#15741);
#13363=AXIS2_PLACEMENT_3D('',#19227,#15743,#15744);
#13364=AXIS2_PLACEMENT_3D('',#19228,#15745,#15746);
#13365=AXIS2_PLACEMENT_3D('',#19230,#15747,#15748);
#13366=AXIS2_PLACEMENT_3D('',#19234,#15751,#15752);
#13367=AXIS2_PLACEMENT_3D('',#19235,#15753,#15754);
#13368=AXIS2_PLACEMENT_3D('',#19238,#15756,#15757);
#13369=AXIS2_PLACEMENT_3D('',#19240,#15759,#15760);
#13370=AXIS2_PLACEMENT_3D('',#19241,#15761,#15762);
#13371=AXIS2_PLACEMENT_3D('',#19243,#15763,#15764);
#13372=AXIS2_PLACEMENT_3D('',#19246,#15766,#15767);
#13373=AXIS2_PLACEMENT_3D('',#19249,#15769,#15770);
#13374=AXIS2_PLACEMENT_3D('',#19251,#15772,#15773);
#13375=AXIS2_PLACEMENT_3D('',#19253,#15775,#15776);
#13376=AXIS2_PLACEMENT_3D('',#19254,#15777,#15778);
#13377=AXIS2_PLACEMENT_3D('',#19256,#15779,#15780);
#13378=AXIS2_PLACEMENT_3D('',#19257,#15781,#15782);
#13379=AXIS2_PLACEMENT_3D('',#19258,#15783,#15784);
#13380=AXIS2_PLACEMENT_3D('',#19259,#15785,#15786);
#13381=AXIS2_PLACEMENT_3D('',#19260,#15787,#15788);
#13382=AXIS2_PLACEMENT_3D('',#19261,#15789,#15790);
#13383=AXIS2_PLACEMENT_3D('',#19270,#15795,#15796);
#13384=AXIS2_PLACEMENT_3D('',#19274,#15798,#15799);
#13385=AXIS2_PLACEMENT_3D('',#19275,#15800,#15801);
#13386=AXIS2_PLACEMENT_3D('',#19276,#15802,#15803);
#13387=AXIS2_PLACEMENT_3D('',#19282,#15807,#15808);
#13388=AXIS2_PLACEMENT_3D('',#19286,#15810,#15811);
#13389=AXIS2_PLACEMENT_3D('',#19287,#15812,#15813);
#13390=AXIS2_PLACEMENT_3D('',#19288,#15814,#15815);
#13391=AXIS2_PLACEMENT_3D('',#19294,#15819,#15820);
#13392=AXIS2_PLACEMENT_3D('',#19298,#15822,#15823);
#13393=AXIS2_PLACEMENT_3D('',#19299,#15824,#15825);
#13394=AXIS2_PLACEMENT_3D('',#19300,#15826,#15827);
#13395=AXIS2_PLACEMENT_3D('',#19306,#15831,#15832);
#13396=AXIS2_PLACEMENT_3D('',#19310,#15834,#15835);
#13397=AXIS2_PLACEMENT_3D('',#19314,#15837,#15838);
#13398=AXIS2_PLACEMENT_3D('',#19315,#15839,#15840);
#13399=AXIS2_PLACEMENT_3D('',#19321,#15844,#15845);
#13400=AXIS2_PLACEMENT_3D('',#19325,#15847,#15848);
#13401=AXIS2_PLACEMENT_3D('',#19326,#15849,#15850);
#13402=AXIS2_PLACEMENT_3D('',#19327,#15851,#15852);
#13403=AXIS2_PLACEMENT_3D('',#19333,#15856,#15857);
#13404=AXIS2_PLACEMENT_3D('',#19337,#15859,#15860);
#13405=AXIS2_PLACEMENT_3D('',#19338,#15861,#15862);
#13406=AXIS2_PLACEMENT_3D('',#19339,#15863,#15864);
#13407=AXIS2_PLACEMENT_3D('',#19345,#15868,#15869);
#13408=AXIS2_PLACEMENT_3D('',#19349,#15871,#15872);
#13409=AXIS2_PLACEMENT_3D('',#19350,#15873,#15874);
#13410=AXIS2_PLACEMENT_3D('',#19351,#15875,#15876);
#13411=AXIS2_PLACEMENT_3D('',#19354,#15879,#15880);
#13412=AXIS2_PLACEMENT_3D('',#19355,#15881,#15882);
#13413=AXIS2_PLACEMENT_3D('',#19356,#15883,#15884);
#13414=AXIS2_PLACEMENT_3D('',#19357,#15885,#15886);
#13415=AXIS2_PLACEMENT_3D('',#19361,#15888,#15889);
#13416=AXIS2_PLACEMENT_3D('',#19365,#15891,#15892);
#13417=AXIS2_PLACEMENT_3D('',#19369,#15894,#15895);
#13418=AXIS2_PLACEMENT_3D('',#19373,#15897,#15898);
#13419=AXIS2_PLACEMENT_3D('',#19374,#15899,#15900);
#13420=AXIS2_PLACEMENT_3D('',#19379,#15902,#15903);
#13421=AXIS2_PLACEMENT_3D('',#19383,#15905,#15906);
#13422=AXIS2_PLACEMENT_3D('',#19387,#15908,#15909);
#13423=AXIS2_PLACEMENT_3D('',#19390,#15911,#15912);
#13424=AXIS2_PLACEMENT_3D('',#19391,#15913,#15914);
#13425=AXIS2_PLACEMENT_3D('',#19392,#15915,#15916);
#13426=AXIS2_PLACEMENT_3D('',#19393,#15917,#15918);
#13427=AXIS2_PLACEMENT_3D('',#19394,#15919,#15920);
#13428=AXIS2_PLACEMENT_3D('',#19395,#15921,#15922);
#13429=AXIS2_PLACEMENT_3D('',#19396,#15923,#15924);
#13430=AXIS2_PLACEMENT_3D('',#19397,#15925,#15926);
#13431=AXIS2_PLACEMENT_3D('',#19398,#15927,#15928);
#13432=AXIS2_PLACEMENT_3D('',#19399,#15929,#15930);
#13433=AXIS2_PLACEMENT_3D('',#19400,#15931,#15932);
#13434=AXIS2_PLACEMENT_3D('',#19401,#15933,#15934);
#13435=AXIS2_PLACEMENT_3D('',#19402,#15935,#15936);
#13436=AXIS2_PLACEMENT_3D('',#19403,#15937,#15938);
#13437=AXIS2_PLACEMENT_3D('',#19404,#15939,#15940);
#13438=AXIS2_PLACEMENT_3D('',#19405,#15941,#15942);
#13439=AXIS2_PLACEMENT_3D('',#19406,#15943,#15944);
#13440=AXIS2_PLACEMENT_3D('',#19407,#15945,#15946);
#13441=AXIS2_PLACEMENT_3D('',#19408,#15947,#15948);
#13442=AXIS2_PLACEMENT_3D('',#19409,#15949,#15950);
#13443=AXIS2_PLACEMENT_3D('',#19410,#15951,#15952);
#13444=AXIS2_PLACEMENT_3D('',#19411,#15953,#15954);
#13445=AXIS2_PLACEMENT_3D('',#19412,#15955,#15956);
#13446=AXIS2_PLACEMENT_3D('',#19413,#15957,#15958);
#13447=AXIS2_PLACEMENT_3D('',#19414,#15959,#15960);
#13448=AXIS2_PLACEMENT_3D('',#19415,#15961,#15962);
#13449=AXIS2_PLACEMENT_3D('',#19416,#15963,#15964);
#13450=AXIS2_PLACEMENT_3D('',#19417,#15965,#15966);
#13451=AXIS2_PLACEMENT_3D('',#19418,#15967,#15968);
#13452=AXIS2_PLACEMENT_3D('',#19419,#15969,#15970);
#13453=AXIS2_PLACEMENT_3D('',#19420,#15971,#15972);
#13454=AXIS2_PLACEMENT_3D('',#19421,#15973,#15974);
#13455=AXIS2_PLACEMENT_3D('',#19422,#15975,#15976);
#13456=AXIS2_PLACEMENT_3D('',#19423,#15977,#15978);
#13457=AXIS2_PLACEMENT_3D('',#19424,#15979,#15980);
#13458=AXIS2_PLACEMENT_3D('',#19433,#15985,#15986);
#13459=AXIS2_PLACEMENT_3D('',#19439,#15990,#15991);
#13460=AXIS2_PLACEMENT_3D('',#19445,#15995,#15996);
#13461=AXIS2_PLACEMENT_3D('',#19454,#16001,#16002);
#13462=AXIS2_PLACEMENT_3D('',#19460,#16006,#16007);
#13463=AXIS2_PLACEMENT_3D('',#19466,#16011,#16012);
#13464=AXIS2_PLACEMENT_3D('',#19469,#16015,#16016);
#13465=AXIS2_PLACEMENT_3D('',#19472,#16019,#16020);
#13466=AXIS2_PLACEMENT_3D('',#19481,#16025,#16026);
#13467=AXIS2_PLACEMENT_3D('',#19482,#16027,#16028);
#13468=AXIS2_PLACEMENT_3D('',#19485,#16031,#16032);
#13469=AXIS2_PLACEMENT_3D('',#19487,#16034,#16035);
#13470=AXIS2_PLACEMENT_3D('',#19489,#16037,#16038);
#13471=AXIS2_PLACEMENT_3D('',#19490,#16039,#16040);
#13472=AXIS2_PLACEMENT_3D('',#19491,#16041,#16042);
#13473=AXIS2_PLACEMENT_3D('',#19500,#16047,#16048);
#13474=AXIS2_PLACEMENT_3D('',#19505,#16051,#16052);
#13475=AXIS2_PLACEMENT_3D('',#19509,#16054,#16055);
#13476=AXIS2_PLACEMENT_3D('',#19510,#16056,#16057);
#13477=AXIS2_PLACEMENT_3D('',#19516,#16061,#16062);
#13478=AXIS2_PLACEMENT_3D('',#19520,#16064,#16065);
#13479=AXIS2_PLACEMENT_3D('',#19528,#16069,#16070);
#13480=AXIS2_PLACEMENT_3D('',#19529,#16071,#16072);
#13481=AXIS2_PLACEMENT_3D('',#19535,#16076,#16077);
#13482=AXIS2_PLACEMENT_3D('',#19541,#16081,#16082);
#13483=AXIS2_PLACEMENT_3D('',#19544,#16085,#16086);
#13484=AXIS2_PLACEMENT_3D('',#19547,#16089,#16090);
#13485=AXIS2_PLACEMENT_3D('',#19558,#16097,#16098);
#13486=AXIS2_PLACEMENT_3D('',#19559,#16099,#16100);
#13487=AXIS2_PLACEMENT_3D('',#19560,#16101,#16102);
#13488=AXIS2_PLACEMENT_3D('',#19561,#16103,#16104);
#13489=AXIS2_PLACEMENT_3D('',#19562,#16105,#16106);
#13490=AXIS2_PLACEMENT_3D('',#19563,#16107,#16108);
#13491=AXIS2_PLACEMENT_3D('',#19564,#16109,#16110);
#13492=AXIS2_PLACEMENT_3D('',#19565,#16111,#16112);
#13493=AXIS2_PLACEMENT_3D('',#19566,#16113,#16114);
#13494=AXIS2_PLACEMENT_3D('',#19567,#16115,#16116);
#13495=AXIS2_PLACEMENT_3D('',#19568,#16117,#16118);
#13496=AXIS2_PLACEMENT_3D('',#19569,#16119,#16120);
#13497=AXIS2_PLACEMENT_3D('',#19570,#16121,#16122);
#13498=AXIS2_PLACEMENT_3D('',#19582,#16128,#16129);
#13499=AXIS2_PLACEMENT_3D('',#19586,#16131,#16132);
#13500=AXIS2_PLACEMENT_3D('',#19590,#16134,#16135);
#13501=AXIS2_PLACEMENT_3D('',#19594,#16137,#16138);
#13502=AXIS2_PLACEMENT_3D('',#19598,#16140,#16141);
#13503=AXIS2_PLACEMENT_3D('',#19602,#16143,#16144);
#13504=AXIS2_PLACEMENT_3D('',#19606,#16146,#16147);
#13505=AXIS2_PLACEMENT_3D('',#19610,#16149,#16150);
#13506=AXIS2_PLACEMENT_3D('',#19614,#16152,#16153);
#13507=AXIS2_PLACEMENT_3D('',#19618,#16155,#16156);
#13508=AXIS2_PLACEMENT_3D('',#19622,#16158,#16159);
#13509=AXIS2_PLACEMENT_3D('',#19626,#16161,#16162);
#13510=AXIS2_PLACEMENT_3D('',#19630,#16164,#16165);
#13511=AXIS2_PLACEMENT_3D('',#19634,#16167,#16168);
#13512=AXIS2_PLACEMENT_3D('',#19638,#16170,#16171);
#13513=AXIS2_PLACEMENT_3D('',#19642,#16173,#16174);
#13514=AXIS2_PLACEMENT_3D('',#19646,#16176,#16177);
#13515=AXIS2_PLACEMENT_3D('',#19650,#16179,#16180);
#13516=AXIS2_PLACEMENT_3D('',#19654,#16182,#16183);
#13517=AXIS2_PLACEMENT_3D('',#19658,#16185,#16186);
#13518=AXIS2_PLACEMENT_3D('',#19662,#16188,#16189);
#13519=AXIS2_PLACEMENT_3D('',#19666,#16191,#16192);
#13520=AXIS2_PLACEMENT_3D('',#19670,#16194,#16195);
#13521=AXIS2_PLACEMENT_3D('',#19674,#16197,#16198);
#13522=AXIS2_PLACEMENT_3D('',#19678,#16200,#16201);
#13523=AXIS2_PLACEMENT_3D('',#19682,#16203,#16204);
#13524=AXIS2_PLACEMENT_3D('',#19686,#16206,#16207);
#13525=AXIS2_PLACEMENT_3D('',#19690,#16209,#16210);
#13526=AXIS2_PLACEMENT_3D('',#19694,#16212,#16213);
#13527=AXIS2_PLACEMENT_3D('',#19698,#16215,#16216);
#13528=AXIS2_PLACEMENT_3D('',#19702,#16218,#16219);
#13529=AXIS2_PLACEMENT_3D('',#19706,#16221,#16222);
#13530=AXIS2_PLACEMENT_3D('',#19710,#16224,#16225);
#13531=AXIS2_PLACEMENT_3D('',#19714,#16227,#16228);
#13532=AXIS2_PLACEMENT_3D('',#19718,#16230,#16231);
#13533=AXIS2_PLACEMENT_3D('',#19722,#16233,#16234);
#13534=AXIS2_PLACEMENT_3D('',#19726,#16236,#16237);
#13535=AXIS2_PLACEMENT_3D('',#19730,#16239,#16240);
#13536=AXIS2_PLACEMENT_3D('',#19734,#16242,#16243);
#13537=AXIS2_PLACEMENT_3D('',#19738,#16245,#16246);
#13538=AXIS2_PLACEMENT_3D('',#19742,#16248,#16249);
#13539=AXIS2_PLACEMENT_3D('',#19746,#16251,#16252);
#13540=AXIS2_PLACEMENT_3D('',#19747,#16253,#16254);
#13541=AXIS2_PLACEMENT_3D('',#19748,#16255,#16256);
#13542=AXIS2_PLACEMENT_3D('',#19753,#16258,#16259);
#13543=AXIS2_PLACEMENT_3D('',#19756,#16261,#16262);
#13544=AXIS2_PLACEMENT_3D('',#19761,#16264,#16265);
#13545=AXIS2_PLACEMENT_3D('',#19764,#16267,#16268);
#13546=AXIS2_PLACEMENT_3D('',#19769,#16270,#16271);
#13547=AXIS2_PLACEMENT_3D('',#19772,#16273,#16274);
#13548=AXIS2_PLACEMENT_3D('',#19777,#16276,#16277);
#13549=AXIS2_PLACEMENT_3D('',#19780,#16279,#16280);
#13550=AXIS2_PLACEMENT_3D('',#19785,#16282,#16283);
#13551=AXIS2_PLACEMENT_3D('',#19788,#16285,#16286);
#13552=AXIS2_PLACEMENT_3D('',#19793,#16288,#16289);
#13553=AXIS2_PLACEMENT_3D('',#19796,#16291,#16292);
#13554=AXIS2_PLACEMENT_3D('',#19801,#16294,#16295);
#13555=AXIS2_PLACEMENT_3D('',#19804,#16297,#16298);
#13556=AXIS2_PLACEMENT_3D('',#19809,#16300,#16301);
#13557=AXIS2_PLACEMENT_3D('',#19812,#16303,#16304);
#13558=AXIS2_PLACEMENT_3D('',#19817,#16306,#16307);
#13559=AXIS2_PLACEMENT_3D('',#19820,#16309,#16310);
#13560=AXIS2_PLACEMENT_3D('',#19825,#16312,#16313);
#13561=AXIS2_PLACEMENT_3D('',#19836,#16319,#16320);
#13562=AXIS2_PLACEMENT_3D('',#19841,#16322,#16323);
#13563=AXIS2_PLACEMENT_3D('',#19844,#16325,#16326);
#13564=AXIS2_PLACEMENT_3D('',#19849,#16328,#16329);
#13565=AXIS2_PLACEMENT_3D('',#19852,#16331,#16332);
#13566=AXIS2_PLACEMENT_3D('',#19857,#16334,#16335);
#13567=AXIS2_PLACEMENT_3D('',#19860,#16337,#16338);
#13568=AXIS2_PLACEMENT_3D('',#19865,#16340,#16341);
#13569=AXIS2_PLACEMENT_3D('',#19868,#16343,#16344);
#13570=AXIS2_PLACEMENT_3D('',#19873,#16346,#16347);
#13571=AXIS2_PLACEMENT_3D('',#19876,#16349,#16350);
#13572=AXIS2_PLACEMENT_3D('',#19881,#16352,#16353);
#13573=AXIS2_PLACEMENT_3D('',#19884,#16355,#16356);
#13574=AXIS2_PLACEMENT_3D('',#19889,#16358,#16359);
#13575=AXIS2_PLACEMENT_3D('',#19892,#16361,#16362);
#13576=AXIS2_PLACEMENT_3D('',#19897,#16364,#16365);
#13577=AXIS2_PLACEMENT_3D('',#19900,#16367,#16368);
#13578=AXIS2_PLACEMENT_3D('',#19905,#16370,#16371);
#13579=AXIS2_PLACEMENT_3D('',#19908,#16373,#16374);
#13580=AXIS2_PLACEMENT_3D('',#19913,#16376,#16377);
#13581=AXIS2_PLACEMENT_3D('',#19916,#16379,#16380);
#13582=AXIS2_PLACEMENT_3D('',#19921,#16382,#16383);
#13583=AXIS2_PLACEMENT_3D('',#19924,#16385,#16386);
#13584=AXIS2_PLACEMENT_3D('',#19927,#16389,#16390);
#13585=AXIS2_PLACEMENT_3D('',#19929,#16392,#16393);
#13586=AXIS2_PLACEMENT_3D('',#19931,#16395,#16396);
#13587=AXIS2_PLACEMENT_3D('',#19932,#16397,#16398);
#13588=AXIS2_PLACEMENT_3D('',#19935,#16401,#16402);
#13589=AXIS2_PLACEMENT_3D('',#19937,#16404,#16405);
#13590=AXIS2_PLACEMENT_3D('',#19939,#16407,#16408);
#13591=AXIS2_PLACEMENT_3D('',#19940,#16409,#16410);
#13592=AXIS2_PLACEMENT_3D('',#19943,#16413,#16414);
#13593=AXIS2_PLACEMENT_3D('',#19945,#16416,#16417);
#13594=AXIS2_PLACEMENT_3D('',#19947,#16419,#16420);
#13595=AXIS2_PLACEMENT_3D('',#19948,#16421,#16422);
#13596=AXIS2_PLACEMENT_3D('',#19951,#16425,#16426);
#13597=AXIS2_PLACEMENT_3D('',#19953,#16428,#16429);
#13598=AXIS2_PLACEMENT_3D('',#19955,#16431,#16432);
#13599=AXIS2_PLACEMENT_3D('',#19956,#16433,#16434);
#13600=AXIS2_PLACEMENT_3D('',#19959,#16437,#16438);
#13601=AXIS2_PLACEMENT_3D('',#19961,#16440,#16441);
#13602=AXIS2_PLACEMENT_3D('',#19963,#16443,#16444);
#13603=AXIS2_PLACEMENT_3D('',#19964,#16445,#16446);
#13604=AXIS2_PLACEMENT_3D('',#19967,#16449,#16450);
#13605=AXIS2_PLACEMENT_3D('',#19969,#16452,#16453);
#13606=AXIS2_PLACEMENT_3D('',#19971,#16455,#16456);
#13607=AXIS2_PLACEMENT_3D('',#19972,#16457,#16458);
#13608=AXIS2_PLACEMENT_3D('',#19975,#16461,#16462);
#13609=AXIS2_PLACEMENT_3D('',#19977,#16464,#16465);
#13610=AXIS2_PLACEMENT_3D('',#19979,#16467,#16468);
#13611=AXIS2_PLACEMENT_3D('',#19980,#16469,#16470);
#13612=AXIS2_PLACEMENT_3D('',#19983,#16473,#16474);
#13613=AXIS2_PLACEMENT_3D('',#19985,#16476,#16477);
#13614=AXIS2_PLACEMENT_3D('',#19987,#16479,#16480);
#13615=AXIS2_PLACEMENT_3D('',#19988,#16481,#16482);
#13616=AXIS2_PLACEMENT_3D('',#19991,#16485,#16486);
#13617=AXIS2_PLACEMENT_3D('',#19993,#16488,#16489);
#13618=AXIS2_PLACEMENT_3D('',#19995,#16491,#16492);
#13619=AXIS2_PLACEMENT_3D('',#19996,#16493,#16494);
#13620=AXIS2_PLACEMENT_3D('',#19999,#16497,#16498);
#13621=AXIS2_PLACEMENT_3D('',#20001,#16500,#16501);
#13622=AXIS2_PLACEMENT_3D('',#20003,#16503,#16504);
#13623=AXIS2_PLACEMENT_3D('',#20004,#16505,#16506);
#13624=AXIS2_PLACEMENT_3D('',#20007,#16509,#16510);
#13625=AXIS2_PLACEMENT_3D('',#20009,#16512,#16513);
#13626=AXIS2_PLACEMENT_3D('',#20011,#16515,#16516);
#13627=AXIS2_PLACEMENT_3D('',#20012,#16517,#16518);
#13628=AXIS2_PLACEMENT_3D('',#20015,#16521,#16522);
#13629=AXIS2_PLACEMENT_3D('',#20017,#16524,#16525);
#13630=AXIS2_PLACEMENT_3D('',#20019,#16527,#16528);
#13631=AXIS2_PLACEMENT_3D('',#20020,#16529,#16530);
#13632=AXIS2_PLACEMENT_3D('',#20023,#16533,#16534);
#13633=AXIS2_PLACEMENT_3D('',#20025,#16536,#16537);
#13634=AXIS2_PLACEMENT_3D('',#20027,#16539,#16540);
#13635=AXIS2_PLACEMENT_3D('',#20028,#16541,#16542);
#13636=AXIS2_PLACEMENT_3D('',#20031,#16545,#16546);
#13637=AXIS2_PLACEMENT_3D('',#20033,#16548,#16549);
#13638=AXIS2_PLACEMENT_3D('',#20035,#16551,#16552);
#13639=AXIS2_PLACEMENT_3D('',#20036,#16553,#16554);
#13640=AXIS2_PLACEMENT_3D('',#20039,#16557,#16558);
#13641=AXIS2_PLACEMENT_3D('',#20041,#16560,#16561);
#13642=AXIS2_PLACEMENT_3D('',#20043,#16563,#16564);
#13643=AXIS2_PLACEMENT_3D('',#20044,#16565,#16566);
#13644=AXIS2_PLACEMENT_3D('',#20047,#16569,#16570);
#13645=AXIS2_PLACEMENT_3D('',#20049,#16572,#16573);
#13646=AXIS2_PLACEMENT_3D('',#20051,#16575,#16576);
#13647=AXIS2_PLACEMENT_3D('',#20052,#16577,#16578);
#13648=AXIS2_PLACEMENT_3D('',#20055,#16581,#16582);
#13649=AXIS2_PLACEMENT_3D('',#20057,#16584,#16585);
#13650=AXIS2_PLACEMENT_3D('',#20059,#16587,#16588);
#13651=AXIS2_PLACEMENT_3D('',#20060,#16589,#16590);
#13652=AXIS2_PLACEMENT_3D('',#20063,#16593,#16594);
#13653=AXIS2_PLACEMENT_3D('',#20065,#16596,#16597);
#13654=AXIS2_PLACEMENT_3D('',#20067,#16599,#16600);
#13655=AXIS2_PLACEMENT_3D('',#20068,#16601,#16602);
#13656=AXIS2_PLACEMENT_3D('',#20071,#16605,#16606);
#13657=AXIS2_PLACEMENT_3D('',#20073,#16608,#16609);
#13658=AXIS2_PLACEMENT_3D('',#20075,#16611,#16612);
#13659=AXIS2_PLACEMENT_3D('',#20076,#16613,#16614);
#13660=AXIS2_PLACEMENT_3D('',#20079,#16617,#16618);
#13661=AXIS2_PLACEMENT_3D('',#20081,#16620,#16621);
#13662=AXIS2_PLACEMENT_3D('',#20083,#16623,#16624);
#13663=AXIS2_PLACEMENT_3D('',#20084,#16625,#16626);
#13664=AXIS2_PLACEMENT_3D('',#20087,#16629,#16630);
#13665=AXIS2_PLACEMENT_3D('',#20089,#16632,#16633);
#13666=AXIS2_PLACEMENT_3D('',#20091,#16635,#16636);
#13667=AXIS2_PLACEMENT_3D('',#20092,#16637,#16638);
#13668=AXIS2_PLACEMENT_3D('',#20095,#16641,#16642);
#13669=AXIS2_PLACEMENT_3D('',#20097,#16644,#16645);
#13670=AXIS2_PLACEMENT_3D('',#20099,#16647,#16648);
#13671=AXIS2_PLACEMENT_3D('',#20100,#16649,#16650);
#13672=AXIS2_PLACEMENT_3D('',#20101,#16651,#16652);
#13673=AXIS2_PLACEMENT_3D('',#20102,#16653,#16654);
#13674=AXIS2_PLACEMENT_3D('',#20104,#16655,#16656);
#13675=AXIS2_PLACEMENT_3D('',#20106,#16657,#16658);
#13676=AXIS2_PLACEMENT_3D('',#20107,#16659,#16660);
#13677=AXIS2_PLACEMENT_3D('',#20109,#16661,#16662);
#13678=AXIS2_PLACEMENT_3D('',#20110,#16663,#16664);
#13679=AXIS2_PLACEMENT_3D('',#20112,#16665,#16666);
#13680=AXIS2_PLACEMENT_3D('',#20113,#16667,#16668);
#13681=AXIS2_PLACEMENT_3D('',#20114,#16669,#16670);
#13682=AXIS2_PLACEMENT_3D('',#20115,#16671,#16672);
#13683=AXIS2_PLACEMENT_3D('',#20117,#16673,#16674);
#13684=AXIS2_PLACEMENT_3D('',#20119,#16675,#16676);
#13685=AXIS2_PLACEMENT_3D('',#20120,#16677,#16678);
#13686=AXIS2_PLACEMENT_3D('',#20122,#16679,#16680);
#13687=AXIS2_PLACEMENT_3D('',#20123,#16681,#16682);
#13688=AXIS2_PLACEMENT_3D('',#20128,#16684,#16685);
#13689=AXIS2_PLACEMENT_3D('',#20131,#16687,#16688);
#13690=AXIS2_PLACEMENT_3D('',#20134,#16690,#16691);
#13691=AXIS2_PLACEMENT_3D('',#20137,#16693,#16694);
#13692=AXIS2_PLACEMENT_3D('',#20141,#16697,#16698);
#13693=AXIS2_PLACEMENT_3D('',#20144,#16700,#16701);
#13694=AXIS2_PLACEMENT_3D('',#20145,#16702,#16703);
#13695=AXIS2_PLACEMENT_3D('',#20147,#16705,#16706);
#13696=AXIS2_PLACEMENT_3D('',#20148,#16707,#16708);
#13697=AXIS2_PLACEMENT_3D('',#20149,#16709,#16710);
#13698=AXIS2_PLACEMENT_3D('',#20158,#16715,#16716);
#13699=AXIS2_PLACEMENT_3D('',#20164,#16720,#16721);
#13700=AXIS2_PLACEMENT_3D('',#20170,#16725,#16726);
#13701=AXIS2_PLACEMENT_3D('',#20171,#16727,#16728);
#13702=AXIS2_PLACEMENT_3D('',#20173,#16729,#16730);
#13703=AXIS2_PLACEMENT_3D('',#20175,#16731,#16732);
#13704=AXIS2_PLACEMENT_3D('',#20176,#16733,#16734);
#13705=AXIS2_PLACEMENT_3D('',#20178,#16735,#16736);
#13706=AXIS2_PLACEMENT_3D('',#20180,#16737,#16738);
#13707=AXIS2_PLACEMENT_3D('',#20181,#16739,#16740);
#13708=AXIS2_PLACEMENT_3D('',#20183,#16741,#16742);
#13709=AXIS2_PLACEMENT_3D('',#20185,#16743,#16744);
#13710=AXIS2_PLACEMENT_3D('',#20186,#16745,#16746);
#13711=AXIS2_PLACEMENT_3D('',#20188,#16747,#16748);
#13712=AXIS2_PLACEMENT_3D('',#20190,#16749,#16750);
#13713=AXIS2_PLACEMENT_3D('',#20193,#16753,#16754);
#13714=AXIS2_PLACEMENT_3D('',#20210,#16763,#16764);
#13715=AXIS2_PLACEMENT_3D('',#20216,#16768,#16769);
#13716=AXIS2_PLACEMENT_3D('',#20220,#16772,#16773);
#13717=AXIS2_PLACEMENT_3D('',#20224,#16776,#16777);
#13718=AXIS2_PLACEMENT_3D('',#20226,#16779,#16780);
#13719=AXIS2_PLACEMENT_3D('',#20235,#16785,#16786);
#13720=AXIS2_PLACEMENT_3D('',#20241,#16790,#16791);
#13721=AXIS2_PLACEMENT_3D('',#20245,#16794,#16795);
#13722=AXIS2_PLACEMENT_3D('',#20249,#16798,#16799);
#13723=AXIS2_PLACEMENT_3D('',#20251,#16801,#16802);
#13724=AXIS2_PLACEMENT_3D('',#20252,#16803,#16804);
#13725=AXIS2_PLACEMENT_3D('',#20255,#16807,#16808);
#13726=AXIS2_PLACEMENT_3D('',#20257,#16810,#16811);
#13727=AXIS2_PLACEMENT_3D('',#20259,#16813,#16814);
#13728=AXIS2_PLACEMENT_3D('',#20260,#16815,#16816);
#13729=AXIS2_PLACEMENT_3D('',#20261,#16817,#16818);
#13730=AXIS2_PLACEMENT_3D('',#20298,#16837,#16838);
#13731=AXIS2_PLACEMENT_3D('',#20299,#16839,#16840);
#13732=AXIS2_PLACEMENT_3D('',#20329,#16855,#16856);
#13733=AXIS2_PLACEMENT_3D('',#20335,#16860,#16861);
#13734=AXIS2_PLACEMENT_3D('',#20341,#16865,#16866);
#13735=AXIS2_PLACEMENT_3D('',#20347,#16870,#16871);
#13736=AXIS2_PLACEMENT_3D('',#20348,#16872,#16873);
#13737=AXIS2_PLACEMENT_3D('',#20350,#16874,#16875);
#13738=AXIS2_PLACEMENT_3D('',#20352,#16876,#16877);
#13739=AXIS2_PLACEMENT_3D('',#20390,#16898,#16899);
#13740=AXIS2_PLACEMENT_3D('',#20428,#16919,#16920);
#13741=AXIS2_PLACEMENT_3D('',#20442,#16929,#16930);
#13742=AXIS2_PLACEMENT_3D('',#20443,#16931,#16932);
#13743=AXIS2_PLACEMENT_3D('',#20480,#16953,#16954);
#13744=AXIS2_PLACEMENT_3D('',#20484,#16957,#16958);
#13745=AXIS2_PLACEMENT_3D('',#20488,#16961,#16962);
#13746=AXIS2_PLACEMENT_3D('',#20489,#16963,#16964);
#13747=AXIS2_PLACEMENT_3D('',#20492,#16966,#16967);
#13748=AXIS2_PLACEMENT_3D('',#20501,#16973,#16974);
#13749=AXIS2_PLACEMENT_3D('',#20503,#16976,#16977);
#13750=AXIS2_PLACEMENT_3D('',#20505,#16979,#16980);
#13751=AXIS2_PLACEMENT_3D('',#20506,#16981,#16982);
#13752=AXIS2_PLACEMENT_3D('',#20507,#16983,#16984);
#13753=AXIS2_PLACEMENT_3D('',#20510,#16986,#16987);
#13754=AXIS2_PLACEMENT_3D('',#20511,#16988,#16989);
#13755=AXIS2_PLACEMENT_3D('',#20517,#16993,#16994);
#13756=AXIS2_PLACEMENT_3D('',#20519,#16996,#16997);
#13757=AXIS2_PLACEMENT_3D('',#20521,#16999,#17000);
#13758=AXIS2_PLACEMENT_3D('',#20522,#17001,#17002);
#13759=AXIS2_PLACEMENT_3D('',#20528,#17006,#17007);
#13760=AXIS2_PLACEMENT_3D('',#20530,#17009,#17010);
#13761=AXIS2_PLACEMENT_3D('',#20532,#17012,#17013);
#13762=AXIS2_PLACEMENT_3D('',#20533,#17014,#17015);
#13763=AXIS2_PLACEMENT_3D('',#20537,#17018,#17019);
#13764=AXIS2_PLACEMENT_3D('',#20541,#17022,#17023);
#13765=AXIS2_PLACEMENT_3D('',#20543,#17025,#17026);
#13766=AXIS2_PLACEMENT_3D('',#20544,#17027,#17028);
#13767=AXIS2_PLACEMENT_3D('',#20548,#17032,#17033);
#13768=AXIS2_PLACEMENT_3D('',#20551,#17036,#17037);
#13769=AXIS2_PLACEMENT_3D('',#20552,#17038,#17039);
#13770=AXIS2_PLACEMENT_3D('',#20553,#17040,#17041);
#13771=AXIS2_PLACEMENT_3D('',#20554,#17042,#17043);
#13772=AXIS2_PLACEMENT_3D('',#20556,#17045,#17046);
#13773=AXIS2_PLACEMENT_3D('',#20558,#17048,#17049);
#13774=AXIS2_PLACEMENT_3D('',#20559,#17050,#17051);
#13775=AXIS2_PLACEMENT_3D('',#20560,#17052,#17053);
#13776=AXIS2_PLACEMENT_3D('',#20561,#17054,#17055);
#13777=AXIS2_PLACEMENT_3D('',#20570,#17060,#17061);
#13778=AXIS2_PLACEMENT_3D('',#20576,#17065,#17066);
#13779=AXIS2_PLACEMENT_3D('',#20582,#17070,#17071);
#13780=AXIS2_PLACEMENT_3D('',#20588,#17075,#17076);
#13781=AXIS2_PLACEMENT_3D('',#20592,#17079,#17080);
#13782=AXIS2_PLACEMENT_3D('',#20593,#17081,#17082);
#13783=AXIS2_PLACEMENT_3D('',#20598,#17085,#17086);
#13784=AXIS2_PLACEMENT_3D('',#20600,#17088,#17089);
#13785=AXIS2_PLACEMENT_3D('',#20601,#17090,#17091);
#13786=AXIS2_PLACEMENT_3D('',#20605,#17094,#17095);
#13787=AXIS2_PLACEMENT_3D('',#20606,#17096,#17097);
#13788=AXIS2_PLACEMENT_3D('',#20607,#17098,#17099);
#13789=AXIS2_PLACEMENT_3D('',#20608,#17100,#17101);
#13790=AXIS2_PLACEMENT_3D('',#20611,#17104,#17105);
#13791=AXIS2_PLACEMENT_3D('',#20615,#17108,#17109);
#13792=AXIS2_PLACEMENT_3D('',#20619,#17112,#17113);
#13793=AXIS2_PLACEMENT_3D('',#20621,#17115,#17116);
#13794=AXIS2_PLACEMENT_3D('',#20624,#17119,#17120);
#13795=AXIS2_PLACEMENT_3D('',#20625,#17121,#17122);
#13796=AXIS2_PLACEMENT_3D('',#20626,#17123,#17124);
#13797=AXIS2_PLACEMENT_3D('',#20630,#17127,#17128);
#13798=AXIS2_PLACEMENT_3D('',#20634,#17131,#17132);
#13799=AXIS2_PLACEMENT_3D('',#20636,#17134,#17135);
#13800=AXIS2_PLACEMENT_3D('',#20639,#17138,#17139);
#13801=AXIS2_PLACEMENT_3D('',#20642,#17142,#17143);
#13802=AXIS2_PLACEMENT_3D('',#20643,#17144,#17145);
#13803=AXIS2_PLACEMENT_3D('',#20644,#17146,#17147);
#13804=AXIS2_PLACEMENT_3D('',#20645,#17148,#17149);
#13805=AXIS2_PLACEMENT_3D('',#20646,#17150,#17151);
#13806=AXIS2_PLACEMENT_3D('',#20647,#17152,#17153);
#13807=AXIS2_PLACEMENT_3D('',#20649,#17154,#17155);
#13808=AXIS2_PLACEMENT_3D('',#20651,#17156,#17157);
#13809=AXIS2_PLACEMENT_3D('',#20652,#17158,#17159);
#13810=AXIS2_PLACEMENT_3D('',#20654,#17160,#17161);
#13811=AXIS2_PLACEMENT_3D('',#20656,#17162,#17163);
#13812=AXIS2_PLACEMENT_3D('',#20657,#17164,#17165);
#13813=AXIS2_PLACEMENT_3D('',#20659,#17166,#17167);
#13814=AXIS2_PLACEMENT_3D('',#20660,#17168,#17169);
#13815=AXIS2_PLACEMENT_3D('',#20661,#17170,#17171);
#13816=AXIS2_PLACEMENT_3D('',#20662,#17172,#17173);
#13817=AXIS2_PLACEMENT_3D('',#20663,#17174,#17175);
#13818=AXIS2_PLACEMENT_3D('',#20665,#17176,#17177);
#13819=AXIS2_PLACEMENT_3D('',#20667,#17178,#17179);
#13820=AXIS2_PLACEMENT_3D('',#20668,#17180,#17181);
#13821=AXIS2_PLACEMENT_3D('',#20670,#17182,#17183);
#13822=AXIS2_PLACEMENT_3D('',#20672,#17184,#17185);
#13823=AXIS2_PLACEMENT_3D('',#20673,#17186,#17187);
#13824=AXIS2_PLACEMENT_3D('',#20675,#17188,#17189);
#13825=AXIS2_PLACEMENT_3D('',#20676,#17190,#17191);
#13826=AXIS2_PLACEMENT_3D('',#20677,#17192,#17193);
#13827=AXIS2_PLACEMENT_3D('',#20679,#17194,#17195);
#13828=AXIS2_PLACEMENT_3D('',#20680,#17196,#17197);
#13829=AXIS2_PLACEMENT_3D('',#20681,#17198,#17199);
#13830=AXIS2_PLACEMENT_3D('',#20690,#17204,#17205);
#13831=AXIS2_PLACEMENT_3D('',#20699,#17210,#17211);
#13832=AXIS2_PLACEMENT_3D('',#20703,#17213,#17214);
#13833=AXIS2_PLACEMENT_3D('',#20707,#17216,#17217);
#13834=AXIS2_PLACEMENT_3D('',#20711,#17219,#17220);
#13835=AXIS2_PLACEMENT_3D('',#20715,#17222,#17223);
#13836=AXIS2_PLACEMENT_3D('',#20724,#17228,#17229);
#13837=AXIS2_PLACEMENT_3D('',#20733,#17234,#17235);
#13838=AXIS2_PLACEMENT_3D('',#20750,#17244,#17245);
#13839=AXIS2_PLACEMENT_3D('',#20751,#17246,#17247);
#13840=AXIS2_PLACEMENT_3D('',#20752,#17248,#17249);
#13841=AXIS2_PLACEMENT_3D('',#20753,#17250,#17251);
#13842=AXIS2_PLACEMENT_3D('',#20754,#17252,#17253);
#13843=AXIS2_PLACEMENT_3D('',#20755,#17254,#17255);
#13844=AXIS2_PLACEMENT_3D('',#20756,#17256,#17257);
#13845=AXIS2_PLACEMENT_3D('',#20757,#17258,#17259);
#13846=AXIS2_PLACEMENT_3D('',#20759,#17260,#17261);
#13847=AXIS2_PLACEMENT_3D('',#20763,#17263,#17264);
#13848=AXIS2_PLACEMENT_3D('',#20767,#17266,#17267);
#13849=AXIS2_PLACEMENT_3D('',#20770,#17269,#17270);
#13850=AXIS2_PLACEMENT_3D('',#20771,#17271,#17272);
#13851=AXIS2_PLACEMENT_3D('',#20775,#17274,#17275);
#13852=AXIS2_PLACEMENT_3D('',#20776,#17276,#17277);
#13853=AXIS2_PLACEMENT_3D('',#20786,#17283,#17284);
#13854=AXIS2_PLACEMENT_3D('',#20798,#17291,#17292);
#13855=AXIS2_PLACEMENT_3D('',#20799,#17293,#17294);
#13856=AXIS2_PLACEMENT_3D('',#20801,#17295,#17296);
#13857=AXIS2_PLACEMENT_3D('',#20803,#17297,#17298);
#13858=AXIS2_PLACEMENT_3D('',#20805,#17299,#17300);
#13859=AXIS2_PLACEMENT_3D('',#20814,#17305,#17306);
#13860=AXIS2_PLACEMENT_3D('',#20818,#17308,#17309);
#13861=AXIS2_PLACEMENT_3D('',#20822,#17311,#17312);
#13862=AXIS2_PLACEMENT_3D('',#20826,#17314,#17315);
#13863=AXIS2_PLACEMENT_3D('',#20832,#17319,#17320);
#13864=AXIS2_PLACEMENT_3D('',#20848,#17330,#17331);
#13865=AXIS2_PLACEMENT_3D('',#20849,#17332,#17333);
#13866=AXIS2_PLACEMENT_3D('',#20854,#17335,#17336);
#13867=AXIS2_PLACEMENT_3D('',#20858,#17338,#17339);
#13868=AXIS2_PLACEMENT_3D('',#20862,#17341,#17342);
#13869=AXIS2_PLACEMENT_3D('',#20870,#17347,#17348);
#13870=AXIS2_PLACEMENT_3D('',#20873,#17350,#17351);
#13871=AXIS2_PLACEMENT_3D('',#20874,#17352,#17353);
#13872=AXIS2_PLACEMENT_3D('',#20875,#17354,#17355);
#13873=AXIS2_PLACEMENT_3D('',#20878,#17357,#17358);
#13874=AXIS2_PLACEMENT_3D('',#20881,#17360,#17361);
#13875=AXIS2_PLACEMENT_3D('',#20882,#17362,#17363);
#13876=AXIS2_PLACEMENT_3D('',#20886,#17366,#17367);
#13877=AXIS2_PLACEMENT_3D('',#20887,#17368,#17369);
#13878=AXIS2_PLACEMENT_3D('',#20888,#17370,#17371);
#13879=AXIS2_PLACEMENT_3D('',#20889,#17372,#17373);
#13880=AXIS2_PLACEMENT_3D('',#20899,#17378,#17379);
#13881=AXIS2_PLACEMENT_3D('',#20902,#17381,#17382);
#13882=AXIS2_PLACEMENT_3D('',#20905,#17385,#17386);
#13883=AXIS2_PLACEMENT_3D('',#20907,#17388,#17389);
#13884=AXIS2_PLACEMENT_3D('',#20909,#17391,#17392);
#13885=AXIS2_PLACEMENT_3D('',#20911,#17394,#17395);
#13886=AXIS2_PLACEMENT_3D('',#20913,#17397,#17398);
#13887=AXIS2_PLACEMENT_3D('',#20915,#17400,#17401);
#13888=AXIS2_PLACEMENT_3D('',#20917,#17403,#17404);
#13889=AXIS2_PLACEMENT_3D('',#20918,#17405,#17406);
#13890=AXIS2_PLACEMENT_3D('',#20919,#17407,#17408);
#13891=AXIS2_PLACEMENT_3D('',#20922,#17411,#17412);
#13892=AXIS2_PLACEMENT_3D('',#20925,#17415,#17416);
#13893=AXIS2_PLACEMENT_3D('',#20926,#17417,#17418);
#13894=AXIS2_PLACEMENT_3D('',#20927,#17419,#17420);
#13895=AXIS2_PLACEMENT_3D('',#20930,#17423,#17424);
#13896=AXIS2_PLACEMENT_3D('',#20931,#17425,#17426);
#13897=AXIS2_PLACEMENT_3D('',#20934,#17429,#17430);
#13898=AXIS2_PLACEMENT_3D('',#20935,#17431,#17432);
#13899=AXIS2_PLACEMENT_3D('',#20937,#17434,#17435);
#13900=AXIS2_PLACEMENT_3D('',#20939,#17437,#17438);
#13901=AXIS2_PLACEMENT_3D('',#20942,#17441,#17442);
#13902=AXIS2_PLACEMENT_3D('',#20944,#17444,#17445);
#13903=AXIS2_PLACEMENT_3D('',#20945,#17446,#17447);
#13904=AXIS2_PLACEMENT_3D('',#20946,#17448,#17449);
#13905=AXIS2_PLACEMENT_3D('',#20948,#17450,#17451);
#13906=AXIS2_PLACEMENT_3D('',#20949,#17452,#17453);
#13907=AXIS2_PLACEMENT_3D('',#20950,#17454,#17455);
#13908=AXIS2_PLACEMENT_3D('',#20952,#17456,#17457);
#13909=AXIS2_PLACEMENT_3D('',#20953,#17458,#17459);
#13910=AXIS2_PLACEMENT_3D('',#20954,#17460,#17461);
#13911=AXIS2_PLACEMENT_3D('',#20956,#17462,#17463);
#13912=AXIS2_PLACEMENT_3D('',#20957,#17464,#17465);
#13913=AXIS2_PLACEMENT_3D('',#20958,#17466,#17467);
#13914=AXIS2_PLACEMENT_3D('',#20960,#17468,#17469);
#13915=AXIS2_PLACEMENT_3D('',#20961,#17470,#17471);
#13916=AXIS2_PLACEMENT_3D('',#20962,#17472,#17473);
#13917=AXIS2_PLACEMENT_3D('',#20963,#17474,#17475);
#13918=AXIS2_PLACEMENT_3D('',#20966,#17477,#17478);
#13919=AXIS2_PLACEMENT_3D('',#20967,#17479,#17480);
#13920=AXIS2_PLACEMENT_3D('',#20970,#17482,#17483);
#13921=AXIS2_PLACEMENT_3D('',#20972,#17485,#17486);
#13922=AXIS2_PLACEMENT_3D('',#20973,#17487,#17488);
#13923=AXIS2_PLACEMENT_3D('',#20974,#17489,#17490);
#13924=AXIS2_PLACEMENT_3D('',#20983,#17495,#17496);
#13925=AXIS2_PLACEMENT_3D('',#20989,#17500,#17501);
#13926=AXIS2_PLACEMENT_3D('',#20995,#17505,#17506);
#13927=AXIS2_PLACEMENT_3D('',#21004,#17511,#17512);
#13928=AXIS2_PLACEMENT_3D('',#21010,#17516,#17517);
#13929=AXIS2_PLACEMENT_3D('',#21016,#17521,#17522);
#13930=AXIS2_PLACEMENT_3D('',#21019,#17525,#17526);
#13931=AXIS2_PLACEMENT_3D('',#21022,#17529,#17530);
#13932=AXIS2_PLACEMENT_3D('',#21031,#17535,#17536);
#13933=AXIS2_PLACEMENT_3D('',#21032,#17537,#17538);
#13934=AXIS2_PLACEMENT_3D('',#21035,#17541,#17542);
#13935=AXIS2_PLACEMENT_3D('',#21037,#17544,#17545);
#13936=AXIS2_PLACEMENT_3D('',#21039,#17547,#17548);
#13937=DIRECTION('',(0.,0.,1.));
#13938=DIRECTION('',(1.,0.,0.));
#13939=DIRECTION('',(0.,0.,1.));
#13940=DIRECTION('',(1.,0.,0.));
#13941=DIRECTION('',(1.,0.,0.));
#13942=DIRECTION('',(0.,0.,1.));
#13943=DIRECTION('',(1.,0.,0.));
#13944=DIRECTION('',(1.36592399683213E-16,-1.,0.));
#13945=DIRECTION('',(0.,0.,1.));
#13946=DIRECTION('',(1.,0.,0.));
#13947=DIRECTION('',(1.,1.36592399683213E-16,0.));
#13948=DIRECTION('',(0.,0.,1.));
#13949=DIRECTION('',(1.,0.,0.));
#13950=DIRECTION('',(1.36592399683213E-16,-1.,0.));
#13951=DIRECTION('',(0.,0.,1.));
#13952=DIRECTION('',(1.,0.,0.));
#13953=DIRECTION('',(-1.,-1.56105599637958E-16,0.));
#13954=DIRECTION('',(1.56105599637958E-16,-1.,0.));
#13955=DIRECTION('',(-1.56105599637958E-16,1.,0.));
#13956=DIRECTION('',(0.,0.,-1.));
#13957=DIRECTION('',(-1.56105599637958E-16,1.,0.));
#13958=DIRECTION('',(0.,0.,-1.));
#13959=DIRECTION('',(-1.,-1.56105599637958E-16,0.));
#13960=DIRECTION('',(1.56105599637958E-16,-1.,0.));
#13961=DIRECTION('',(1.56105599637958E-16,-1.,0.));
#13962=DIRECTION('',(0.,0.,1.));
#13963=DIRECTION('',(1.56105599637958E-16,-1.,0.));
#13964=DIRECTION('',(0.,0.,1.));
#13965=DIRECTION('',(-1.,-1.56105599637958E-16,0.));
#13966=DIRECTION('',(1.56105599637958E-16,-1.,0.));
#13967=DIRECTION('',(-1.,-1.56105599637958E-16,0.));
#13968=DIRECTION('',(1.56105599637958E-16,-1.,0.));
#13969=DIRECTION('',(-1.56105599637958E-16,1.,0.));
#13970=DIRECTION('',(-1.,-1.56105599637958E-16,0.));
#13971=DIRECTION('',(1.56105599637958E-16,-1.,0.));
#13972=DIRECTION('',(0.,0.,-1.));
#13973=DIRECTION('',(-1.,-1.56105599637958E-16,0.));
#13974=DIRECTION('',(1.56105599637958E-16,-1.,0.));
#13975=DIRECTION('',(-1.56105599637958E-16,1.,0.));
#13976=DIRECTION('',(-1.,-1.56105599637958E-16,0.));
#13977=DIRECTION('',(1.56105599637958E-16,-1.,0.));
#13978=DIRECTION('',(0.,0.,-1.));
#13979=DIRECTION('',(0.,0.,-1.));
#13980=DIRECTION('',(-1.56105599637958E-16,1.,0.));
#13981=DIRECTION('',(0.,0.,-1.));
#13982=DIRECTION('',(-1.56105599637958E-16,1.,0.));
#13983=DIRECTION('',(0.,0.,-1.));
#13984=DIRECTION('',(-1.,0.,0.));
#13985=DIRECTION('',(0.,0.,1.));
#13986=DIRECTION('',(1.,0.,0.));
#13987=DIRECTION('',(0.,0.,-1.));
#13988=DIRECTION('',(0.,0.,1.));
#13989=DIRECTION('',(1.,0.,0.));
#13990=DIRECTION('',(0.,0.,-1.));
#13991=DIRECTION('',(-1.,0.,0.));
#13992=DIRECTION('',(0.,0.,-1.));
#13993=DIRECTION('',(0.,0.,1.));
#13994=DIRECTION('',(1.,0.,0.));
#13995=DIRECTION('',(0.,0.,1.));
#13996=DIRECTION('',(1.,0.,0.));
#13997=DIRECTION('',(1.56105599637958E-16,-1.,0.));
#13998=DIRECTION('',(1.,1.56105599637958E-16,0.));
#13999=DIRECTION('',(-1.,-1.56105599637958E-16,0.));
#14000=DIRECTION('',(-1.,-1.56105599637958E-16,0.));
#14001=DIRECTION('',(0.,0.,-1.));
#14002=DIRECTION('',(0.,0.,-1.));
#14003=DIRECTION('',(-1.,0.,0.));
#14004=DIRECTION('',(0.,0.,1.));
#14005=DIRECTION('',(1.,0.,0.));
#14006=DIRECTION('',(0.,0.,1.));
#14007=DIRECTION('',(1.,0.,0.));
#14008=DIRECTION('',(0.,0.,-1.));
#14009=DIRECTION('',(-1.,0.,0.));
#14010=DIRECTION('',(0.,0.,-1.));
#14011=DIRECTION('',(0.,0.,1.));
#14012=DIRECTION('',(1.,0.,0.));
#14013=DIRECTION('',(0.,0.,1.));
#14014=DIRECTION('',(1.,0.,0.));
#14015=DIRECTION('',(0.,-1.,0.));
#14016=DIRECTION('',(0.,0.,-1.));
#14017=DIRECTION('',(-1.,0.,0.));
#14018=DIRECTION('',(-1.,0.,0.));
#14019=DIRECTION('',(0.,0.,-1.));
#14020=DIRECTION('',(-1.,0.,0.));
#14021=DIRECTION('',(1.93170824149087E-15,0.707106781186548,-0.707106781186548));
#14022=DIRECTION('',(-0.707106781186548,0.,0.707106781186548));
#14023=DIRECTION('',(0.,0.,1.));
#14024=DIRECTION('',(1.,0.,0.));
#14025=DIRECTION('',(0.,0.707106781186548,0.707106781186548));
#14026=DIRECTION('',(1.,0.,0.));
#14027=DIRECTION('',(0.,0.707106781186548,-0.707106781186548));
#14028=DIRECTION('',(1.,0.,0.));
#14029=DIRECTION('',(0.707106781186548,9.65854120745433E-17,0.707106781186548));
#14030=DIRECTION('',(1.36592399683213E-16,-1.,0.));
#14031=DIRECTION('',(-0.707106781186548,0.,0.707106781186548));
#14032=DIRECTION('',(1.36592399683213E-16,-1.,0.));
#14033=DIRECTION('',(0.,0.,-1.));
#14034=DIRECTION('',(-1.,0.,0.));
#14035=DIRECTION('',(-0.707106781186548,9.65854120745432E-16,-0.707106781186548));
#14036=DIRECTION('',(0.,0.,1.));
#14037=DIRECTION('',(1.,0.,0.));
#14038=DIRECTION('',(0.,0.,-1.));
#14039=DIRECTION('',(-1.,0.,0.));
#14040=DIRECTION('',(0.,0.707106781186548,0.707106781186548));
#14041=DIRECTION('',(0.,0.,1.));
#14042=DIRECTION('',(1.,0.,0.));
#14043=DIRECTION('',(0.707106781186548,9.65854120745433E-17,-0.707106781186548));
#14044=DIRECTION('',(-1.36592399683213E-16,1.,0.));
#14045=DIRECTION('',(-0.707106781186548,0.,-0.707106781186548));
#14046=DIRECTION('',(-1.36592399683213E-16,1.,0.));
#14047=DIRECTION('',(-9.65854120745433E-17,0.707106781186548,-0.707106781186548));
#14048=DIRECTION('',(-1.,-1.36592399683213E-16,0.));
#14049=DIRECTION('',(0.,0.707106781186548,0.707106781186548));
#14050=DIRECTION('',(-1.,-1.36592399683213E-16,0.));
#14051=DIRECTION('',(0.,0.,-1.));
#14052=DIRECTION('',(-1.,0.,0.));
#14053=DIRECTION('',(0.,0.,1.));
#14054=DIRECTION('',(1.,0.,0.));
#14055=DIRECTION('',(-1.,-1.36592399683213E-16,0.));
#14056=DIRECTION('',(1.36592399683213E-16,-1.,0.));
#14057=DIRECTION('',(0.,0.,-1.));
#14058=DIRECTION('',(-1.36592399683213E-16,1.,0.));
#14059=DIRECTION('',(0.,0.,-1.));
#14060=DIRECTION('',(-1.36592399683213E-16,1.,0.));
#14061=DIRECTION('',(-1.,-1.36592399683213E-16,0.));
#14062=DIRECTION('',(1.36592399683213E-16,-1.,0.));
#14063=DIRECTION('',(0.,0.,-1.));
#14064=DIRECTION('',(0.,0.,-1.));
#14065=DIRECTION('',(-1.36592399683213E-16,1.,0.));
#14066=DIRECTION('',(-1.,-1.36592399683213E-16,0.));
#14067=DIRECTION('',(1.36592399683213E-16,-1.,0.));
#14068=DIRECTION('',(0.,0.,-1.));
#14069=DIRECTION('',(0.,0.,-1.));
#14070=DIRECTION('',(-1.36592399683213E-16,1.,0.));
#14071=DIRECTION('',(1.,1.36592399683213E-16,0.));
#14072=DIRECTION('',(-1.36592399683213E-16,1.,0.));
#14073=DIRECTION('',(1.36592399683213E-16,-1.,0.));
#14074=DIRECTION('',(1.,1.36592399683213E-16,0.));
#14075=DIRECTION('',(-1.36592399683213E-16,1.,0.));
#14076=DIRECTION('',(0.,0.,1.));
#14077=DIRECTION('',(1.,1.36592399683213E-16,0.));
#14078=DIRECTION('',(-1.36592399683213E-16,1.,0.));
#14079=DIRECTION('',(1.36592399683213E-16,-1.,0.));
#14080=DIRECTION('',(1.,1.36592399683213E-16,0.));
#14081=DIRECTION('',(-1.36592399683213E-16,1.,0.));
#14082=DIRECTION('',(0.,0.,1.));
#14083=DIRECTION('',(0.,0.,-1.));
#14084=DIRECTION('',(-1.,0.,0.));
#14085=DIRECTION('',(0.,0.,-1.));
#14086=DIRECTION('',(0.,0.,1.));
#14087=DIRECTION('',(1.,0.,0.));
#14088=DIRECTION('',(0.,-1.,0.));
#14089=DIRECTION('',(0.,0.,-1.));
#14090=DIRECTION('',(0.,0.,-1.));
#14091=DIRECTION('',(-1.,0.,0.));
#14092=DIRECTION('',(0.,0.,-1.));
#14093=DIRECTION('',(-1.,0.,0.));
#14094=DIRECTION('',(0.,0.,1.));
#14095=DIRECTION('',(1.,0.,0.));
#14096=DIRECTION('',(0.,0.,-1.));
#14097=DIRECTION('',(-1.,0.,0.));
#14098=DIRECTION('',(0.,0.,-1.));
#14099=DIRECTION('',(0.,0.,1.));
#14100=DIRECTION('',(1.,0.,0.));
#14101=DIRECTION('',(1.36592399683213E-16,-1.,0.));
#14102=DIRECTION('',(1.,1.36592399683213E-16,0.));
#14103=DIRECTION('',(0.,0.,-1.));
#14104=DIRECTION('',(-1.,-1.36592399683213E-16,0.));
#14105=DIRECTION('',(0.,0.,-1.));
#14106=DIRECTION('',(-1.,0.,0.));
#14107=DIRECTION('',(0.,0.,1.));
#14108=DIRECTION('',(1.,0.,0.));
#14109=DIRECTION('',(0.,0.,1.));
#14110=DIRECTION('',(1.,0.,0.));
#14111=DIRECTION('',(0.,0.,1.));
#14112=DIRECTION('',(1.,0.,0.));
#14113=DIRECTION('',(0.,0.,1.));
#14114=DIRECTION('',(1.,0.,0.));
#14115=DIRECTION('',(0.,0.,1.));
#14116=DIRECTION('',(1.,0.,0.));
#14117=DIRECTION('',(0.,0.,1.));
#14118=DIRECTION('',(1.,0.,0.));
#14119=DIRECTION('',(0.,0.,1.));
#14120=DIRECTION('',(1.,0.,0.));
#14121=DIRECTION('',(1.,1.36592399683213E-16,0.));
#14122=DIRECTION('',(1.,1.36592399683213E-16,0.));
#14123=DIRECTION('',(1.,1.36592399683213E-16,0.));
#14124=DIRECTION('',(-1.36592399683213E-16,1.,0.));
#14125=DIRECTION('',(1.,1.36592399683213E-16,0.));
#14126=DIRECTION('',(-1.36592399683213E-16,1.,0.));
#14127=DIRECTION('',(-1.,-1.36592399683213E-16,0.));
#14128=DIRECTION('',(1.,1.36592399683213E-16,0.));
#14129=DIRECTION('',(1.,1.36592399683213E-16,0.));
#14130=DIRECTION('',(-1.36592399683213E-16,1.,0.));
#14131=DIRECTION('',(1.,1.36592399683213E-16,0.));
#14132=DIRECTION('',(0.,0.,1.));
#14133=DIRECTION('',(1.,0.,0.));
#14134=DIRECTION('',(1.,1.36592399683213E-16,0.));
#14135=DIRECTION('',(1.,1.36592399683213E-16,0.));
#14136=DIRECTION('',(-1.36592399683213E-16,1.,0.));
#14137=DIRECTION('',(1.,1.36592399683213E-16,0.));
#14138=DIRECTION('',(-1.36592399683213E-16,1.,0.));
#14139=DIRECTION('',(-1.,-1.36592399683213E-16,0.));
#14140=DIRECTION('',(1.,1.36592399683213E-16,0.));
#14141=DIRECTION('',(1.,1.36592399683213E-16,0.));
#14142=DIRECTION('',(-1.36592399683213E-16,1.,0.));
#14143=DIRECTION('',(-1.,-1.36592399683213E-16,0.));
#14144=DIRECTION('',(1.36592399683213E-16,-1.,0.));
#14145=DIRECTION('',(-1.56105599637958E-16,1.,0.));
#14146=DIRECTION('',(-1.,-1.56105599637958E-16,0.));
#14147=DIRECTION('',(1.,1.56105599637958E-16,0.));
#14148=DIRECTION('',(1.,1.56105599637958E-16,0.));
#14149=DIRECTION('',(-1.56105599637958E-16,1.,0.));
#14150=DIRECTION('',(-1.,-1.56105599637958E-16,0.));
#14151=DIRECTION('',(1.,1.56105599637958E-16,0.));
#14152=DIRECTION('',(1.,1.56105599637958E-16,0.));
#14153=DIRECTION('',(0.,0.,1.));
#14154=DIRECTION('',(1.,0.,0.));
#14155=DIRECTION('',(0.,0.,1.));
#14156=DIRECTION('',(1.,0.,0.));
#14157=DIRECTION('',(0.,0.,-1.));
#14158=DIRECTION('',(-1.,0.,0.));
#14159=DIRECTION('',(0.,0.,1.));
#14160=DIRECTION('',(1.,0.,0.));
#14161=DIRECTION('',(0.,0.,1.));
#14162=DIRECTION('',(1.,0.,0.));
#14163=DIRECTION('',(0.,0.,-1.));
#14164=DIRECTION('',(-1.,0.,0.));
#14165=DIRECTION('',(0.,0.,1.));
#14166=DIRECTION('',(1.,0.,0.));
#14167=DIRECTION('',(0.,0.,1.));
#14168=DIRECTION('',(1.,0.,0.));
#14169=DIRECTION('',(0.,0.,-1.));
#14170=DIRECTION('',(-1.,0.,0.));
#14171=DIRECTION('',(0.,0.,1.));
#14172=DIRECTION('',(1.,0.,0.));
#14173=DIRECTION('',(0.,0.,1.));
#14174=DIRECTION('',(1.,0.,0.));
#14175=DIRECTION('',(0.,0.,-1.));
#14176=DIRECTION('',(-1.,0.,0.));
#14177=DIRECTION('',(0.,0.,1.));
#14178=DIRECTION('',(1.,0.,0.));
#14179=DIRECTION('',(0.,0.,1.));
#14180=DIRECTION('',(1.,0.,0.));
#14181=DIRECTION('',(0.,0.,1.));
#14182=DIRECTION('',(1.,0.,0.));
#14183=DIRECTION('',(0.,0.,1.));
#14184=DIRECTION('',(1.,0.,0.));
#14185=DIRECTION('',(0.,0.,-1.));
#14186=DIRECTION('',(-1.,0.,0.));
#14187=DIRECTION('',(0.,0.,1.));
#14188=DIRECTION('',(1.,0.,0.));
#14189=DIRECTION('',(0.,0.,1.));
#14190=DIRECTION('',(1.,0.,0.));
#14191=DIRECTION('',(0.,0.,-1.));
#14192=DIRECTION('',(-1.,0.,0.));
#14193=DIRECTION('',(0.,0.,1.));
#14194=DIRECTION('',(1.,0.,0.));
#14195=DIRECTION('',(0.,0.,1.));
#14196=DIRECTION('',(1.,0.,0.));
#14197=DIRECTION('',(0.,0.,1.));
#14198=DIRECTION('',(1.,0.,0.));
#14199=DIRECTION('',(0.,0.,1.));
#14200=DIRECTION('',(1.,0.,0.));
#14201=DIRECTION('',(0.,0.,1.));
#14202=DIRECTION('',(1.,0.,0.));
#14203=DIRECTION('',(0.,0.,-1.));
#14204=DIRECTION('',(-1.,0.,0.));
#14205=DIRECTION('',(0.,0.,1.));
#14206=DIRECTION('',(1.,0.,0.));
#14207=DIRECTION('',(0.,0.,-1.));
#14208=DIRECTION('',(1.,0.,0.));
#14209=DIRECTION('',(0.,-1.,0.));
#14210=DIRECTION('',(1.,0.,0.));
#14211=DIRECTION('',(0.,-1.,0.));
#14212=DIRECTION('',(1.,0.,0.));
#14213=DIRECTION('',(0.,-1.,0.));
#14214=DIRECTION('',(0.,0.,1.));
#14215=DIRECTION('',(1.,0.,0.));
#14216=DIRECTION('',(0.,-1.,0.));
#14217=DIRECTION('',(0.,0.,1.));
#14218=DIRECTION('',(1.,0.,0.));
#14219=DIRECTION('',(0.,-1.,0.));
#14220=DIRECTION('',(0.,0.,1.));
#14221=DIRECTION('',(1.,0.,0.));
#14222=DIRECTION('',(0.,-1.,0.));
#14223=DIRECTION('',(0.,0.,1.));
#14224=DIRECTION('',(1.,0.,0.));
#14225=DIRECTION('',(0.,-1.,0.));
#14226=DIRECTION('',(0.,0.,1.));
#14227=DIRECTION('',(1.,0.,0.));
#14228=DIRECTION('',(0.,-1.,0.));
#14229=DIRECTION('',(0.,0.,1.));
#14230=DIRECTION('',(1.,0.,0.));
#14231=DIRECTION('',(0.,-1.,0.));
#14232=DIRECTION('',(0.,0.,1.));
#14233=DIRECTION('',(1.,0.,0.));
#14234=DIRECTION('',(0.,-1.,0.));
#14235=DIRECTION('',(0.,0.,1.));
#14236=DIRECTION('',(1.,0.,0.));
#14237=DIRECTION('',(0.,-1.,0.));
#14238=DIRECTION('',(0.,0.,1.));
#14239=DIRECTION('',(1.,0.,0.));
#14240=DIRECTION('',(0.,-1.,0.));
#14241=DIRECTION('',(0.,0.,1.));
#14242=DIRECTION('',(1.,0.,0.));
#14243=DIRECTION('',(0.,-1.,0.));
#14244=DIRECTION('',(0.,0.,1.));
#14245=DIRECTION('',(1.,0.,0.));
#14246=DIRECTION('',(0.,-1.,0.));
#14247=DIRECTION('',(0.,0.,1.));
#14248=DIRECTION('',(1.,0.,0.));
#14249=DIRECTION('',(0.,-1.,0.));
#14250=DIRECTION('',(0.,0.,1.));
#14251=DIRECTION('',(1.,0.,0.));
#14252=DIRECTION('',(0.,-1.,0.));
#14253=DIRECTION('',(0.,0.,1.));
#14254=DIRECTION('',(1.,0.,0.));
#14255=DIRECTION('',(0.,-1.,0.));
#14256=DIRECTION('',(0.,0.,1.));
#14257=DIRECTION('',(1.,0.,0.));
#14258=DIRECTION('',(0.,-1.,0.));
#14259=DIRECTION('',(0.,0.,1.));
#14260=DIRECTION('',(1.,0.,0.));
#14261=DIRECTION('',(0.,-1.,0.));
#14262=DIRECTION('',(0.,0.,1.));
#14263=DIRECTION('',(1.,0.,0.));
#14264=DIRECTION('',(0.,-1.,0.));
#14265=DIRECTION('',(0.,0.,1.));
#14266=DIRECTION('',(1.,0.,0.));
#14267=DIRECTION('',(0.,-1.,0.));
#14268=DIRECTION('',(0.,0.,1.));
#14269=DIRECTION('',(1.,0.,0.));
#14270=DIRECTION('',(0.,-1.,0.));
#14271=DIRECTION('',(0.,0.,1.));
#14272=DIRECTION('',(1.,0.,0.));
#14273=DIRECTION('',(0.,-1.,0.));
#14274=DIRECTION('',(0.,0.,1.));
#14275=DIRECTION('',(1.,0.,0.));
#14276=DIRECTION('',(0.,-1.,0.));
#14277=DIRECTION('',(0.,0.,1.));
#14278=DIRECTION('',(1.,0.,0.));
#14279=DIRECTION('',(0.,-1.,0.));
#14280=DIRECTION('',(0.,0.,1.));
#14281=DIRECTION('',(1.,0.,0.));
#14282=DIRECTION('',(0.,-1.,0.));
#14283=DIRECTION('',(0.,0.,1.));
#14284=DIRECTION('',(1.,0.,0.));
#14285=DIRECTION('',(0.,-1.,0.));
#14286=DIRECTION('',(0.,0.,1.));
#14287=DIRECTION('',(1.,0.,0.));
#14288=DIRECTION('',(0.,-1.,0.));
#14289=DIRECTION('',(0.,0.,1.));
#14290=DIRECTION('',(1.,0.,0.));
#14291=DIRECTION('',(0.,-1.,0.));
#14292=DIRECTION('',(0.,0.,1.));
#14293=DIRECTION('',(1.,0.,0.));
#14294=DIRECTION('',(0.,-1.,0.));
#14295=DIRECTION('',(0.,0.,1.));
#14296=DIRECTION('',(1.,0.,0.));
#14297=DIRECTION('',(0.,-1.,0.));
#14298=DIRECTION('',(0.,0.,1.));
#14299=DIRECTION('',(1.,0.,0.));
#14300=DIRECTION('',(0.,-1.,0.));
#14301=DIRECTION('',(0.,0.,1.));
#14302=DIRECTION('',(1.,0.,0.));
#14303=DIRECTION('',(0.,-1.,0.));
#14304=DIRECTION('',(0.,0.,1.));
#14305=DIRECTION('',(1.,0.,0.));
#14306=DIRECTION('',(0.,-1.,0.));
#14307=DIRECTION('',(0.,0.,1.));
#14308=DIRECTION('',(1.,0.,0.));
#14309=DIRECTION('',(0.,-1.,0.));
#14310=DIRECTION('',(0.,0.,1.));
#14311=DIRECTION('',(1.,0.,0.));
#14312=DIRECTION('',(0.,-1.,0.));
#14313=DIRECTION('',(0.,0.,1.));
#14314=DIRECTION('',(1.,0.,0.));
#14315=DIRECTION('',(0.,-1.,0.));
#14316=DIRECTION('',(0.,0.,1.));
#14317=DIRECTION('',(1.,0.,0.));
#14318=DIRECTION('',(0.,-1.,0.));
#14319=DIRECTION('',(0.,0.,1.));
#14320=DIRECTION('',(1.,0.,0.));
#14321=DIRECTION('',(0.,-1.,0.));
#14322=DIRECTION('',(0.,0.,1.));
#14323=DIRECTION('',(1.,0.,0.));
#14324=DIRECTION('',(0.,-1.,0.));
#14325=DIRECTION('',(0.,0.,1.));
#14326=DIRECTION('',(1.,0.,0.));
#14327=DIRECTION('',(0.,-1.,0.));
#14328=DIRECTION('',(0.,0.,1.));
#14329=DIRECTION('',(1.,0.,0.));
#14330=DIRECTION('',(0.,-1.,0.));
#14331=DIRECTION('',(0.,0.,1.));
#14332=DIRECTION('',(1.,0.,0.));
#14333=DIRECTION('',(0.,-1.,0.));
#14334=DIRECTION('',(0.,0.,1.));
#14335=DIRECTION('',(1.,0.,0.));
#14336=DIRECTION('',(0.,-1.,0.));
#14337=DIRECTION('',(0.,0.,1.));
#14338=DIRECTION('',(1.,0.,0.));
#14339=DIRECTION('',(0.,0.,-1.));
#14340=DIRECTION('',(1.,0.,0.));
#14341=DIRECTION('',(0.,0.,1.));
#14342=DIRECTION('',(1.,0.,0.));
#14343=DIRECTION('',(0.,-1.,0.));
#14344=DIRECTION('',(0.,0.,-1.));
#14345=DIRECTION('',(1.,0.,0.));
#14346=DIRECTION('',(0.,-1.,0.));
#14347=DIRECTION('',(0.,0.,1.));
#14348=DIRECTION('',(1.,0.,0.));
#14349=DIRECTION('',(0.,-1.,0.));
#14350=DIRECTION('',(0.,0.,-1.));
#14351=DIRECTION('',(1.,0.,0.));
#14352=DIRECTION('',(0.,-1.,0.));
#14353=DIRECTION('',(0.,0.,1.));
#14354=DIRECTION('',(1.,0.,0.));
#14355=DIRECTION('',(0.,-1.,0.));
#14356=DIRECTION('',(0.,0.,-1.));
#14357=DIRECTION('',(1.,0.,0.));
#14358=DIRECTION('',(0.,-1.,0.));
#14359=DIRECTION('',(0.,0.,1.));
#14360=DIRECTION('',(1.,0.,0.));
#14361=DIRECTION('',(0.,-1.,0.));
#14362=DIRECTION('',(0.,0.,-1.));
#14363=DIRECTION('',(1.,0.,0.));
#14364=DIRECTION('',(0.,-1.,0.));
#14365=DIRECTION('',(0.,0.,1.));
#14366=DIRECTION('',(1.,0.,0.));
#14367=DIRECTION('',(0.,-1.,0.));
#14368=DIRECTION('',(0.,0.,-1.));
#14369=DIRECTION('',(1.,0.,0.));
#14370=DIRECTION('',(0.,-1.,0.));
#14371=DIRECTION('',(0.,0.,1.));
#14372=DIRECTION('',(1.,0.,0.));
#14373=DIRECTION('',(0.,-1.,0.));
#14374=DIRECTION('',(0.,0.,-1.));
#14375=DIRECTION('',(1.,0.,0.));
#14376=DIRECTION('',(0.,-1.,0.));
#14377=DIRECTION('',(0.,0.,1.));
#14378=DIRECTION('',(1.,0.,0.));
#14379=DIRECTION('',(0.,-1.,0.));
#14380=DIRECTION('',(0.,0.,-1.));
#14381=DIRECTION('',(1.,0.,0.));
#14382=DIRECTION('',(0.,-1.,0.));
#14383=DIRECTION('',(0.,0.,1.));
#14384=DIRECTION('',(1.,0.,0.));
#14385=DIRECTION('',(0.,-1.,0.));
#14386=DIRECTION('',(0.,0.,-1.));
#14387=DIRECTION('',(1.,0.,0.));
#14388=DIRECTION('',(0.,-1.,0.));
#14389=DIRECTION('',(0.,0.,1.));
#14390=DIRECTION('',(1.,0.,0.));
#14391=DIRECTION('',(0.,-1.,0.));
#14392=DIRECTION('',(0.,0.,-1.));
#14393=DIRECTION('',(1.,0.,0.));
#14394=DIRECTION('',(0.,-1.,0.));
#14395=DIRECTION('',(0.,0.,1.));
#14396=DIRECTION('',(1.,0.,0.));
#14397=DIRECTION('',(0.,-1.,0.));
#14398=DIRECTION('',(0.,0.,-1.));
#14399=DIRECTION('',(1.,0.,0.));
#14400=DIRECTION('',(0.,-1.,0.));
#14401=DIRECTION('',(0.,-1.,0.));
#14402=DIRECTION('',(1.,0.,0.));
#14403=DIRECTION('',(0.,-1.,0.));
#14404=DIRECTION('',(1.,0.,0.));
#14405=DIRECTION('',(0.,0.,1.));
#14406=DIRECTION('',(1.,0.,0.));
#14407=DIRECTION('',(0.,-1.,0.));
#14408=DIRECTION('',(0.,0.,-1.));
#14409=DIRECTION('',(1.,0.,0.));
#14410=DIRECTION('',(0.,-1.,0.));
#14411=DIRECTION('',(0.,0.,1.));
#14412=DIRECTION('',(1.,0.,0.));
#14413=DIRECTION('',(0.,-1.,0.));
#14414=DIRECTION('',(0.,0.,-1.));
#14415=DIRECTION('',(1.,0.,0.));
#14416=DIRECTION('',(0.,-1.,0.));
#14417=DIRECTION('',(0.,0.,1.));
#14418=DIRECTION('',(1.,0.,0.));
#14419=DIRECTION('',(0.,-1.,0.));
#14420=DIRECTION('',(0.,0.,-1.));
#14421=DIRECTION('',(1.,0.,0.));
#14422=DIRECTION('',(0.,-1.,0.));
#14423=DIRECTION('',(0.,0.,1.));
#14424=DIRECTION('',(1.,0.,0.));
#14425=DIRECTION('',(0.,-1.,0.));
#14426=DIRECTION('',(0.,0.,-1.));
#14427=DIRECTION('',(1.,0.,0.));
#14428=DIRECTION('',(0.,-1.,0.));
#14429=DIRECTION('',(0.,0.,1.));
#14430=DIRECTION('',(1.,0.,0.));
#14431=DIRECTION('',(0.,-1.,0.));
#14432=DIRECTION('',(0.,0.,-1.));
#14433=DIRECTION('',(1.,0.,0.));
#14434=DIRECTION('',(0.,-1.,0.));
#14435=DIRECTION('',(0.,0.,1.));
#14436=DIRECTION('',(1.,0.,0.));
#14437=DIRECTION('',(0.,-1.,0.));
#14438=DIRECTION('',(0.,0.,-1.));
#14439=DIRECTION('',(1.,0.,0.));
#14440=DIRECTION('',(0.,-1.,0.));
#14441=DIRECTION('',(0.,0.,1.));
#14442=DIRECTION('',(1.,0.,0.));
#14443=DIRECTION('',(0.,-1.,0.));
#14444=DIRECTION('',(0.,0.,-1.));
#14445=DIRECTION('',(1.,0.,0.));
#14446=DIRECTION('',(0.,-1.,0.));
#14447=DIRECTION('',(0.,0.,1.));
#14448=DIRECTION('',(1.,0.,0.));
#14449=DIRECTION('',(0.,-1.,0.));
#14450=DIRECTION('',(0.,0.,-1.));
#14451=DIRECTION('',(1.,0.,0.));
#14452=DIRECTION('',(0.,-1.,0.));
#14453=DIRECTION('',(0.,0.,1.));
#14454=DIRECTION('',(1.,0.,0.));
#14455=DIRECTION('',(0.,-1.,0.));
#14456=DIRECTION('',(0.,0.,-1.));
#14457=DIRECTION('',(1.,0.,0.));
#14458=DIRECTION('',(0.,-1.,0.));
#14459=DIRECTION('',(0.,0.,1.));
#14460=DIRECTION('',(1.,0.,0.));
#14461=DIRECTION('',(0.,-1.,0.));
#14462=DIRECTION('',(0.,0.,-1.));
#14463=DIRECTION('',(1.,0.,0.));
#14464=DIRECTION('',(0.,-1.,0.));
#14465=DIRECTION('',(0.,0.,1.));
#14466=DIRECTION('',(1.,0.,0.));
#14467=DIRECTION('',(0.,-1.,0.));
#14468=DIRECTION('',(0.,0.,-1.));
#14469=DIRECTION('',(1.,0.,0.));
#14470=DIRECTION('',(0.,-1.,0.));
#14471=DIRECTION('',(-1.,0.,0.));
#14472=DIRECTION('',(0.,0.,-1.));
#14473=DIRECTION('',(0.,0.,-1.));
#14474=DIRECTION('',(0.,0.,-1.));
#14475=DIRECTION('',(0.,-1.,0.));
#14476=DIRECTION('',(0.,0.,1.));
#14477=DIRECTION('',(0.,0.,-1.));
#14478=DIRECTION('',(-1.,0.,0.));
#14479=DIRECTION('',(0.,0.,-1.));
#14480=DIRECTION('',(0.,0.,-1.));
#14481=DIRECTION('',(0.,-1.,0.));
#14482=DIRECTION('',(0.,0.,1.));
#14483=DIRECTION('',(-1.,0.,0.));
#14484=DIRECTION('',(0.,0.,-1.));
#14485=DIRECTION('',(0.,0.,-1.));
#14486=DIRECTION('',(0.,0.,-1.));
#14487=DIRECTION('',(0.,0.,-1.));
#14488=DIRECTION('',(1.,0.,0.));
#14489=DIRECTION('',(0.,0.,-1.));
#14490=DIRECTION('',(-1.,0.,0.));
#14491=DIRECTION('',(0.,0.,-1.));
#14492=DIRECTION('',(0.,0.,-1.));
#14493=DIRECTION('',(0.,0.,-1.));
#14494=DIRECTION('',(1.,0.,0.));
#14495=DIRECTION('',(-1.,0.,0.));
#14496=DIRECTION('',(0.,0.,-1.));
#14497=DIRECTION('',(0.,0.,-1.));
#14498=DIRECTION('',(0.,0.,-1.));
#14499=DIRECTION('',(0.,0.,-1.));
#14500=DIRECTION('',(1.,0.,0.));
#14501=DIRECTION('',(0.,0.,-1.));
#14502=DIRECTION('',(-1.,0.,0.));
#14503=DIRECTION('',(0.,0.,-1.));
#14504=DIRECTION('',(0.,0.,-1.));
#14505=DIRECTION('',(0.,0.,-1.));
#14506=DIRECTION('',(1.,0.,0.));
#14507=DIRECTION('',(-1.,0.,0.));
#14508=DIRECTION('',(0.,0.,-1.));
#14509=DIRECTION('',(0.,0.,-1.));
#14510=DIRECTION('',(0.,0.,-1.));
#14511=DIRECTION('',(0.,0.,-1.));
#14512=DIRECTION('',(1.,0.,0.));
#14513=DIRECTION('',(0.,0.,-1.));
#14514=DIRECTION('',(-1.,0.,0.));
#14515=DIRECTION('',(0.,0.,-1.));
#14516=DIRECTION('',(0.,0.,-1.));
#14517=DIRECTION('',(0.,0.,-1.));
#14518=DIRECTION('',(1.,0.,0.));
#14519=DIRECTION('',(-1.,0.,0.));
#14520=DIRECTION('',(0.,0.,-1.));
#14521=DIRECTION('',(0.,0.,-1.));
#14522=DIRECTION('',(0.,0.,-1.));
#14523=DIRECTION('',(0.,0.,-1.));
#14524=DIRECTION('',(1.,0.,0.));
#14525=DIRECTION('',(0.,0.,-1.));
#14526=DIRECTION('',(-1.,0.,0.));
#14527=DIRECTION('',(0.,0.,-1.));
#14528=DIRECTION('',(0.,0.,-1.));
#14529=DIRECTION('',(0.,0.,-1.));
#14530=DIRECTION('',(1.,0.,0.));
#14531=DIRECTION('',(-1.,0.,0.));
#14532=DIRECTION('',(0.,0.,-1.));
#14533=DIRECTION('',(0.,0.,-1.));
#14534=DIRECTION('',(0.,0.,-1.));
#14535=DIRECTION('',(0.,0.,-1.));
#14536=DIRECTION('',(1.,0.,0.));
#14537=DIRECTION('',(0.,0.,-1.));
#14538=DIRECTION('',(-1.,0.,0.));
#14539=DIRECTION('',(0.,0.,-1.));
#14540=DIRECTION('',(0.,0.,-1.));
#14541=DIRECTION('',(0.,0.,-1.));
#14542=DIRECTION('',(1.,0.,0.));
#14543=DIRECTION('',(-1.,0.,0.));
#14544=DIRECTION('',(0.,0.,-1.));
#14545=DIRECTION('',(0.,0.,-1.));
#14546=DIRECTION('',(0.,0.,-1.));
#14547=DIRECTION('',(0.,0.,-1.));
#14548=DIRECTION('',(1.,0.,0.));
#14549=DIRECTION('',(0.,0.,-1.));
#14550=DIRECTION('',(-1.,0.,0.));
#14551=DIRECTION('',(0.,0.,-1.));
#14552=DIRECTION('',(0.,0.,-1.));
#14553=DIRECTION('',(0.,0.,-1.));
#14554=DIRECTION('',(1.,0.,0.));
#14555=DIRECTION('',(-1.,0.,0.));
#14556=DIRECTION('',(0.,0.,-1.));
#14557=DIRECTION('',(0.,0.,-1.));
#14558=DIRECTION('',(0.,0.,-1.));
#14559=DIRECTION('',(0.,0.,-1.));
#14560=DIRECTION('',(1.,0.,0.));
#14561=DIRECTION('',(0.,0.,-1.));
#14562=DIRECTION('',(-1.,0.,0.));
#14563=DIRECTION('',(0.,0.,-1.));
#14564=DIRECTION('',(0.,0.,-1.));
#14565=DIRECTION('',(0.,0.,-1.));
#14566=DIRECTION('',(1.,0.,0.));
#14567=DIRECTION('',(-1.,0.,0.));
#14568=DIRECTION('',(0.,0.,-1.));
#14569=DIRECTION('',(0.,0.,-1.));
#14570=DIRECTION('',(0.,0.,-1.));
#14571=DIRECTION('',(0.,0.,-1.));
#14572=DIRECTION('',(1.,0.,0.));
#14573=DIRECTION('',(0.,0.,-1.));
#14574=DIRECTION('',(-1.,0.,0.));
#14575=DIRECTION('',(0.,0.,-1.));
#14576=DIRECTION('',(0.,0.,-1.));
#14577=DIRECTION('',(0.,0.,-1.));
#14578=DIRECTION('',(1.,0.,0.));
#14579=DIRECTION('',(-1.,0.,0.));
#14580=DIRECTION('',(0.,0.,-1.));
#14581=DIRECTION('',(0.,0.,-1.));
#14582=DIRECTION('',(0.,0.,-1.));
#14583=DIRECTION('',(0.,0.,-1.));
#14584=DIRECTION('',(1.,0.,0.));
#14585=DIRECTION('',(0.,0.,-1.));
#14586=DIRECTION('',(-1.,0.,0.));
#14587=DIRECTION('',(0.,0.,-1.));
#14588=DIRECTION('',(0.,0.,-1.));
#14589=DIRECTION('',(0.,0.,-1.));
#14590=DIRECTION('',(1.,0.,0.));
#14591=DIRECTION('',(-1.,0.,0.));
#14592=DIRECTION('',(0.,0.,-1.));
#14593=DIRECTION('',(0.,0.,-1.));
#14594=DIRECTION('',(0.,0.,-1.));
#14595=DIRECTION('',(0.,0.,-1.));
#14596=DIRECTION('',(1.,0.,0.));
#14597=DIRECTION('',(0.,0.,-1.));
#14598=DIRECTION('',(-1.,0.,0.));
#14599=DIRECTION('',(0.,0.,-1.));
#14600=DIRECTION('',(0.,0.,-1.));
#14601=DIRECTION('',(0.,0.,-1.));
#14602=DIRECTION('',(1.,0.,0.));
#14603=DIRECTION('',(-1.,0.,0.));
#14604=DIRECTION('',(0.,0.,-1.));
#14605=DIRECTION('',(0.,0.,-1.));
#14606=DIRECTION('',(0.,0.,-1.));
#14607=DIRECTION('',(0.,0.,-1.));
#14608=DIRECTION('',(1.,0.,0.));
#14609=DIRECTION('',(0.,0.,-1.));
#14610=DIRECTION('',(-1.,0.,0.));
#14611=DIRECTION('',(0.,0.,-1.));
#14612=DIRECTION('',(0.,0.,-1.));
#14613=DIRECTION('',(0.,0.,-1.));
#14614=DIRECTION('',(1.,0.,0.));
#14615=DIRECTION('',(-1.,0.,0.));
#14616=DIRECTION('',(0.,0.,-1.));
#14617=DIRECTION('',(0.,0.,-1.));
#14618=DIRECTION('',(0.,0.,-1.));
#14619=DIRECTION('',(0.,0.,-1.));
#14620=DIRECTION('',(1.,0.,0.));
#14621=DIRECTION('',(0.,0.,-1.));
#14622=DIRECTION('',(-1.,0.,0.));
#14623=DIRECTION('',(0.,0.,-1.));
#14624=DIRECTION('',(0.,0.,-1.));
#14625=DIRECTION('',(0.,0.,-1.));
#14626=DIRECTION('',(1.,0.,0.));
#14627=DIRECTION('',(-1.,0.,0.));
#14628=DIRECTION('',(0.,0.,-1.));
#14629=DIRECTION('',(0.,0.,-1.));
#14630=DIRECTION('',(0.,0.,-1.));
#14631=DIRECTION('',(0.,0.,-1.));
#14632=DIRECTION('',(1.,0.,0.));
#14633=DIRECTION('',(0.,0.,-1.));
#14634=DIRECTION('',(-1.,0.,0.));
#14635=DIRECTION('',(0.,0.,-1.));
#14636=DIRECTION('',(0.,0.,-1.));
#14637=DIRECTION('',(0.,0.,-1.));
#14638=DIRECTION('',(1.,0.,0.));
#14639=DIRECTION('',(-1.,0.,0.));
#14640=DIRECTION('',(0.,0.,-1.));
#14641=DIRECTION('',(0.,0.,-1.));
#14642=DIRECTION('',(0.,0.,-1.));
#14643=DIRECTION('',(0.,0.,-1.));
#14644=DIRECTION('',(1.,0.,0.));
#14645=DIRECTION('',(0.,0.,-1.));
#14646=DIRECTION('',(-1.,0.,0.));
#14647=DIRECTION('',(0.,0.,-1.));
#14648=DIRECTION('',(0.,0.,-1.));
#14649=DIRECTION('',(0.,0.,-1.));
#14650=DIRECTION('',(1.,0.,0.));
#14651=DIRECTION('',(-1.,0.,0.));
#14652=DIRECTION('',(0.,0.,-1.));
#14653=DIRECTION('',(0.,0.,-1.));
#14654=DIRECTION('',(0.,0.,-1.));
#14655=DIRECTION('',(0.,0.,-1.));
#14656=DIRECTION('',(1.,0.,0.));
#14657=DIRECTION('',(0.,0.,-1.));
#14658=DIRECTION('',(-1.,0.,0.));
#14659=DIRECTION('',(0.,0.,-1.));
#14660=DIRECTION('',(0.,0.,-1.));
#14661=DIRECTION('',(0.,0.,-1.));
#14662=DIRECTION('',(1.,0.,0.));
#14663=DIRECTION('',(-1.,0.,0.));
#14664=DIRECTION('',(0.,0.,-1.));
#14665=DIRECTION('',(0.,0.,-1.));
#14666=DIRECTION('',(0.,0.,-1.));
#14667=DIRECTION('',(0.,0.,-1.));
#14668=DIRECTION('',(1.,0.,0.));
#14669=DIRECTION('',(0.,0.,-1.));
#14670=DIRECTION('',(-1.,0.,0.));
#14671=DIRECTION('',(0.,0.,-1.));
#14672=DIRECTION('',(0.,0.,-1.));
#14673=DIRECTION('',(0.,0.,-1.));
#14674=DIRECTION('',(1.,0.,0.));
#14675=DIRECTION('',(-1.,0.,0.));
#14676=DIRECTION('',(0.,0.,-1.));
#14677=DIRECTION('',(0.,0.,-1.));
#14678=DIRECTION('',(0.,0.,-1.));
#14679=DIRECTION('',(0.,0.,-1.));
#14680=DIRECTION('',(1.,0.,0.));
#14681=DIRECTION('',(0.,0.,-1.));
#14682=DIRECTION('',(-1.,0.,0.));
#14683=DIRECTION('',(0.,0.,-1.));
#14684=DIRECTION('',(0.,0.,-1.));
#14685=DIRECTION('',(0.,0.,-1.));
#14686=DIRECTION('',(1.,0.,0.));
#14687=DIRECTION('',(-1.,0.,0.));
#14688=DIRECTION('',(0.,0.,-1.));
#14689=DIRECTION('',(0.,0.,-1.));
#14690=DIRECTION('',(0.,0.,-1.));
#14691=DIRECTION('',(0.,0.,-1.));
#14692=DIRECTION('',(1.,0.,0.));
#14693=DIRECTION('',(0.,0.,-1.));
#14694=DIRECTION('',(-1.,0.,0.));
#14695=DIRECTION('',(0.,0.,-1.));
#14696=DIRECTION('',(0.,0.,-1.));
#14697=DIRECTION('',(0.,0.,-1.));
#14698=DIRECTION('',(1.,0.,0.));
#14699=DIRECTION('',(-1.,0.,0.));
#14700=DIRECTION('',(0.,0.,-1.));
#14701=DIRECTION('',(0.,0.,-1.));
#14702=DIRECTION('',(0.,0.,-1.));
#14703=DIRECTION('',(0.,0.,-1.));
#14704=DIRECTION('',(1.,0.,0.));
#14705=DIRECTION('',(0.,0.,-1.));
#14706=DIRECTION('',(-1.,0.,0.));
#14707=DIRECTION('',(0.,0.,-1.));
#14708=DIRECTION('',(0.,0.,-1.));
#14709=DIRECTION('',(0.,0.,-1.));
#14710=DIRECTION('',(1.,0.,0.));
#14711=DIRECTION('',(-1.,0.,0.));
#14712=DIRECTION('',(0.,0.,-1.));
#14713=DIRECTION('',(0.,0.,-1.));
#14714=DIRECTION('',(0.,0.,-1.));
#14715=DIRECTION('',(0.,0.,-1.));
#14716=DIRECTION('',(1.,0.,0.));
#14717=DIRECTION('',(0.,0.,-1.));
#14718=DIRECTION('',(-1.,0.,0.));
#14719=DIRECTION('',(0.,0.,-1.));
#14720=DIRECTION('',(0.,0.,-1.));
#14721=DIRECTION('',(0.,0.,-1.));
#14722=DIRECTION('',(1.,0.,0.));
#14723=DIRECTION('',(0.,0.,-1.));
#14724=DIRECTION('',(1.,0.,0.));
#14725=DIRECTION('',(0.,0.,-1.));
#14726=DIRECTION('',(0.,0.,-1.));
#14727=DIRECTION('',(-1.,0.,0.));
#14728=DIRECTION('',(0.,0.,-1.));
#14729=DIRECTION('',(0.,0.,-1.));
#14730=DIRECTION('',(0.,0.,-1.));
#14731=DIRECTION('',(1.,0.,0.));
#14732=DIRECTION('',(0.,0.,-1.));
#14733=DIRECTION('',(-1.,0.,0.));
#14734=DIRECTION('',(0.,0.,-1.));
#14735=DIRECTION('',(0.,0.,1.));
#14736=DIRECTION('',(1.,0.,0.));
#14737=DIRECTION('',(1.,0.,0.));
#14738=DIRECTION('',(0.,0.,-1.));
#14739=DIRECTION('',(0.,0.,1.));
#14740=DIRECTION('',(0.,1.,0.));
#14741=DIRECTION('',(0.,0.,1.));
#14742=DIRECTION('',(0.,1.,0.));
#14743=DIRECTION('',(1.,0.,0.));
#14744=DIRECTION('',(0.,0.,-1.));
#14745=DIRECTION('',(0.,0.,1.));
#14746=DIRECTION('',(0.,1.,0.));
#14747=DIRECTION('',(0.,0.,1.));
#14748=DIRECTION('',(0.,1.,0.));
#14749=DIRECTION('',(0.,-1.,0.));
#14750=DIRECTION('',(0.,0.,-1.));
#14751=DIRECTION('',(1.,0.,0.));
#14752=DIRECTION('',(1.,0.,0.));
#14753=DIRECTION('',(0.,0.,1.));
#14754=DIRECTION('',(1.,0.,0.));
#14755=DIRECTION('',(0.,0.,-1.));
#14756=DIRECTION('',(0.,1.,0.));
#14757=DIRECTION('',(0.,0.,1.));
#14758=DIRECTION('',(0.,1.,0.));
#14759=DIRECTION('',(0.,0.,1.));
#14760=DIRECTION('',(0.,-1.,0.));
#14761=DIRECTION('',(0.,0.,-1.));
#14762=DIRECTION('',(1.,0.,0.));
#14763=DIRECTION('',(0.,0.,1.));
#14764=DIRECTION('',(1.,0.,0.));
#14765=DIRECTION('',(0.,0.,-1.));
#14766=DIRECTION('',(1.,0.,0.));
#14767=DIRECTION('',(-1.,0.,0.));
#14768=DIRECTION('',(0.,1.,0.));
#14769=DIRECTION('',(1.,0.,0.));
#14770=DIRECTION('',(0.,1.,0.));
#14771=DIRECTION('',(1.,0.,0.));
#14772=DIRECTION('',(0.,1.,0.));
#14773=DIRECTION('',(-1.,0.,0.));
#14774=DIRECTION('',(0.,0.,-1.));
#14775=DIRECTION('',(1.,0.,0.));
#14776=DIRECTION('',(0.,1.,0.));
#14777=DIRECTION('',(-1.,0.,0.));
#14778=DIRECTION('',(-1.,0.,0.));
#14779=DIRECTION('',(0.,1.,0.));
#14780=DIRECTION('',(1.,0.,0.));
#14781=DIRECTION('',(0.,1.,0.));
#14782=DIRECTION('',(1.,0.,0.));
#14783=DIRECTION('',(0.,-1.,0.));
#14784=DIRECTION('',(0.,0.,-1.));
#14785=DIRECTION('',(0.,0.,1.));
#14786=DIRECTION('',(1.,0.,0.));
#14787=DIRECTION('',(0.,1.,0.));
#14788=DIRECTION('',(0.,-1.,0.));
#14789=DIRECTION('',(0.,0.,-1.));
#14790=DIRECTION('',(0.,0.,1.));
#14791=DIRECTION('',(1.,0.,0.));
#14792=DIRECTION('',(0.,1.,0.));
#14793=DIRECTION('',(0.,1.,0.));
#14794=DIRECTION('',(0.,0.,1.));
#14795=DIRECTION('',(0.,0.,1.));
#14796=DIRECTION('',(0.,1.,0.));
#14797=DIRECTION('',(0.,0.,1.));
#14798=DIRECTION('',(0.,0.,1.));
#14799=DIRECTION('',(-1.,0.,0.));
#14800=DIRECTION('',(0.,-1.,0.));
#14801=DIRECTION('',(0.,0.,1.));
#14802=DIRECTION('',(1.,0.,0.));
#14803=DIRECTION('',(-1.,-6.12323399573677E-17,0.));
#14804=DIRECTION('',(6.12323399573677E-17,-1.,0.));
#14805=DIRECTION('',(-5.12546543857011E-17,0.837052028738189,-0.547123296145652));
#14806=DIRECTION('',(-1.,-6.12323399573677E-17,0.));
#14807=DIRECTION('',(0.,0.,-1.));
#14808=DIRECTION('',(-4.70640260546229E-17,0.76861387442307,-0.639712991930255));
#14809=DIRECTION('',(-4.77005119589966E-17,0.779008478072332,0.627013389882089));
#14810=DIRECTION('',(-1.,-6.12323399573677E-17,0.));
#14811=DIRECTION('',(0.,0.,-1.));
#14812=DIRECTION('',(-5.17975360319195E-17,0.845917958843038,0.533313047756033));
#14813=DIRECTION('',(2.17741167142703E-17,-0.35559831176516,0.934638882494072));
#14814=DIRECTION('',(-1.,-6.12323399573677E-17,0.));
#14815=DIRECTION('',(0.,0.,-1.));
#14816=DIRECTION('',(1.50513882533993E-17,-0.245807824164137,0.969318582087279));
#14817=DIRECTION('',(6.11576561634229E-17,-0.998780321085283,-0.049374793293533));
#14818=DIRECTION('',(-1.,-6.12323399573677E-17,0.));
#14819=DIRECTION('',(0.,0.,-1.));
#14820=DIRECTION('',(6.10998055503912E-17,-0.997835548877133,0.0657587819007606));
#14821=DIRECTION('',(1.60233934670045E-17,-0.261681873960078,-0.965154182936976));
#14822=DIRECTION('',(-1.,-6.12323399573677E-17,0.));
#14823=DIRECTION('',(0.,0.,-1.));
#14824=DIRECTION('',(2.27103682827519E-17,-0.370888460224837,-0.928677419813817));
#14825=DIRECTION('',(-1.,-6.12323399573677E-17,0.));
#14826=DIRECTION('',(0.,0.,-1.));
#14827=DIRECTION('',(-6.07787762550659E-17,0.992592742615789,-0.121489288854884));
#14828=DIRECTION('',(-1.,-6.12323399573677E-17,0.));
#14829=DIRECTION('',(0.,0.,-1.));
#14830=DIRECTION('',(-6.0776431643864E-17,0.99255445220906,0.121801721662596));
#14831=DIRECTION('',(-4.02656408852976E-18,0.0657587819007605,0.997835548877132));
#14832=DIRECTION('',(6.10998055503912E-17,-0.997835548877133,0.0657587819007606));
#14833=DIRECTION('',(1.,6.12323399573677E-17,0.));
#14834=DIRECTION('',(6.10998055503912E-17,-0.997835548877133,0.0657587819007606));
#14835=DIRECTION('',(1.,6.12323399573677E-17,0.));
#14836=DIRECTION('',(6.10998055503912E-17,-0.997835548877133,0.0657587819007606));
#14837=DIRECTION('',(1.,6.12323399573677E-17,0.));
#14838=DIRECTION('',(0.,0.,1.));
#14839=DIRECTION('',(1.,6.12323399573677E-17,0.));
#14840=DIRECTION('',(-1.,-6.12323399573677E-17,0.));
#14841=DIRECTION('',(0.,0.,-1.));
#14842=DIRECTION('',(-1.,-6.12323399573677E-17,0.));
#14843=DIRECTION('',(0.,0.,-1.));
#14844=DIRECTION('',(3.02333412827437E-18,-0.049374793293533,0.998780321085283));
#14845=DIRECTION('',(6.11576561634229E-17,-0.998780321085283,-0.049374793293533));
#14846=DIRECTION('',(1.,6.12323399573677E-17,0.));
#14847=DIRECTION('',(6.11576561634229E-17,-0.998780321085283,-0.049374793293533));
#14848=DIRECTION('',(6.11576561634229E-17,-0.998780321085283,-0.049374793293533));
#14849=DIRECTION('',(-1.,-6.12323399573677E-17,0.));
#14850=DIRECTION('',(6.12323399573677E-17,-1.,0.));
#14851=DIRECTION('',(-1.,-6.12323399573677E-17,0.));
#14852=DIRECTION('',(0.,0.,-1.));
#14853=DIRECTION('',(2.17741167142703E-17,-0.35559831176516,0.934638882494072));
#14854=DIRECTION('',(-5.17975360319195E-17,0.845917958843038,0.533313047756033));
#14855=DIRECTION('',(-1.,-6.12323399573677E-17,0.));
#14856=DIRECTION('',(0.,0.,-1.));
#14857=DIRECTION('',(-4.77005119589966E-17,0.779008478072332,0.627013389882089));
#14858=DIRECTION('',(-4.70640260546229E-17,0.76861387442307,-0.639712991930255));
#14859=DIRECTION('',(-1.,-6.12323399573677E-17,0.));
#14860=DIRECTION('',(0.,0.,-1.));
#14861=DIRECTION('',(-5.12546543857011E-17,0.837052028738189,-0.547123296145652));
#14862=DIRECTION('',(2.27103682827519E-17,-0.370888460224837,-0.928677419813817));
#14863=DIRECTION('',(-1.,-6.12323399573677E-17,0.));
#14864=DIRECTION('',(0.,0.,-1.));
#14865=DIRECTION('',(1.60233934670045E-17,-0.261681873960078,-0.965154182936976));
#14866=DIRECTION('',(6.10998055503912E-17,-0.997835548877133,0.0657587819007606));
#14867=DIRECTION('',(-1.,-6.12323399573677E-17,0.));
#14868=DIRECTION('',(0.,0.,-1.));
#14869=DIRECTION('',(6.11576561634229E-17,-0.998780321085283,-0.049374793293533));
#14870=DIRECTION('',(1.50513882533993E-17,-0.245807824164137,0.969318582087279));
#14871=DIRECTION('',(1.,6.12323399573677E-17,0.));
#14872=DIRECTION('',(0.,0.,1.));
#14873=DIRECTION('',(1.,6.12323399573677E-17,0.));
#14874=DIRECTION('',(-1.,-6.12323399573677E-17,0.));
#14875=DIRECTION('',(0.,0.,-1.));
#14876=DIRECTION('',(1.,6.12323399573677E-17,0.));
#14877=DIRECTION('',(7.43907343634109E-18,-0.121489288854884,-0.992592742615789));
#14878=DIRECTION('',(-6.07787762550659E-17,0.992592742615789,-0.121489288854884));
#14879=DIRECTION('',(-6.07787762550659E-17,0.992592742615789,-0.121489288854884));
#14880=DIRECTION('',(1.,6.12323399573677E-17,0.));
#14881=DIRECTION('',(1.,6.12323399573677E-17,0.));
#14882=DIRECTION('',(0.,0.,1.));
#14883=DIRECTION('',(-1.,-6.12323399573677E-17,0.));
#14884=DIRECTION('',(0.,0.,-1.));
#14885=DIRECTION('',(1.,6.12323399573677E-17,0.));
#14886=DIRECTION('',(-7.45820442823678E-18,0.121801721662596,-0.99255445220906));
#14887=DIRECTION('',(-6.0776431643864E-17,0.99255445220906,0.121801721662596));
#14888=DIRECTION('',(-6.0776431643864E-17,0.99255445220906,0.121801721662596));
#14889=DIRECTION('',(-1.,-6.12323399573677E-17,0.));
#14890=DIRECTION('',(6.12323399573677E-17,-1.,0.));
#14891=DIRECTION('',(-5.72301257902512E-17,0.934638882494072,0.35559831176516));
#14892=DIRECTION('',(2.17741167142703E-17,-0.35559831176516,0.934638882494072));
#14893=DIRECTION('',(1.,6.12323399573677E-17,0.));
#14894=DIRECTION('',(2.17741167142703E-17,-0.35559831176516,0.934638882494072));
#14895=DIRECTION('',(1.,6.12323399573677E-17,0.));
#14896=DIRECTION('',(2.17741167142703E-17,-0.35559831176516,0.934638882494072));
#14897=DIRECTION('',(-3.26560058438972E-17,0.533313047756033,-0.845917958843038));
#14898=DIRECTION('',(-5.17975360319195E-17,0.845917958843038,0.533313047756033));
#14899=DIRECTION('',(1.,6.12323399573677E-17,0.));
#14900=DIRECTION('',(-5.17975360319195E-17,0.845917958843038,0.533313047756033));
#14901=DIRECTION('',(-5.17975360319195E-17,0.845917958843038,0.533313047756033));
#14902=DIRECTION('',(1.,6.12323399573677E-17,0.));
#14903=DIRECTION('',(0.,0.,1.));
#14904=DIRECTION('',(1.,6.12323399573677E-17,0.));
#14905=DIRECTION('',(-1.,-6.12323399573677E-17,0.));
#14906=DIRECTION('',(0.,0.,-1.));
#14907=DIRECTION('',(-1.,-6.12323399573677E-17,0.));
#14908=DIRECTION('',(0.,0.,-1.));
#14909=DIRECTION('',(-3.83934970470816E-17,0.627013389882089,-0.779008478072332));
#14910=DIRECTION('',(-4.77005119589966E-17,0.779008478072332,0.627013389882089));
#14911=DIRECTION('',(1.,6.12323399573677E-17,0.));
#14912=DIRECTION('',(-4.77005119589966E-17,0.779008478072332,0.627013389882089));
#14913=DIRECTION('',(-4.77005119589966E-17,0.779008478072332,0.627013389882089));
#14914=DIRECTION('',(3.91711233970182E-17,-0.639712991930255,-0.76861387442307));
#14915=DIRECTION('',(-4.70640260546229E-17,0.76861387442307,-0.639712991930255));
#14916=DIRECTION('',(1.,6.12323399573677E-17,0.));
#14917=DIRECTION('',(-4.70640260546229E-17,0.76861387442307,-0.639712991930255));
#14918=DIRECTION('',(-4.70640260546229E-17,0.76861387442307,-0.639712991930255));
#14919=DIRECTION('',(1.,6.12323399573677E-17,0.));
#14920=DIRECTION('',(0.,0.,1.));
#14921=DIRECTION('',(1.,6.12323399573677E-17,0.));
#14922=DIRECTION('',(-1.,-6.12323399573677E-17,0.));
#14923=DIRECTION('',(0.,0.,-1.));
#14924=DIRECTION('',(-1.,-6.12323399573677E-17,0.));
#14925=DIRECTION('',(0.,0.,-1.));
#14926=DIRECTION('',(3.35016396681861E-17,-0.547123296145652,-0.837052028738189));
#14927=DIRECTION('',(-5.12546543857011E-17,0.837052028738189,-0.547123296145652));
#14928=DIRECTION('',(1.,6.12323399573677E-17,0.));
#14929=DIRECTION('',(-5.12546543857011E-17,0.837052028738189,-0.547123296145652));
#14930=DIRECTION('',(-5.12546543857011E-17,0.837052028738189,-0.547123296145652));
#14931=DIRECTION('',(5.68650914807707E-17,-0.928677419813817,0.370888460224837));
#14932=DIRECTION('',(2.27103682827519E-17,-0.370888460224837,-0.928677419813817));
#14933=DIRECTION('',(1.,6.12323399573677E-17,0.));
#14934=DIRECTION('',(2.27103682827519E-17,-0.370888460224837,-0.928677419813817));
#14935=DIRECTION('',(2.27103682827519E-17,-0.370888460224837,-0.928677419813817));
#14936=DIRECTION('',(1.,6.12323399573677E-17,0.));
#14937=DIRECTION('',(0.,0.,1.));
#14938=DIRECTION('',(1.,6.12323399573677E-17,0.));
#14939=DIRECTION('',(-1.,-6.12323399573677E-17,0.));
#14940=DIRECTION('',(0.,0.,-1.));
#14941=DIRECTION('',(-1.,-6.12323399573677E-17,0.));
#14942=DIRECTION('',(0.,0.,-1.));
#14943=DIRECTION('',(5.90986490408723E-17,-0.965154182936976,0.261681873960078));
#14944=DIRECTION('',(1.60233934670045E-17,-0.261681873960078,-0.965154182936976));
#14945=DIRECTION('',(1.60233934670045E-17,-0.261681873960078,-0.965154182936976));
#14946=DIRECTION('',(1.60233934670045E-17,-0.261681873960078,-0.965154182936976));
#14947=DIRECTION('',(-5.93536449453619E-17,0.969318582087279,0.245807824164137));
#14948=DIRECTION('',(1.50513882533993E-17,-0.245807824164137,0.969318582087279));
#14949=DIRECTION('',(1.,6.12323399573677E-17,0.));
#14950=DIRECTION('',(1.50513882533993E-17,-0.245807824164137,0.969318582087279));
#14951=DIRECTION('',(1.50513882533993E-17,-0.245807824164137,0.969318582087279));
#14952=DIRECTION('',(1.,6.12323399573677E-17,0.));
#14953=DIRECTION('',(0.,0.,1.));
#14954=DIRECTION('',(-1.,-6.12323399573677E-17,0.));
#14955=DIRECTION('',(0.,0.,-1.));
#14956=DIRECTION('',(-1.,-6.12323399573677E-17,0.));
#14957=DIRECTION('',(0.,0.,-1.));
#14958=DIRECTION('',(4.70640260546229E-17,-0.76861387442307,0.639712991930255));
#14959=DIRECTION('',(3.91711233970182E-17,-0.639712991930255,-0.76861387442307));
#14960=DIRECTION('',(-5.02448267631139E-19,0.00820560292128249,0.999966333473632));
#14961=DIRECTION('',(-6.12302784771799E-17,0.999966333473632,-0.00820560292128262));
#14962=DIRECTION('',(-4.70640260546229E-17,0.76861387442307,-0.639712991930254));
#14963=DIRECTION('',(-3.91711233970181E-17,0.639712991930254,0.76861387442307));
#14964=DIRECTION('',(-1.,-6.12323399573677E-17,0.));
#14965=DIRECTION('',(0.,0.,-1.));
#14966=DIRECTION('',(5.1254654385701E-17,-0.837052028738188,0.547123296145652));
#14967=DIRECTION('',(3.35016396681861E-17,-0.547123296145652,-0.837052028738189));
#14968=DIRECTION('',(-4.77005119589966E-17,0.779008478072332,0.627013389882089));
#14969=DIRECTION('',(3.83934970470816E-17,-0.627013389882089,0.779008478072332));
#14970=DIRECTION('',(-4.77005119589967E-17,0.779008478072333,0.627013389882088));
#14971=DIRECTION('',(3.83934970470815E-17,-0.627013389882088,0.779008478072333));
#14972=DIRECTION('',(-5.12546543857011E-17,0.837052028738189,-0.547123296145652));
#14973=DIRECTION('',(-3.35016396681861E-17,0.547123296145652,0.837052028738189));
#14974=DIRECTION('',(-5.83887203937811E-17,0.953560168277639,0.301202598717741));
#14975=DIRECTION('',(-1.84433399207273E-17,0.301202598717741,-0.953560168277639));
#14976=DIRECTION('',(-1.,-6.12323399573677E-17,0.));
#14977=DIRECTION('',(0.,0.,-1.));
#14978=DIRECTION('',(2.8112403774633E-15,-0.845917958843036,-0.533313047756035));
#14979=DIRECTION('',(-3.26560058438974E-17,0.533313047756035,-0.845917958843037));
#14980=DIRECTION('',(-2.27103682827519E-17,0.370888460224837,0.928677419813817));
#14981=DIRECTION('',(5.68650914807707E-17,-0.928677419813817,0.370888460224837));
#14982=DIRECTION('',(2.27103682827519E-17,-0.370888460224837,-0.928677419813817));
#14983=DIRECTION('',(-5.68650914807707E-17,0.928677419813817,-0.370888460224837));
#14984=DIRECTION('',(5.17975360319195E-17,-0.845917958843038,-0.533313047756033));
#14985=DIRECTION('',(-3.26560058438972E-17,0.533313047756033,-0.845917958843038));
#14986=DIRECTION('',(5.80781902867966E-17,-0.948488826774101,0.316810582974574));
#14987=DIRECTION('',(1.9399053318791E-17,-0.316810582974574,-0.948488826774101));
#14988=DIRECTION('',(-1.,-6.12323399573677E-17,0.));
#14989=DIRECTION('',(0.,0.,-1.));
#14990=DIRECTION('',(-1.60233934670045E-17,0.261681873960078,0.965154182936976));
#14991=DIRECTION('',(5.90986490408723E-17,-0.965154182936976,0.261681873960078));
#14992=DIRECTION('',(2.17741167142703E-17,-0.35559831176516,0.934638882494072));
#14993=DIRECTION('',(5.72301257902512E-17,-0.934638882494072,-0.35559831176516));
#14994=DIRECTION('',(9.88822091438629E-17,-0.355598311765159,0.934638882494072));
#14995=DIRECTION('',(5.72301257902512E-17,-0.934638882494072,-0.355598311765159));
#14996=DIRECTION('',(1.60233934670045E-17,-0.261681873960078,-0.965154182936976));
#14997=DIRECTION('',(-5.90986490408723E-17,0.965154182936976,-0.261681873960078));
#14998=DIRECTION('',(-3.55837654953397E-17,0.581126991392368,-0.813812889966272));
#14999=DIRECTION('',(-4.98316675401026E-17,0.813812889966272,0.581126991392368));
#15000=DIRECTION('',(-1.,-6.12323399573677E-17,0.));
#15001=DIRECTION('',(0.,0.,-1.));
#15002=DIRECTION('',(-1.50513882533993E-17,0.245807824164137,-0.969318582087279));
#15003=DIRECTION('',(-5.93536449453619E-17,0.969318582087279,0.245807824164137));
#15004=DIRECTION('',(-6.10998055503912E-17,0.997835548877133,-0.0657587819007606));
#15005=DIRECTION('',(-4.02656408852976E-18,0.0657587819007605,0.997835548877132));
#15006=DIRECTION('',(6.10998055503912E-17,-0.997835548877133,0.0657587819007603));
#15007=DIRECTION('',(4.02656408852975E-18,-0.0657587819007603,-0.997835548877133));
#15008=DIRECTION('',(-1.50513882533993E-17,0.245807824164137,-0.969318582087279));
#15009=DIRECTION('',(-5.93536449453619E-17,0.969318582087279,0.245807824164137));
#15010=DIRECTION('',(3.63967438699554E-17,-0.594403935817188,-0.804166625199676));
#15011=DIRECTION('',(4.92410041765956E-17,-0.804166625199676,0.594403935817188));
#15012=DIRECTION('',(-1.,-6.12323399573677E-17,0.));
#15013=DIRECTION('',(0.,0.,-1.));
#15014=DIRECTION('',(-6.11576561634229E-17,0.998780321085283,0.0493747932935329));
#15015=DIRECTION('',(3.02333412827436E-18,-0.0493747932935329,0.998780321085283));
#15016=DIRECTION('',(6.11576561634229E-17,-0.998780321085283,-0.049374793293533));
#15017=DIRECTION('',(-3.02333412827437E-18,0.049374793293533,-0.998780321085283));
#15018=DIRECTION('',(-1.60233934670045E-17,0.261681873960078,0.965154182936976));
#15019=DIRECTION('',(5.90986490408723E-17,-0.965154182936976,0.261681873960078));
#15020=DIRECTION('',(3.55837654953397E-17,-0.581126991392368,0.813812889966272));
#15021=DIRECTION('',(-4.98316675401026E-17,0.813812889966272,0.581126991392368));
#15022=DIRECTION('',(1.60233934670045E-17,-0.261681873960079,-0.965154182936976));
#15023=DIRECTION('',(-5.90986490408723E-17,0.965154182936976,-0.261681873960079));
#15024=DIRECTION('',(-1.,-6.12323399573677E-17,0.));
#15025=DIRECTION('',(0.,0.,-1.));
#15026=DIRECTION('',(-2.27103682827519E-17,0.370888460224837,0.928677419813818));
#15027=DIRECTION('',(5.68650914807707E-17,-0.928677419813817,0.370888460224837));
#15028=DIRECTION('',(6.10998055503912E-17,-0.997835548877133,0.0657587819007606));
#15029=DIRECTION('',(4.02656408852976E-18,-0.0657587819007605,-0.997835548877132));
#15030=DIRECTION('',(6.10998055503911E-17,-0.997835548877132,0.0657587819007602));
#15031=DIRECTION('',(4.02656408852974E-18,-0.0657587819007602,-0.997835548877133));
#15032=DIRECTION('',(2.27103682827519E-17,-0.370888460224837,-0.928677419813817));
#15033=DIRECTION('',(-5.68650914807707E-17,0.928677419813817,-0.370888460224837));
#15034=DIRECTION('',(5.83887203937811E-17,-0.953560168277639,-0.301202598717741));
#15035=DIRECTION('',(1.84433399207273E-17,-0.301202598717741,0.953560168277639));
#15036=DIRECTION('',(-1.,-6.12323399573677E-17,0.));
#15037=DIRECTION('',(0.,0.,-1.));
#15038=DIRECTION('',(1.67145001416687E-15,0.998780321085283,0.0493747932935346));
#15039=DIRECTION('',(3.02333412827446E-18,-0.0493747932935346,0.998780321085283));
#15040=DIRECTION('',(5.12546543857011E-17,-0.837052028738189,0.547123296145652));
#15041=DIRECTION('',(3.35016396681861E-17,-0.547123296145652,-0.837052028738189));
#15042=DIRECTION('',(-5.1254654385701E-17,0.837052028738188,-0.547123296145652));
#15043=DIRECTION('',(-3.35016396681861E-17,0.547123296145652,0.837052028738188));
#15044=DIRECTION('',(-6.11576561634229E-17,0.998780321085283,0.049374793293533));
#15045=DIRECTION('',(3.02333412827437E-18,-0.049374793293533,0.998780321085283));
#15046=DIRECTION('',(-3.63967438699554E-17,0.594403935817188,0.804166625199676));
#15047=DIRECTION('',(-4.92410041765956E-17,0.804166625199676,-0.594403935817188));
#15048=DIRECTION('',(-1.,-6.12323399573677E-17,0.));
#15049=DIRECTION('',(0.,0.,-1.));
#15050=DIRECTION('',(4.70640260546229E-17,-0.768613874423069,0.639712991930255));
#15051=DIRECTION('',(3.91711233970182E-17,-0.639712991930255,-0.768613874423069));
#15052=DIRECTION('',(1.50513882533993E-17,-0.245807824164137,0.969318582087279));
#15053=DIRECTION('',(5.93536449453619E-17,-0.969318582087279,-0.245807824164137));
#15054=DIRECTION('',(1.50513882533993E-17,-0.245807824164137,0.969318582087279));
#15055=DIRECTION('',(5.93536449453619E-17,-0.969318582087279,-0.245807824164137));
#15056=DIRECTION('',(-4.70640260546229E-17,0.76861387442307,-0.639712991930255));
#15057=DIRECTION('',(-3.91711233970182E-17,0.639712991930255,0.76861387442307));
#15058=DIRECTION('',(5.02448267631139E-19,-0.00820560292128249,-0.999966333473632));
#15059=DIRECTION('',(6.12302784771799E-17,-0.999966333473632,0.00820560292128262));
#15060=DIRECTION('',(-1.,-6.12323399573677E-17,0.));
#15061=DIRECTION('',(0.,0.,-1.));
#15062=DIRECTION('',(1.90799826402729E-15,0.355598311765161,-0.934638882494072));
#15063=DIRECTION('',(-5.72301257902512E-17,0.934638882494072,0.355598311765161));
#15064=DIRECTION('',(4.77005119589966E-17,-0.779008478072332,-0.627013389882089));
#15065=DIRECTION('',(-3.83934970470816E-17,0.627013389882089,-0.779008478072332));
#15066=DIRECTION('',(-4.77005119589967E-17,0.779008478072333,0.627013389882089));
#15067=DIRECTION('',(3.83934970470816E-17,-0.627013389882089,0.779008478072332));
#15068=DIRECTION('',(-2.17741167142703E-17,0.35559831176516,-0.934638882494072));
#15069=DIRECTION('',(-5.72301257902512E-17,0.934638882494072,0.35559831176516));
#15070=DIRECTION('',(-5.80781902867966E-17,0.948488826774101,-0.316810582974574));
#15071=DIRECTION('',(-1.9399053318791E-17,0.316810582974574,0.948488826774101));
#15072=DIRECTION('',(-1.,-6.12323399573677E-17,0.));
#15073=DIRECTION('',(0.,0.,-1.));
#15074=DIRECTION('',(5.17975360319195E-17,-0.845917958843038,-0.533313047756033));
#15075=DIRECTION('',(-3.26560058438972E-17,0.533313047756033,-0.845917958843038));
#15076=DIRECTION('',(-5.17975360319195E-17,0.845917958843038,0.533313047756033));
#15077=DIRECTION('',(3.26560058438972E-17,-0.533313047756033,0.845917958843038));
#15078=DIRECTION('',(0.,0.,1.));
#15079=DIRECTION('',(1.,0.,0.));
#15080=DIRECTION('',(0.,0.,-1.));
#15081=DIRECTION('',(-1.,0.,0.));
#15082=DIRECTION('',(0.,0.,1.));
#15083=DIRECTION('',(1.,0.,0.));
#15084=DIRECTION('',(0.,0.,-1.));
#15085=DIRECTION('',(0.,0.,1.));
#15086=DIRECTION('',(1.,0.,0.));
#15087=DIRECTION('',(0.,0.,-1.));
#15088=DIRECTION('',(0.,0.,-1.));
#15089=DIRECTION('',(-1.,0.,0.));
#15090=DIRECTION('',(0.,0.,1.));
#15091=DIRECTION('',(1.,0.,0.));
#15092=DIRECTION('',(0.,0.,-1.));
#15093=DIRECTION('',(0.,0.,1.));
#15094=DIRECTION('',(1.,0.,0.));
#15095=DIRECTION('',(0.,0.,-1.));
#15096=DIRECTION('',(0.,0.,-1.));
#15097=DIRECTION('',(-1.,0.,0.));
#15098=DIRECTION('',(0.,0.,1.));
#15099=DIRECTION('',(1.,0.,0.));
#15100=DIRECTION('',(0.,0.,-1.));
#15101=DIRECTION('',(0.,0.,1.));
#15102=DIRECTION('',(1.,0.,0.));
#15103=DIRECTION('',(0.,0.,-1.));
#15104=DIRECTION('',(-1.,-1.56105599637958E-16,0.));
#15105=DIRECTION('',(1.56105599637958E-16,-1.,0.));
#15106=DIRECTION('',(0.,0.,1.));
#15107=DIRECTION('',(0.,-1.,0.));
#15108=DIRECTION('',(0.,0.,1.));
#15109=DIRECTION('',(-1.56105599637958E-16,1.,0.));
#15110=DIRECTION('',(0.,0.,-1.));
#15111=DIRECTION('',(-1.56105599637958E-16,1.,0.));
#15112=DIRECTION('',(-1.,-1.56105599637958E-16,0.));
#15113=DIRECTION('',(1.56105599637958E-16,-1.,0.));
#15114=DIRECTION('',(-1.56105599637958E-16,1.,0.));
#15115=DIRECTION('',(0.,0.,-1.));
#15116=DIRECTION('',(-1.56105599637958E-16,1.,0.));
#15117=DIRECTION('',(0.,0.,-1.));
#15118=DIRECTION('',(1.56105599637958E-16,-1.,0.));
#15119=DIRECTION('',(1.,1.56105599637958E-16,0.));
#15120=DIRECTION('',(0.,0.,-1.));
#15121=DIRECTION('',(-1.,-1.56105599637958E-16,0.));
#15122=DIRECTION('',(0.,0.,1.));
#15123=DIRECTION('',(-1.,-1.56105599637958E-16,0.));
#15124=DIRECTION('',(0.,-1.,0.));
#15125=DIRECTION('',(0.,0.,-1.));
#15126=DIRECTION('',(-1.,0.,0.));
#15127=DIRECTION('',(0.,0.,-1.));
#15128=DIRECTION('',(-1.,0.,0.));
#15129=DIRECTION('',(0.,0.,-1.));
#15130=DIRECTION('',(0.,0.,-1.));
#15131=DIRECTION('',(1.,0.,0.));
#15132=DIRECTION('',(1.,0.,0.));
#15133=DIRECTION('',(0.,1.,0.));
#15134=DIRECTION('',(0.,0.,-1.));
#15135=DIRECTION('',(-1.,0.,0.));
#15136=DIRECTION('',(0.,0.,-1.));
#15137=DIRECTION('',(-1.,0.,0.));
#15138=DIRECTION('',(0.,0.,-1.));
#15139=DIRECTION('',(-1.,0.,0.));
#15140=DIRECTION('',(0.,0.,-1.));
#15141=DIRECTION('',(-1.,0.,0.));
#15142=DIRECTION('',(0.,0.,-1.));
#15143=DIRECTION('',(-1.,0.,0.));
#15144=DIRECTION('',(0.,0.,-1.));
#15145=DIRECTION('',(-1.,0.,0.));
#15146=DIRECTION('',(0.,0.,-1.));
#15147=DIRECTION('',(-1.,0.,0.));
#15148=DIRECTION('',(0.,0.,-1.));
#15149=DIRECTION('',(-1.,0.,0.));
#15150=DIRECTION('',(0.,0.,-1.));
#15151=DIRECTION('',(-1.,0.,0.));
#15152=DIRECTION('',(0.,0.,-1.));
#15153=DIRECTION('',(-1.,0.,0.));
#15154=DIRECTION('',(0.,0.,-1.));
#15155=DIRECTION('',(-1.,0.,0.));
#15156=DIRECTION('',(0.,0.,-1.));
#15157=DIRECTION('',(-1.,0.,0.));
#15158=DIRECTION('',(0.,0.,-1.));
#15159=DIRECTION('',(-1.,0.,0.));
#15160=DIRECTION('',(0.,0.,-1.));
#15161=DIRECTION('',(-1.,0.,0.));
#15162=DIRECTION('',(0.,0.,-1.));
#15163=DIRECTION('',(-1.,0.,0.));
#15164=DIRECTION('',(0.,0.,-1.));
#15165=DIRECTION('',(-1.,0.,0.));
#15166=DIRECTION('',(0.,0.,-1.));
#15167=DIRECTION('',(-1.,0.,0.));
#15168=DIRECTION('',(0.,0.,-1.));
#15169=DIRECTION('',(-1.,0.,0.));
#15170=DIRECTION('',(0.,0.,-1.));
#15171=DIRECTION('',(-1.,0.,0.));
#15172=DIRECTION('',(0.,0.,-1.));
#15173=DIRECTION('',(-1.,0.,0.));
#15174=DIRECTION('',(0.,0.,-1.));
#15175=DIRECTION('',(-1.,0.,0.));
#15176=DIRECTION('',(0.,0.,-1.));
#15177=DIRECTION('',(-1.,0.,0.));
#15178=DIRECTION('',(0.,0.,-1.));
#15179=DIRECTION('',(-1.,0.,0.));
#15180=DIRECTION('',(0.,0.,-1.));
#15181=DIRECTION('',(-1.,0.,0.));
#15182=DIRECTION('',(0.,0.,-1.));
#15183=DIRECTION('',(-1.,0.,0.));
#15184=DIRECTION('',(0.,0.,-1.));
#15185=DIRECTION('',(-1.,0.,0.));
#15186=DIRECTION('',(0.,0.,-1.));
#15187=DIRECTION('',(-1.,0.,0.));
#15188=DIRECTION('',(0.,0.,-1.));
#15189=DIRECTION('',(-1.,0.,0.));
#15190=DIRECTION('',(0.,0.,-1.));
#15191=DIRECTION('',(-1.,0.,0.));
#15192=DIRECTION('',(0.,0.,-1.));
#15193=DIRECTION('',(-1.,0.,0.));
#15194=DIRECTION('',(0.,0.,-1.));
#15195=DIRECTION('',(-1.,0.,0.));
#15196=DIRECTION('',(0.,0.,-1.));
#15197=DIRECTION('',(-1.,0.,0.));
#15198=DIRECTION('',(0.,0.,-1.));
#15199=DIRECTION('',(-1.,0.,0.));
#15200=DIRECTION('',(0.,0.,-1.));
#15201=DIRECTION('',(-1.,0.,0.));
#15202=DIRECTION('',(0.,0.,-1.));
#15203=DIRECTION('',(-1.,0.,0.));
#15204=DIRECTION('',(0.,0.,-1.));
#15205=DIRECTION('',(-1.,0.,0.));
#15206=DIRECTION('',(0.,0.,-1.));
#15207=DIRECTION('',(-1.,0.,0.));
#15208=DIRECTION('',(0.,0.,-1.));
#15209=DIRECTION('',(-1.,0.,0.));
#15210=DIRECTION('',(0.,0.,-1.));
#15211=DIRECTION('',(-1.,0.,0.));
#15212=DIRECTION('',(0.,0.,-1.));
#15213=DIRECTION('',(-1.,0.,0.));
#15214=DIRECTION('',(0.,0.,-1.));
#15215=DIRECTION('',(-1.,0.,0.));
#15216=DIRECTION('',(0.,0.,-1.));
#15217=DIRECTION('',(-1.,0.,0.));
#15218=DIRECTION('',(0.,0.,-1.));
#15219=DIRECTION('',(-1.,0.,0.));
#15220=DIRECTION('',(0.,0.,-1.));
#15221=DIRECTION('',(-1.,0.,0.));
#15222=DIRECTION('',(0.,0.,-1.));
#15223=DIRECTION('',(-1.,0.,0.));
#15224=DIRECTION('',(0.,0.,-1.));
#15225=DIRECTION('',(-1.,0.,0.));
#15226=DIRECTION('',(0.,0.,-1.));
#15227=DIRECTION('',(-1.,0.,0.));
#15228=DIRECTION('',(0.,0.,-1.));
#15229=DIRECTION('',(-1.,0.,0.));
#15230=DIRECTION('',(0.,0.,-1.));
#15231=DIRECTION('',(-1.,0.,0.));
#15232=DIRECTION('',(0.,0.,-1.));
#15233=DIRECTION('',(-1.,0.,0.));
#15234=DIRECTION('',(0.,0.,-1.));
#15235=DIRECTION('',(-1.,0.,0.));
#15236=DIRECTION('',(0.,0.,-1.));
#15237=DIRECTION('',(-1.,0.,0.));
#15238=DIRECTION('',(0.,0.,-1.));
#15239=DIRECTION('',(-1.,0.,0.));
#15240=DIRECTION('',(0.,0.,-1.));
#15241=DIRECTION('',(-1.,0.,0.));
#15242=DIRECTION('',(0.,0.,-1.));
#15243=DIRECTION('',(-1.,0.,0.));
#15244=DIRECTION('',(0.,0.,-1.));
#15245=DIRECTION('',(-1.,0.,0.));
#15246=DIRECTION('',(0.,0.,-1.));
#15247=DIRECTION('',(-1.,0.,0.));
#15248=DIRECTION('',(0.,0.,-1.));
#15249=DIRECTION('',(-1.,0.,0.));
#15250=DIRECTION('',(0.,0.,-1.));
#15251=DIRECTION('',(-1.,0.,0.));
#15252=DIRECTION('',(0.,0.,-1.));
#15253=DIRECTION('',(-1.,0.,0.));
#15254=DIRECTION('',(0.,0.,-1.));
#15255=DIRECTION('',(-1.,0.,0.));
#15256=DIRECTION('',(0.,0.,-1.));
#15257=DIRECTION('',(-1.,0.,0.));
#15258=DIRECTION('',(0.,0.,-1.));
#15259=DIRECTION('',(-1.,0.,0.));
#15260=DIRECTION('',(0.,0.,-1.));
#15261=DIRECTION('',(-1.,0.,0.));
#15262=DIRECTION('',(0.,0.,-1.));
#15263=DIRECTION('',(-1.,0.,0.));
#15264=DIRECTION('',(0.,0.,-1.));
#15265=DIRECTION('',(-1.,0.,0.));
#15266=DIRECTION('',(0.,0.,-1.));
#15267=DIRECTION('',(-1.,0.,0.));
#15268=DIRECTION('',(0.,0.,-1.));
#15269=DIRECTION('',(-1.,0.,0.));
#15270=DIRECTION('',(0.,0.,-1.));
#15271=DIRECTION('',(-1.,0.,0.));
#15272=DIRECTION('',(0.,0.,-1.));
#15273=DIRECTION('',(-1.,0.,0.));
#15274=DIRECTION('',(0.,0.,-1.));
#15275=DIRECTION('',(-1.,0.,0.));
#15276=DIRECTION('',(0.,0.,-1.));
#15277=DIRECTION('',(-1.,0.,0.));
#15278=DIRECTION('',(0.,0.,-1.));
#15279=DIRECTION('',(-1.,0.,0.));
#15280=DIRECTION('',(0.,0.,-1.));
#15281=DIRECTION('',(-1.,0.,0.));
#15282=DIRECTION('',(0.,0.,-1.));
#15283=DIRECTION('',(-1.,0.,0.));
#15284=DIRECTION('',(0.,0.,-1.));
#15285=DIRECTION('',(-1.,0.,0.));
#15286=DIRECTION('',(0.,0.,-1.));
#15287=DIRECTION('',(-1.,0.,0.));
#15288=DIRECTION('',(0.,0.,-1.));
#15289=DIRECTION('',(-1.,0.,0.));
#15290=DIRECTION('',(0.,0.,-1.));
#15291=DIRECTION('',(-1.,0.,0.));
#15292=DIRECTION('',(0.,0.,-1.));
#15293=DIRECTION('',(-1.,0.,0.));
#15294=DIRECTION('',(0.,0.,-1.));
#15295=DIRECTION('',(-1.,0.,0.));
#15296=DIRECTION('',(0.,0.,-1.));
#15297=DIRECTION('',(-1.,0.,0.));
#15298=DIRECTION('',(0.,0.,-1.));
#15299=DIRECTION('',(-1.,0.,0.));
#15300=DIRECTION('',(0.,0.,-1.));
#15301=DIRECTION('',(-1.,0.,0.));
#15302=DIRECTION('',(0.,0.,-1.));
#15303=DIRECTION('',(-1.,0.,0.));
#15304=DIRECTION('',(0.,0.,-1.));
#15305=DIRECTION('',(-1.,0.,0.));
#15306=DIRECTION('',(0.,0.,-1.));
#15307=DIRECTION('',(-1.,0.,0.));
#15308=DIRECTION('',(0.,0.,-1.));
#15309=DIRECTION('',(-1.,0.,0.));
#15310=DIRECTION('',(0.,0.,-1.));
#15311=DIRECTION('',(-1.,0.,0.));
#15312=DIRECTION('',(0.,0.,-1.));
#15313=DIRECTION('',(-1.,0.,0.));
#15314=DIRECTION('',(0.,0.,-1.));
#15315=DIRECTION('',(-1.,0.,0.));
#15316=DIRECTION('',(0.,0.,-1.));
#15317=DIRECTION('',(-1.,0.,0.));
#15318=DIRECTION('',(0.,0.,-1.));
#15319=DIRECTION('',(-1.,0.,0.));
#15320=DIRECTION('',(0.,0.,-1.));
#15321=DIRECTION('',(-1.,0.,0.));
#15322=DIRECTION('',(0.,0.,-1.));
#15323=DIRECTION('',(-1.,0.,0.));
#15324=DIRECTION('',(0.,0.,-1.));
#15325=DIRECTION('',(-1.,0.,0.));
#15326=DIRECTION('',(0.,0.,-1.));
#15327=DIRECTION('',(-1.,0.,0.));
#15328=DIRECTION('',(0.,0.,-1.));
#15329=DIRECTION('',(-1.,0.,0.));
#15330=DIRECTION('',(0.,0.,-1.));
#15331=DIRECTION('',(-1.,0.,0.));
#15332=DIRECTION('',(0.,0.,-1.));
#15333=DIRECTION('',(-1.,0.,0.));
#15334=DIRECTION('',(0.,0.,-1.));
#15335=DIRECTION('',(-1.,0.,0.));
#15336=DIRECTION('',(0.,0.,-1.));
#15337=DIRECTION('',(-1.,0.,0.));
#15338=DIRECTION('',(0.,0.,-1.));
#15339=DIRECTION('',(-1.,0.,0.));
#15340=DIRECTION('',(0.,0.,-1.));
#15341=DIRECTION('',(-1.,0.,0.));
#15342=DIRECTION('',(0.,0.,-1.));
#15343=DIRECTION('',(-1.,0.,0.));
#15344=DIRECTION('',(0.,0.,-1.));
#15345=DIRECTION('',(-1.,0.,0.));
#15346=DIRECTION('',(0.,0.,-1.));
#15347=DIRECTION('',(-1.,0.,0.));
#15348=DIRECTION('',(0.,0.,-1.));
#15349=DIRECTION('',(-1.,0.,0.));
#15350=DIRECTION('',(0.,0.,-1.));
#15351=DIRECTION('',(-1.,0.,0.));
#15352=DIRECTION('',(0.,0.,-1.));
#15353=DIRECTION('',(-1.,0.,0.));
#15354=DIRECTION('',(0.,0.,-1.));
#15355=DIRECTION('',(-1.,0.,0.));
#15356=DIRECTION('',(0.,0.,-1.));
#15357=DIRECTION('',(-1.,0.,0.));
#15358=DIRECTION('',(0.,0.,-1.));
#15359=DIRECTION('',(-1.,0.,0.));
#15360=DIRECTION('',(0.,0.,-1.));
#15361=DIRECTION('',(-1.,0.,0.));
#15362=DIRECTION('',(0.,0.,-1.));
#15363=DIRECTION('',(-1.,0.,0.));
#15364=DIRECTION('',(0.,0.,-1.));
#15365=DIRECTION('',(-1.,0.,0.));
#15366=DIRECTION('',(0.,0.,-1.));
#15367=DIRECTION('',(-1.,0.,0.));
#15368=DIRECTION('',(0.,0.,-1.));
#15369=DIRECTION('',(-1.,0.,0.));
#15370=DIRECTION('',(0.,0.,-1.));
#15371=DIRECTION('',(-1.,0.,0.));
#15372=DIRECTION('',(0.,0.,-1.));
#15373=DIRECTION('',(-1.,0.,0.));
#15374=DIRECTION('',(0.,0.,-1.));
#15375=DIRECTION('',(-1.,0.,0.));
#15376=DIRECTION('',(0.,0.,-1.));
#15377=DIRECTION('',(-1.,0.,0.));
#15378=DIRECTION('',(0.,0.,-1.));
#15379=DIRECTION('',(-1.,0.,0.));
#15380=DIRECTION('',(0.,0.,-1.));
#15381=DIRECTION('',(-1.,0.,0.));
#15382=DIRECTION('',(0.,0.,-1.));
#15383=DIRECTION('',(-1.,0.,0.));
#15384=DIRECTION('',(0.,0.,-1.));
#15385=DIRECTION('',(-1.,0.,0.));
#15386=DIRECTION('',(0.,0.,-1.));
#15387=DIRECTION('',(-1.,0.,0.));
#15388=DIRECTION('',(0.,0.,-1.));
#15389=DIRECTION('',(-1.,0.,0.));
#15390=DIRECTION('',(0.,0.,-1.));
#15391=DIRECTION('',(-1.,0.,0.));
#15392=DIRECTION('',(0.,0.,-1.));
#15393=DIRECTION('',(-1.,0.,0.));
#15394=DIRECTION('',(0.,0.,-1.));
#15395=DIRECTION('',(-1.,0.,0.));
#15396=DIRECTION('',(0.,0.,-1.));
#15397=DIRECTION('',(-1.,0.,0.));
#15398=DIRECTION('',(0.,0.,-1.));
#15399=DIRECTION('',(-1.,0.,0.));
#15400=DIRECTION('',(0.,0.,-1.));
#15401=DIRECTION('',(-1.,0.,0.));
#15402=DIRECTION('',(0.,0.,-1.));
#15403=DIRECTION('',(-1.,0.,0.));
#15404=DIRECTION('',(0.,0.,-1.));
#15405=DIRECTION('',(-1.,0.,0.));
#15406=DIRECTION('',(0.,0.,-1.));
#15407=DIRECTION('',(-1.,0.,0.));
#15408=DIRECTION('',(0.,0.,-1.));
#15409=DIRECTION('',(-1.,0.,0.));
#15410=DIRECTION('',(0.,0.,-1.));
#15411=DIRECTION('',(-1.,0.,0.));
#15412=DIRECTION('',(0.,0.,-1.));
#15413=DIRECTION('',(-1.,0.,0.));
#15414=DIRECTION('',(0.,0.,-1.));
#15415=DIRECTION('',(-1.,0.,0.));
#15416=DIRECTION('',(0.,0.,-1.));
#15417=DIRECTION('',(-1.,0.,0.));
#15418=DIRECTION('',(0.,0.,-1.));
#15419=DIRECTION('',(-1.,0.,0.));
#15420=DIRECTION('',(0.,0.,-1.));
#15421=DIRECTION('',(-1.,0.,0.));
#15422=DIRECTION('',(0.,0.,-1.));
#15423=DIRECTION('',(-1.,0.,0.));
#15424=DIRECTION('',(0.,0.,-1.));
#15425=DIRECTION('',(-1.,0.,0.));
#15426=DIRECTION('',(0.,0.,-1.));
#15427=DIRECTION('',(-1.,0.,0.));
#15428=DIRECTION('',(0.,0.,-1.));
#15429=DIRECTION('',(-1.,0.,0.));
#15430=DIRECTION('',(0.,0.,-1.));
#15431=DIRECTION('',(-1.,0.,0.));
#15432=DIRECTION('',(0.,0.,-1.));
#15433=DIRECTION('',(-1.,0.,0.));
#15434=DIRECTION('',(0.,0.,-1.));
#15435=DIRECTION('',(-1.,0.,0.));
#15436=DIRECTION('',(0.,0.,-1.));
#15437=DIRECTION('',(-1.,0.,0.));
#15438=DIRECTION('',(0.,0.,-1.));
#15439=DIRECTION('',(-1.,0.,0.));
#15440=DIRECTION('',(0.,0.,-1.));
#15441=DIRECTION('',(-1.,0.,0.));
#15442=DIRECTION('',(0.,0.,-1.));
#15443=DIRECTION('',(-1.,0.,0.));
#15444=DIRECTION('',(0.,0.,-1.));
#15445=DIRECTION('',(-1.,0.,0.));
#15446=DIRECTION('',(0.,0.,-1.));
#15447=DIRECTION('',(-1.,0.,0.));
#15448=DIRECTION('',(0.,0.,-1.));
#15449=DIRECTION('',(-1.,0.,0.));
#15450=DIRECTION('',(0.,0.,-1.));
#15451=DIRECTION('',(-1.,0.,0.));
#15452=DIRECTION('',(0.,0.,-1.));
#15453=DIRECTION('',(-1.,0.,0.));
#15454=DIRECTION('',(0.,0.,-1.));
#15455=DIRECTION('',(-1.,0.,0.));
#15456=DIRECTION('',(0.,0.,-1.));
#15457=DIRECTION('',(-1.,0.,0.));
#15458=DIRECTION('',(0.,0.,-1.));
#15459=DIRECTION('',(-1.,0.,0.));
#15460=DIRECTION('',(0.,0.,-1.));
#15461=DIRECTION('',(-1.,0.,0.));
#15462=DIRECTION('',(0.,0.,-1.));
#15463=DIRECTION('',(-1.,0.,0.));
#15464=DIRECTION('',(0.,0.,-1.));
#15465=DIRECTION('',(-1.,0.,0.));
#15466=DIRECTION('',(0.,0.,-1.));
#15467=DIRECTION('',(-1.,0.,0.));
#15468=DIRECTION('',(0.,0.,-1.));
#15469=DIRECTION('',(-1.,0.,0.));
#15470=DIRECTION('',(0.,0.,-1.));
#15471=DIRECTION('',(-1.,0.,0.));
#15472=DIRECTION('',(0.,0.,-1.));
#15473=DIRECTION('',(-1.,0.,0.));
#15474=DIRECTION('',(0.,0.,-1.));
#15475=DIRECTION('',(-1.,0.,0.));
#15476=DIRECTION('',(0.,0.,-1.));
#15477=DIRECTION('',(-1.,0.,0.));
#15478=DIRECTION('',(0.,0.,-1.));
#15479=DIRECTION('',(-1.,0.,0.));
#15480=DIRECTION('',(0.,0.,-1.));
#15481=DIRECTION('',(-1.,0.,0.));
#15482=DIRECTION('',(0.,0.,-1.));
#15483=DIRECTION('',(-1.,0.,0.));
#15484=DIRECTION('',(0.,0.,-1.));
#15485=DIRECTION('',(-1.,0.,0.));
#15486=DIRECTION('',(0.,0.,-1.));
#15487=DIRECTION('',(-1.,0.,0.));
#15488=DIRECTION('',(0.,0.,-1.));
#15489=DIRECTION('',(-1.,0.,0.));
#15490=DIRECTION('',(0.,0.,-1.));
#15491=DIRECTION('',(-1.,0.,0.));
#15492=DIRECTION('',(0.,0.,-1.));
#15493=DIRECTION('',(-1.,0.,0.));
#15494=DIRECTION('',(0.,0.,-1.));
#15495=DIRECTION('',(-1.,0.,0.));
#15496=DIRECTION('',(0.,0.,-1.));
#15497=DIRECTION('',(-1.,0.,0.));
#15498=DIRECTION('',(0.,0.,-1.));
#15499=DIRECTION('',(-1.,0.,0.));
#15500=DIRECTION('',(0.,0.,-1.));
#15501=DIRECTION('',(-1.,0.,0.));
#15502=DIRECTION('',(0.,0.,-1.));
#15503=DIRECTION('',(-1.,0.,0.));
#15504=DIRECTION('',(0.,0.,-1.));
#15505=DIRECTION('',(-1.,0.,0.));
#15506=DIRECTION('',(0.,0.,-1.));
#15507=DIRECTION('',(-1.,0.,0.));
#15508=DIRECTION('',(0.,0.,-1.));
#15509=DIRECTION('',(-1.,0.,0.));
#15510=DIRECTION('',(0.,0.,-1.));
#15511=DIRECTION('',(-1.,0.,0.));
#15512=DIRECTION('',(0.,0.,-1.));
#15513=DIRECTION('',(-1.,0.,0.));
#15514=DIRECTION('',(0.,0.,-1.));
#15515=DIRECTION('',(-1.,0.,0.));
#15516=DIRECTION('',(0.,0.,-1.));
#15517=DIRECTION('',(-1.,0.,0.));
#15518=DIRECTION('',(0.,0.,-1.));
#15519=DIRECTION('',(-1.,0.,0.));
#15520=DIRECTION('',(0.,0.,-1.));
#15521=DIRECTION('',(-1.,0.,0.));
#15522=DIRECTION('',(0.,0.,-1.));
#15523=DIRECTION('',(-1.,0.,0.));
#15524=DIRECTION('',(0.,0.,-1.));
#15525=DIRECTION('',(-1.,0.,0.));
#15526=DIRECTION('',(0.,0.,-1.));
#15527=DIRECTION('',(-1.,0.,0.));
#15528=DIRECTION('',(0.,0.,-1.));
#15529=DIRECTION('',(-1.,0.,0.));
#15530=DIRECTION('',(0.,0.,-1.));
#15531=DIRECTION('',(-1.,0.,0.));
#15532=DIRECTION('',(0.,0.,-1.));
#15533=DIRECTION('',(-1.,0.,0.));
#15534=DIRECTION('',(0.,0.,-1.));
#15535=DIRECTION('',(-1.,0.,0.));
#15536=DIRECTION('',(0.,0.,-1.));
#15537=DIRECTION('',(-1.,0.,0.));
#15538=DIRECTION('',(0.,0.,-1.));
#15539=DIRECTION('',(-1.,0.,0.));
#15540=DIRECTION('',(0.,0.,-1.));
#15541=DIRECTION('',(-1.,0.,0.));
#15542=DIRECTION('',(0.,0.,-1.));
#15543=DIRECTION('',(-1.,0.,0.));
#15544=DIRECTION('',(0.,0.,-1.));
#15545=DIRECTION('',(-1.,0.,0.));
#15546=DIRECTION('',(0.,0.,-1.));
#15547=DIRECTION('',(-1.,0.,0.));
#15548=DIRECTION('',(0.,0.,-1.));
#15549=DIRECTION('',(-1.,0.,0.));
#15550=DIRECTION('',(0.,0.,-1.));
#15551=DIRECTION('',(-1.,0.,0.));
#15552=DIRECTION('',(0.,0.,-1.));
#15553=DIRECTION('',(-1.,0.,0.));
#15554=DIRECTION('',(0.,0.,-1.));
#15555=DIRECTION('',(-1.,0.,0.));
#15556=DIRECTION('',(0.,0.,-1.));
#15557=DIRECTION('',(-1.,0.,0.));
#15558=DIRECTION('',(0.,0.,-1.));
#15559=DIRECTION('',(-1.,0.,0.));
#15560=DIRECTION('',(0.,0.,-1.));
#15561=DIRECTION('',(-1.,0.,0.));
#15562=DIRECTION('',(0.,0.,-1.));
#15563=DIRECTION('',(-1.,0.,0.));
#15564=DIRECTION('',(0.,0.,-1.));
#15565=DIRECTION('',(-1.,0.,0.));
#15566=DIRECTION('',(0.,0.,-1.));
#15567=DIRECTION('',(-1.,0.,0.));
#15568=DIRECTION('',(0.,0.,-1.));
#15569=DIRECTION('',(-1.,0.,0.));
#15570=DIRECTION('',(0.,0.,-1.));
#15571=DIRECTION('',(-1.,0.,0.));
#15572=DIRECTION('',(0.,0.,-1.));
#15573=DIRECTION('',(-1.,0.,0.));
#15574=DIRECTION('',(0.,0.,-1.));
#15575=DIRECTION('',(-1.,0.,0.));
#15576=DIRECTION('',(0.,0.,-1.));
#15577=DIRECTION('',(-1.,0.,0.));
#15578=DIRECTION('',(0.,0.,-1.));
#15579=DIRECTION('',(-1.,0.,0.));
#15580=DIRECTION('',(0.,0.,-1.));
#15581=DIRECTION('',(-1.,0.,0.));
#15582=DIRECTION('',(0.,0.,-1.));
#15583=DIRECTION('',(-1.,0.,0.));
#15584=DIRECTION('',(0.,0.,-1.));
#15585=DIRECTION('',(-1.,0.,0.));
#15586=DIRECTION('',(0.,0.,-1.));
#15587=DIRECTION('',(-1.,0.,0.));
#15588=DIRECTION('',(0.,0.,-1.));
#15589=DIRECTION('',(-1.,0.,0.));
#15590=DIRECTION('',(0.,0.,-1.));
#15591=DIRECTION('',(-1.,0.,0.));
#15592=DIRECTION('',(0.,0.,-1.));
#15593=DIRECTION('',(-1.,0.,0.));
#15594=DIRECTION('',(0.,0.,-1.));
#15595=DIRECTION('',(-1.,0.,0.));
#15596=DIRECTION('',(0.,0.,-1.));
#15597=DIRECTION('',(-1.,0.,0.));
#15598=DIRECTION('',(0.,0.,-1.));
#15599=DIRECTION('',(-1.,0.,0.));
#15600=DIRECTION('',(0.,0.,-1.));
#15601=DIRECTION('',(-1.,0.,0.));
#15602=DIRECTION('',(0.,0.,-1.));
#15603=DIRECTION('',(-1.,0.,0.));
#15604=DIRECTION('',(0.,0.,-1.));
#15605=DIRECTION('',(-1.,0.,0.));
#15606=DIRECTION('',(0.,0.,-1.));
#15607=DIRECTION('',(-1.,0.,0.));
#15608=DIRECTION('',(0.,0.,-1.));
#15609=DIRECTION('',(-1.,0.,0.));
#15610=DIRECTION('',(0.,0.,-1.));
#15611=DIRECTION('',(-1.,0.,0.));
#15612=DIRECTION('',(0.,0.,-1.));
#15613=DIRECTION('',(-1.,0.,0.));
#15614=DIRECTION('',(0.,0.,-1.));
#15615=DIRECTION('',(-1.,0.,0.));
#15616=DIRECTION('',(0.,0.,-1.));
#15617=DIRECTION('',(-1.,0.,0.));
#15618=DIRECTION('',(0.,0.,-1.));
#15619=DIRECTION('',(-1.,0.,0.));
#15620=DIRECTION('',(0.,0.,-1.));
#15621=DIRECTION('',(-1.,0.,0.));
#15622=DIRECTION('',(0.,0.,-1.));
#15623=DIRECTION('',(-1.,0.,0.));
#15624=DIRECTION('',(0.,0.,-1.));
#15625=DIRECTION('',(-1.,0.,0.));
#15626=DIRECTION('',(0.,0.,-1.));
#15627=DIRECTION('',(-1.,0.,0.));
#15628=DIRECTION('',(0.,0.,-1.));
#15629=DIRECTION('',(-1.,0.,0.));
#15630=DIRECTION('',(0.,0.,-1.));
#15631=DIRECTION('',(-1.,0.,0.));
#15632=DIRECTION('',(0.,0.,-1.));
#15633=DIRECTION('',(-1.,0.,0.));
#15634=DIRECTION('',(0.,0.,-1.));
#15635=DIRECTION('',(-1.,0.,0.));
#15636=DIRECTION('',(0.,0.,-1.));
#15637=DIRECTION('',(-1.,0.,0.));
#15638=DIRECTION('',(0.,0.,-1.));
#15639=DIRECTION('',(-1.,0.,0.));
#15640=DIRECTION('',(0.,0.,1.));
#15641=DIRECTION('',(0.,0.,-1.));
#15642=DIRECTION('',(-1.,0.,0.));
#15643=DIRECTION('',(0.,0.,1.));
#15644=DIRECTION('',(0.,0.,-1.));
#15645=DIRECTION('',(-1.,0.,0.));
#15646=DIRECTION('',(0.,0.,-1.));
#15647=DIRECTION('',(-1.,0.,0.));
#15648=DIRECTION('',(0.,0.,-1.));
#15649=DIRECTION('',(-1.,0.,0.));
#15650=DIRECTION('',(0.,0.,-1.));
#15651=DIRECTION('',(-1.,0.,0.));
#15652=DIRECTION('',(0.,0.,-1.));
#15653=DIRECTION('',(-1.,0.,0.));
#15654=DIRECTION('',(0.,0.,-1.));
#15655=DIRECTION('',(-1.,0.,0.));
#15656=DIRECTION('',(0.,0.,-1.));
#15657=DIRECTION('',(-1.,0.,0.));
#15658=DIRECTION('',(0.,0.,-1.));
#15659=DIRECTION('',(-1.,0.,0.));
#15660=DIRECTION('',(0.,0.,-1.));
#15661=DIRECTION('',(-1.,0.,0.));
#15662=DIRECTION('',(0.,0.,-1.));
#15663=DIRECTION('',(-1.,0.,0.));
#15664=DIRECTION('',(0.,0.,-1.));
#15665=DIRECTION('',(-1.,0.,0.));
#15666=DIRECTION('',(0.,0.,-1.));
#15667=DIRECTION('',(-1.,0.,0.));
#15668=DIRECTION('',(0.,0.,-1.));
#15669=DIRECTION('',(-1.,0.,0.));
#15670=DIRECTION('',(0.,0.,-1.));
#15671=DIRECTION('',(-1.,0.,0.));
#15672=DIRECTION('',(0.,0.,-1.));
#15673=DIRECTION('',(-1.,0.,0.));
#15674=DIRECTION('',(0.,0.,-1.));
#15675=DIRECTION('',(-1.,0.,0.));
#15676=DIRECTION('',(-1.,0.,0.));
#15677=DIRECTION('',(0.,0.,1.));
#15678=DIRECTION('',(0.,-1.,0.));
#15679=DIRECTION('',(0.,1.,0.));
#15680=DIRECTION('',(0.,0.,1.));
#15681=DIRECTION('',(-1.,0.,0.));
#15682=DIRECTION('',(0.,0.,-1.));
#15683=DIRECTION('',(1.,0.,0.));
#15684=DIRECTION('',(0.,0.,-1.));
#15685=DIRECTION('',(1.,0.,0.));
#15686=DIRECTION('',(0.,0.,-1.));
#15687=DIRECTION('',(-1.,0.,0.));
#15688=DIRECTION('',(0.,0.,-1.));
#15689=DIRECTION('',(-1.,0.,0.));
#15690=DIRECTION('',(0.,0.,-1.));
#15691=DIRECTION('',(-1.,0.,0.));
#15692=DIRECTION('',(0.,0.,-1.));
#15693=DIRECTION('',(-1.,0.,0.));
#15694=DIRECTION('',(-0.707106781186547,-0.707106781186548,0.));
#15695=DIRECTION('',(0.,0.,1.));
#15696=DIRECTION('',(1.,0.,0.));
#15697=DIRECTION('',(-0.707106781186547,-0.707106781186548,0.));
#15698=DIRECTION('',(0.707106781186548,-0.707106781186547,0.));
#15699=DIRECTION('',(0.,0.,1.));
#15700=DIRECTION('',(1.,0.,0.));
#15701=DIRECTION('',(0.70710678118655,-0.707106781186546,0.));
#15702=DIRECTION('',(-0.707106781186548,-0.707106781186548,0.));
#15703=DIRECTION('',(0.,0.,1.));
#15704=DIRECTION('',(1.,0.,0.));
#15705=DIRECTION('',(0.692954841026282,0.720980990247483,0.));
#15706=DIRECTION('',(0.,1.,0.));
#15707=DIRECTION('',(0.707106781186548,-0.707106781186547,0.));
#15708=DIRECTION('',(0.,0.,1.));
#15709=DIRECTION('',(1.,0.,0.));
#15710=DIRECTION('',(0.707106781186547,-0.707106781186548,0.));
#15711=DIRECTION('',(0.,0.,1.));
#15712=DIRECTION('',(1.,0.,0.));
#15713=DIRECTION('',(0.,0.,1.));
#15714=DIRECTION('',(1.,0.,0.));
#15715=DIRECTION('',(0.,1.,0.));
#15716=DIRECTION('',(0.692954841026282,0.720980990247483,0.));
#15717=DIRECTION('',(0.,0.,1.));
#15718=DIRECTION('',(1.,0.,0.));
#15719=DIRECTION('',(-0.707106781186548,-0.707106781186548,0.));
#15720=DIRECTION('',(1.,0.,0.));
#15721=DIRECTION('',(0.,0.,-1.));
#15722=DIRECTION('',(0.,0.,1.));
#15723=DIRECTION('',(0.720980990247483,-0.692954841026282,0.));
#15724=DIRECTION('',(0.692954841026282,0.720980990247483,0.));
#15725=DIRECTION('',(0.,0.,1.));
#15726=DIRECTION('',(-0.707106781186548,0.707106781186548,0.));
#15727=DIRECTION('',(-0.707106781186548,-0.707106781186548,0.));
#15728=DIRECTION('',(0.,0.,1.));
#15729=DIRECTION('',(0.,0.,1.));
#15730=DIRECTION('',(1.,0.,0.));
#15731=DIRECTION('',(-0.707106781186547,-0.707106781186548,0.));
#15732=DIRECTION('',(0.707106781186548,-0.707106781186547,0.));
#15733=DIRECTION('',(0.707106781186548,-0.707106781186547,0.));
#15734=DIRECTION('',(0.,0.,1.));
#15735=DIRECTION('',(0.,0.,1.));
#15736=DIRECTION('',(1.,0.,0.));
#15737=DIRECTION('',(0.,0.,1.));
#15738=DIRECTION('',(1.,0.,0.));
#15739=DIRECTION('',(0.,0.,1.));
#15740=DIRECTION('',(-0.707106781186546,-0.70710678118655,0.));
#15741=DIRECTION('',(0.70710678118655,-0.707106781186546,0.));
#15742=DIRECTION('',(0.70710678118655,-0.707106781186546,0.));
#15743=DIRECTION('',(0.,0.,1.));
#15744=DIRECTION('',(1.,0.,0.));
#15745=DIRECTION('',(0.,0.,1.));
#15746=DIRECTION('',(1.,0.,0.));
#15747=DIRECTION('',(-0.707106781186547,-0.707106781186548,0.));
#15748=DIRECTION('',(0.707106781186548,-0.707106781186547,0.));
#15749=DIRECTION('',(0.707106781186548,-0.707106781186547,0.));
#15750=DIRECTION('',(0.,0.,1.));
#15751=DIRECTION('',(0.,0.,1.));
#15752=DIRECTION('',(1.,0.,0.));
#15753=DIRECTION('',(0.,0.,1.));
#15754=DIRECTION('',(1.,0.,0.));
#15755=DIRECTION('',(0.,0.,1.));
#15756=DIRECTION('',(-0.707106781186548,-0.707106781186547,0.));
#15757=DIRECTION('',(0.707106781186547,-0.707106781186548,0.));
#15758=DIRECTION('',(0.707106781186547,-0.707106781186548,0.));
#15759=DIRECTION('',(0.,0.,1.));
#15760=DIRECTION('',(1.,0.,0.));
#15761=DIRECTION('',(0.,0.,1.));
#15762=DIRECTION('',(1.,0.,0.));
#15763=DIRECTION('',(0.,0.,1.));
#15764=DIRECTION('',(1.,0.,0.));
#15765=DIRECTION('',(0.,0.,1.));
#15766=DIRECTION('',(0.,0.,1.));
#15767=DIRECTION('',(1.,0.,0.));
#15768=DIRECTION('',(0.,0.,1.));
#15769=DIRECTION('',(-0.707106781186548,0.707106781186547,0.));
#15770=DIRECTION('',(-0.707106781186547,-0.707106781186548,0.));
#15771=DIRECTION('',(-0.707106781186547,-0.707106781186548,0.));
#15772=DIRECTION('',(-0.707106781186548,0.707106781186547,0.));
#15773=DIRECTION('',(-0.707106781186547,-0.707106781186548,0.));
#15774=DIRECTION('',(-0.707106781186547,-0.707106781186548,0.));
#15775=DIRECTION('',(0.,0.,1.));
#15776=DIRECTION('',(1.,0.,0.));
#15777=DIRECTION('',(0.,0.,1.));
#15778=DIRECTION('',(1.,0.,0.));
#15779=DIRECTION('',(0.,0.,-1.));
#15780=DIRECTION('',(-1.,0.,0.));
#15781=DIRECTION('',(0.,0.,-1.));
#15782=DIRECTION('',(-1.,0.,0.));
#15783=DIRECTION('',(0.,0.,-1.));
#15784=DIRECTION('',(-1.,0.,0.));
#15785=DIRECTION('',(0.,0.,-1.));
#15786=DIRECTION('',(-1.,0.,0.));
#15787=DIRECTION('',(0.,0.,1.));
#15788=DIRECTION('',(1.,0.,0.));
#15789=DIRECTION('',(1.,1.36592399683213E-16,0.));
#15790=DIRECTION('',(-1.36592399683213E-16,1.,0.));
#15791=DIRECTION('',(0.,0.,1.));
#15792=DIRECTION('',(-1.36592399683213E-16,1.,0.));
#15793=DIRECTION('',(0.,0.,1.));
#15794=DIRECTION('',(-1.36592399683213E-16,1.,0.));
#15795=DIRECTION('',(0.,0.,1.));
#15796=DIRECTION('',(1.,0.,0.));
#15797=DIRECTION('',(0.,0.,1.));
#15798=DIRECTION('',(0.,0.,1.));
#15799=DIRECTION('',(1.,0.,0.));
#15800=DIRECTION('',(0.,0.,1.));
#15801=DIRECTION('',(1.,0.,0.));
#15802=DIRECTION('',(-1.36592399683213E-16,1.,0.));
#15803=DIRECTION('',(-1.,-1.36592399683213E-16,0.));
#15804=DIRECTION('',(0.,0.,1.));
#15805=DIRECTION('',(-1.,-1.36592399683213E-16,0.));
#15806=DIRECTION('',(-1.,-1.36592399683213E-16,0.));
#15807=DIRECTION('',(0.,0.,1.));
#15808=DIRECTION('',(1.,0.,0.));
#15809=DIRECTION('',(0.,0.,1.));
#15810=DIRECTION('',(0.,0.,1.));
#15811=DIRECTION('',(1.,0.,0.));
#15812=DIRECTION('',(0.,0.,1.));
#15813=DIRECTION('',(1.,0.,0.));
#15814=DIRECTION('',(1.,1.36592399683213E-16,0.));
#15815=DIRECTION('',(-1.36592399683213E-16,1.,0.));
#15816=DIRECTION('',(0.,0.,1.));
#15817=DIRECTION('',(-1.36592399683213E-16,1.,0.));
#15818=DIRECTION('',(-1.36592399683213E-16,1.,0.));
#15819=DIRECTION('',(0.,0.,1.));
#15820=DIRECTION('',(1.,0.,0.));
#15821=DIRECTION('',(0.,0.,1.));
#15822=DIRECTION('',(0.,0.,1.));
#15823=DIRECTION('',(1.,0.,0.));
#15824=DIRECTION('',(0.,0.,1.));
#15825=DIRECTION('',(1.,0.,0.));
#15826=DIRECTION('',(0.,1.,0.));
#15827=DIRECTION('',(0.,0.,1.));
#15828=DIRECTION('',(0.,0.,1.));
#15829=DIRECTION('',(-1.,0.,0.));
#15830=DIRECTION('',(-1.,0.,0.));
#15831=DIRECTION('',(0.,0.,1.));
#15832=DIRECTION('',(1.,0.,0.));
#15833=DIRECTION('',(0.,0.,1.));
#15834=DIRECTION('',(0.,0.,1.));
#15835=DIRECTION('',(1.,0.,0.));
#15836=DIRECTION('',(0.,0.,1.));
#15837=DIRECTION('',(0.,0.,1.));
#15838=DIRECTION('',(1.,0.,0.));
#15839=DIRECTION('',(0.,1.,0.));
#15840=DIRECTION('',(0.,0.,1.));
#15841=DIRECTION('',(0.,0.,1.));
#15842=DIRECTION('',(-1.,0.,0.));
#15843=DIRECTION('',(-1.,0.,0.));
#15844=DIRECTION('',(0.,0.,1.));
#15845=DIRECTION('',(1.,0.,0.));
#15846=DIRECTION('',(0.,0.,1.));
#15847=DIRECTION('',(0.,0.,1.));
#15848=DIRECTION('',(1.,0.,0.));
#15849=DIRECTION('',(0.,0.,1.));
#15850=DIRECTION('',(1.,0.,0.));
#15851=DIRECTION('',(1.,1.56105599637958E-16,0.));
#15852=DIRECTION('',(-1.56105599637958E-16,1.,0.));
#15853=DIRECTION('',(0.,0.,1.));
#15854=DIRECTION('',(-1.56105599637958E-16,1.,0.));
#15855=DIRECTION('',(-1.56105599637958E-16,1.,0.));
#15856=DIRECTION('',(0.,0.,1.));
#15857=DIRECTION('',(1.,0.,0.));
#15858=DIRECTION('',(0.,0.,1.));
#15859=DIRECTION('',(0.,0.,1.));
#15860=DIRECTION('',(1.,0.,0.));
#15861=DIRECTION('',(0.,0.,1.));
#15862=DIRECTION('',(1.,0.,0.));
#15863=DIRECTION('',(-1.56105599637958E-16,1.,0.));
#15864=DIRECTION('',(-1.,-1.56105599637958E-16,0.));
#15865=DIRECTION('',(0.,0.,1.));
#15866=DIRECTION('',(-1.,-1.56105599637958E-16,0.));
#15867=DIRECTION('',(-1.,-1.56105599637958E-16,0.));
#15868=DIRECTION('',(0.,0.,1.));
#15869=DIRECTION('',(1.,0.,0.));
#15870=DIRECTION('',(0.,0.,1.));
#15871=DIRECTION('',(0.,0.,1.));
#15872=DIRECTION('',(1.,0.,0.));
#15873=DIRECTION('',(0.,0.,1.));
#15874=DIRECTION('',(1.,0.,0.));
#15875=DIRECTION('',(1.,1.56105599637958E-16,0.));
#15876=DIRECTION('',(-1.56105599637958E-16,1.,0.));
#15877=DIRECTION('',(-1.56105599637958E-16,1.,0.));
#15878=DIRECTION('',(-1.56105599637958E-16,1.,0.));
#15879=DIRECTION('',(0.,0.,1.));
#15880=DIRECTION('',(1.,0.,0.));
#15881=DIRECTION('',(0.,0.,1.));
#15882=DIRECTION('',(1.,0.,0.));
#15883=DIRECTION('',(0.,0.,1.));
#15884=DIRECTION('',(1.,0.,0.));
#15885=DIRECTION('',(0.,0.,1.));
#15886=DIRECTION('',(1.,0.,0.));
#15887=DIRECTION('',(-1.,-1.56105599637958E-16,0.));
#15888=DIRECTION('',(0.,0.,1.));
#15889=DIRECTION('',(1.,0.,0.));
#15890=DIRECTION('',(-1.56105599637958E-16,1.,0.));
#15891=DIRECTION('',(0.,0.,1.));
#15892=DIRECTION('',(1.,0.,0.));
#15893=DIRECTION('',(-1.,0.,0.));
#15894=DIRECTION('',(0.,0.,1.));
#15895=DIRECTION('',(1.,0.,0.));
#15896=DIRECTION('',(-1.56105599637958E-16,1.,0.));
#15897=DIRECTION('',(0.,0.,1.));
#15898=DIRECTION('',(1.,0.,0.));
#15899=DIRECTION('',(0.,0.,1.));
#15900=DIRECTION('',(1.,0.,0.));
#15901=DIRECTION('',(-1.36592399683213E-16,1.,0.));
#15902=DIRECTION('',(0.,0.,1.));
#15903=DIRECTION('',(1.,0.,0.));
#15904=DIRECTION('',(-1.,0.,0.));
#15905=DIRECTION('',(0.,0.,1.));
#15906=DIRECTION('',(1.,0.,0.));
#15907=DIRECTION('',(-1.36592399683213E-16,1.,0.));
#15908=DIRECTION('',(0.,0.,1.));
#15909=DIRECTION('',(1.,0.,0.));
#15910=DIRECTION('',(-1.,-1.36592399683213E-16,0.));
#15911=DIRECTION('',(0.,0.,1.));
#15912=DIRECTION('',(1.,0.,0.));
#15913=DIRECTION('',(0.,0.,1.));
#15914=DIRECTION('',(1.,0.,0.));
#15915=DIRECTION('',(1.,3.46944695195361E-15,3.46944695195361E-15));
#15916=DIRECTION('',(3.46944695195361E-15,0.,-1.));
#15917=DIRECTION('',(0.,-1.,0.));
#15918=DIRECTION('',(0.,0.,-1.));
#15919=DIRECTION('',(1.56105599637958E-16,-1.,0.));
#15920=DIRECTION('',(1.,1.56105599637958E-16,0.));
#15921=DIRECTION('',(0.,-1.,0.));
#15922=DIRECTION('',(0.,0.,-1.));
#15923=DIRECTION('',(-1.,0.,0.));
#15924=DIRECTION('',(0.,0.,1.));
#15925=DIRECTION('',(1.,0.,3.46944695195361E-15));
#15926=DIRECTION('',(3.46944695195361E-15,0.,-1.));
#15927=DIRECTION('',(0.,0.,1.));
#15928=DIRECTION('',(1.,0.,0.));
#15929=DIRECTION('',(1.,0.,0.));
#15930=DIRECTION('',(0.,0.,-1.));
#15931=DIRECTION('',(0.,0.,1.));
#15932=DIRECTION('',(1.,0.,0.));
#15933=DIRECTION('',(0.,-1.,0.));
#15934=DIRECTION('',(0.,0.,-1.));
#15935=DIRECTION('',(1.,1.56105599637958E-16,0.));
#15936=DIRECTION('',(-1.56105599637958E-16,1.,0.));
#15937=DIRECTION('',(1.,3.46944695195361E-15,0.));
#15938=DIRECTION('',(-3.46944695195361E-15,1.,0.));
#15939=DIRECTION('',(-1.56105599637958E-16,1.,0.));
#15940=DIRECTION('',(-1.,-1.56105599637958E-16,0.));
#15941=DIRECTION('',(0.,-1.,3.46944695195361E-15));
#15942=DIRECTION('',(0.,-3.46944695195361E-15,-1.));
#15943=DIRECTION('',(0.,0.,1.));
#15944=DIRECTION('',(1.,0.,0.));
#15945=DIRECTION('',(1.36592399683213E-16,-1.,0.));
#15946=DIRECTION('',(1.,1.36592399683213E-16,0.));
#15947=DIRECTION('',(0.,1.,0.));
#15948=DIRECTION('',(0.,0.,1.));
#15949=DIRECTION('',(0.,-1.,0.));
#15950=DIRECTION('',(0.,0.,-1.));
#15951=DIRECTION('',(0.,0.,1.));
#15952=DIRECTION('',(1.,0.,0.));
#15953=DIRECTION('',(-1.,-3.46944695195361E-15,0.));
#15954=DIRECTION('',(3.46944695195361E-15,-1.,0.));
#15955=DIRECTION('',(0.,0.,1.));
#15956=DIRECTION('',(1.,0.,0.));
#15957=DIRECTION('',(-1.,3.46944695195361E-15,-3.46944695195361E-15));
#15958=DIRECTION('',(-3.46944695195361E-15,0.,1.));
#15959=DIRECTION('',(-1.,-1.36592399683213E-16,0.));
#15960=DIRECTION('',(1.36592399683213E-16,-1.,0.));
#15961=DIRECTION('',(-1.,0.,0.));
#15962=DIRECTION('',(0.,0.,1.));
#15963=DIRECTION('',(1.,0.,0.));
#15964=DIRECTION('',(0.,0.,-1.));
#15965=DIRECTION('',(-1.,0.,-3.46944695195361E-15));
#15966=DIRECTION('',(-3.46944695195361E-15,0.,1.));
#15967=DIRECTION('',(0.,0.,1.));
#15968=DIRECTION('',(1.,0.,0.));
#15969=DIRECTION('',(0.,1.,0.));
#15970=DIRECTION('',(0.,0.,1.));
#15971=DIRECTION('',(0.,0.,1.));
#15972=DIRECTION('',(1.,0.,0.));
#15973=DIRECTION('',(0.,-1.,0.));
#15974=DIRECTION('',(0.,0.,-1.));
#15975=DIRECTION('',(-1.36592399683213E-16,1.,0.));
#15976=DIRECTION('',(-1.,-1.36592399683213E-16,0.));
#15977=DIRECTION('',(0.,0.,1.));
#15978=DIRECTION('',(1.,0.,0.));
#15979=DIRECTION('',(-1.,0.,0.));
#15980=DIRECTION('',(0.,0.,-1.));
#15981=DIRECTION('',(0.,0.,1.));
#15982=DIRECTION('',(0.,1.,0.));
#15983=DIRECTION('',(0.,0.,1.));
#15984=DIRECTION('',(0.,-1.,0.));
#15985=DIRECTION('',(0.,-1.,0.));
#15986=DIRECTION('',(0.,0.,1.));
#15987=DIRECTION('',(0.,0.,1.));
#15988=DIRECTION('',(-1.,0.,0.));
#15989=DIRECTION('',(1.,0.,0.));
#15990=DIRECTION('',(1.,0.,0.));
#15991=DIRECTION('',(0.,0.,1.));
#15992=DIRECTION('',(0.,0.,1.));
#15993=DIRECTION('',(0.,-1.,0.));
#15994=DIRECTION('',(0.,1.,0.));
#15995=DIRECTION('',(0.,1.,0.));
#15996=DIRECTION('',(0.,0.,-1.));
#15997=DIRECTION('',(1.,0.,0.));
#15998=DIRECTION('',(0.,0.,1.));
#15999=DIRECTION('',(1.,0.,0.));
#16000=DIRECTION('',(0.,0.,1.));
#16001=DIRECTION('',(1.,0.,0.));
#16002=DIRECTION('',(0.,0.,1.));
#16003=DIRECTION('',(0.,-1.,0.));
#16004=DIRECTION('',(0.,-1.,0.));
#16005=DIRECTION('',(0.,0.,1.));
#16006=DIRECTION('',(0.,1.,0.));
#16007=DIRECTION('',(0.,0.,-1.));
#16008=DIRECTION('',(1.,0.,0.));
#16009=DIRECTION('',(1.,0.,0.));
#16010=DIRECTION('',(0.,0.,1.));
#16011=DIRECTION('',(1.,0.,0.));
#16012=DIRECTION('',(0.,0.,1.));
#16013=DIRECTION('',(0.,-1.,0.));
#16014=DIRECTION('',(0.,-1.,0.));
#16015=DIRECTION('',(0.,1.,0.));
#16016=DIRECTION('',(0.,0.,-1.));
#16017=DIRECTION('',(1.,0.,0.));
#16018=DIRECTION('',(-1.,0.,0.));
#16019=DIRECTION('',(0.,0.,-1.));
#16020=DIRECTION('',(1.,0.,0.));
#16021=DIRECTION('',(1.,0.,0.));
#16022=DIRECTION('',(0.,-1.,0.));
#16023=DIRECTION('',(-1.,0.,0.));
#16024=DIRECTION('',(0.,1.,0.));
#16025=DIRECTION('',(0.,0.,-1.));
#16026=DIRECTION('',(1.,0.,0.));
#16027=DIRECTION('',(-0.707106781186548,0.,-0.707106781186548));
#16028=DIRECTION('',(0.,1.,0.));
#16029=DIRECTION('',(0.577350269189626,-0.577350269189626,-0.577350269189626));
#16030=DIRECTION('',(0.577350269189626,0.577350269189626,-0.577350269189626));
#16031=DIRECTION('',(0.,-0.707106781186548,-0.707106781186548));
#16032=DIRECTION('',(-1.,0.,0.));
#16033=DIRECTION('',(-0.577350269189626,0.577350269189626,-0.577350269189626));
#16034=DIRECTION('',(0.,0.707106781186548,-0.707106781186548));
#16035=DIRECTION('',(1.,0.,0.));
#16036=DIRECTION('',(0.577350269189626,0.577350269189626,0.577350269189626));
#16037=DIRECTION('',(0.707106781186548,0.,-0.707106781186548));
#16038=DIRECTION('',(0.,-1.,0.));
#16039=DIRECTION('',(0.,0.,1.));
#16040=DIRECTION('',(1.,0.,0.));
#16041=DIRECTION('',(1.01743312374006E-16,-1.,0.));
#16042=DIRECTION('',(1.,1.01743312374006E-16,0.));
#16043=DIRECTION('',(0.,0.,1.));
#16044=DIRECTION('',(1.,1.01743312374006E-16,0.));
#16045=DIRECTION('',(0.,0.,1.));
#16046=DIRECTION('',(1.,1.01743312374006E-16,0.));
#16047=DIRECTION('',(1.,1.48266963758701E-16,0.));
#16048=DIRECTION('',(-1.48266963758701E-16,1.,0.));
#16049=DIRECTION('',(-1.48266963758701E-16,1.,0.));
#16050=DIRECTION('',(0.,0.,1.));
#16051=DIRECTION('',(1.,1.48266963758701E-16,0.));
#16052=DIRECTION('',(-1.48266963758701E-16,1.,0.));
#16053=DIRECTION('',(-1.48266963758701E-16,1.,0.));
#16054=DIRECTION('',(1.,1.48266963758701E-16,0.));
#16055=DIRECTION('',(-1.48266963758701E-16,1.,0.));
#16056=DIRECTION('',(1.01743312374006E-16,-1.,0.));
#16057=DIRECTION('',(1.,1.01743312374006E-16,0.));
#16058=DIRECTION('',(0.,0.,1.));
#16059=DIRECTION('',(1.,1.01743312374006E-16,0.));
#16060=DIRECTION('',(1.,1.01743312374006E-16,0.));
#16061=DIRECTION('',(1.,1.36592399683213E-16,0.));
#16062=DIRECTION('',(-1.36592399683213E-16,1.,0.));
#16063=DIRECTION('',(-1.36592399683213E-16,1.,0.));
#16064=DIRECTION('',(1.,1.36592399683213E-16,0.));
#16065=DIRECTION('',(-1.36592399683213E-16,1.,0.));
#16066=DIRECTION('',(0.,0.,1.));
#16067=DIRECTION('',(-1.36592399683213E-16,1.,0.));
#16068=DIRECTION('',(0.,0.,1.));
#16069=DIRECTION('',(1.,1.36592399683213E-16,0.));
#16070=DIRECTION('',(-1.36592399683213E-16,1.,0.));
#16071=DIRECTION('',(1.36592399683213E-16,-1.,0.));
#16072=DIRECTION('',(1.,1.36592399683213E-16,0.));
#16073=DIRECTION('',(0.,0.,1.));
#16074=DIRECTION('',(1.,1.36592399683213E-16,0.));
#16075=DIRECTION('',(1.,1.36592399683213E-16,0.));
#16076=DIRECTION('',(1.,1.36592399683213E-16,0.));
#16077=DIRECTION('',(-1.36592399683213E-16,1.,0.));
#16078=DIRECTION('',(0.,0.,1.));
#16079=DIRECTION('',(-1.36592399683213E-16,1.,0.));
#16080=DIRECTION('',(-1.36592399683213E-16,1.,0.));
#16081=DIRECTION('',(1.36592399683213E-16,-1.,0.));
#16082=DIRECTION('',(1.,1.36592399683213E-16,0.));
#16083=DIRECTION('',(1.,1.36592399683213E-16,0.));
#16084=DIRECTION('',(1.,1.36592399683213E-16,0.));
#16085=DIRECTION('',(1.,0.,0.));
#16086=DIRECTION('',(0.,0.,-1.));
#16087=DIRECTION('',(0.,1.,0.));
#16088=DIRECTION('',(0.,1.,0.));
#16089=DIRECTION('',(0.,0.,-1.));
#16090=DIRECTION('',(1.,0.,0.));
#16091=DIRECTION('',(-1.36592399683213E-16,1.,0.));
#16092=DIRECTION('',(1.,1.36592399683213E-16,0.));
#16093=DIRECTION('',(1.,1.36592399683213E-16,0.));
#16094=DIRECTION('',(1.,1.01743312374006E-16,0.));
#16095=DIRECTION('',(1.,1.01743312374006E-16,0.));
#16096=DIRECTION('',(0.,1.,0.));
#16097=DIRECTION('',(0.,0.,-1.));
#16098=DIRECTION('',(1.,0.,0.));
#16099=DIRECTION('',(1.,1.36592399683213E-16,0.));
#16100=DIRECTION('',(-1.36592399683213E-16,1.,0.));
#16101=DIRECTION('',(0.707106781186548,-0.707106781186547,0.));
#16102=DIRECTION('',(0.707106781186547,0.707106781186548,0.));
#16103=DIRECTION('',(1.36592399683213E-16,-1.,0.));
#16104=DIRECTION('',(1.,1.36592399683213E-16,0.));
#16105=DIRECTION('',(-0.707106781186547,-0.707106781186548,0.));
#16106=DIRECTION('',(0.707106781186548,-0.707106781186547,0.));
#16107=DIRECTION('',(-1.,-1.36592399683213E-16,0.));
#16108=DIRECTION('',(1.36592399683213E-16,-1.,0.));
#16109=DIRECTION('',(1.,1.01743312374006E-16,0.));
#16110=DIRECTION('',(-1.01743312374006E-16,1.,0.));
#16111=DIRECTION('',(0.707106781186548,0.707106781186548,0.));
#16112=DIRECTION('',(0.707106781186548,-0.707106781186548,0.));
#16113=DIRECTION('',(0.,1.,0.));
#16114=DIRECTION('',(0.,0.,1.));
#16115=DIRECTION('',(-0.707106781186548,0.707106781186548,0.));
#16116=DIRECTION('',(-0.707106781186548,-0.707106781186548,0.));
#16117=DIRECTION('',(-1.,-1.01743312374006E-16,0.));
#16118=DIRECTION('',(1.01743312374006E-16,-1.,0.));
#16119=DIRECTION('',(0.,0.,1.));
#16120=DIRECTION('',(1.,0.,0.));
#16121=DIRECTION('',(0.,0.,1.));
#16122=DIRECTION('',(1.,0.,0.));
#16123=DIRECTION('',(0.,-1.,0.));
#16124=DIRECTION('',(1.,0.,0.));
#16125=DIRECTION('',(0.,-1.,0.));
#16126=DIRECTION('',(1.,0.,0.));
#16127=DIRECTION('',(0.,-1.,0.));
#16128=DIRECTION('',(0.,0.,1.));
#16129=DIRECTION('',(1.,0.,0.));
#16130=DIRECTION('',(0.,-1.,0.));
#16131=DIRECTION('',(0.,0.,1.));
#16132=DIRECTION('',(1.,0.,0.));
#16133=DIRECTION('',(0.,-1.,0.));
#16134=DIRECTION('',(0.,0.,1.));
#16135=DIRECTION('',(1.,0.,0.));
#16136=DIRECTION('',(0.,-1.,0.));
#16137=DIRECTION('',(0.,0.,1.));
#16138=DIRECTION('',(1.,0.,0.));
#16139=DIRECTION('',(0.,-1.,0.));
#16140=DIRECTION('',(0.,0.,1.));
#16141=DIRECTION('',(1.,0.,0.));
#16142=DIRECTION('',(0.,-1.,0.));
#16143=DIRECTION('',(0.,0.,1.));
#16144=DIRECTION('',(1.,0.,0.));
#16145=DIRECTION('',(0.,-1.,0.));
#16146=DIRECTION('',(0.,0.,1.));
#16147=DIRECTION('',(1.,0.,0.));
#16148=DIRECTION('',(0.,-1.,0.));
#16149=DIRECTION('',(0.,0.,1.));
#16150=DIRECTION('',(1.,0.,0.));
#16151=DIRECTION('',(0.,-1.,0.));
#16152=DIRECTION('',(0.,0.,1.));
#16153=DIRECTION('',(1.,0.,0.));
#16154=DIRECTION('',(0.,-1.,0.));
#16155=DIRECTION('',(0.,0.,1.));
#16156=DIRECTION('',(1.,0.,0.));
#16157=DIRECTION('',(0.,-1.,0.));
#16158=DIRECTION('',(0.,0.,1.));
#16159=DIRECTION('',(1.,0.,0.));
#16160=DIRECTION('',(0.,-1.,0.));
#16161=DIRECTION('',(0.,0.,1.));
#16162=DIRECTION('',(1.,0.,0.));
#16163=DIRECTION('',(0.,-1.,0.));
#16164=DIRECTION('',(0.,0.,1.));
#16165=DIRECTION('',(1.,0.,0.));
#16166=DIRECTION('',(0.,-1.,0.));
#16167=DIRECTION('',(0.,0.,1.));
#16168=DIRECTION('',(1.,0.,0.));
#16169=DIRECTION('',(0.,-1.,0.));
#16170=DIRECTION('',(0.,0.,1.));
#16171=DIRECTION('',(1.,0.,0.));
#16172=DIRECTION('',(0.,-1.,0.));
#16173=DIRECTION('',(0.,0.,1.));
#16174=DIRECTION('',(1.,0.,0.));
#16175=DIRECTION('',(0.,-1.,0.));
#16176=DIRECTION('',(0.,0.,1.));
#16177=DIRECTION('',(1.,0.,0.));
#16178=DIRECTION('',(0.,-1.,0.));
#16179=DIRECTION('',(0.,0.,1.));
#16180=DIRECTION('',(1.,0.,0.));
#16181=DIRECTION('',(0.,-1.,0.));
#16182=DIRECTION('',(0.,0.,1.));
#16183=DIRECTION('',(1.,0.,0.));
#16184=DIRECTION('',(0.,-1.,0.));
#16185=DIRECTION('',(0.,0.,1.));
#16186=DIRECTION('',(1.,0.,0.));
#16187=DIRECTION('',(0.,-1.,0.));
#16188=DIRECTION('',(0.,0.,1.));
#16189=DIRECTION('',(1.,0.,0.));
#16190=DIRECTION('',(0.,-1.,0.));
#16191=DIRECTION('',(0.,0.,1.));
#16192=DIRECTION('',(1.,0.,0.));
#16193=DIRECTION('',(0.,-1.,0.));
#16194=DIRECTION('',(0.,0.,1.));
#16195=DIRECTION('',(1.,0.,0.));
#16196=DIRECTION('',(0.,-1.,0.));
#16197=DIRECTION('',(0.,0.,1.));
#16198=DIRECTION('',(1.,0.,0.));
#16199=DIRECTION('',(0.,-1.,0.));
#16200=DIRECTION('',(0.,0.,1.));
#16201=DIRECTION('',(1.,0.,0.));
#16202=DIRECTION('',(0.,-1.,0.));
#16203=DIRECTION('',(0.,0.,1.));
#16204=DIRECTION('',(1.,0.,0.));
#16205=DIRECTION('',(0.,-1.,0.));
#16206=DIRECTION('',(0.,0.,1.));
#16207=DIRECTION('',(1.,0.,0.));
#16208=DIRECTION('',(0.,-1.,0.));
#16209=DIRECTION('',(0.,0.,1.));
#16210=DIRECTION('',(1.,0.,0.));
#16211=DIRECTION('',(0.,-1.,0.));
#16212=DIRECTION('',(0.,0.,1.));
#16213=DIRECTION('',(1.,0.,0.));
#16214=DIRECTION('',(0.,-1.,0.));
#16215=DIRECTION('',(0.,0.,1.));
#16216=DIRECTION('',(1.,0.,0.));
#16217=DIRECTION('',(0.,-1.,0.));
#16218=DIRECTION('',(0.,0.,1.));
#16219=DIRECTION('',(1.,0.,0.));
#16220=DIRECTION('',(0.,-1.,0.));
#16221=DIRECTION('',(0.,0.,1.));
#16222=DIRECTION('',(1.,0.,0.));
#16223=DIRECTION('',(0.,-1.,0.));
#16224=DIRECTION('',(0.,0.,1.));
#16225=DIRECTION('',(1.,0.,0.));
#16226=DIRECTION('',(0.,-1.,0.));
#16227=DIRECTION('',(0.,0.,1.));
#16228=DIRECTION('',(1.,0.,0.));
#16229=DIRECTION('',(0.,-1.,0.));
#16230=DIRECTION('',(0.,0.,1.));
#16231=DIRECTION('',(1.,0.,0.));
#16232=DIRECTION('',(0.,-1.,0.));
#16233=DIRECTION('',(0.,0.,1.));
#16234=DIRECTION('',(1.,0.,0.));
#16235=DIRECTION('',(0.,-1.,0.));
#16236=DIRECTION('',(0.,0.,1.));
#16237=DIRECTION('',(1.,0.,0.));
#16238=DIRECTION('',(0.,-1.,0.));
#16239=DIRECTION('',(0.,0.,1.));
#16240=DIRECTION('',(1.,0.,0.));
#16241=DIRECTION('',(0.,-1.,0.));
#16242=DIRECTION('',(0.,0.,1.));
#16243=DIRECTION('',(1.,0.,0.));
#16244=DIRECTION('',(0.,-1.,0.));
#16245=DIRECTION('',(0.,0.,1.));
#16246=DIRECTION('',(1.,0.,0.));
#16247=DIRECTION('',(0.,-1.,0.));
#16248=DIRECTION('',(0.,0.,1.));
#16249=DIRECTION('',(1.,0.,0.));
#16250=DIRECTION('',(0.,-1.,0.));
#16251=DIRECTION('',(0.,0.,1.));
#16252=DIRECTION('',(1.,0.,0.));
#16253=DIRECTION('',(0.,0.,1.));
#16254=DIRECTION('',(1.,0.,0.));
#16255=DIRECTION('',(0.,0.,1.));
#16256=DIRECTION('',(1.,0.,0.));
#16257=DIRECTION('',(0.,-1.,0.));
#16258=DIRECTION('',(0.,0.,-1.));
#16259=DIRECTION('',(1.,0.,0.));
#16260=DIRECTION('',(0.,-1.,0.));
#16261=DIRECTION('',(0.,0.,1.));
#16262=DIRECTION('',(1.,0.,0.));
#16263=DIRECTION('',(0.,-1.,0.));
#16264=DIRECTION('',(0.,0.,-1.));
#16265=DIRECTION('',(1.,0.,0.));
#16266=DIRECTION('',(0.,-1.,0.));
#16267=DIRECTION('',(0.,0.,1.));
#16268=DIRECTION('',(1.,0.,0.));
#16269=DIRECTION('',(0.,-1.,0.));
#16270=DIRECTION('',(0.,0.,-1.));
#16271=DIRECTION('',(1.,0.,0.));
#16272=DIRECTION('',(0.,-1.,0.));
#16273=DIRECTION('',(0.,0.,1.));
#16274=DIRECTION('',(1.,0.,0.));
#16275=DIRECTION('',(0.,-1.,0.));
#16276=DIRECTION('',(0.,0.,-1.));
#16277=DIRECTION('',(1.,0.,0.));
#16278=DIRECTION('',(0.,-1.,0.));
#16279=DIRECTION('',(0.,0.,1.));
#16280=DIRECTION('',(1.,0.,0.));
#16281=DIRECTION('',(0.,-1.,0.));
#16282=DIRECTION('',(0.,0.,-1.));
#16283=DIRECTION('',(1.,0.,0.));
#16284=DIRECTION('',(0.,-1.,0.));
#16285=DIRECTION('',(0.,0.,1.));
#16286=DIRECTION('',(1.,0.,0.));
#16287=DIRECTION('',(0.,-1.,0.));
#16288=DIRECTION('',(0.,0.,-1.));
#16289=DIRECTION('',(1.,0.,0.));
#16290=DIRECTION('',(0.,-1.,0.));
#16291=DIRECTION('',(0.,0.,1.));
#16292=DIRECTION('',(1.,0.,0.));
#16293=DIRECTION('',(0.,-1.,0.));
#16294=DIRECTION('',(0.,0.,-1.));
#16295=DIRECTION('',(1.,0.,0.));
#16296=DIRECTION('',(0.,-1.,0.));
#16297=DIRECTION('',(0.,0.,1.));
#16298=DIRECTION('',(1.,0.,0.));
#16299=DIRECTION('',(0.,-1.,0.));
#16300=DIRECTION('',(0.,0.,-1.));
#16301=DIRECTION('',(1.,0.,0.));
#16302=DIRECTION('',(0.,-1.,0.));
#16303=DIRECTION('',(0.,0.,1.));
#16304=DIRECTION('',(1.,0.,0.));
#16305=DIRECTION('',(0.,-1.,0.));
#16306=DIRECTION('',(0.,0.,-1.));
#16307=DIRECTION('',(1.,0.,0.));
#16308=DIRECTION('',(0.,-1.,0.));
#16309=DIRECTION('',(0.,0.,1.));
#16310=DIRECTION('',(1.,0.,0.));
#16311=DIRECTION('',(0.,-1.,0.));
#16312=DIRECTION('',(0.,0.,-1.));
#16313=DIRECTION('',(1.,0.,0.));
#16314=DIRECTION('',(0.,-1.,0.));
#16315=DIRECTION('',(0.,-1.,0.));
#16316=DIRECTION('',(1.,0.,0.));
#16317=DIRECTION('',(0.,-1.,0.));
#16318=DIRECTION('',(1.,0.,0.));
#16319=DIRECTION('',(0.,0.,1.));
#16320=DIRECTION('',(1.,0.,0.));
#16321=DIRECTION('',(0.,-1.,0.));
#16322=DIRECTION('',(0.,0.,-1.));
#16323=DIRECTION('',(1.,0.,0.));
#16324=DIRECTION('',(0.,-1.,0.));
#16325=DIRECTION('',(0.,0.,1.));
#16326=DIRECTION('',(1.,0.,0.));
#16327=DIRECTION('',(0.,-1.,0.));
#16328=DIRECTION('',(0.,0.,-1.));
#16329=DIRECTION('',(1.,0.,0.));
#16330=DIRECTION('',(0.,-1.,0.));
#16331=DIRECTION('',(0.,0.,1.));
#16332=DIRECTION('',(1.,0.,0.));
#16333=DIRECTION('',(0.,-1.,0.));
#16334=DIRECTION('',(0.,0.,-1.));
#16335=DIRECTION('',(1.,0.,0.));
#16336=DIRECTION('',(0.,-1.,0.));
#16337=DIRECTION('',(0.,0.,1.));
#16338=DIRECTION('',(1.,0.,0.));
#16339=DIRECTION('',(0.,-1.,0.));
#16340=DIRECTION('',(0.,0.,-1.));
#16341=DIRECTION('',(1.,0.,0.));
#16342=DIRECTION('',(0.,-1.,0.));
#16343=DIRECTION('',(0.,0.,1.));
#16344=DIRECTION('',(1.,0.,0.));
#16345=DIRECTION('',(0.,-1.,0.));
#16346=DIRECTION('',(0.,0.,-1.));
#16347=DIRECTION('',(1.,0.,0.));
#16348=DIRECTION('',(0.,-1.,0.));
#16349=DIRECTION('',(0.,0.,1.));
#16350=DIRECTION('',(1.,0.,0.));
#16351=DIRECTION('',(0.,-1.,0.));
#16352=DIRECTION('',(0.,0.,-1.));
#16353=DIRECTION('',(1.,0.,0.));
#16354=DIRECTION('',(0.,-1.,0.));
#16355=DIRECTION('',(0.,0.,1.));
#16356=DIRECTION('',(1.,0.,0.));
#16357=DIRECTION('',(0.,-1.,0.));
#16358=DIRECTION('',(0.,0.,-1.));
#16359=DIRECTION('',(1.,0.,0.));
#16360=DIRECTION('',(0.,-1.,0.));
#16361=DIRECTION('',(0.,0.,1.));
#16362=DIRECTION('',(1.,0.,0.));
#16363=DIRECTION('',(0.,-1.,0.));
#16364=DIRECTION('',(0.,0.,-1.));
#16365=DIRECTION('',(1.,0.,0.));
#16366=DIRECTION('',(0.,-1.,0.));
#16367=DIRECTION('',(0.,0.,1.));
#16368=DIRECTION('',(1.,0.,0.));
#16369=DIRECTION('',(0.,-1.,0.));
#16370=DIRECTION('',(0.,0.,-1.));
#16371=DIRECTION('',(1.,0.,0.));
#16372=DIRECTION('',(0.,-1.,0.));
#16373=DIRECTION('',(0.,0.,1.));
#16374=DIRECTION('',(1.,0.,0.));
#16375=DIRECTION('',(0.,-1.,0.));
#16376=DIRECTION('',(0.,0.,-1.));
#16377=DIRECTION('',(1.,0.,0.));
#16378=DIRECTION('',(0.,-1.,0.));
#16379=DIRECTION('',(0.,0.,1.));
#16380=DIRECTION('',(1.,0.,0.));
#16381=DIRECTION('',(0.,-1.,0.));
#16382=DIRECTION('',(0.,0.,-1.));
#16383=DIRECTION('',(1.,0.,0.));
#16384=DIRECTION('',(0.,-1.,0.));
#16385=DIRECTION('',(-1.,0.,0.));
#16386=DIRECTION('',(0.,0.,1.));
#16387=DIRECTION('',(0.,0.,1.));
#16388=DIRECTION('',(0.,0.,1.));
#16389=DIRECTION('',(0.,-1.,0.));
#16390=DIRECTION('',(0.,0.,-1.));
#16391=DIRECTION('',(0.,0.,1.));
#16392=DIRECTION('',(-1.,0.,0.));
#16393=DIRECTION('',(0.,0.,1.));
#16394=DIRECTION('',(0.,0.,1.));
#16395=DIRECTION('',(0.,-1.,0.));
#16396=DIRECTION('',(0.,0.,-1.));
#16397=DIRECTION('',(-1.,0.,0.));
#16398=DIRECTION('',(0.,0.,1.));
#16399=DIRECTION('',(0.,0.,1.));
#16400=DIRECTION('',(0.,0.,1.));
#16401=DIRECTION('',(0.,0.,1.));
#16402=DIRECTION('',(1.,0.,0.));
#16403=DIRECTION('',(0.,0.,1.));
#16404=DIRECTION('',(-1.,0.,0.));
#16405=DIRECTION('',(0.,0.,1.));
#16406=DIRECTION('',(0.,0.,1.));
#16407=DIRECTION('',(0.,0.,1.));
#16408=DIRECTION('',(1.,0.,0.));
#16409=DIRECTION('',(-1.,0.,0.));
#16410=DIRECTION('',(0.,0.,1.));
#16411=DIRECTION('',(0.,0.,1.));
#16412=DIRECTION('',(0.,0.,1.));
#16413=DIRECTION('',(0.,0.,1.));
#16414=DIRECTION('',(1.,0.,0.));
#16415=DIRECTION('',(0.,0.,1.));
#16416=DIRECTION('',(-1.,0.,0.));
#16417=DIRECTION('',(0.,0.,1.));
#16418=DIRECTION('',(0.,0.,1.));
#16419=DIRECTION('',(0.,0.,1.));
#16420=DIRECTION('',(1.,0.,0.));
#16421=DIRECTION('',(-1.,0.,0.));
#16422=DIRECTION('',(0.,0.,1.));
#16423=DIRECTION('',(0.,0.,1.));
#16424=DIRECTION('',(0.,0.,1.));
#16425=DIRECTION('',(0.,0.,1.));
#16426=DIRECTION('',(1.,0.,0.));
#16427=DIRECTION('',(0.,0.,1.));
#16428=DIRECTION('',(-1.,0.,0.));
#16429=DIRECTION('',(0.,0.,1.));
#16430=DIRECTION('',(0.,0.,1.));
#16431=DIRECTION('',(0.,0.,1.));
#16432=DIRECTION('',(1.,0.,0.));
#16433=DIRECTION('',(-1.,0.,0.));
#16434=DIRECTION('',(0.,0.,1.));
#16435=DIRECTION('',(0.,0.,1.));
#16436=DIRECTION('',(0.,0.,1.));
#16437=DIRECTION('',(0.,0.,1.));
#16438=DIRECTION('',(1.,0.,0.));
#16439=DIRECTION('',(0.,0.,1.));
#16440=DIRECTION('',(-1.,0.,0.));
#16441=DIRECTION('',(0.,0.,1.));
#16442=DIRECTION('',(0.,0.,1.));
#16443=DIRECTION('',(0.,0.,1.));
#16444=DIRECTION('',(1.,0.,0.));
#16445=DIRECTION('',(-1.,0.,0.));
#16446=DIRECTION('',(0.,0.,1.));
#16447=DIRECTION('',(0.,0.,1.));
#16448=DIRECTION('',(0.,0.,1.));
#16449=DIRECTION('',(0.,0.,1.));
#16450=DIRECTION('',(1.,0.,0.));
#16451=DIRECTION('',(0.,0.,1.));
#16452=DIRECTION('',(-1.,0.,0.));
#16453=DIRECTION('',(0.,0.,1.));
#16454=DIRECTION('',(0.,0.,1.));
#16455=DIRECTION('',(0.,0.,1.));
#16456=DIRECTION('',(1.,0.,0.));
#16457=DIRECTION('',(-1.,0.,0.));
#16458=DIRECTION('',(0.,0.,1.));
#16459=DIRECTION('',(0.,0.,1.));
#16460=DIRECTION('',(0.,0.,1.));
#16461=DIRECTION('',(0.,0.,1.));
#16462=DIRECTION('',(1.,0.,0.));
#16463=DIRECTION('',(0.,0.,1.));
#16464=DIRECTION('',(-1.,0.,0.));
#16465=DIRECTION('',(0.,0.,1.));
#16466=DIRECTION('',(0.,0.,1.));
#16467=DIRECTION('',(0.,0.,1.));
#16468=DIRECTION('',(1.,0.,0.));
#16469=DIRECTION('',(-1.,0.,0.));
#16470=DIRECTION('',(0.,0.,1.));
#16471=DIRECTION('',(0.,0.,1.));
#16472=DIRECTION('',(0.,0.,1.));
#16473=DIRECTION('',(0.,0.,1.));
#16474=DIRECTION('',(1.,0.,0.));
#16475=DIRECTION('',(0.,0.,1.));
#16476=DIRECTION('',(-1.,0.,0.));
#16477=DIRECTION('',(0.,0.,1.));
#16478=DIRECTION('',(0.,0.,1.));
#16479=DIRECTION('',(0.,0.,1.));
#16480=DIRECTION('',(1.,0.,0.));
#16481=DIRECTION('',(-1.,0.,0.));
#16482=DIRECTION('',(0.,0.,1.));
#16483=DIRECTION('',(0.,0.,1.));
#16484=DIRECTION('',(0.,0.,1.));
#16485=DIRECTION('',(0.,0.,1.));
#16486=DIRECTION('',(1.,0.,0.));
#16487=DIRECTION('',(0.,0.,1.));
#16488=DIRECTION('',(-1.,0.,0.));
#16489=DIRECTION('',(0.,0.,1.));
#16490=DIRECTION('',(0.,0.,1.));
#16491=DIRECTION('',(0.,0.,1.));
#16492=DIRECTION('',(1.,0.,0.));
#16493=DIRECTION('',(-1.,0.,0.));
#16494=DIRECTION('',(0.,0.,1.));
#16495=DIRECTION('',(0.,0.,1.));
#16496=DIRECTION('',(0.,0.,1.));
#16497=DIRECTION('',(0.,0.,1.));
#16498=DIRECTION('',(1.,0.,0.));
#16499=DIRECTION('',(0.,0.,1.));
#16500=DIRECTION('',(-1.,0.,0.));
#16501=DIRECTION('',(0.,0.,1.));
#16502=DIRECTION('',(0.,0.,1.));
#16503=DIRECTION('',(0.,0.,1.));
#16504=DIRECTION('',(1.,0.,0.));
#16505=DIRECTION('',(-1.,0.,0.));
#16506=DIRECTION('',(0.,0.,1.));
#16507=DIRECTION('',(0.,0.,1.));
#16508=DIRECTION('',(0.,0.,1.));
#16509=DIRECTION('',(0.,0.,1.));
#16510=DIRECTION('',(1.,0.,0.));
#16511=DIRECTION('',(0.,0.,1.));
#16512=DIRECTION('',(-1.,0.,0.));
#16513=DIRECTION('',(0.,0.,1.));
#16514=DIRECTION('',(0.,0.,1.));
#16515=DIRECTION('',(0.,0.,1.));
#16516=DIRECTION('',(1.,0.,0.));
#16517=DIRECTION('',(-1.,0.,0.));
#16518=DIRECTION('',(0.,0.,1.));
#16519=DIRECTION('',(0.,0.,1.));
#16520=DIRECTION('',(0.,0.,1.));
#16521=DIRECTION('',(0.,0.,1.));
#16522=DIRECTION('',(1.,0.,0.));
#16523=DIRECTION('',(0.,0.,1.));
#16524=DIRECTION('',(-1.,0.,0.));
#16525=DIRECTION('',(0.,0.,1.));
#16526=DIRECTION('',(0.,0.,1.));
#16527=DIRECTION('',(0.,0.,1.));
#16528=DIRECTION('',(1.,0.,0.));
#16529=DIRECTION('',(-1.,0.,0.));
#16530=DIRECTION('',(0.,0.,1.));
#16531=DIRECTION('',(0.,0.,1.));
#16532=DIRECTION('',(0.,0.,1.));
#16533=DIRECTION('',(0.,0.,1.));
#16534=DIRECTION('',(1.,0.,0.));
#16535=DIRECTION('',(0.,0.,1.));
#16536=DIRECTION('',(-1.,0.,0.));
#16537=DIRECTION('',(0.,0.,1.));
#16538=DIRECTION('',(0.,0.,1.));
#16539=DIRECTION('',(0.,0.,1.));
#16540=DIRECTION('',(1.,0.,0.));
#16541=DIRECTION('',(-1.,0.,0.));
#16542=DIRECTION('',(0.,0.,1.));
#16543=DIRECTION('',(0.,0.,1.));
#16544=DIRECTION('',(0.,0.,1.));
#16545=DIRECTION('',(0.,0.,1.));
#16546=DIRECTION('',(1.,0.,0.));
#16547=DIRECTION('',(0.,0.,1.));
#16548=DIRECTION('',(-1.,0.,0.));
#16549=DIRECTION('',(0.,0.,1.));
#16550=DIRECTION('',(0.,0.,1.));
#16551=DIRECTION('',(0.,0.,1.));
#16552=DIRECTION('',(1.,0.,0.));
#16553=DIRECTION('',(-1.,0.,0.));
#16554=DIRECTION('',(0.,0.,1.));
#16555=DIRECTION('',(0.,0.,1.));
#16556=DIRECTION('',(0.,0.,1.));
#16557=DIRECTION('',(0.,0.,1.));
#16558=DIRECTION('',(1.,0.,0.));
#16559=DIRECTION('',(0.,0.,1.));
#16560=DIRECTION('',(-1.,0.,0.));
#16561=DIRECTION('',(0.,0.,1.));
#16562=DIRECTION('',(0.,0.,1.));
#16563=DIRECTION('',(0.,0.,1.));
#16564=DIRECTION('',(1.,0.,0.));
#16565=DIRECTION('',(-1.,0.,0.));
#16566=DIRECTION('',(0.,0.,1.));
#16567=DIRECTION('',(0.,0.,1.));
#16568=DIRECTION('',(0.,0.,1.));
#16569=DIRECTION('',(0.,0.,1.));
#16570=DIRECTION('',(1.,0.,0.));
#16571=DIRECTION('',(0.,0.,1.));
#16572=DIRECTION('',(-1.,0.,0.));
#16573=DIRECTION('',(0.,0.,1.));
#16574=DIRECTION('',(0.,0.,1.));
#16575=DIRECTION('',(0.,0.,1.));
#16576=DIRECTION('',(1.,0.,0.));
#16577=DIRECTION('',(-1.,0.,0.));
#16578=DIRECTION('',(0.,0.,1.));
#16579=DIRECTION('',(0.,0.,1.));
#16580=DIRECTION('',(0.,0.,1.));
#16581=DIRECTION('',(0.,0.,1.));
#16582=DIRECTION('',(1.,0.,0.));
#16583=DIRECTION('',(0.,0.,1.));
#16584=DIRECTION('',(-1.,0.,0.));
#16585=DIRECTION('',(0.,0.,1.));
#16586=DIRECTION('',(0.,0.,1.));
#16587=DIRECTION('',(0.,0.,1.));
#16588=DIRECTION('',(1.,0.,0.));
#16589=DIRECTION('',(-1.,0.,0.));
#16590=DIRECTION('',(0.,0.,1.));
#16591=DIRECTION('',(0.,0.,1.));
#16592=DIRECTION('',(0.,0.,1.));
#16593=DIRECTION('',(0.,0.,1.));
#16594=DIRECTION('',(1.,0.,0.));
#16595=DIRECTION('',(0.,0.,1.));
#16596=DIRECTION('',(-1.,0.,0.));
#16597=DIRECTION('',(0.,0.,1.));
#16598=DIRECTION('',(0.,0.,1.));
#16599=DIRECTION('',(0.,0.,1.));
#16600=DIRECTION('',(1.,0.,0.));
#16601=DIRECTION('',(-1.,0.,0.));
#16602=DIRECTION('',(0.,0.,1.));
#16603=DIRECTION('',(0.,0.,1.));
#16604=DIRECTION('',(0.,0.,1.));
#16605=DIRECTION('',(0.,0.,1.));
#16606=DIRECTION('',(1.,0.,0.));
#16607=DIRECTION('',(0.,0.,1.));
#16608=DIRECTION('',(-1.,0.,0.));
#16609=DIRECTION('',(0.,0.,1.));
#16610=DIRECTION('',(0.,0.,1.));
#16611=DIRECTION('',(0.,0.,1.));
#16612=DIRECTION('',(1.,0.,0.));
#16613=DIRECTION('',(-1.,0.,0.));
#16614=DIRECTION('',(0.,0.,1.));
#16615=DIRECTION('',(0.,0.,1.));
#16616=DIRECTION('',(0.,0.,1.));
#16617=DIRECTION('',(0.,0.,1.));
#16618=DIRECTION('',(1.,0.,0.));
#16619=DIRECTION('',(0.,0.,1.));
#16620=DIRECTION('',(-1.,0.,0.));
#16621=DIRECTION('',(0.,0.,1.));
#16622=DIRECTION('',(0.,0.,1.));
#16623=DIRECTION('',(0.,0.,1.));
#16624=DIRECTION('',(1.,0.,0.));
#16625=DIRECTION('',(-1.,0.,0.));
#16626=DIRECTION('',(0.,0.,1.));
#16627=DIRECTION('',(0.,0.,1.));
#16628=DIRECTION('',(0.,0.,1.));
#16629=DIRECTION('',(0.,0.,1.));
#16630=DIRECTION('',(1.,0.,0.));
#16631=DIRECTION('',(0.,0.,1.));
#16632=DIRECTION('',(-1.,0.,0.));
#16633=DIRECTION('',(0.,0.,1.));
#16634=DIRECTION('',(0.,0.,1.));
#16635=DIRECTION('',(0.,0.,1.));
#16636=DIRECTION('',(1.,0.,0.));
#16637=DIRECTION('',(0.,0.,1.));
#16638=DIRECTION('',(1.,0.,0.));
#16639=DIRECTION('',(0.,0.,1.));
#16640=DIRECTION('',(0.,0.,1.));
#16641=DIRECTION('',(-1.,0.,0.));
#16642=DIRECTION('',(0.,0.,1.));
#16643=DIRECTION('',(0.,0.,1.));
#16644=DIRECTION('',(0.,0.,1.));
#16645=DIRECTION('',(1.,0.,0.));
#16646=DIRECTION('',(0.,0.,1.));
#16647=DIRECTION('',(-1.,0.,0.));
#16648=DIRECTION('',(0.,0.,1.));
#16649=DIRECTION('',(0.,0.,1.));
#16650=DIRECTION('',(1.,0.,0.));
#16651=DIRECTION('',(0.,0.,-1.));
#16652=DIRECTION('',(-1.,0.,0.));
#16653=DIRECTION('',(0.,0.,1.));
#16654=DIRECTION('',(1.,0.,0.));
#16655=DIRECTION('',(0.,0.,1.));
#16656=DIRECTION('',(1.,0.,0.));
#16657=DIRECTION('',(0.,0.,1.));
#16658=DIRECTION('',(1.,0.,0.));
#16659=DIRECTION('',(0.,0.,1.));
#16660=DIRECTION('',(1.,0.,0.));
#16661=DIRECTION('',(0.,0.,1.));
#16662=DIRECTION('',(1.,0.,0.));
#16663=DIRECTION('',(0.,0.,1.));
#16664=DIRECTION('',(1.,0.,0.));
#16665=DIRECTION('',(0.,0.,1.));
#16666=DIRECTION('',(1.,0.,0.));
#16667=DIRECTION('',(0.,0.,1.));
#16668=DIRECTION('',(1.,0.,0.));
#16669=DIRECTION('',(0.,0.,1.));
#16670=DIRECTION('',(1.,0.,0.));
#16671=DIRECTION('',(0.,0.,1.));
#16672=DIRECTION('',(1.,0.,0.));
#16673=DIRECTION('',(0.,0.,1.));
#16674=DIRECTION('',(1.,0.,0.));
#16675=DIRECTION('',(0.,0.,1.));
#16676=DIRECTION('',(1.,0.,0.));
#16677=DIRECTION('',(0.,0.,1.));
#16678=DIRECTION('',(1.,0.,0.));
#16679=DIRECTION('',(0.,0.,1.));
#16680=DIRECTION('',(1.,0.,0.));
#16681=DIRECTION('',(0.,0.,-1.));
#16682=DIRECTION('',(-1.,0.,0.));
#16683=DIRECTION('',(1.,0.,0.));
#16684=DIRECTION('',(0.,0.,-1.));
#16685=DIRECTION('',(-1.,0.,0.));
#16686=DIRECTION('',(-1.,0.,0.));
#16687=DIRECTION('',(0.,0.,-1.));
#16688=DIRECTION('',(-1.,0.,0.));
#16689=DIRECTION('',(0.,0.,1.));
#16690=DIRECTION('',(0.,0.,-1.));
#16691=DIRECTION('',(-1.,0.,0.));
#16692=DIRECTION('',(0.,0.,1.));
#16693=DIRECTION('',(0.,1.,0.));
#16694=DIRECTION('',(0.,0.,1.));
#16695=DIRECTION('',(0.,0.,1.));
#16696=DIRECTION('',(-1.,0.,0.));
#16697=DIRECTION('',(0.,0.,1.));
#16698=DIRECTION('',(1.,0.,0.));
#16699=DIRECTION('',(0.,0.,1.));
#16700=DIRECTION('',(0.,0.,-1.));
#16701=DIRECTION('',(-1.,0.,0.));
#16702=DIRECTION('',(0.,-1.,0.));
#16703=DIRECTION('',(0.,0.,-1.));
#16704=DIRECTION('',(1.,0.,0.));
#16705=DIRECTION('',(0.,0.,-1.));
#16706=DIRECTION('',(1.,0.,0.));
#16707=DIRECTION('',(0.,0.,1.));
#16708=DIRECTION('',(1.,0.,0.));
#16709=DIRECTION('',(0.,0.,-1.));
#16710=DIRECTION('',(-1.,0.,0.));
#16711=DIRECTION('',(-1.,-1.36592399683213E-16,0.));
#16712=DIRECTION('',(-1.36592399683213E-16,1.,0.));
#16713=DIRECTION('',(-1.,-1.36592399683213E-16,0.));
#16714=DIRECTION('',(-1.36592399683213E-16,1.,0.));
#16715=DIRECTION('',(-1.,-1.36592399683213E-16,0.));
#16716=DIRECTION('',(1.36592399683213E-16,-1.,0.));
#16717=DIRECTION('',(0.,0.,1.));
#16718=DIRECTION('',(-1.36592399683213E-16,1.,0.));
#16719=DIRECTION('',(0.,0.,1.));
#16720=DIRECTION('',(0.,0.,1.));
#16721=DIRECTION('',(1.,0.,0.));
#16722=DIRECTION('',(1.,1.36592399683213E-16,0.));
#16723=DIRECTION('',(-1.36592399683213E-16,1.,0.));
#16724=DIRECTION('',(1.,1.36592399683213E-16,0.));
#16725=DIRECTION('',(-1.36592399683213E-16,1.,0.));
#16726=DIRECTION('',(-1.,-1.36592399683213E-16,0.));
#16727=DIRECTION('',(1.36592399683213E-16,-1.,0.));
#16728=DIRECTION('',(1.,1.36592399683213E-16,0.));
#16729=DIRECTION('',(1.36592399683213E-16,-1.,0.));
#16730=DIRECTION('',(1.,1.36592399683213E-16,0.));
#16731=DIRECTION('',(-1.36592399683213E-16,1.,0.));
#16732=DIRECTION('',(-1.,-1.36592399683213E-16,0.));
#16733=DIRECTION('',(1.36592399683213E-16,-1.,0.));
#16734=DIRECTION('',(1.,1.36592399683213E-16,0.));
#16735=DIRECTION('',(1.36592399683213E-16,-1.,0.));
#16736=DIRECTION('',(1.,1.36592399683213E-16,0.));
#16737=DIRECTION('',(-1.36592399683213E-16,1.,0.));
#16738=DIRECTION('',(-1.,-1.36592399683213E-16,0.));
#16739=DIRECTION('',(1.36592399683213E-16,-1.,0.));
#16740=DIRECTION('',(1.,1.36592399683213E-16,0.));
#16741=DIRECTION('',(1.36592399683213E-16,-1.,0.));
#16742=DIRECTION('',(1.,1.36592399683213E-16,0.));
#16743=DIRECTION('',(-1.36592399683213E-16,1.,0.));
#16744=DIRECTION('',(-1.,-1.36592399683213E-16,0.));
#16745=DIRECTION('',(1.36592399683213E-16,-1.,0.));
#16746=DIRECTION('',(1.,1.36592399683213E-16,0.));
#16747=DIRECTION('',(1.36592399683213E-16,-1.,0.));
#16748=DIRECTION('',(1.,1.36592399683213E-16,0.));
#16749=DIRECTION('',(1.,1.36592399683213E-16,0.));
#16750=DIRECTION('',(-1.36592399683213E-16,1.,0.));
#16751=DIRECTION('',(0.,0.,-1.));
#16752=DIRECTION('',(0.,0.,-1.));
#16753=DIRECTION('',(-1.36592399683213E-16,1.,0.));
#16754=DIRECTION('',(-1.,-1.36592399683213E-16,0.));
#16755=DIRECTION('',(-1.,-1.36592399683213E-16,0.));
#16756=DIRECTION('',(0.,0.,1.));
#16757=DIRECTION('',(-1.,-1.36592399683213E-16,0.));
#16758=DIRECTION('',(0.,0.,1.));
#16759=DIRECTION('',(0.,0.,1.));
#16760=DIRECTION('',(-1.,-1.36592399683213E-16,0.));
#16761=DIRECTION('',(0.,0.,1.));
#16762=DIRECTION('',(-1.,-1.36592399683213E-16,0.));
#16763=DIRECTION('',(0.,0.,-1.));
#16764=DIRECTION('',(-1.,0.,0.));
#16765=DIRECTION('',(-1.36592399683213E-16,1.,0.));
#16766=DIRECTION('',(1.,1.36592399683213E-16,0.));
#16767=DIRECTION('',(-1.36592399683213E-16,1.,0.));
#16768=DIRECTION('',(-1.,-1.36592399683213E-16,0.));
#16769=DIRECTION('',(1.36592399683213E-16,-1.,0.));
#16770=DIRECTION('',(-1.36592399683213E-16,1.,0.));
#16771=DIRECTION('',(0.,0.,1.));
#16772=DIRECTION('',(0.,0.,-1.));
#16773=DIRECTION('',(-1.,0.,0.));
#16774=DIRECTION('',(-1.36592399683213E-16,1.,0.));
#16775=DIRECTION('',(-1.,-1.36592399683213E-16,0.));
#16776=DIRECTION('',(-1.,-1.36592399683213E-16,0.));
#16777=DIRECTION('',(1.36592399683213E-16,-1.,0.));
#16778=DIRECTION('',(0.,0.,-1.));
#16779=DIRECTION('',(-1.36592399683213E-16,1.,0.));
#16780=DIRECTION('',(-1.,-1.36592399683213E-16,0.));
#16781=DIRECTION('',(0.,0.,-1.));
#16782=DIRECTION('',(1.,1.36592399683213E-16,0.));
#16783=DIRECTION('',(0.,0.,1.));
#16784=DIRECTION('',(-1.,-1.36592399683213E-16,0.));
#16785=DIRECTION('',(0.,0.,-1.));
#16786=DIRECTION('',(-1.,0.,0.));
#16787=DIRECTION('',(-1.36592399683213E-16,1.,0.));
#16788=DIRECTION('',(-1.,-1.36592399683213E-16,0.));
#16789=DIRECTION('',(-1.36592399683213E-16,1.,0.));
#16790=DIRECTION('',(-1.,-1.36592399683213E-16,0.));
#16791=DIRECTION('',(1.36592399683213E-16,-1.,0.));
#16792=DIRECTION('',(-1.36592399683213E-16,1.,0.));
#16793=DIRECTION('',(0.,0.,1.));
#16794=DIRECTION('',(0.,0.,-1.));
#16795=DIRECTION('',(-1.,0.,0.));
#16796=DIRECTION('',(-1.36592399683213E-16,1.,0.));
#16797=DIRECTION('',(-1.,-1.36592399683213E-16,0.));
#16798=DIRECTION('',(-1.,-1.36592399683213E-16,0.));
#16799=DIRECTION('',(1.36592399683213E-16,-1.,0.));
#16800=DIRECTION('',(0.,0.,1.));
#16801=DIRECTION('',(-1.36592399683213E-16,1.,0.));
#16802=DIRECTION('',(-1.,-1.36592399683213E-16,0.));
#16803=DIRECTION('',(-9.65854120745432E-17,0.707106781186547,-0.707106781186548));
#16804=DIRECTION('',(-1.,-1.36592399683213E-16,0.));
#16805=DIRECTION('',(-0.577350269189625,0.577350269189627,0.577350269189626));
#16806=DIRECTION('',(-0.577350269189626,-0.577350269189626,-0.577350269189625));
#16807=DIRECTION('',(-0.707106781186548,0.707106781186548,0.));
#16808=DIRECTION('',(0.,0.,1.));
#16809=DIRECTION('',(-0.577350269189626,-0.577350269189626,0.577350269189626));
#16810=DIRECTION('',(-0.707106781186549,-0.707106781186547,0.));
#16811=DIRECTION('',(0.,0.,-1.));
#16812=DIRECTION('',(0.577350269189625,-0.577350269189626,0.577350269189626));
#16813=DIRECTION('',(9.65854120745433E-17,-0.707106781186548,-0.707106781186548));
#16814=DIRECTION('',(1.,1.36592399683213E-16,0.));
#16815=DIRECTION('',(0.,0.,1.));
#16816=DIRECTION('',(1.,0.,0.));
#16817=DIRECTION('',(-1.,-1.36592399683213E-16,0.));
#16818=DIRECTION('',(1.36592399683213E-16,-1.,0.));
#16819=DIRECTION('',(1.36592399683213E-16,-1.,-5.78241158658938E-16));
#16820=DIRECTION('',(0.,0.,-1.));
#16821=DIRECTION('',(1.36592399683213E-16,-1.,0.));
#16822=DIRECTION('',(0.,0.,-1.));
#16823=DIRECTION('',(-1.36592399683213E-16,1.,0.));
#16824=DIRECTION('',(-9.65854120745433E-17,0.707106781186548,0.707106781186548));
#16825=DIRECTION('',(0.,0.,1.));
#16826=DIRECTION('',(-1.36592399683213E-16,1.,0.));
#16827=DIRECTION('',(0.,0.,1.));
#16828=DIRECTION('',(9.65854120745433E-17,-0.707106781186548,0.707106781186548));
#16829=DIRECTION('',(-1.36592399683213E-16,1.,0.));
#16830=DIRECTION('',(0.,0.,-1.));
#16831=DIRECTION('',(-1.36592399683213E-16,1.,0.));
#16832=DIRECTION('',(0.,0.,-1.));
#16833=DIRECTION('',(0.,0.,-1.));
#16834=DIRECTION('',(-1.36592399683213E-16,1.,0.));
#16835=DIRECTION('',(0.,0.,-1.));
#16836=DIRECTION('',(-1.36592399683213E-16,1.,0.));
#16837=DIRECTION('',(-1.,0.,0.));
#16838=DIRECTION('',(0.,0.,1.));
#16839=DIRECTION('',(-1.,0.,0.));
#16840=DIRECTION('',(0.,0.,1.));
#16841=DIRECTION('',(0.,-1.,0.));
#16842=DIRECTION('',(0.,0.,-1.));
#16843=DIRECTION('',(0.,1.,0.));
#16844=DIRECTION('',(0.,0.,-1.));
#16845=DIRECTION('',(0.,1.,0.));
#16846=DIRECTION('',(0.,0.,-1.));
#16847=DIRECTION('',(0.,-1.,0.));
#16848=DIRECTION('',(0.,0.,-1.));
#16849=DIRECTION('',(0.,1.,0.));
#16850=DIRECTION('',(0.,0.,-1.));
#16851=DIRECTION('',(0.,1.,0.));
#16852=DIRECTION('',(0.,0.,1.));
#16853=DIRECTION('',(0.,1.,0.));
#16854=DIRECTION('',(0.,0.,-1.));
#16855=DIRECTION('',(0.,1.,0.));
#16856=DIRECTION('',(0.,0.,1.));
#16857=DIRECTION('',(-1.,0.,0.));
#16858=DIRECTION('',(0.,0.,-1.));
#16859=DIRECTION('',(1.,0.,0.));
#16860=DIRECTION('',(0.,1.,0.));
#16861=DIRECTION('',(0.,0.,1.));
#16862=DIRECTION('',(1.,0.,0.));
#16863=DIRECTION('',(1.,0.,0.));
#16864=DIRECTION('',(0.,0.,-1.));
#16865=DIRECTION('',(0.,1.,0.));
#16866=DIRECTION('',(0.,0.,1.));
#16867=DIRECTION('',(0.,0.,1.));
#16868=DIRECTION('',(-1.,0.,0.));
#16869=DIRECTION('',(1.,0.,0.));
#16870=DIRECTION('',(0.,0.,1.));
#16871=DIRECTION('',(1.,0.,0.));
#16872=DIRECTION('',(0.,0.,1.));
#16873=DIRECTION('',(1.,0.,0.));
#16874=DIRECTION('',(0.,0.,-1.));
#16875=DIRECTION('',(-1.,0.,0.));
#16876=DIRECTION('',(0.,0.,-1.));
#16877=DIRECTION('',(-1.,0.,0.));
#16878=DIRECTION('',(0.,-1.,0.));
#16879=DIRECTION('',(1.,0.,0.));
#16880=DIRECTION('',(0.,1.,0.));
#16881=DIRECTION('',(-1.,0.,0.));
#16882=DIRECTION('',(1.,1.36592399683213E-16,0.));
#16883=DIRECTION('',(-1.36592399683213E-16,1.,0.));
#16884=DIRECTION('',(1.,1.36592399683213E-16,0.));
#16885=DIRECTION('',(1.,0.,0.));
#16886=DIRECTION('',(0.,1.,0.));
#16887=DIRECTION('',(1.,0.,0.));
#16888=DIRECTION('',(0.,1.,0.));
#16889=DIRECTION('',(-1.,0.,0.));
#16890=DIRECTION('',(0.,1.,0.));
#16891=DIRECTION('',(-1.,0.,0.));
#16892=DIRECTION('',(0.,1.,0.));
#16893=DIRECTION('',(1.,0.,0.));
#16894=DIRECTION('',(0.,1.,0.));
#16895=DIRECTION('',(1.,0.,0.));
#16896=DIRECTION('',(0.,1.,0.));
#16897=DIRECTION('',(1.,0.,0.));
#16898=DIRECTION('',(1.,0.,0.));
#16899=DIRECTION('',(0.,0.,-1.));
#16900=DIRECTION('',(0.,1.,0.));
#16901=DIRECTION('',(0.,0.,-1.));
#16902=DIRECTION('',(0.,1.,0.));
#16903=DIRECTION('',(0.,0.,-1.));
#16904=DIRECTION('',(0.,1.,0.));
#16905=DIRECTION('',(0.,0.,-1.));
#16906=DIRECTION('',(0.,1.,0.));
#16907=DIRECTION('',(0.,0.,1.));
#16908=DIRECTION('',(0.,1.,0.));
#16909=DIRECTION('',(0.,0.,-1.));
#16910=DIRECTION('',(0.,1.,0.));
#16911=DIRECTION('',(0.,0.,-1.));
#16912=DIRECTION('',(0.,1.,0.));
#16913=DIRECTION('',(0.,0.,-1.));
#16914=DIRECTION('',(0.,-1.,0.));
#16915=DIRECTION('',(0.,0.,-1.));
#16916=DIRECTION('',(0.,0.,-1.));
#16917=DIRECTION('',(0.,1.,0.));
#16918=DIRECTION('',(0.,0.,1.));
#16919=DIRECTION('',(0.,-1.,0.));
#16920=DIRECTION('',(0.,0.,-1.));
#16921=DIRECTION('',(1.,0.,0.));
#16922=DIRECTION('',(0.,0.,-1.));
#16923=DIRECTION('',(1.,0.,0.));
#16924=DIRECTION('',(0.,0.,-1.));
#16925=DIRECTION('',(-1.,0.,0.));
#16926=DIRECTION('',(1.,0.,0.));
#16927=DIRECTION('',(0.,0.,-1.));
#16928=DIRECTION('',(1.,0.,0.));
#16929=DIRECTION('',(-1.,0.,0.));
#16930=DIRECTION('',(0.,0.,1.));
#16931=DIRECTION('',(-1.,0.,0.));
#16932=DIRECTION('',(0.,0.,1.));
#16933=DIRECTION('',(0.,0.,-1.));
#16934=DIRECTION('',(0.,-1.,0.));
#16935=DIRECTION('',(0.,0.,-1.));
#16936=DIRECTION('',(0.,-1.,0.));
#16937=DIRECTION('',(0.,-1.,0.));
#16938=DIRECTION('',(0.,0.,-1.));
#16939=DIRECTION('',(0.,-1.,0.));
#16940=DIRECTION('',(0.,0.,1.));
#16941=DIRECTION('',(0.,0.,1.));
#16942=DIRECTION('',(0.,-1.,0.));
#16943=DIRECTION('',(0.,0.,-1.));
#16944=DIRECTION('',(0.,0.,-1.));
#16945=DIRECTION('',(0.,-1.,0.));
#16946=DIRECTION('',(0.,0.,-1.));
#16947=DIRECTION('',(0.,-1.,-5.78241158658938E-16));
#16948=DIRECTION('',(0.,0.,-1.));
#16949=DIRECTION('',(0.,1.,0.));
#16950=DIRECTION('',(0.,-1.,0.));
#16951=DIRECTION('',(0.,-1.,0.));
#16952=DIRECTION('',(0.,0.,-1.));
#16953=DIRECTION('',(-1.36592399683213E-16,1.,0.));
#16954=DIRECTION('',(-1.,-1.36592399683213E-16,0.));
#16955=DIRECTION('',(-1.,-1.36592399683213E-16,0.));
#16956=DIRECTION('',(0.,0.,1.));
#16957=DIRECTION('',(-1.36592399683213E-16,1.,0.));
#16958=DIRECTION('',(-1.,-1.36592399683213E-16,0.));
#16959=DIRECTION('',(0.,0.,1.));
#16960=DIRECTION('',(1.,1.36592399683213E-16,0.));
#16961=DIRECTION('',(-1.,-1.36592399683213E-16,0.));
#16962=DIRECTION('',(1.36592399683213E-16,-1.,0.));
#16963=DIRECTION('',(-1.,-1.36592399683213E-16,0.));
#16964=DIRECTION('',(1.36592399683213E-16,-1.,0.));
#16965=DIRECTION('',(-1.36592399683213E-16,1.,0.));
#16966=DIRECTION('',(0.,0.,-1.));
#16967=DIRECTION('',(-1.,0.,0.));
#16968=DIRECTION('',(1.,0.,0.));
#16969=DIRECTION('',(0.,1.,0.));
#16970=DIRECTION('',(1.36592399683213E-16,-1.,0.));
#16971=DIRECTION('',(1.,1.36592399683213E-16,0.));
#16972=DIRECTION('',(-1.,-1.36592399683213E-16,0.));
#16973=DIRECTION('',(-9.65854120745433E-17,0.707106781186548,0.707106781186548));
#16974=DIRECTION('',(-1.,-1.36592399683213E-16,0.));
#16975=DIRECTION('',(0.577350269189626,-0.577350269189626,0.577350269189626));
#16976=DIRECTION('',(-0.707106781186548,-9.65854120745433E-17,0.707106781186548));
#16977=DIRECTION('',(1.36592399683213E-16,-1.,0.));
#16978=DIRECTION('',(-0.577350269189626,-0.577350269189626,-0.577350269189626));
#16979=DIRECTION('',(-9.65854120745433E-17,0.707106781186548,-0.707106781186548));
#16980=DIRECTION('',(1.,1.36592399683213E-16,0.));
#16981=DIRECTION('',(-1.,0.,0.));
#16982=DIRECTION('',(0.,0.,1.));
#16983=DIRECTION('',(-1.,0.,0.));
#16984=DIRECTION('',(0.,0.,1.));
#16985=DIRECTION('',(0.,0.,-1.));
#16986=DIRECTION('',(0.,1.,0.));
#16987=DIRECTION('',(0.,0.,1.));
#16988=DIRECTION('',(0.,0.,-1.));
#16989=DIRECTION('',(1.,0.,0.));
#16990=DIRECTION('',(-1.,0.,0.));
#16991=DIRECTION('',(0.,1.,0.));
#16992=DIRECTION('',(1.,0.,0.));
#16993=DIRECTION('',(0.,-1.,0.));
#16994=DIRECTION('',(0.,0.,-1.));
#16995=DIRECTION('',(0.,0.,-1.));
#16996=DIRECTION('',(0.,1.,0.));
#16997=DIRECTION('',(0.,0.,1.));
#16998=DIRECTION('',(0.,0.,-1.));
#16999=DIRECTION('',(-1.,0.,0.));
#17000=DIRECTION('',(0.,0.,1.));
#17001=DIRECTION('',(0.,0.,-1.));
#17002=DIRECTION('',(1.,0.,0.));
#17003=DIRECTION('',(1.,0.,0.));
#17004=DIRECTION('',(0.,1.,0.));
#17005=DIRECTION('',(-1.,0.,0.));
#17006=DIRECTION('',(0.,1.,0.));
#17007=DIRECTION('',(0.,0.,1.));
#17008=DIRECTION('',(0.,0.,-1.));
#17009=DIRECTION('',(0.,-1.,0.));
#17010=DIRECTION('',(0.,0.,-1.));
#17011=DIRECTION('',(0.,0.,-1.));
#17012=DIRECTION('',(-1.,0.,0.));
#17013=DIRECTION('',(0.,0.,1.));
#17014=DIRECTION('',(0.,1.,0.));
#17015=DIRECTION('',(0.,0.,1.));
#17016=DIRECTION('',(1.,0.,0.));
#17017=DIRECTION('',(0.,0.,-1.));
#17018=DIRECTION('',(0.,1.,0.));
#17019=DIRECTION('',(0.,0.,1.));
#17020=DIRECTION('',(0.,0.,-1.));
#17021=DIRECTION('',(1.,0.,0.));
#17022=DIRECTION('',(0.,0.,-1.));
#17023=DIRECTION('',(1.,0.,0.));
#17024=DIRECTION('',(0.,1.,0.));
#17025=DIRECTION('',(-1.,0.,0.));
#17026=DIRECTION('',(0.,0.,1.));
#17027=DIRECTION('',(0.,1.,0.));
#17028=DIRECTION('',(0.,0.,1.));
#17029=DIRECTION('',(1.,0.,0.));
#17030=DIRECTION('',(-1.,0.,0.));
#17031=DIRECTION('',(-1.,0.,0.));
#17032=DIRECTION('',(0.,1.,0.));
#17033=DIRECTION('',(0.,0.,1.));
#17034=DIRECTION('',(-1.,0.,0.));
#17035=DIRECTION('',(-1.,0.,0.));
#17036=DIRECTION('',(0.,0.,-1.));
#17037=DIRECTION('',(-1.,0.,0.));
#17038=DIRECTION('',(0.,5.78241158658938E-16,-1.));
#17039=DIRECTION('',(0.,1.,5.78241158658938E-16));
#17040=DIRECTION('',(0.,0.,-1.));
#17041=DIRECTION('',(1.,0.,0.));
#17042=DIRECTION('',(0.,0.,1.));
#17043=DIRECTION('',(1.,0.,0.));
#17044=DIRECTION('',(1.,0.,0.));
#17045=DIRECTION('',(0.,-1.,0.));
#17046=DIRECTION('',(0.,0.,-1.));
#17047=DIRECTION('',(1.,0.,0.));
#17048=DIRECTION('',(0.,0.,1.));
#17049=DIRECTION('',(1.,0.,0.));
#17050=DIRECTION('',(0.,0.,1.));
#17051=DIRECTION('',(1.,0.,0.));
#17052=DIRECTION('',(-1.,-1.36592399683213E-16,0.));
#17053=DIRECTION('',(1.36592399683213E-16,-1.,0.));
#17054=DIRECTION('',(0.,0.,1.));
#17055=DIRECTION('',(1.,0.,0.));
#17056=DIRECTION('',(1.,0.,0.));
#17057=DIRECTION('',(0.,-1.,0.));
#17058=DIRECTION('',(1.,0.,0.));
#17059=DIRECTION('',(0.,-1.,0.));
#17060=DIRECTION('',(0.,-1.,0.));
#17061=DIRECTION('',(0.,0.,-1.));
#17062=DIRECTION('',(0.,0.,-1.));
#17063=DIRECTION('',(1.,0.,0.));
#17064=DIRECTION('',(0.,0.,-1.));
#17065=DIRECTION('',(0.,0.,1.));
#17066=DIRECTION('',(1.,0.,0.));
#17067=DIRECTION('',(0.,-1.,0.));
#17068=DIRECTION('',(1.,0.,0.));
#17069=DIRECTION('',(0.,-1.,0.));
#17070=DIRECTION('',(0.,-1.,0.));
#17071=DIRECTION('',(0.,0.,-1.));
#17072=DIRECTION('',(1.,0.,0.));
#17073=DIRECTION('',(0.,0.,-1.));
#17074=DIRECTION('',(1.,0.,0.));
#17075=DIRECTION('',(0.,0.,1.));
#17076=DIRECTION('',(1.,0.,0.));
#17077=DIRECTION('',(1.,0.,0.));
#17078=DIRECTION('',(0.,-1.,0.));
#17079=DIRECTION('',(0.,-1.,0.));
#17080=DIRECTION('',(0.,0.,-1.));
#17081=DIRECTION('',(0.,-1.,0.));
#17082=DIRECTION('',(0.,0.,-1.));
#17083=DIRECTION('',(1.,0.,0.));
#17084=DIRECTION('',(0.,0.,-1.));
#17085=DIRECTION('',(0.,0.,1.));
#17086=DIRECTION('',(1.,0.,0.));
#17087=DIRECTION('',(0.,-1.,0.));
#17088=DIRECTION('',(0.,-1.,0.));
#17089=DIRECTION('',(0.,0.,-1.));
#17090=DIRECTION('',(0.,-1.,0.));
#17091=DIRECTION('',(0.,0.,-1.));
#17092=DIRECTION('',(0.,0.,-1.));
#17093=DIRECTION('',(0.,0.,-1.));
#17094=DIRECTION('',(-1.,0.,0.));
#17095=DIRECTION('',(0.,-1.,0.));
#17096=DIRECTION('',(-1.,0.,0.));
#17097=DIRECTION('',(0.,-1.,0.));
#17098=DIRECTION('',(0.,-1.,0.));
#17099=DIRECTION('',(0.,0.,-1.));
#17100=DIRECTION('',(-1.56105599637958E-16,1.,0.));
#17101=DIRECTION('',(-1.,-1.56105599637958E-16,0.));
#17102=DIRECTION('',(1.,1.56105599637958E-16,0.));
#17103=DIRECTION('',(1.,1.56105599637958E-16,0.));
#17104=DIRECTION('',(0.,0.,-1.));
#17105=DIRECTION('',(-1.,0.,0.));
#17106=DIRECTION('',(1.56105599637958E-16,-1.,0.));
#17107=DIRECTION('',(1.,1.56105599637958E-16,0.));
#17108=DIRECTION('',(0.,0.,-1.));
#17109=DIRECTION('',(-1.,0.,0.));
#17110=DIRECTION('',(1.,1.56105599637958E-16,0.));
#17111=DIRECTION('',(1.56105599637958E-16,-1.,0.));
#17112=DIRECTION('',(1.,1.56105599637958E-16,0.));
#17113=DIRECTION('',(-1.56105599637958E-16,1.,0.));
#17114=DIRECTION('',(0.,0.,1.));
#17115=DIRECTION('',(-1.56105599637958E-16,1.,0.));
#17116=DIRECTION('',(-1.,-1.56105599637958E-16,0.));
#17117=DIRECTION('',(1.,1.56105599637958E-16,0.));
#17118=DIRECTION('',(1.,1.56105599637958E-16,0.));
#17119=DIRECTION('',(0.,0.,1.));
#17120=DIRECTION('',(1.,0.,0.));
#17121=DIRECTION('',(0.,0.,1.));
#17122=DIRECTION('',(1.,0.,0.));
#17123=DIRECTION('',(0.,0.,-1.));
#17124=DIRECTION('',(-1.,0.,0.));
#17125=DIRECTION('',(1.56105599637958E-16,-1.,0.));
#17126=DIRECTION('',(1.,1.56105599637958E-16,0.));
#17127=DIRECTION('',(0.,0.,-1.));
#17128=DIRECTION('',(-1.,0.,0.));
#17129=DIRECTION('',(1.,1.56105599637958E-16,0.));
#17130=DIRECTION('',(1.56105599637958E-16,-1.,0.));
#17131=DIRECTION('',(1.,1.56105599637958E-16,0.));
#17132=DIRECTION('',(-1.56105599637958E-16,1.,0.));
#17133=DIRECTION('',(0.,0.,1.));
#17134=DIRECTION('',(-1.56105599637958E-16,1.,0.));
#17135=DIRECTION('',(-1.,-1.56105599637958E-16,0.));
#17136=DIRECTION('',(1.,1.56105599637958E-16,0.));
#17137=DIRECTION('',(1.,1.56105599637958E-16,0.));
#17138=DIRECTION('',(-1.56105599637958E-16,1.,0.));
#17139=DIRECTION('',(-1.,-1.56105599637958E-16,0.));
#17140=DIRECTION('',(1.,1.56105599637958E-16,0.));
#17141=DIRECTION('',(1.,1.56105599637958E-16,0.));
#17142=DIRECTION('',(0.,0.,1.));
#17143=DIRECTION('',(1.,0.,0.));
#17144=DIRECTION('',(0.,0.,1.));
#17145=DIRECTION('',(1.,0.,0.));
#17146=DIRECTION('',(-1.,0.,0.));
#17147=DIRECTION('',(0.,0.,1.));
#17148=DIRECTION('',(0.,0.,1.));
#17149=DIRECTION('',(1.,0.,0.));
#17150=DIRECTION('',(1.,1.36592399683213E-16,0.));
#17151=DIRECTION('',(-1.36592399683213E-16,1.,0.));
#17152=DIRECTION('',(-1.,-1.36592399683213E-16,0.));
#17153=DIRECTION('',(1.36592399683213E-16,-1.,0.));
#17154=DIRECTION('',(-1.,-1.36592399683213E-16,0.));
#17155=DIRECTION('',(1.36592399683213E-16,-1.,0.));
#17156=DIRECTION('',(-1.,-1.36592399683213E-16,0.));
#17157=DIRECTION('',(1.36592399683213E-16,-1.,0.));
#17158=DIRECTION('',(-1.,-1.36592399683213E-16,0.));
#17159=DIRECTION('',(1.36592399683213E-16,-1.,0.));
#17160=DIRECTION('',(-1.,-1.36592399683213E-16,0.));
#17161=DIRECTION('',(1.36592399683213E-16,-1.,0.));
#17162=DIRECTION('',(-1.,-1.36592399683213E-16,0.));
#17163=DIRECTION('',(1.36592399683213E-16,-1.,0.));
#17164=DIRECTION('',(-1.,-1.36592399683213E-16,0.));
#17165=DIRECTION('',(1.36592399683213E-16,-1.,0.));
#17166=DIRECTION('',(1.,1.36592399683213E-16,0.));
#17167=DIRECTION('',(-1.36592399683213E-16,1.,0.));
#17168=DIRECTION('',(-1.,-1.36592399683213E-16,0.));
#17169=DIRECTION('',(1.36592399683213E-16,-1.,0.));
#17170=DIRECTION('',(0.,0.,1.));
#17171=DIRECTION('',(1.,0.,0.));
#17172=DIRECTION('',(-1.,-1.36592399683213E-16,0.));
#17173=DIRECTION('',(1.36592399683213E-16,-1.,0.));
#17174=DIRECTION('',(-1.,-1.36592399683213E-16,0.));
#17175=DIRECTION('',(1.36592399683213E-16,-1.,0.));
#17176=DIRECTION('',(1.,1.36592399683213E-16,0.));
#17177=DIRECTION('',(-1.36592399683213E-16,1.,0.));
#17178=DIRECTION('',(-1.,-1.36592399683213E-16,0.));
#17179=DIRECTION('',(1.36592399683213E-16,-1.,0.));
#17180=DIRECTION('',(-1.,-1.36592399683213E-16,0.));
#17181=DIRECTION('',(1.36592399683213E-16,-1.,0.));
#17182=DIRECTION('',(-1.,-1.36592399683213E-16,0.));
#17183=DIRECTION('',(1.36592399683213E-16,-1.,0.));
#17184=DIRECTION('',(-1.,-1.36592399683213E-16,0.));
#17185=DIRECTION('',(1.36592399683213E-16,-1.,0.));
#17186=DIRECTION('',(1.,1.36592399683213E-16,0.));
#17187=DIRECTION('',(-1.36592399683213E-16,1.,0.));
#17188=DIRECTION('',(-1.,-1.36592399683213E-16,0.));
#17189=DIRECTION('',(1.36592399683213E-16,-1.,0.));
#17190=DIRECTION('',(1.,1.36592399683213E-16,0.));
#17191=DIRECTION('',(-1.36592399683213E-16,1.,0.));
#17192=DIRECTION('',(1.,1.36592399683213E-16,0.));
#17193=DIRECTION('',(-1.36592399683213E-16,1.,0.));
#17194=DIRECTION('',(1.,1.36592399683213E-16,0.));
#17195=DIRECTION('',(-1.36592399683213E-16,1.,0.));
#17196=DIRECTION('',(0.,0.,1.));
#17197=DIRECTION('',(1.,0.,0.));
#17198=DIRECTION('',(0.,1.,0.));
#17199=DIRECTION('',(0.,0.,1.));
#17200=DIRECTION('',(-1.,0.,0.));
#17201=DIRECTION('',(0.,0.,1.));
#17202=DIRECTION('',(-1.,0.,0.));
#17203=DIRECTION('',(0.,0.,1.));
#17204=DIRECTION('',(1.,1.56105599637958E-16,0.));
#17205=DIRECTION('',(-1.56105599637958E-16,1.,0.));
#17206=DIRECTION('',(-1.56105599637958E-16,1.,0.));
#17207=DIRECTION('',(0.,0.,1.));
#17208=DIRECTION('',(1.56105599637958E-16,-1.,0.));
#17209=DIRECTION('',(0.,0.,1.));
#17210=DIRECTION('',(1.,1.56105599637958E-16,0.));
#17211=DIRECTION('',(-1.56105599637958E-16,1.,0.));
#17212=DIRECTION('',(0.,0.,-1.));
#17213=DIRECTION('',(1.,1.56105599637958E-16,0.));
#17214=DIRECTION('',(-1.56105599637958E-16,1.,0.));
#17215=DIRECTION('',(-1.56105599637958E-16,1.,0.));
#17216=DIRECTION('',(1.,1.56105599637958E-16,0.));
#17217=DIRECTION('',(-1.56105599637958E-16,1.,0.));
#17218=DIRECTION('',(0.,0.,-1.));
#17219=DIRECTION('',(1.,1.56105599637958E-16,0.));
#17220=DIRECTION('',(-1.56105599637958E-16,1.,0.));
#17221=DIRECTION('',(-1.56105599637958E-16,1.,0.));
#17222=DIRECTION('',(1.,1.56105599637958E-16,0.));
#17223=DIRECTION('',(-1.56105599637958E-16,1.,0.));
#17224=DIRECTION('',(-1.56105599637958E-16,1.,0.));
#17225=DIRECTION('',(0.,0.,-1.));
#17226=DIRECTION('',(-1.56105599637958E-16,1.,0.));
#17227=DIRECTION('',(0.,0.,1.));
#17228=DIRECTION('',(1.,1.56105599637958E-16,0.));
#17229=DIRECTION('',(-1.56105599637958E-16,1.,0.));
#17230=DIRECTION('',(0.,0.,1.));
#17231=DIRECTION('',(-1.56105599637958E-16,1.,0.));
#17232=DIRECTION('',(0.,0.,1.));
#17233=DIRECTION('',(1.56105599637958E-16,-1.,0.));
#17234=DIRECTION('',(1.,1.56105599637958E-16,0.));
#17235=DIRECTION('',(-1.56105599637958E-16,1.,0.));
#17236=DIRECTION('',(1.56105599637958E-16,-1.,0.));
#17237=DIRECTION('',(0.,0.,1.));
#17238=DIRECTION('',(1.56105599637958E-16,-1.,0.));
#17239=DIRECTION('',(0.,0.,1.));
#17240=DIRECTION('',(0.,0.,1.));
#17241=DIRECTION('',(-1.56105599637958E-16,1.,0.));
#17242=DIRECTION('',(0.,0.,1.));
#17243=DIRECTION('',(-1.56105599637958E-16,1.,0.));
#17244=DIRECTION('',(0.,0.,1.));
#17245=DIRECTION('',(1.,0.,0.));
#17246=DIRECTION('',(0.,0.,1.));
#17247=DIRECTION('',(1.,0.,0.));
#17248=DIRECTION('',(0.,0.,1.));
#17249=DIRECTION('',(1.,0.,0.));
#17250=DIRECTION('',(0.,0.,1.));
#17251=DIRECTION('',(1.,0.,0.));
#17252=DIRECTION('',(0.,0.,1.));
#17253=DIRECTION('',(1.,0.,0.));
#17254=DIRECTION('',(0.,0.,1.));
#17255=DIRECTION('',(1.,0.,0.));
#17256=DIRECTION('',(0.,0.,1.));
#17257=DIRECTION('',(1.,0.,0.));
#17258=DIRECTION('',(0.,0.,1.));
#17259=DIRECTION('',(1.,0.,0.));
#17260=DIRECTION('',(0.,0.,-1.));
#17261=DIRECTION('',(-1.,0.,0.));
#17262=DIRECTION('',(0.,0.,1.));
#17263=DIRECTION('',(0.,5.78241158658938E-16,-1.));
#17264=DIRECTION('',(0.,1.,5.78241158658938E-16));
#17265=DIRECTION('',(0.,0.,1.));
#17266=DIRECTION('',(0.,0.,1.));
#17267=DIRECTION('',(1.,0.,0.));
#17268=DIRECTION('',(0.,0.,1.));
#17269=DIRECTION('',(0.,0.,1.));
#17270=DIRECTION('',(1.,0.,0.));
#17271=DIRECTION('',(0.,0.,1.));
#17272=DIRECTION('',(1.,0.,0.));
#17273=DIRECTION('',(0.,0.,1.));
#17274=DIRECTION('',(0.,0.,1.));
#17275=DIRECTION('',(1.,0.,0.));
#17276=DIRECTION('',(0.,0.,-1.));
#17277=DIRECTION('',(-1.,0.,0.));
#17278=DIRECTION('',(1.,1.56105599637958E-16,0.));
#17279=DIRECTION('',(0.,-1.,0.));
#17280=DIRECTION('',(-1.,0.,0.));
#17281=DIRECTION('',(-1.36592399683213E-16,1.,0.));
#17282=DIRECTION('',(-1.,0.,0.));
#17283=DIRECTION('',(0.,5.78241158658938E-16,-1.));
#17284=DIRECTION('',(0.,1.,5.78241158658938E-16));
#17285=DIRECTION('',(-1.36592399683213E-16,1.,5.78241158658938E-16));
#17286=DIRECTION('',(-1.,0.,0.));
#17287=DIRECTION('',(0.,-1.,0.));
#17288=DIRECTION('',(1.,1.56105599637958E-16,9.0266682807801E-32));
#17289=DIRECTION('',(1.56105599637958E-16,-1.,0.));
#17290=DIRECTION('',(-1.,0.,0.));
#17291=DIRECTION('',(0.,0.,1.));
#17292=DIRECTION('',(1.,0.,0.));
#17293=DIRECTION('',(0.,0.,1.));
#17294=DIRECTION('',(1.,0.,0.));
#17295=DIRECTION('',(0.,0.,1.));
#17296=DIRECTION('',(1.,0.,0.));
#17297=DIRECTION('',(0.,0.,1.));
#17298=DIRECTION('',(1.,0.,0.));
#17299=DIRECTION('',(0.,0.,1.));
#17300=DIRECTION('',(1.,0.,0.));
#17301=DIRECTION('',(-1.,-1.56105599637958E-16,0.));
#17302=DIRECTION('',(-1.,-1.56105599637958E-16,0.));
#17303=DIRECTION('',(-1.,-1.36592399683213E-16,0.));
#17304=DIRECTION('',(1.36592399683213E-16,-1.,0.));
#17305=DIRECTION('',(0.,0.,1.));
#17306=DIRECTION('',(1.,0.,0.));
#17307=DIRECTION('',(-1.36592399683213E-16,1.,0.));
#17308=DIRECTION('',(0.,0.,1.));
#17309=DIRECTION('',(1.,0.,0.));
#17310=DIRECTION('',(-1.,0.,0.));
#17311=DIRECTION('',(0.,0.,1.));
#17312=DIRECTION('',(1.,0.,0.));
#17313=DIRECTION('',(-1.36592399683213E-16,1.,0.));
#17314=DIRECTION('',(0.,0.,1.));
#17315=DIRECTION('',(1.,0.,0.));
#17316=DIRECTION('',(1.36592399683213E-16,-1.,0.));
#17317=DIRECTION('',(-1.,-1.36592399683213E-16,0.));
#17318=DIRECTION('',(1.56105599637958E-16,-1.,0.));
#17319=DIRECTION('',(1.,1.36592399683213E-16,0.));
#17320=DIRECTION('',(-1.36592399683213E-16,1.,0.));
#17321=DIRECTION('',(0.,0.,1.));
#17322=DIRECTION('',(0.,0.,1.));
#17323=DIRECTION('',(0.,0.,1.));
#17324=DIRECTION('',(-1.36592399683213E-16,1.,0.));
#17325=DIRECTION('',(0.,0.,1.));
#17326=DIRECTION('',(1.36592399683213E-16,-1.,0.));
#17327=DIRECTION('',(0.,0.,1.));
#17328=DIRECTION('',(1.36592399683213E-16,-1.,0.));
#17329=DIRECTION('',(0.,0.,1.));
#17330=DIRECTION('',(1.,1.36592399683213E-16,0.));
#17331=DIRECTION('',(-1.36592399683213E-16,1.,0.));
#17332=DIRECTION('',(1.,1.36592399683213E-16,0.));
#17333=DIRECTION('',(-1.36592399683213E-16,1.,0.));
#17334=DIRECTION('',(0.,0.,-1.));
#17335=DIRECTION('',(1.,1.36592399683213E-16,0.));
#17336=DIRECTION('',(-1.36592399683213E-16,1.,0.));
#17337=DIRECTION('',(-1.36592399683213E-16,1.,0.));
#17338=DIRECTION('',(1.,1.36592399683213E-16,0.));
#17339=DIRECTION('',(-1.36592399683213E-16,1.,0.));
#17340=DIRECTION('',(0.,0.,-1.));
#17341=DIRECTION('',(1.,1.36592399683213E-16,0.));
#17342=DIRECTION('',(-1.36592399683213E-16,1.,0.));
#17343=DIRECTION('',(-1.36592399683213E-16,1.,0.));
#17344=DIRECTION('',(0.,0.,1.));
#17345=DIRECTION('',(-1.36592399683213E-16,1.,0.));
#17346=DIRECTION('',(0.,0.,1.));
#17347=DIRECTION('',(0.,0.,1.));
#17348=DIRECTION('',(1.,0.,0.));
#17349=DIRECTION('',(0.,0.,1.));
#17350=DIRECTION('',(0.,0.,1.));
#17351=DIRECTION('',(1.,0.,0.));
#17352=DIRECTION('',(0.,0.,1.));
#17353=DIRECTION('',(1.,0.,0.));
#17354=DIRECTION('',(0.,0.,1.));
#17355=DIRECTION('',(1.,0.,0.));
#17356=DIRECTION('',(0.,0.,1.));
#17357=DIRECTION('',(0.,0.,1.));
#17358=DIRECTION('',(1.,0.,0.));
#17359=DIRECTION('',(0.,0.,1.));
#17360=DIRECTION('',(0.,0.,1.));
#17361=DIRECTION('',(1.,0.,0.));
#17362=DIRECTION('',(0.,1.,0.));
#17363=DIRECTION('',(0.,0.,1.));
#17364=DIRECTION('',(0.,0.,1.));
#17365=DIRECTION('',(-1.,0.,0.));
#17366=DIRECTION('',(0.,0.,1.));
#17367=DIRECTION('',(1.,0.,0.));
#17368=DIRECTION('',(0.,0.,1.));
#17369=DIRECTION('',(1.,0.,0.));
#17370=DIRECTION('',(0.,0.,1.));
#17371=DIRECTION('',(1.,0.,0.));
#17372=DIRECTION('',(0.,0.,1.));
#17373=DIRECTION('',(1.,0.,0.));
#17374=DIRECTION('',(-1.,-1.36592399683213E-16,0.));
#17375=DIRECTION('',(1.36592399683213E-16,-1.,0.));
#17376=DIRECTION('',(1.36592399683213E-16,-1.,0.));
#17377=DIRECTION('',(-1.,-1.36592399683213E-16,0.));
#17378=DIRECTION('',(0.,0.,1.));
#17379=DIRECTION('',(1.,0.,0.));
#17380=DIRECTION('',(-1.,-1.56105599637958E-16,0.));
#17381=DIRECTION('',(1.36592399683213E-16,-1.,0.));
#17382=DIRECTION('',(1.,1.36592399683213E-16,0.));
#17383=DIRECTION('',(1.,1.36592399683213E-16,0.));
#17384=DIRECTION('',(1.,1.36592399683213E-16,0.));
#17385=DIRECTION('',(1.,1.36592399683213E-16,0.));
#17386=DIRECTION('',(-1.36592399683213E-16,1.,0.));
#17387=DIRECTION('',(1.,1.36592399683213E-16,0.));
#17388=DIRECTION('',(0.,0.,-1.));
#17389=DIRECTION('',(-1.,0.,0.));
#17390=DIRECTION('',(1.,1.36592399683213E-16,0.));
#17391=DIRECTION('',(1.,1.36592399683213E-16,0.));
#17392=DIRECTION('',(-1.36592399683213E-16,1.,0.));
#17393=DIRECTION('',(1.,1.36592399683213E-16,0.));
#17394=DIRECTION('',(1.36592399683213E-16,-1.,0.));
#17395=DIRECTION('',(1.,1.36592399683213E-16,0.));
#17396=DIRECTION('',(1.,1.36592399683213E-16,0.));
#17397=DIRECTION('',(1.,1.36592399683213E-16,0.));
#17398=DIRECTION('',(-1.36592399683213E-16,1.,0.));
#17399=DIRECTION('',(1.,1.36592399683213E-16,0.));
#17400=DIRECTION('',(0.,0.,-1.));
#17401=DIRECTION('',(-1.,0.,0.));
#17402=DIRECTION('',(1.,1.36592399683213E-16,0.));
#17403=DIRECTION('',(1.,1.36592399683213E-16,0.));
#17404=DIRECTION('',(-1.36592399683213E-16,1.,0.));
#17405=DIRECTION('',(0.,1.,0.));
#17406=DIRECTION('',(0.,0.,1.));
#17407=DIRECTION('',(-1.56105599637958E-16,1.,0.));
#17408=DIRECTION('',(-1.,-1.56105599637958E-16,0.));
#17409=DIRECTION('',(1.,1.56105599637958E-16,0.));
#17410=DIRECTION('',(1.,1.56105599637958E-16,0.));
#17411=DIRECTION('',(-1.56105599637958E-16,1.,0.));
#17412=DIRECTION('',(-1.,-1.56105599637958E-16,0.));
#17413=DIRECTION('',(1.,1.56105599637958E-16,0.));
#17414=DIRECTION('',(1.,1.56105599637958E-16,0.));
#17415=DIRECTION('',(0.,0.,1.));
#17416=DIRECTION('',(1.,0.,0.));
#17417=DIRECTION('',(0.,0.,1.));
#17418=DIRECTION('',(1.,0.,0.));
#17419=DIRECTION('',(-1.36592399683213E-16,1.,0.));
#17420=DIRECTION('',(-1.,-1.36592399683213E-16,0.));
#17421=DIRECTION('',(0.,0.,1.));
#17422=DIRECTION('',(0.,0.,1.));
#17423=DIRECTION('',(1.,1.36592399683213E-16,0.));
#17424=DIRECTION('',(-1.36592399683213E-16,1.,0.));
#17425=DIRECTION('',(-1.36592399683213E-16,1.,0.));
#17426=DIRECTION('',(-1.,-1.36592399683213E-16,0.));
#17427=DIRECTION('',(0.,0.,1.));
#17428=DIRECTION('',(0.,0.,1.));
#17429=DIRECTION('',(1.,1.36592399683213E-16,0.));
#17430=DIRECTION('',(-1.36592399683213E-16,1.,0.));
#17431=DIRECTION('',(1.,1.56105599637958E-16,0.));
#17432=DIRECTION('',(-1.56105599637958E-16,1.,0.));
#17433=DIRECTION('',(0.,0.,1.));
#17434=DIRECTION('',(1.56105599637958E-16,-1.,0.));
#17435=DIRECTION('',(1.,1.56105599637958E-16,0.));
#17436=DIRECTION('',(-1.,-1.56105599637958E-16,0.));
#17437=DIRECTION('',(1.56105599637958E-16,-1.,0.));
#17438=DIRECTION('',(1.,1.56105599637958E-16,0.));
#17439=DIRECTION('',(-1.,-1.56105599637958E-16,0.));
#17440=DIRECTION('',(0.,0.,-1.));
#17441=DIRECTION('',(-1.,0.,0.));
#17442=DIRECTION('',(0.,0.,1.));
#17443=DIRECTION('',(0.,0.,-1.));
#17444=DIRECTION('',(0.,1.,0.));
#17445=DIRECTION('',(0.,0.,1.));
#17446=DIRECTION('',(0.,0.,1.));
#17447=DIRECTION('',(1.,0.,0.));
#17448=DIRECTION('',(0.,0.,1.));
#17449=DIRECTION('',(1.,0.,0.));
#17450=DIRECTION('',(0.,0.,1.));
#17451=DIRECTION('',(1.,0.,0.));
#17452=DIRECTION('',(0.,0.,1.));
#17453=DIRECTION('',(1.,0.,0.));
#17454=DIRECTION('',(0.,0.,1.));
#17455=DIRECTION('',(1.,0.,0.));
#17456=DIRECTION('',(0.,0.,1.));
#17457=DIRECTION('',(1.,0.,0.));
#17458=DIRECTION('',(0.,0.,1.));
#17459=DIRECTION('',(1.,0.,0.));
#17460=DIRECTION('',(0.,0.,1.));
#17461=DIRECTION('',(1.,0.,0.));
#17462=DIRECTION('',(0.,0.,1.));
#17463=DIRECTION('',(1.,0.,0.));
#17464=DIRECTION('',(0.,0.,1.));
#17465=DIRECTION('',(1.,0.,0.));
#17466=DIRECTION('',(0.,0.,1.));
#17467=DIRECTION('',(1.,0.,0.));
#17468=DIRECTION('',(0.,0.,1.));
#17469=DIRECTION('',(1.,0.,0.));
#17470=DIRECTION('',(0.,0.,-1.));
#17471=DIRECTION('',(1.,0.,0.));
#17472=DIRECTION('',(0.,0.,-1.));
#17473=DIRECTION('',(-1.,0.,0.));
#17474=DIRECTION('',(0.,0.,1.));
#17475=DIRECTION('',(1.,0.,0.));
#17476=DIRECTION('',(0.,0.,-1.));
#17477=DIRECTION('',(0.,0.,-1.));
#17478=DIRECTION('',(-1.,0.,0.));
#17479=DIRECTION('',(0.,0.,1.));
#17480=DIRECTION('',(1.,0.,0.));
#17481=DIRECTION('',(0.,0.,-1.));
#17482=DIRECTION('',(0.,0.,-1.));
#17483=DIRECTION('',(1.,0.,0.));
#17484=DIRECTION('',(-1.,-1.56105599637958E-16,0.));
#17485=DIRECTION('',(1.56105599637958E-16,-1.,0.));
#17486=DIRECTION('',(1.,1.56105599637958E-16,0.));
#17487=DIRECTION('',(0.,0.,1.));
#17488=DIRECTION('',(1.,0.,0.));
#17489=DIRECTION('',(-1.,0.,0.));
#17490=DIRECTION('',(0.,0.,1.));
#17491=DIRECTION('',(0.,0.,-1.));
#17492=DIRECTION('',(0.,-1.,0.));
#17493=DIRECTION('',(0.,0.,-1.));
#17494=DIRECTION('',(0.,1.,0.));
#17495=DIRECTION('',(0.,-1.,0.));
#17496=DIRECTION('',(0.,0.,-1.));
#17497=DIRECTION('',(0.,0.,-1.));
#17498=DIRECTION('',(1.,0.,0.));
#17499=DIRECTION('',(-1.,0.,0.));
#17500=DIRECTION('',(1.,0.,0.));
#17501=DIRECTION('',(0.,0.,-1.));
#17502=DIRECTION('',(0.,0.,-1.));
#17503=DIRECTION('',(0.,1.,0.));
#17504=DIRECTION('',(0.,-1.,0.));
#17505=DIRECTION('',(0.,1.,0.));
#17506=DIRECTION('',(0.,0.,1.));
#17507=DIRECTION('',(1.,0.,0.));
#17508=DIRECTION('',(0.,0.,-1.));
#17509=DIRECTION('',(1.,0.,0.));
#17510=DIRECTION('',(0.,0.,-1.));
#17511=DIRECTION('',(1.,0.,0.));
#17512=DIRECTION('',(0.,0.,-1.));
#17513=DIRECTION('',(0.,-1.,0.));
#17514=DIRECTION('',(0.,0.,-1.));
#17515=DIRECTION('',(0.,-1.,0.));
#17516=DIRECTION('',(0.,1.,0.));
#17517=DIRECTION('',(0.,0.,1.));
#17518=DIRECTION('',(1.,0.,0.));
#17519=DIRECTION('',(0.,0.,-1.));
#17520=DIRECTION('',(1.,0.,0.));
#17521=DIRECTION('',(1.,0.,0.));
#17522=DIRECTION('',(0.,0.,-1.));
#17523=DIRECTION('',(0.,-1.,0.));
#17524=DIRECTION('',(0.,-1.,0.));
#17525=DIRECTION('',(0.,1.,0.));
#17526=DIRECTION('',(0.,0.,1.));
#17527=DIRECTION('',(-1.,0.,0.));
#17528=DIRECTION('',(1.,0.,0.));
#17529=DIRECTION('',(0.,0.,1.));
#17530=DIRECTION('',(1.,0.,0.));
#17531=DIRECTION('',(1.,0.,0.));
#17532=DIRECTION('',(0.,1.,0.));
#17533=DIRECTION('',(-1.,0.,0.));
#17534=DIRECTION('',(0.,-1.,0.));
#17535=DIRECTION('',(0.,0.,1.));
#17536=DIRECTION('',(1.,0.,0.));
#17537=DIRECTION('',(-0.707106781186548,0.,0.707106781186548));
#17538=DIRECTION('',(0.,1.,0.));
#17539=DIRECTION('',(0.577350269189626,-0.577350269189626,0.577350269189626));
#17540=DIRECTION('',(0.577350269189626,0.577350269189626,0.577350269189626));
#17541=DIRECTION('',(0.,-0.707106781186548,0.707106781186548));
#17542=DIRECTION('',(-1.,0.,0.));
#17543=DIRECTION('',(-0.577350269189626,0.577350269189626,0.577350269189626));
#17544=DIRECTION('',(0.,0.707106781186548,0.707106781186548));
#17545=DIRECTION('',(1.,0.,0.));
#17546=DIRECTION('',(0.577350269189626,0.577350269189626,-0.577350269189626));
#17547=DIRECTION('',(0.707106781186548,0.,0.707106781186548));
#17548=DIRECTION('',(0.,-1.,0.));
#17549=CARTESIAN_POINT('',(0.,0.,0.));
#17550=CARTESIAN_POINT('',(0.0508,0.03175,0.297773296959268));
#17551=CARTESIAN_POINT('',(0.0508,0.14089,0.297773296959268));
#17552=CARTESIAN_POINT('',(-0.0508,0.14089,0.297773296959268));
#17553=CARTESIAN_POINT('',(0.1524,0.14089,0.297773296959268));
#17554=CARTESIAN_POINT('',(-0.0508,0.13335,0.297773296959268));
#17555=CARTESIAN_POINT('',(-0.05834,0.13335,0.297773296959268));
#17556=CARTESIAN_POINT('',(-0.05834,0.03175,0.297773296959268));
#17557=CARTESIAN_POINT('',(-0.05834,-0.06985,0.297773296959268));
#17558=CARTESIAN_POINT('',(-0.0508,-0.06985,0.297773296959268));
#17559=CARTESIAN_POINT('',(-0.0508,-0.07739,0.297773296959268));
#17560=CARTESIAN_POINT('',(0.0508,-0.07739,0.297773296959268));
#17561=CARTESIAN_POINT('',(0.1524,-0.07739,0.297773296959268));
#17562=CARTESIAN_POINT('',(0.1524,-0.06985,0.297773296959268));
#17563=CARTESIAN_POINT('',(0.15994,-0.06985,0.297773296959268));
#17564=CARTESIAN_POINT('',(0.15994,0.03175,0.297773296959268));
#17565=CARTESIAN_POINT('',(0.15994,0.13335,0.297773296959268));
#17566=CARTESIAN_POINT('',(0.1524,0.13335,0.297773296959268));
#17567=CARTESIAN_POINT('',(-0.0508,0.03175,0.302773296959268));
#17568=CARTESIAN_POINT('',(-0.0508,0.03175,0.290073296959267));
#17569=CARTESIAN_POINT('',(-0.0508,-0.05715,0.290073296959267));
#17570=CARTESIAN_POINT('',(-0.0508,0.12065,0.290073296959267));
#17571=CARTESIAN_POINT('',(-0.0508,-0.05715,0.302773296959268));
#17572=CARTESIAN_POINT('',(-0.0508,-0.05715,0.0487732969592676));
#17573=CARTESIAN_POINT('',(-0.0508,0.03175,0.0487732969592676));
#17574=CARTESIAN_POINT('',(-0.0508,0.12065,0.0487732969592676));
#17575=CARTESIAN_POINT('',(-0.0508,0.12065,0.302773296959268));
#17576=CARTESIAN_POINT('',(-0.0508,0.03175,0.263137289173471));
#17577=CARTESIAN_POINT('',(-0.0508,0.0190514067869408,0.263137289173471));
#17578=CARTESIAN_POINT('',(-0.0508,0.03175,0.0663452173039779));
#17579=CARTESIAN_POINT('',(-0.0508,0.05525,0.0663452173039779));
#17580=CARTESIAN_POINT('',(-0.0508,0.00825,0.0663452173039779));
#17581=CARTESIAN_POINT('',(-0.0508,0.00825,0.088645217303978));
#17582=CARTESIAN_POINT('',(-0.0508,0.00825,0.116345217303978));
#17583=CARTESIAN_POINT('',(-0.0508,0.03175,0.116345217303978));
#17584=CARTESIAN_POINT('',(-0.0508,0.05525,0.116345217303978));
#17585=CARTESIAN_POINT('',(-0.0508,0.05525,0.088645217303978));
#17586=CARTESIAN_POINT('',(0.1524,0.03175,0.302773296959268));
#17587=CARTESIAN_POINT('',(0.1524,-0.0333761199593543,0.0772030185948477));
#17588=CARTESIAN_POINT('',(0.1524,-0.0333761199593543,0.0645030185948476));
#17589=CARTESIAN_POINT('',(0.1524,-0.0460761199593544,0.0772030185948477));
#17590=CARTESIAN_POINT('',(0.1524,0.03175,0.0645030185948477));
#17591=CARTESIAN_POINT('',(0.1524,0.0968761199593544,0.0645030185948476));
#17592=CARTESIAN_POINT('',(0.1524,0.0968761199593543,0.0772030185948477));
#17593=CARTESIAN_POINT('',(0.1524,0.109576119959354,0.0772030185948477));
#17594=CARTESIAN_POINT('',(0.1524,0.109576119959354,0.302773296959268));
#17595=CARTESIAN_POINT('',(0.1524,0.109576119959354,0.252455759490596));
#17596=CARTESIAN_POINT('',(0.1524,0.0968761199593544,0.252455759490596));
#17597=CARTESIAN_POINT('',(0.1524,0.0968761199593544,0.265155759490596));
#17598=CARTESIAN_POINT('',(0.1524,0.03175,0.265155759490596));
#17599=CARTESIAN_POINT('',(0.1524,-0.0333761199593543,0.265155759490596));
#17600=CARTESIAN_POINT('',(0.1524,-0.0333761199593543,0.252455759490596));
#17601=CARTESIAN_POINT('',(0.1524,-0.0460761199593544,0.252455759490596));
#17602=CARTESIAN_POINT('',(0.1524,-0.0460761199593544,0.302773296959268));
#17603=CARTESIAN_POINT('',(0.1524,-0.05715,0.302773296959268));
#17604=CARTESIAN_POINT('',(0.1524,-0.05715,0.290073296959267));
#17605=CARTESIAN_POINT('',(0.1524,-0.05715,0.0487732969592676));
#17606=CARTESIAN_POINT('',(0.1524,0.03175,0.290073296959267));
#17607=CARTESIAN_POINT('',(0.1524,0.12065,0.290073296959267));
#17608=CARTESIAN_POINT('',(0.1524,0.12065,0.302773296959268));
#17609=CARTESIAN_POINT('',(0.1524,0.12065,0.0487732969592676));
#17610=CARTESIAN_POINT('',(0.1524,0.03175,0.0487732969592676));
#17611=CARTESIAN_POINT('',(0.1397,0.12065,0.302773296959268));
#17612=CARTESIAN_POINT('',(0.1397,0.12065,0.290073296959267));
#17613=CARTESIAN_POINT('',(0.1397,0.13335,0.290073296959267));
#17614=CARTESIAN_POINT('',(0.1397,0.13335,0.302773296959268));
#17615=CARTESIAN_POINT('',(0.1397,0.13335,0.0487732969592676));
#17616=CARTESIAN_POINT('',(0.1397,0.12065,0.0487732969592676));
#17617=CARTESIAN_POINT('',(0.1397,-0.05715,0.302773296959268));
#17618=CARTESIAN_POINT('',(0.1397,-0.06985,0.302773296959268));
#17619=CARTESIAN_POINT('',(0.1397,-0.06985,0.290073296959267));
#17620=CARTESIAN_POINT('',(0.1397,-0.06985,0.0487732969592676));
#17621=CARTESIAN_POINT('',(0.1397,-0.05715,0.290073296959267));
#17622=CARTESIAN_POINT('',(0.1397,-0.05715,0.0487732969592676));
#17623=CARTESIAN_POINT('',(0.0508,-0.06985,0.302773296959268));
#17624=CARTESIAN_POINT('',(0.0508,-0.06985,0.290073296959267));
#17625=CARTESIAN_POINT('',(-0.0381,-0.06985,0.290073296959267));
#17626=CARTESIAN_POINT('',(0.0508,-0.06985,0.0487732969592676));
#17627=CARTESIAN_POINT('',(-0.0381,-0.06985,0.0487732969592676));
#17628=CARTESIAN_POINT('',(-0.0381,-0.06985,0.302773296959268));
#17629=CARTESIAN_POINT('',(-0.0381,-0.05715,0.302773296959268));
#17630=CARTESIAN_POINT('',(-0.0381,-0.05715,0.290073296959267));
#17631=CARTESIAN_POINT('',(-0.0381,-0.05715,0.0487732969592676));
#17632=CARTESIAN_POINT('',(-0.0381,0.12065,0.302773296959268));
#17633=CARTESIAN_POINT('',(-0.0381,0.13335,0.302773296959268));
#17634=CARTESIAN_POINT('',(-0.0381,0.13335,0.290073296959267));
#17635=CARTESIAN_POINT('',(-0.0381,0.13335,0.0487732969592676));
#17636=CARTESIAN_POINT('',(-0.0381,0.12065,0.290073296959267));
#17637=CARTESIAN_POINT('',(-0.0381,0.12065,0.0487732969592676));
#17638=CARTESIAN_POINT('',(0.0508,0.13335,0.302773296959268));
#17639=CARTESIAN_POINT('',(0.0508,0.13335,0.290073296959267));
#17640=CARTESIAN_POINT('',(0.0508,0.13335,0.0487732969592676));
#17641=CARTESIAN_POINT('',(0.1524,0.13335,0.302773296959268));
#17642=CARTESIAN_POINT('',(0.1524,0.13589,0.302773296959268));
#17643=CARTESIAN_POINT('',(0.1524,0.14605,0.292613296959268));
#17644=CARTESIAN_POINT('',(0.1651,0.13335,0.292613296959268));
#17645=CARTESIAN_POINT('',(0.1651,0.13335,0.292613296959268));
#17646=CARTESIAN_POINT('',(0.1524,0.13335,0.292613296959268));
#17647=CARTESIAN_POINT('',(0.0508,0.13589,0.302773296959268));
#17648=CARTESIAN_POINT('',(-0.0508,0.13589,0.302773296959268));
#17649=CARTESIAN_POINT('',(-0.0508,0.14605,0.292613296959268));
#17650=CARTESIAN_POINT('',(0.1524,0.14605,0.292613296959268));
#17651=CARTESIAN_POINT('',(0.15494,0.03175,0.302773296959268));
#17652=CARTESIAN_POINT('',(0.1651,-0.06985,0.292613296959268));
#17653=CARTESIAN_POINT('',(0.1651,-0.06985,0.292613296959268));
#17654=CARTESIAN_POINT('',(0.1651,-0.06985,0.292613296959268));
#17655=CARTESIAN_POINT('',(-0.0508,0.13335,0.302773296959268));
#17656=CARTESIAN_POINT('',(-0.05334,0.13335,0.302773296959268));
#17657=CARTESIAN_POINT('',(-0.0635,0.13335,0.292613296959268));
#17658=CARTESIAN_POINT('',(-0.0508,0.13335,0.292613296959268));
#17659=CARTESIAN_POINT('',(0.1524,-0.06985,0.302773296959268));
#17660=CARTESIAN_POINT('',(0.1524,-0.08255,0.292613296959268));
#17661=CARTESIAN_POINT('',(0.1524,-0.08255,0.292613296959268));
#17662=CARTESIAN_POINT('',(0.1524,-0.06985,0.292613296959268));
#17663=CARTESIAN_POINT('',(-0.0635,0.03175,0.292613296959268));
#17664=CARTESIAN_POINT('',(-0.05334,-0.06985,0.302773296959268));
#17665=CARTESIAN_POINT('',(-0.0635,-0.06985,0.292613296959268));
#17666=CARTESIAN_POINT('',(-0.0635,0.03175,0.292613296959268));
#17667=CARTESIAN_POINT('',(0.0508,-0.08255,0.292613296959268));
#17668=CARTESIAN_POINT('',(-0.0508,-0.08255,0.292613296959268));
#17669=CARTESIAN_POINT('',(-0.0508,-0.08255,0.292613296959268));
#17670=CARTESIAN_POINT('',(0.0508,-0.08255,0.292613296959268));
#17671=CARTESIAN_POINT('',(-0.0508,-0.06985,0.302773296959268));
#17672=CARTESIAN_POINT('',(-0.0508,-0.06985,0.292613296959268));
#17673=CARTESIAN_POINT('',(-0.0635,0.03175,0.302773296959268));
#17674=CARTESIAN_POINT('',(-0.0635,0.00825,0.302773296959268));
#17675=CARTESIAN_POINT('',(-0.0635,0.00825,0.116345217303978));
#17676=CARTESIAN_POINT('',(-0.0635,0.00825,0.0663452173039779));
#17677=CARTESIAN_POINT('',(-0.0635,0.03175,0.0663452173039779));
#17678=CARTESIAN_POINT('',(-0.0635,0.05525,0.0663452173039779));
#17679=CARTESIAN_POINT('',(-0.0635,0.05525,0.302773296959268));
#17680=CARTESIAN_POINT('',(-0.0635,0.05525,0.116345217303978));
#17681=CARTESIAN_POINT('',(-0.0635,0.03175,0.116345217303978));
#17682=CARTESIAN_POINT('',(-0.0635,0.03175,0.263137289173471));
#17683=CARTESIAN_POINT('',(-0.0635,0.0190514067869408,0.263137289173471));
#17684=CARTESIAN_POINT('',(-0.0635,-0.06985,0.302773296959268));
#17685=CARTESIAN_POINT('',(-0.0635,-0.06985,0.0487732969592676));
#17686=CARTESIAN_POINT('',(-0.0635,0.13335,0.302773296959268));
#17687=CARTESIAN_POINT('',(-0.0635,0.13335,0.0487732969592676));
#17688=CARTESIAN_POINT('',(-0.0635,0.03175,0.0487732969592676));
#17689=CARTESIAN_POINT('',(0.1651,0.03175,0.302773296959268));
#17690=CARTESIAN_POINT('',(0.1651,0.13335,0.302773296959268));
#17691=CARTESIAN_POINT('',(0.1651,0.13335,0.0487732969592676));
#17692=CARTESIAN_POINT('',(0.1651,-0.06985,0.302773296959268));
#17693=CARTESIAN_POINT('',(0.1651,-0.06985,0.0487732969592676));
#17694=CARTESIAN_POINT('',(0.1651,0.03175,0.0487732969592676));
#17695=CARTESIAN_POINT('',(0.1651,0.0968761199593544,0.0772030185948477));
#17696=CARTESIAN_POINT('',(0.1651,0.0968761199593544,0.0645030185948476));
#17697=CARTESIAN_POINT('',(0.1651,0.109576119959354,0.0772030185948477));
#17698=CARTESIAN_POINT('',(0.1651,-0.000813059979677171,0.0645030185948477));
#17699=CARTESIAN_POINT('',(0.1651,-0.0333761199593543,0.0645030185948476));
#17700=CARTESIAN_POINT('',(0.1651,-0.0333761199593543,0.0772030185948477));
#17701=CARTESIAN_POINT('',(0.1651,-0.0460761199593544,0.0772030185948477));
#17702=CARTESIAN_POINT('',(0.1651,-0.0460761199593544,0.164829389042721));
#17703=CARTESIAN_POINT('',(0.1651,-0.0460761199593544,0.252455759490596));
#17704=CARTESIAN_POINT('',(0.1651,-0.0333761199593543,0.252455759490596));
#17705=CARTESIAN_POINT('',(0.1651,-0.0333761199593543,0.265155759490596));
#17706=CARTESIAN_POINT('',(0.1651,-0.000813059979677171,0.265155759490596));
#17707=CARTESIAN_POINT('',(0.1651,0.0968761199593544,0.265155759490596));
#17708=CARTESIAN_POINT('',(0.1651,0.0968761199593544,0.252455759490596));
#17709=CARTESIAN_POINT('',(0.1651,0.109576119959354,0.252455759490596));
#17710=CARTESIAN_POINT('',(0.1651,0.109576119959354,0.164829389042721));
#17711=CARTESIAN_POINT('',(0.1524,0.13335,0.302773296959268));
#17712=CARTESIAN_POINT('',(0.1524,0.14605,0.302773296959268));
#17713=CARTESIAN_POINT('',(0.1524,0.14605,0.0487732969592676));
#17714=CARTESIAN_POINT('',(0.1524,0.13335,0.0487732969592676));
#17715=CARTESIAN_POINT('',(0.0508,0.14605,0.302773296959268));
#17716=CARTESIAN_POINT('',(-0.0508,0.14605,0.302773296959268));
#17717=CARTESIAN_POINT('',(-0.0508,0.14605,0.0487732969592676));
#17718=CARTESIAN_POINT('',(0.0508,0.14605,0.0487732969592676));
#17719=CARTESIAN_POINT('',(-0.0508,0.13335,0.302773296959268));
#17720=CARTESIAN_POINT('',(-0.0508,0.13335,0.0487732969592676));
#17721=CARTESIAN_POINT('',(-0.0508,-0.06985,0.302773296959268));
#17722=CARTESIAN_POINT('',(-0.0508,-0.08255,0.302773296959268));
#17723=CARTESIAN_POINT('',(-0.0508,-0.08255,0.0487732969592676));
#17724=CARTESIAN_POINT('',(-0.0508,-0.06985,0.0487732969592676));
#17725=CARTESIAN_POINT('',(0.0508,-0.08255,0.302773296959268));
#17726=CARTESIAN_POINT('',(0.1524,-0.08255,0.302773296959268));
#17727=CARTESIAN_POINT('',(0.1524,-0.08255,0.0487732969592676));
#17728=CARTESIAN_POINT('',(0.0508,-0.08255,0.0487732969592676));
#17729=CARTESIAN_POINT('',(0.1524,-0.06985,0.302773296959268));
#17730=CARTESIAN_POINT('',(0.1524,-0.06985,0.0487732969592676));
#17731=CARTESIAN_POINT('',(0.0508,0.03175,0.0487732969592676));
#17732=CARTESIAN_POINT('',(-0.0541234018715768,0.136673401871577,0.0487732969592676));
#17733=CARTESIAN_POINT('',(-0.0516234018715768,0.136673401871577,0.0487732969592676));
#17734=CARTESIAN_POINT('',(0.15875,-0.07285,0.0487732969592676));
#17735=CARTESIAN_POINT('',(0.16125,-0.07285,0.0487732969592676));
#17736=CARTESIAN_POINT('',(-0.05715,-0.07285,0.0487732969592676));
#17737=CARTESIAN_POINT('',(-0.05465,-0.07285,0.0487732969592676));
#17738=CARTESIAN_POINT('',(0.155723401871577,0.136673401871577,0.0487732969592676));
#17739=CARTESIAN_POINT('',(0.158223401871577,0.136673401871577,0.0487732969592676));
#17740=CARTESIAN_POINT('',(0.1143,-0.000813059979677178,0.0645030185948477));
#17741=CARTESIAN_POINT('',(0.1143,-0.0333761199593543,0.0645030185948476));
#17742=CARTESIAN_POINT('',(0.1143,0.0968761199593544,0.0645030185948476));
#17743=CARTESIAN_POINT('',(0.1143,0.0968761199593543,0.0772030185948477));
#17744=CARTESIAN_POINT('',(0.1143,0.109576119959354,0.0772030185948477));
#17745=CARTESIAN_POINT('',(0.1143,0.109576119959354,0.164829389042721));
#17746=CARTESIAN_POINT('',(0.1143,0.109576119959354,0.252455759490596));
#17747=CARTESIAN_POINT('',(0.1143,0.0968761199593544,0.252455759490596));
#17748=CARTESIAN_POINT('',(0.1143,0.0968761199593544,0.265155759490596));
#17749=CARTESIAN_POINT('',(0.1143,-0.000813059979677178,0.265155759490596));
#17750=CARTESIAN_POINT('',(0.1143,-0.0333761199593543,0.265155759490596));
#17751=CARTESIAN_POINT('',(0.1143,-0.0333761199593543,0.252455759490596));
#17752=CARTESIAN_POINT('',(0.1143,-0.0460761199593544,0.252455759490596));
#17753=CARTESIAN_POINT('',(0.1143,-0.0460761199593544,0.164829389042721));
#17754=CARTESIAN_POINT('',(0.1143,-0.0460761199593544,0.0772030185948477));
#17755=CARTESIAN_POINT('',(0.1143,-0.0333761199593543,0.0772030185948477));
#17756=CARTESIAN_POINT('',(-0.0381,0.03175,0.263137289173471));
#17757=CARTESIAN_POINT('',(-0.090424,0.00825,0.088645217303978));
#17758=CARTESIAN_POINT('',(-0.090424,0.00825,0.116345217303978));
#17759=CARTESIAN_POINT('',(-0.090424,0.00825,0.0663452173039779));
#17760=CARTESIAN_POINT('',(-0.090424,0.05525,0.088645217303978));
#17761=CARTESIAN_POINT('',(-0.090424,0.05525,0.0663452173039779));
#17762=CARTESIAN_POINT('',(-0.090424,0.05525,0.116345217303978));
#17763=CARTESIAN_POINT('',(-0.090424,0.03175,0.116345217303978));
#17764=CARTESIAN_POINT('',(-0.090424,0.03175,0.0663452173039779));
#17765=CARTESIAN_POINT('',(0.155723401871577,0.136673401871577,0.0637732969592676));
#17766=CARTESIAN_POINT('',(0.155723401871577,0.136673401871577,0.0637732969592676));
#17767=CARTESIAN_POINT('',(0.158223401871577,0.136673401871577,0.0637732969592676));
#17768=CARTESIAN_POINT('',(0.0508,0.03175,0.0637732969592676));
#17769=CARTESIAN_POINT('',(-0.05715,-0.07285,0.0637732969592676));
#17770=CARTESIAN_POINT('',(-0.05715,-0.07285,0.0637732969592676));
#17771=CARTESIAN_POINT('',(-0.05465,-0.07285,0.0637732969592676));
#17772=CARTESIAN_POINT('',(0.0508,0.03175,0.0637732969592676));
#17773=CARTESIAN_POINT('',(0.15875,-0.07285,0.0637732969592676));
#17774=CARTESIAN_POINT('',(0.15875,-0.07285,0.0637732969592676));
#17775=CARTESIAN_POINT('',(0.16125,-0.07285,0.0637732969592676));
#17776=CARTESIAN_POINT('',(0.0508,0.03175,0.0637732969592676));
#17777=CARTESIAN_POINT('',(-0.0541234018715768,0.136673401871577,0.0637732969592676));
#17778=CARTESIAN_POINT('',(-0.0541234018715768,0.136673401871577,0.0637732969592676));
#17779=CARTESIAN_POINT('',(-0.0516234018715768,0.136673401871577,0.0637732969592676));
#17780=CARTESIAN_POINT('',(0.0508,0.03175,0.0637732969592676));
#17781=CARTESIAN_POINT('',(0.0508,0.03175,0.290073296959267));
#17782=CARTESIAN_POINT('',(0.,0.,0.));
#17783=CARTESIAN_POINT('',(-0.17078844769001,0.03175,0.130973296959268));
#17784=CARTESIAN_POINT('',(-0.17078844769001,0.03175,0.130973296959268));
#17785=CARTESIAN_POINT('',(-0.146910010137377,0.03175,0.130973296959268));
#17786=CARTESIAN_POINT('',(-0.17078844769001,0.03175,0.126973296959268));
#17787=CARTESIAN_POINT('',(-0.146910010137377,0.03175,0.126973296959268));
#17788=CARTESIAN_POINT('',(-0.17078844769001,0.03175,0.130973296959268));
#17789=CARTESIAN_POINT('',(-0.17078844769001,0.03175,0.128973296959268));
#17790=CARTESIAN_POINT('',(-0.142900790783688,0.03175,0.128973296959268));
#17791=CARTESIAN_POINT('',(-0.17078844769001,0.03175,0.126973296959268));
#17792=CARTESIAN_POINT('',(-0.142900790783688,0.03175,0.126973296959268));
#17793=CARTESIAN_POINT('',(-0.17078844769001,0.03175,0.130973296959268));
#17794=CARTESIAN_POINT('',(-0.17078844769001,0.03175,0.130973296959268));
#17795=CARTESIAN_POINT('',(-0.144900790783688,0.03175,0.130973296959268));
#17796=CARTESIAN_POINT('',(-0.17078844769001,0.03175,0.126973296959268));
#17797=CARTESIAN_POINT('',(-0.17078844769001,0.03175,0.130973296959268));
#17798=CARTESIAN_POINT('',(0.,0.,0.));
#17799=CARTESIAN_POINT('',(-0.13462,0.03175,-0.0747867030407324));
#17800=CARTESIAN_POINT('',(-0.0909412653116466,0.0325749899148941,-0.0747867030407324));
#17801=CARTESIAN_POINT('',(-0.0909412653116466,0.0950749899148941,-0.0747867030407324));
#17802=CARTESIAN_POINT('',(-0.0909412653116466,-0.0299250100851059,-0.0747867030407324));
#17803=CARTESIAN_POINT('',(-0.102641265311647,0.0950749899148941,-0.0747867030407324));
#17804=CARTESIAN_POINT('',(-0.114341265311647,0.0950749899148941,-0.0747867030407324));
#17805=CARTESIAN_POINT('',(-0.114341265311647,0.0325749899148941,-0.0747867030407324));
#17806=CARTESIAN_POINT('',(-0.114341265311647,-0.0299250100851059,-0.0747867030407324));
#17807=CARTESIAN_POINT('',(-0.102641265311647,-0.0299250100851059,-0.0747867030407324));
#17808=CARTESIAN_POINT('',(-0.111429010423837,0.03175,-0.0747867030407324));
#17809=CARTESIAN_POINT('',(-0.111429010423837,0.087085048058629,-0.0747867030407324));
#17810=CARTESIAN_POINT('',(-0.111429010423837,0.0770524799317121,-0.0747867030407324));
#17811=CARTESIAN_POINT('',(-0.109849718213081,0.087085048058629,-0.0747867030407324));
#17812=CARTESIAN_POINT('',(-0.108270426002325,0.087085048058629,-0.0747867030407324));
#17813=CARTESIAN_POINT('',(-0.108270426002325,0.03175,-0.0747867030407324));
#17814=CARTESIAN_POINT('',(-0.108270426002325,0.0770524799317121,-0.0747867030407324));
#17815=CARTESIAN_POINT('',(-0.109849718213081,0.0770524799317121,-0.0747867030407324));
#17816=CARTESIAN_POINT('',(-0.104270426002325,0.03175,-0.0747867030407324));
#17817=CARTESIAN_POINT('',(-0.104270426002325,0.087085048058629,-0.0747867030407324));
#17818=CARTESIAN_POINT('',(-0.104270426002325,0.0770524799317121,-0.0747867030407324));
#17819=CARTESIAN_POINT('',(-0.102691133791569,0.087085048058629,-0.0747867030407324));
#17820=CARTESIAN_POINT('',(-0.101111841580813,0.087085048058629,-0.0747867030407324));
#17821=CARTESIAN_POINT('',(-0.101111841580813,0.03175,-0.0747867030407324));
#17822=CARTESIAN_POINT('',(-0.101111841580813,0.0770524799317121,-0.0747867030407324));
#17823=CARTESIAN_POINT('',(-0.102691133791569,0.0770524799317121,-0.0747867030407324));
#17824=CARTESIAN_POINT('',(-0.097511841580813,0.03175,-0.0747867030407324));
#17825=CARTESIAN_POINT('',(-0.097511841580813,0.087085048058629,-0.0747867030407324));
#17826=CARTESIAN_POINT('',(-0.097511841580813,0.0770524799317121,-0.0747867030407324));
#17827=CARTESIAN_POINT('',(-0.0959325493700569,0.087085048058629,-0.0747867030407324));
#17828=CARTESIAN_POINT('',(-0.0943532571593008,0.087085048058629,-0.0747867030407324));
#17829=CARTESIAN_POINT('',(-0.0943532571593008,0.03175,-0.0747867030407324));
#17830=CARTESIAN_POINT('',(-0.0943532571593008,0.0770524799317121,-0.0747867030407324));
#17831=CARTESIAN_POINT('',(-0.0959325493700569,0.0770524799317121,-0.0747867030407324));
#17832=CARTESIAN_POINT('',(-0.111429010423837,0.03175,-0.0747867030407324));
#17833=CARTESIAN_POINT('',(-0.111429010423837,0.0706460812419653,-0.0747867030407324));
#17834=CARTESIAN_POINT('',(-0.111429010423837,0.0606135131150484,-0.0747867030407324));
#17835=CARTESIAN_POINT('',(-0.109849718213081,0.0706460812419653,-0.0747867030407324));
#17836=CARTESIAN_POINT('',(-0.108270426002325,0.0706460812419653,-0.0747867030407324));
#17837=CARTESIAN_POINT('',(-0.108270426002325,0.03175,-0.0747867030407324));
#17838=CARTESIAN_POINT('',(-0.108270426002325,0.0606135131150484,-0.0747867030407324));
#17839=CARTESIAN_POINT('',(-0.109849718213081,0.0606135131150484,-0.0747867030407324));
#17840=CARTESIAN_POINT('',(-0.104270426002325,0.03175,-0.0747867030407324));
#17841=CARTESIAN_POINT('',(-0.104270426002325,0.0706460812419653,-0.0747867030407324));
#17842=CARTESIAN_POINT('',(-0.104270426002325,0.0606135131150484,-0.0747867030407324));
#17843=CARTESIAN_POINT('',(-0.102691133791569,0.0706460812419653,-0.0747867030407324));
#17844=CARTESIAN_POINT('',(-0.101111841580813,0.0706460812419653,-0.0747867030407324));
#17845=CARTESIAN_POINT('',(-0.101111841580813,0.03175,-0.0747867030407324));
#17846=CARTESIAN_POINT('',(-0.101111841580813,0.0606135131150484,-0.0747867030407324));
#17847=CARTESIAN_POINT('',(-0.102691133791569,0.0606135131150484,-0.0747867030407324));
#17848=CARTESIAN_POINT('',(-0.097511841580813,0.03175,-0.0747867030407324));
#17849=CARTESIAN_POINT('',(-0.097511841580813,0.0706460812419653,-0.0747867030407324));
#17850=CARTESIAN_POINT('',(-0.097511841580813,0.0606135131150484,-0.0747867030407324));
#17851=CARTESIAN_POINT('',(-0.0959325493700569,0.0706460812419653,-0.0747867030407324));
#17852=CARTESIAN_POINT('',(-0.0943532571593008,0.0706460812419653,-0.0747867030407324));
#17853=CARTESIAN_POINT('',(-0.0943532571593008,0.03175,-0.0747867030407324));
#17854=CARTESIAN_POINT('',(-0.0943532571593008,0.0606135131150484,-0.0747867030407324));
#17855=CARTESIAN_POINT('',(-0.0959325493700569,0.0606135131150484,-0.0747867030407324));
#17856=CARTESIAN_POINT('',(-0.11152599487386,0.03175,-0.0747867030407324));
#17857=CARTESIAN_POINT('',(-0.11152599487386,0.0546215349435806,-0.0747867030407324));
#17858=CARTESIAN_POINT('',(-0.11152599487386,0.0445889668166637,-0.0747867030407324));
#17859=CARTESIAN_POINT('',(-0.109946702663104,0.0546215349435806,-0.0747867030407324));
#17860=CARTESIAN_POINT('',(-0.108367410452348,0.0546215349435806,-0.0747867030407324));
#17861=CARTESIAN_POINT('',(-0.108367410452348,0.03175,-0.0747867030407324));
#17862=CARTESIAN_POINT('',(-0.108367410452348,0.0445889668166637,-0.0747867030407324));
#17863=CARTESIAN_POINT('',(-0.109946702663104,0.0445889668166637,-0.0747867030407324));
#17864=CARTESIAN_POINT('',(-0.104367410452348,0.03175,-0.0747867030407324));
#17865=CARTESIAN_POINT('',(-0.104367410452348,0.0546215349435806,-0.0747867030407324));
#17866=CARTESIAN_POINT('',(-0.104367410452348,0.0445889668166637,-0.0747867030407324));
#17867=CARTESIAN_POINT('',(-0.102788118241591,0.0546215349435806,-0.0747867030407324));
#17868=CARTESIAN_POINT('',(-0.101208826030835,0.0546215349435806,-0.0747867030407324));
#17869=CARTESIAN_POINT('',(-0.101208826030835,0.03175,-0.0747867030407324));
#17870=CARTESIAN_POINT('',(-0.101208826030835,0.0445889668166637,-0.0747867030407324));
#17871=CARTESIAN_POINT('',(-0.102788118241591,0.0445889668166637,-0.0747867030407324));
#17872=CARTESIAN_POINT('',(-0.0976088260308354,0.03175,-0.0747867030407324));
#17873=CARTESIAN_POINT('',(-0.0976088260308354,0.0546215349435806,-0.0747867030407324));
#17874=CARTESIAN_POINT('',(-0.0976088260308354,0.0445889668166637,-0.0747867030407324));
#17875=CARTESIAN_POINT('',(-0.0960295338200793,0.0546215349435806,-0.0747867030407324));
#17876=CARTESIAN_POINT('',(-0.0944502416093232,0.0546215349435806,-0.0747867030407324));
#17877=CARTESIAN_POINT('',(-0.0944502416093232,0.03175,-0.0747867030407324));
#17878=CARTESIAN_POINT('',(-0.0944502416093232,0.0445889668166637,-0.0747867030407324));
#17879=CARTESIAN_POINT('',(-0.0960295338200793,0.0445889668166637,-0.0747867030407324));
#17880=CARTESIAN_POINT('',(-0.11152599487386,0.03175,-0.0747867030407324));
#17881=CARTESIAN_POINT('',(-0.11152599487386,0.0381825681269169,-0.0747867030407324));
#17882=CARTESIAN_POINT('',(-0.11152599487386,0.02815,-0.0747867030407324));
#17883=CARTESIAN_POINT('',(-0.109946702663104,0.0381825681269169,-0.0747867030407324));
#17884=CARTESIAN_POINT('',(-0.108367410452348,0.0381825681269169,-0.0747867030407324));
#17885=CARTESIAN_POINT('',(-0.108367410452348,0.03175,-0.0747867030407324));
#17886=CARTESIAN_POINT('',(-0.108367410452348,0.02815,-0.0747867030407324));
#17887=CARTESIAN_POINT('',(-0.109946702663104,0.02815,-0.0747867030407324));
#17888=CARTESIAN_POINT('',(-0.104367410452348,0.03175,-0.0747867030407324));
#17889=CARTESIAN_POINT('',(-0.104367410452348,0.0381825681269169,-0.0747867030407324));
#17890=CARTESIAN_POINT('',(-0.104367410452348,0.02815,-0.0747867030407324));
#17891=CARTESIAN_POINT('',(-0.102788118241591,0.0381825681269169,-0.0747867030407324));
#17892=CARTESIAN_POINT('',(-0.101208826030835,0.0381825681269169,-0.0747867030407324));
#17893=CARTESIAN_POINT('',(-0.101208826030835,0.03175,-0.0747867030407324));
#17894=CARTESIAN_POINT('',(-0.101208826030835,0.02815,-0.0747867030407324));
#17895=CARTESIAN_POINT('',(-0.102788118241591,0.02815,-0.0747867030407324));
#17896=CARTESIAN_POINT('',(-0.0976088260308354,0.03175,-0.0747867030407324));
#17897=CARTESIAN_POINT('',(-0.0976088260308354,0.0381825681269169,-0.0747867030407324));
#17898=CARTESIAN_POINT('',(-0.0976088260308354,0.02815,-0.0747867030407324));
#17899=CARTESIAN_POINT('',(-0.0960295338200793,0.0381825681269169,-0.0747867030407324));
#17900=CARTESIAN_POINT('',(-0.0944502416093232,0.0381825681269169,-0.0747867030407324));
#17901=CARTESIAN_POINT('',(-0.0944502416093232,0.03175,-0.0747867030407324));
#17902=CARTESIAN_POINT('',(-0.0944502416093232,0.02815,-0.0747867030407324));
#17903=CARTESIAN_POINT('',(-0.0960295338200793,0.02815,-0.0747867030407324));
#17904=CARTESIAN_POINT('',(-0.111332025973815,0.03175,-0.0747867030407324));
#17905=CARTESIAN_POINT('',(-0.111332025973815,0.0218100379735231,-0.0747867030407324));
#17906=CARTESIAN_POINT('',(-0.111332025973815,0.0117774698466062,-0.0747867030407324));
#17907=CARTESIAN_POINT('',(-0.109752733763059,0.0218100379735231,-0.0747867030407324));
#17908=CARTESIAN_POINT('',(-0.108173441552303,0.0218100379735231,-0.0747867030407324));
#17909=CARTESIAN_POINT('',(-0.108173441552303,0.03175,-0.0747867030407324));
#17910=CARTESIAN_POINT('',(-0.108173441552303,0.0117774698466062,-0.0747867030407324));
#17911=CARTESIAN_POINT('',(-0.109752733763059,0.0117774698466062,-0.0747867030407324));
#17912=CARTESIAN_POINT('',(-0.104173441552303,0.03175,-0.0747867030407324));
#17913=CARTESIAN_POINT('',(-0.104173441552303,0.0218100379735231,-0.0747867030407324));
#17914=CARTESIAN_POINT('',(-0.104173441552303,0.0117774698466062,-0.0747867030407324));
#17915=CARTESIAN_POINT('',(-0.102594149341547,0.0218100379735231,-0.0747867030407324));
#17916=CARTESIAN_POINT('',(-0.101014857130791,0.0218100379735231,-0.0747867030407324));
#17917=CARTESIAN_POINT('',(-0.101014857130791,0.03175,-0.0747867030407324));
#17918=CARTESIAN_POINT('',(-0.101014857130791,0.0117774698466062,-0.0747867030407324));
#17919=CARTESIAN_POINT('',(-0.102594149341547,0.0117774698466062,-0.0747867030407324));
#17920=CARTESIAN_POINT('',(-0.0974148571307905,0.03175,-0.0747867030407324));
#17921=CARTESIAN_POINT('',(-0.0974148571307905,0.0218100379735231,-0.0747867030407324));
#17922=CARTESIAN_POINT('',(-0.0974148571307905,0.0117774698466062,-0.0747867030407324));
#17923=CARTESIAN_POINT('',(-0.0958355649200344,0.0218100379735231,-0.0747867030407324));
#17924=CARTESIAN_POINT('',(-0.0942562727092784,0.0218100379735231,-0.0747867030407324));
#17925=CARTESIAN_POINT('',(-0.0942562727092784,0.03175,-0.0747867030407324));
#17926=CARTESIAN_POINT('',(-0.0942562727092784,0.0117774698466062,-0.0747867030407324));
#17927=CARTESIAN_POINT('',(-0.0958355649200344,0.0117774698466062,-0.0747867030407324));
#17928=CARTESIAN_POINT('',(-0.111332025973815,0.03175,-0.0747867030407324));
#17929=CARTESIAN_POINT('',(-0.111332025973815,0.00537107115685941,-0.0747867030407324));
#17930=CARTESIAN_POINT('',(-0.111332025973815,-0.00466149697005748,-0.0747867030407324));
#17931=CARTESIAN_POINT('',(-0.109752733763059,0.00537107115685941,-0.0747867030407324));
#17932=CARTESIAN_POINT('',(-0.108173441552303,0.00537107115685941,-0.0747867030407324));
#17933=CARTESIAN_POINT('',(-0.108173441552303,0.03175,-0.0747867030407324));
#17934=CARTESIAN_POINT('',(-0.108173441552303,-0.00466149697005748,-0.0747867030407324));
#17935=CARTESIAN_POINT('',(-0.109752733763059,-0.00466149697005748,-0.0747867030407324));
#17936=CARTESIAN_POINT('',(-0.104173441552303,0.03175,-0.0747867030407324));
#17937=CARTESIAN_POINT('',(-0.104173441552303,0.00537107115685941,-0.0747867030407324));
#17938=CARTESIAN_POINT('',(-0.104173441552303,-0.00466149697005748,-0.0747867030407324));
#17939=CARTESIAN_POINT('',(-0.102594149341547,0.00537107115685941,-0.0747867030407324));
#17940=CARTESIAN_POINT('',(-0.101014857130791,0.00537107115685941,-0.0747867030407324));
#17941=CARTESIAN_POINT('',(-0.101014857130791,0.03175,-0.0747867030407324));
#17942=CARTESIAN_POINT('',(-0.101014857130791,-0.00466149697005748,-0.0747867030407324));
#17943=CARTESIAN_POINT('',(-0.102594149341547,-0.00466149697005748,-0.0747867030407324));
#17944=CARTESIAN_POINT('',(-0.0974148571307905,0.03175,-0.0747867030407324));
#17945=CARTESIAN_POINT('',(-0.0974148571307905,0.00537107115685941,-0.0747867030407324));
#17946=CARTESIAN_POINT('',(-0.0974148571307905,-0.00466149697005748,-0.0747867030407324));
#17947=CARTESIAN_POINT('',(-0.0958355649200344,0.00537107115685941,-0.0747867030407324));
#17948=CARTESIAN_POINT('',(-0.0942562727092784,0.00537107115685941,-0.0747867030407324));
#17949=CARTESIAN_POINT('',(-0.0942562727092784,0.03175,-0.0747867030407324));
#17950=CARTESIAN_POINT('',(-0.0942562727092784,-0.00466149697005748,-0.0747867030407324));
#17951=CARTESIAN_POINT('',(-0.0958355649200344,-0.00466149697005748,-0.0747867030407324));
#17952=CARTESIAN_POINT('',(-0.111429010423837,0.03175,-0.0747867030407324));
#17953=CARTESIAN_POINT('',(-0.111429010423837,-0.0106534751415253,-0.0747867030407324));
#17954=CARTESIAN_POINT('',(-0.111429010423837,-0.0206860432684421,-0.0747867030407324));
#17955=CARTESIAN_POINT('',(-0.109849718213081,-0.0106534751415253,-0.0747867030407324));
#17956=CARTESIAN_POINT('',(-0.108270426002325,-0.0106534751415253,-0.0747867030407324));
#17957=CARTESIAN_POINT('',(-0.108270426002325,0.03175,-0.0747867030407324));
#17958=CARTESIAN_POINT('',(-0.108270426002325,-0.0206860432684421,-0.0747867030407324));
#17959=CARTESIAN_POINT('',(-0.109849718213081,-0.0206860432684421,-0.0747867030407324));
#17960=CARTESIAN_POINT('',(-0.104270426002325,0.03175,-0.0747867030407324));
#17961=CARTESIAN_POINT('',(-0.104270426002325,-0.0106534751415253,-0.0747867030407324));
#17962=CARTESIAN_POINT('',(-0.104270426002325,-0.0206860432684421,-0.0747867030407324));
#17963=CARTESIAN_POINT('',(-0.102691133791569,-0.0106534751415253,-0.0747867030407324));
#17964=CARTESIAN_POINT('',(-0.101111841580813,-0.0106534751415253,-0.0747867030407324));
#17965=CARTESIAN_POINT('',(-0.101111841580813,0.03175,-0.0747867030407324));
#17966=CARTESIAN_POINT('',(-0.101111841580813,-0.0206860432684421,-0.0747867030407324));
#17967=CARTESIAN_POINT('',(-0.102691133791569,-0.0206860432684421,-0.0747867030407324));
#17968=CARTESIAN_POINT('',(-0.097511841580813,0.03175,-0.0747867030407324));
#17969=CARTESIAN_POINT('',(-0.097511841580813,-0.0106534751415253,-0.0747867030407324));
#17970=CARTESIAN_POINT('',(-0.097511841580813,-0.0206860432684421,-0.0747867030407324));
#17971=CARTESIAN_POINT('',(-0.0959325493700569,-0.0106534751415253,-0.0747867030407324));
#17972=CARTESIAN_POINT('',(-0.0943532571593008,-0.0106534751415253,-0.0747867030407324));
#17973=CARTESIAN_POINT('',(-0.0943532571593008,0.03175,-0.0747867030407324));
#17974=CARTESIAN_POINT('',(-0.0943532571593008,-0.0206860432684421,-0.0747867030407324));
#17975=CARTESIAN_POINT('',(-0.0959325493700569,-0.0206860432684421,-0.0747867030407324));
#17976=CARTESIAN_POINT('',(-0.13462,0.03175,-0.0787867030407324));
#17977=CARTESIAN_POINT('',(-0.102691133791569,-0.0206860432684421,-0.0787867030407324));
#17978=CARTESIAN_POINT('',(-0.104270426002325,-0.0206860432684421,-0.0787867030407324));
#17979=CARTESIAN_POINT('',(-0.101111841580813,-0.0206860432684421,-0.0787867030407324));
#17980=CARTESIAN_POINT('',(-0.101111841580813,-0.0156697592049838,-0.0787867030407324));
#17981=CARTESIAN_POINT('',(-0.101111841580813,-0.0106534751415253,-0.0787867030407324));
#17982=CARTESIAN_POINT('',(-0.102691133791569,-0.0106534751415253,-0.0787867030407324));
#17983=CARTESIAN_POINT('',(-0.104270426002325,-0.0106534751415253,-0.0787867030407324));
#17984=CARTESIAN_POINT('',(-0.104270426002325,-0.0156697592049838,-0.0787867030407324));
#17985=CARTESIAN_POINT('',(-0.0958355649200344,-0.00466149697005748,-0.0787867030407324));
#17986=CARTESIAN_POINT('',(-0.0974148571307905,-0.00466149697005748,-0.0787867030407324));
#17987=CARTESIAN_POINT('',(-0.0942562727092784,-0.00466149697005748,-0.0787867030407324));
#17988=CARTESIAN_POINT('',(-0.0942562727092784,0.000354787093400963,-0.0787867030407324));
#17989=CARTESIAN_POINT('',(-0.0942562727092784,0.00537107115685941,-0.0787867030407324));
#17990=CARTESIAN_POINT('',(-0.0958355649200344,0.00537107115685941,-0.0787867030407324));
#17991=CARTESIAN_POINT('',(-0.0974148571307905,0.00537107115685941,-0.0787867030407324));
#17992=CARTESIAN_POINT('',(-0.0974148571307905,0.000354787093400963,-0.0787867030407324));
#17993=CARTESIAN_POINT('',(-0.109752733763059,-0.00466149697005748,-0.0787867030407324));
#17994=CARTESIAN_POINT('',(-0.111332025973815,-0.00466149697005748,-0.0787867030407324));
#17995=CARTESIAN_POINT('',(-0.108173441552303,-0.00466149697005748,-0.0787867030407324));
#17996=CARTESIAN_POINT('',(-0.108173441552303,0.000354787093400963,-0.0787867030407324));
#17997=CARTESIAN_POINT('',(-0.108173441552303,0.00537107115685941,-0.0787867030407324));
#17998=CARTESIAN_POINT('',(-0.109752733763059,0.00537107115685941,-0.0787867030407324));
#17999=CARTESIAN_POINT('',(-0.111332025973815,0.00537107115685941,-0.0787867030407324));
#18000=CARTESIAN_POINT('',(-0.111332025973815,0.000354787093400963,-0.0787867030407324));
#18001=CARTESIAN_POINT('',(-0.102594149341547,0.0117774698466062,-0.0787867030407324));
#18002=CARTESIAN_POINT('',(-0.104173441552303,0.0117774698466062,-0.0787867030407324));
#18003=CARTESIAN_POINT('',(-0.101014857130791,0.0117774698466062,-0.0787867030407324));
#18004=CARTESIAN_POINT('',(-0.101014857130791,0.0167937539100647,-0.0787867030407324));
#18005=CARTESIAN_POINT('',(-0.101014857130791,0.0218100379735231,-0.0787867030407324));
#18006=CARTESIAN_POINT('',(-0.102594149341547,0.0218100379735231,-0.0787867030407324));
#18007=CARTESIAN_POINT('',(-0.104173441552303,0.0218100379735231,-0.0787867030407324));
#18008=CARTESIAN_POINT('',(-0.104173441552303,0.0167937539100647,-0.0787867030407324));
#18009=CARTESIAN_POINT('',(-0.0960295338200793,0.02815,-0.0787867030407324));
#18010=CARTESIAN_POINT('',(-0.0976088260308354,0.02815,-0.0787867030407324));
#18011=CARTESIAN_POINT('',(-0.0944502416093232,0.02815,-0.0787867030407324));
#18012=CARTESIAN_POINT('',(-0.0944502416093232,0.0331662840634584,-0.0787867030407324));
#18013=CARTESIAN_POINT('',(-0.0944502416093232,0.0381825681269169,-0.0787867030407324));
#18014=CARTESIAN_POINT('',(-0.0960295338200793,0.0381825681269169,-0.0787867030407324));
#18015=CARTESIAN_POINT('',(-0.0976088260308354,0.0381825681269169,-0.0787867030407324));
#18016=CARTESIAN_POINT('',(-0.0976088260308354,0.0331662840634584,-0.0787867030407324));
#18017=CARTESIAN_POINT('',(-0.109946702663104,0.02815,-0.0787867030407324));
#18018=CARTESIAN_POINT('',(-0.11152599487386,0.02815,-0.0787867030407324));
#18019=CARTESIAN_POINT('',(-0.108367410452348,0.02815,-0.0787867030407324));
#18020=CARTESIAN_POINT('',(-0.108367410452348,0.0331662840634584,-0.0787867030407324));
#18021=CARTESIAN_POINT('',(-0.108367410452348,0.0381825681269169,-0.0787867030407324));
#18022=CARTESIAN_POINT('',(-0.109946702663104,0.0381825681269169,-0.0787867030407324));
#18023=CARTESIAN_POINT('',(-0.11152599487386,0.0381825681269169,-0.0787867030407324));
#18024=CARTESIAN_POINT('',(-0.11152599487386,0.0331662840634584,-0.0787867030407324));
#18025=CARTESIAN_POINT('',(-0.102788118241591,0.0445889668166637,-0.0787867030407324));
#18026=CARTESIAN_POINT('',(-0.104367410452348,0.0445889668166637,-0.0787867030407324));
#18027=CARTESIAN_POINT('',(-0.101208826030835,0.0445889668166637,-0.0787867030407324));
#18028=CARTESIAN_POINT('',(-0.101208826030835,0.0496052508801222,-0.0787867030407324));
#18029=CARTESIAN_POINT('',(-0.101208826030835,0.0546215349435806,-0.0787867030407324));
#18030=CARTESIAN_POINT('',(-0.102788118241591,0.0546215349435806,-0.0787867030407324));
#18031=CARTESIAN_POINT('',(-0.104367410452348,0.0546215349435806,-0.0787867030407324));
#18032=CARTESIAN_POINT('',(-0.104367410452348,0.0496052508801222,-0.0787867030407324));
#18033=CARTESIAN_POINT('',(-0.0959325493700569,0.0606135131150484,-0.0787867030407324));
#18034=CARTESIAN_POINT('',(-0.097511841580813,0.0606135131150484,-0.0787867030407324));
#18035=CARTESIAN_POINT('',(-0.0943532571593008,0.0606135131150484,-0.0787867030407324));
#18036=CARTESIAN_POINT('',(-0.0943532571593008,0.0656297971785069,-0.0787867030407324));
#18037=CARTESIAN_POINT('',(-0.0943532571593008,0.0706460812419653,-0.0787867030407324));
#18038=CARTESIAN_POINT('',(-0.0959325493700569,0.0706460812419653,-0.0787867030407324));
#18039=CARTESIAN_POINT('',(-0.097511841580813,0.0706460812419653,-0.0787867030407324));
#18040=CARTESIAN_POINT('',(-0.097511841580813,0.0656297971785069,-0.0787867030407324));
#18041=CARTESIAN_POINT('',(-0.109849718213081,0.0606135131150484,-0.0787867030407324));
#18042=CARTESIAN_POINT('',(-0.111429010423837,0.0606135131150484,-0.0787867030407324));
#18043=CARTESIAN_POINT('',(-0.108270426002325,0.0606135131150484,-0.0787867030407324));
#18044=CARTESIAN_POINT('',(-0.108270426002325,0.0656297971785069,-0.0787867030407324));
#18045=CARTESIAN_POINT('',(-0.108270426002325,0.0706460812419653,-0.0787867030407324));
#18046=CARTESIAN_POINT('',(-0.109849718213081,0.0706460812419653,-0.0787867030407324));
#18047=CARTESIAN_POINT('',(-0.111429010423837,0.0706460812419653,-0.0787867030407324));
#18048=CARTESIAN_POINT('',(-0.111429010423837,0.0656297971785069,-0.0787867030407324));
#18049=CARTESIAN_POINT('',(-0.102691133791569,0.0770524799317121,-0.0787867030407324));
#18050=CARTESIAN_POINT('',(-0.104270426002325,0.0770524799317121,-0.0787867030407324));
#18051=CARTESIAN_POINT('',(-0.101111841580813,0.0770524799317121,-0.0787867030407324));
#18052=CARTESIAN_POINT('',(-0.101111841580813,0.0820687639951706,-0.0787867030407324));
#18053=CARTESIAN_POINT('',(-0.101111841580813,0.087085048058629,-0.0787867030407324));
#18054=CARTESIAN_POINT('',(-0.102691133791569,0.087085048058629,-0.0787867030407324));
#18055=CARTESIAN_POINT('',(-0.104270426002325,0.087085048058629,-0.0787867030407324));
#18056=CARTESIAN_POINT('',(-0.104270426002325,0.0820687639951706,-0.0787867030407324));
#18057=CARTESIAN_POINT('',(-0.0909412653116466,0.0325749899148941,-0.0787867030407324));
#18058=CARTESIAN_POINT('',(-0.0909412653116466,0.0950749899148941,-0.0787867030407324));
#18059=CARTESIAN_POINT('',(-0.0909412653116466,-0.0299250100851059,-0.0787867030407324));
#18060=CARTESIAN_POINT('',(-0.102641265311647,-0.0299250100851059,-0.0787867030407324));
#18061=CARTESIAN_POINT('',(-0.114341265311647,-0.0299250100851059,-0.0787867030407324));
#18062=CARTESIAN_POINT('',(-0.114341265311647,0.0325749899148941,-0.0787867030407324));
#18063=CARTESIAN_POINT('',(-0.114341265311647,0.0950749899148941,-0.0787867030407324));
#18064=CARTESIAN_POINT('',(-0.102641265311647,0.0950749899148941,-0.0787867030407324));
#18065=CARTESIAN_POINT('',(-0.109849718213081,0.0770524799317121,-0.0787867030407324));
#18066=CARTESIAN_POINT('',(-0.111429010423837,0.0770524799317121,-0.0787867030407324));
#18067=CARTESIAN_POINT('',(-0.108270426002325,0.0770524799317121,-0.0787867030407324));
#18068=CARTESIAN_POINT('',(-0.108270426002325,0.0820687639951706,-0.0787867030407324));
#18069=CARTESIAN_POINT('',(-0.108270426002325,0.087085048058629,-0.0787867030407324));
#18070=CARTESIAN_POINT('',(-0.109849718213081,0.087085048058629,-0.0787867030407324));
#18071=CARTESIAN_POINT('',(-0.111429010423837,0.087085048058629,-0.0787867030407324));
#18072=CARTESIAN_POINT('',(-0.111429010423837,0.0820687639951706,-0.0787867030407324));
#18073=CARTESIAN_POINT('',(-0.0959325493700569,0.0770524799317121,-0.0787867030407324));
#18074=CARTESIAN_POINT('',(-0.097511841580813,0.0770524799317121,-0.0787867030407324));
#18075=CARTESIAN_POINT('',(-0.0943532571593008,0.0770524799317121,-0.0787867030407324));
#18076=CARTESIAN_POINT('',(-0.0943532571593008,0.0820687639951706,-0.0787867030407324));
#18077=CARTESIAN_POINT('',(-0.0943532571593008,0.087085048058629,-0.0787867030407324));
#18078=CARTESIAN_POINT('',(-0.0959325493700569,0.087085048058629,-0.0787867030407324));
#18079=CARTESIAN_POINT('',(-0.097511841580813,0.087085048058629,-0.0787867030407324));
#18080=CARTESIAN_POINT('',(-0.097511841580813,0.0820687639951706,-0.0787867030407324));
#18081=CARTESIAN_POINT('',(-0.102691133791569,0.0606135131150484,-0.0787867030407324));
#18082=CARTESIAN_POINT('',(-0.104270426002325,0.0606135131150484,-0.0787867030407324));
#18083=CARTESIAN_POINT('',(-0.101111841580813,0.0606135131150484,-0.0787867030407324));
#18084=CARTESIAN_POINT('',(-0.101111841580813,0.0656297971785069,-0.0787867030407324));
#18085=CARTESIAN_POINT('',(-0.101111841580813,0.0706460812419653,-0.0787867030407324));
#18086=CARTESIAN_POINT('',(-0.102691133791569,0.0706460812419653,-0.0787867030407324));
#18087=CARTESIAN_POINT('',(-0.104270426002325,0.0706460812419653,-0.0787867030407324));
#18088=CARTESIAN_POINT('',(-0.104270426002325,0.0656297971785069,-0.0787867030407324));
#18089=CARTESIAN_POINT('',(-0.109946702663104,0.0445889668166637,-0.0787867030407324));
#18090=CARTESIAN_POINT('',(-0.11152599487386,0.0445889668166637,-0.0787867030407324));
#18091=CARTESIAN_POINT('',(-0.108367410452348,0.0445889668166637,-0.0787867030407324));
#18092=CARTESIAN_POINT('',(-0.108367410452348,0.0496052508801222,-0.0787867030407324));
#18093=CARTESIAN_POINT('',(-0.108367410452348,0.0546215349435806,-0.0787867030407324));
#18094=CARTESIAN_POINT('',(-0.109946702663104,0.0546215349435806,-0.0787867030407324));
#18095=CARTESIAN_POINT('',(-0.11152599487386,0.0546215349435806,-0.0787867030407324));
#18096=CARTESIAN_POINT('',(-0.11152599487386,0.0496052508801222,-0.0787867030407324));
#18097=CARTESIAN_POINT('',(-0.0960295338200793,0.0445889668166637,-0.0787867030407324));
#18098=CARTESIAN_POINT('',(-0.0976088260308354,0.0445889668166637,-0.0787867030407324));
#18099=CARTESIAN_POINT('',(-0.0944502416093232,0.0445889668166637,-0.0787867030407324));
#18100=CARTESIAN_POINT('',(-0.0944502416093232,0.0496052508801222,-0.0787867030407324));
#18101=CARTESIAN_POINT('',(-0.0944502416093232,0.0546215349435806,-0.0787867030407324));
#18102=CARTESIAN_POINT('',(-0.0960295338200793,0.0546215349435806,-0.0787867030407324));
#18103=CARTESIAN_POINT('',(-0.0976088260308354,0.0546215349435806,-0.0787867030407324));
#18104=CARTESIAN_POINT('',(-0.0976088260308354,0.0496052508801222,-0.0787867030407324));
#18105=CARTESIAN_POINT('',(-0.102788118241591,0.02815,-0.0787867030407324));
#18106=CARTESIAN_POINT('',(-0.104367410452348,0.02815,-0.0787867030407324));
#18107=CARTESIAN_POINT('',(-0.101208826030835,0.02815,-0.0787867030407324));
#18108=CARTESIAN_POINT('',(-0.101208826030835,0.0331662840634584,-0.0787867030407324));
#18109=CARTESIAN_POINT('',(-0.101208826030835,0.0381825681269169,-0.0787867030407324));
#18110=CARTESIAN_POINT('',(-0.102788118241591,0.0381825681269169,-0.0787867030407324));
#18111=CARTESIAN_POINT('',(-0.104367410452348,0.0381825681269169,-0.0787867030407324));
#18112=CARTESIAN_POINT('',(-0.104367410452348,0.0331662840634584,-0.0787867030407324));
#18113=CARTESIAN_POINT('',(-0.109752733763059,0.0117774698466062,-0.0787867030407324));
#18114=CARTESIAN_POINT('',(-0.111332025973815,0.0117774698466062,-0.0787867030407324));
#18115=CARTESIAN_POINT('',(-0.108173441552303,0.0117774698466062,-0.0787867030407324));
#18116=CARTESIAN_POINT('',(-0.108173441552303,0.0167937539100647,-0.0787867030407324));
#18117=CARTESIAN_POINT('',(-0.108173441552303,0.0218100379735231,-0.0787867030407324));
#18118=CARTESIAN_POINT('',(-0.109752733763059,0.0218100379735231,-0.0787867030407324));
#18119=CARTESIAN_POINT('',(-0.111332025973815,0.0218100379735231,-0.0787867030407324));
#18120=CARTESIAN_POINT('',(-0.111332025973815,0.0167937539100647,-0.0787867030407324));
#18121=CARTESIAN_POINT('',(-0.0958355649200344,0.0117774698466062,-0.0787867030407324));
#18122=CARTESIAN_POINT('',(-0.0974148571307905,0.0117774698466062,-0.0787867030407324));
#18123=CARTESIAN_POINT('',(-0.0942562727092784,0.0117774698466062,-0.0787867030407324));
#18124=CARTESIAN_POINT('',(-0.0942562727092784,0.0167937539100647,-0.0787867030407324));
#18125=CARTESIAN_POINT('',(-0.0942562727092784,0.0218100379735231,-0.0787867030407324));
#18126=CARTESIAN_POINT('',(-0.0958355649200344,0.0218100379735231,-0.0787867030407324));
#18127=CARTESIAN_POINT('',(-0.0974148571307905,0.0218100379735231,-0.0787867030407324));
#18128=CARTESIAN_POINT('',(-0.0974148571307905,0.0167937539100647,-0.0787867030407324));
#18129=CARTESIAN_POINT('',(-0.102594149341547,-0.00466149697005748,-0.0787867030407324));
#18130=CARTESIAN_POINT('',(-0.104173441552303,-0.00466149697005748,-0.0787867030407324));
#18131=CARTESIAN_POINT('',(-0.101014857130791,-0.00466149697005748,-0.0787867030407324));
#18132=CARTESIAN_POINT('',(-0.101014857130791,0.000354787093400963,-0.0787867030407324));
#18133=CARTESIAN_POINT('',(-0.101014857130791,0.00537107115685941,-0.0787867030407324));
#18134=CARTESIAN_POINT('',(-0.102594149341547,0.00537107115685941,-0.0787867030407324));
#18135=CARTESIAN_POINT('',(-0.104173441552303,0.00537107115685941,-0.0787867030407324));
#18136=CARTESIAN_POINT('',(-0.104173441552303,0.000354787093400963,-0.0787867030407324));
#18137=CARTESIAN_POINT('',(-0.109849718213081,-0.0206860432684421,-0.0787867030407324));
#18138=CARTESIAN_POINT('',(-0.111429010423837,-0.0206860432684421,-0.0787867030407324));
#18139=CARTESIAN_POINT('',(-0.108270426002325,-0.0206860432684421,-0.0787867030407324));
#18140=CARTESIAN_POINT('',(-0.108270426002325,-0.0156697592049838,-0.0787867030407324));
#18141=CARTESIAN_POINT('',(-0.108270426002325,-0.0106534751415253,-0.0787867030407324));
#18142=CARTESIAN_POINT('',(-0.109849718213081,-0.0106534751415253,-0.0787867030407324));
#18143=CARTESIAN_POINT('',(-0.111429010423837,-0.0106534751415253,-0.0787867030407324));
#18144=CARTESIAN_POINT('',(-0.111429010423837,-0.0156697592049838,-0.0787867030407324));
#18145=CARTESIAN_POINT('',(-0.0959325493700569,-0.0206860432684421,-0.0787867030407324));
#18146=CARTESIAN_POINT('',(-0.097511841580813,-0.0206860432684421,-0.0787867030407324));
#18147=CARTESIAN_POINT('',(-0.0943532571593008,-0.0206860432684421,-0.0787867030407324));
#18148=CARTESIAN_POINT('',(-0.0943532571593008,-0.0156697592049838,-0.0787867030407324));
#18149=CARTESIAN_POINT('',(-0.0943532571593008,-0.0106534751415253,-0.0787867030407324));
#18150=CARTESIAN_POINT('',(-0.0959325493700569,-0.0106534751415253,-0.0787867030407324));
#18151=CARTESIAN_POINT('',(-0.097511841580813,-0.0106534751415253,-0.0787867030407324));
#18152=CARTESIAN_POINT('',(-0.097511841580813,-0.0156697592049838,-0.0787867030407324));
#18153=CARTESIAN_POINT('',(-0.0909412653116466,0.0325749899148941,-0.0747867030407324));
#18154=CARTESIAN_POINT('',(-0.0909412653116466,0.0950749899148941,-0.0747867030407324));
#18155=CARTESIAN_POINT('',(-0.0909412653116466,-0.0299250100851059,-0.0747867030407324));
#18156=CARTESIAN_POINT('',(-0.102641265311647,0.0950749899148941,-0.0747867030407324));
#18157=CARTESIAN_POINT('',(-0.114341265311647,0.0950749899148941,-0.0747867030407324));
#18158=CARTESIAN_POINT('',(-0.114341265311647,0.0325749899148941,-0.0747867030407324));
#18159=CARTESIAN_POINT('',(-0.114341265311647,-0.0299250100851059,-0.0747867030407324));
#18160=CARTESIAN_POINT('',(-0.102641265311647,-0.0299250100851059,-0.0747867030407324));
#18161=CARTESIAN_POINT('',(-0.108270426002325,0.0820687639951706,-0.0687867030407324));
#18162=CARTESIAN_POINT('',(-0.108270426002325,0.087085048058629,-0.0687867030407324));
#18163=CARTESIAN_POINT('',(-0.108270426002325,0.0770524799317121,-0.0687867030407324));
#18164=CARTESIAN_POINT('',(-0.109849718213081,0.087085048058629,-0.0687867030407324));
#18165=CARTESIAN_POINT('',(-0.111429010423837,0.087085048058629,-0.0687867030407324));
#18166=CARTESIAN_POINT('',(-0.111429010423837,0.0820687639951706,-0.0687867030407324));
#18167=CARTESIAN_POINT('',(-0.111429010423837,0.0770524799317121,-0.0687867030407324));
#18168=CARTESIAN_POINT('',(-0.109849718213081,0.0770524799317121,-0.0687867030407324));
#18169=CARTESIAN_POINT('',(-0.101111841580813,0.0820687639951706,-0.0687867030407324));
#18170=CARTESIAN_POINT('',(-0.101111841580813,0.087085048058629,-0.0687867030407324));
#18171=CARTESIAN_POINT('',(-0.101111841580813,0.0770524799317121,-0.0687867030407324));
#18172=CARTESIAN_POINT('',(-0.102691133791569,0.087085048058629,-0.0687867030407324));
#18173=CARTESIAN_POINT('',(-0.104270426002325,0.087085048058629,-0.0687867030407324));
#18174=CARTESIAN_POINT('',(-0.104270426002325,0.0820687639951706,-0.0687867030407324));
#18175=CARTESIAN_POINT('',(-0.104270426002325,0.0770524799317121,-0.0687867030407324));
#18176=CARTESIAN_POINT('',(-0.102691133791569,0.0770524799317121,-0.0687867030407324));
#18177=CARTESIAN_POINT('',(-0.0943532571593008,0.0820687639951706,-0.0687867030407324));
#18178=CARTESIAN_POINT('',(-0.0943532571593008,0.087085048058629,-0.0687867030407324));
#18179=CARTESIAN_POINT('',(-0.0943532571593008,0.0770524799317121,-0.0687867030407324));
#18180=CARTESIAN_POINT('',(-0.0959325493700569,0.087085048058629,-0.0687867030407324));
#18181=CARTESIAN_POINT('',(-0.097511841580813,0.087085048058629,-0.0687867030407324));
#18182=CARTESIAN_POINT('',(-0.097511841580813,0.0820687639951706,-0.0687867030407324));
#18183=CARTESIAN_POINT('',(-0.097511841580813,0.0770524799317121,-0.0687867030407324));
#18184=CARTESIAN_POINT('',(-0.0959325493700569,0.0770524799317121,-0.0687867030407324));
#18185=CARTESIAN_POINT('',(-0.108270426002325,0.0656297971785069,-0.0687867030407324));
#18186=CARTESIAN_POINT('',(-0.108270426002325,0.0706460812419653,-0.0687867030407324));
#18187=CARTESIAN_POINT('',(-0.108270426002325,0.0606135131150484,-0.0687867030407324));
#18188=CARTESIAN_POINT('',(-0.109849718213081,0.0706460812419653,-0.0687867030407324));
#18189=CARTESIAN_POINT('',(-0.111429010423837,0.0706460812419653,-0.0687867030407324));
#18190=CARTESIAN_POINT('',(-0.111429010423837,0.0656297971785069,-0.0687867030407324));
#18191=CARTESIAN_POINT('',(-0.111429010423837,0.0606135131150484,-0.0687867030407324));
#18192=CARTESIAN_POINT('',(-0.109849718213081,0.0606135131150484,-0.0687867030407324));
#18193=CARTESIAN_POINT('',(-0.101111841580813,0.0656297971785069,-0.0687867030407324));
#18194=CARTESIAN_POINT('',(-0.101111841580813,0.0706460812419653,-0.0687867030407324));
#18195=CARTESIAN_POINT('',(-0.101111841580813,0.0606135131150484,-0.0687867030407324));
#18196=CARTESIAN_POINT('',(-0.102691133791569,0.0706460812419653,-0.0687867030407324));
#18197=CARTESIAN_POINT('',(-0.104270426002325,0.0706460812419653,-0.0687867030407324));
#18198=CARTESIAN_POINT('',(-0.104270426002325,0.0656297971785069,-0.0687867030407324));
#18199=CARTESIAN_POINT('',(-0.104270426002325,0.0606135131150484,-0.0687867030407324));
#18200=CARTESIAN_POINT('',(-0.102691133791569,0.0606135131150484,-0.0687867030407324));
#18201=CARTESIAN_POINT('',(-0.0943532571593008,0.0656297971785069,-0.0687867030407324));
#18202=CARTESIAN_POINT('',(-0.0943532571593008,0.0706460812419653,-0.0687867030407324));
#18203=CARTESIAN_POINT('',(-0.0943532571593008,0.0606135131150484,-0.0687867030407324));
#18204=CARTESIAN_POINT('',(-0.0959325493700569,0.0706460812419653,-0.0687867030407324));
#18205=CARTESIAN_POINT('',(-0.097511841580813,0.0706460812419653,-0.0687867030407324));
#18206=CARTESIAN_POINT('',(-0.097511841580813,0.0656297971785069,-0.0687867030407324));
#18207=CARTESIAN_POINT('',(-0.097511841580813,0.0606135131150484,-0.0687867030407324));
#18208=CARTESIAN_POINT('',(-0.0959325493700569,0.0606135131150484,-0.0687867030407324));
#18209=CARTESIAN_POINT('',(-0.108367410452348,0.0496052508801222,-0.0687867030407324));
#18210=CARTESIAN_POINT('',(-0.108367410452348,0.0546215349435806,-0.0687867030407324));
#18211=CARTESIAN_POINT('',(-0.108367410452348,0.0445889668166637,-0.0687867030407324));
#18212=CARTESIAN_POINT('',(-0.109946702663104,0.0546215349435806,-0.0687867030407324));
#18213=CARTESIAN_POINT('',(-0.11152599487386,0.0546215349435806,-0.0687867030407324));
#18214=CARTESIAN_POINT('',(-0.11152599487386,0.0496052508801222,-0.0687867030407324));
#18215=CARTESIAN_POINT('',(-0.11152599487386,0.0445889668166637,-0.0687867030407324));
#18216=CARTESIAN_POINT('',(-0.109946702663104,0.0445889668166637,-0.0687867030407324));
#18217=CARTESIAN_POINT('',(-0.101208826030835,0.0496052508801222,-0.0687867030407324));
#18218=CARTESIAN_POINT('',(-0.101208826030835,0.0546215349435806,-0.0687867030407324));
#18219=CARTESIAN_POINT('',(-0.101208826030835,0.0445889668166637,-0.0687867030407324));
#18220=CARTESIAN_POINT('',(-0.102788118241591,0.0546215349435806,-0.0687867030407324));
#18221=CARTESIAN_POINT('',(-0.104367410452348,0.0546215349435806,-0.0687867030407324));
#18222=CARTESIAN_POINT('',(-0.104367410452348,0.0496052508801222,-0.0687867030407324));
#18223=CARTESIAN_POINT('',(-0.104367410452348,0.0445889668166637,-0.0687867030407324));
#18224=CARTESIAN_POINT('',(-0.102788118241591,0.0445889668166637,-0.0687867030407324));
#18225=CARTESIAN_POINT('',(-0.0944502416093232,0.0496052508801222,-0.0687867030407324));
#18226=CARTESIAN_POINT('',(-0.0944502416093232,0.0546215349435806,-0.0687867030407324));
#18227=CARTESIAN_POINT('',(-0.0944502416093232,0.0445889668166637,-0.0687867030407324));
#18228=CARTESIAN_POINT('',(-0.0960295338200793,0.0546215349435806,-0.0687867030407324));
#18229=CARTESIAN_POINT('',(-0.0976088260308354,0.0546215349435806,-0.0687867030407324));
#18230=CARTESIAN_POINT('',(-0.0976088260308354,0.0496052508801222,-0.0687867030407324));
#18231=CARTESIAN_POINT('',(-0.0976088260308354,0.0445889668166637,-0.0687867030407324));
#18232=CARTESIAN_POINT('',(-0.0960295338200793,0.0445889668166637,-0.0687867030407324));
#18233=CARTESIAN_POINT('',(-0.108367410452348,0.0331662840634584,-0.0687867030407324));
#18234=CARTESIAN_POINT('',(-0.108367410452348,0.0381825681269169,-0.0687867030407324));
#18235=CARTESIAN_POINT('',(-0.108367410452348,0.02815,-0.0687867030407324));
#18236=CARTESIAN_POINT('',(-0.109946702663104,0.0381825681269169,-0.0687867030407324));
#18237=CARTESIAN_POINT('',(-0.11152599487386,0.0381825681269169,-0.0687867030407324));
#18238=CARTESIAN_POINT('',(-0.11152599487386,0.0331662840634584,-0.0687867030407324));
#18239=CARTESIAN_POINT('',(-0.11152599487386,0.02815,-0.0687867030407324));
#18240=CARTESIAN_POINT('',(-0.109946702663104,0.02815,-0.0687867030407324));
#18241=CARTESIAN_POINT('',(-0.101208826030835,0.0331662840634584,-0.0687867030407324));
#18242=CARTESIAN_POINT('',(-0.101208826030835,0.0381825681269169,-0.0687867030407324));
#18243=CARTESIAN_POINT('',(-0.101208826030835,0.02815,-0.0687867030407324));
#18244=CARTESIAN_POINT('',(-0.102788118241591,0.0381825681269169,-0.0687867030407324));
#18245=CARTESIAN_POINT('',(-0.104367410452348,0.0381825681269169,-0.0687867030407324));
#18246=CARTESIAN_POINT('',(-0.104367410452348,0.0331662840634584,-0.0687867030407324));
#18247=CARTESIAN_POINT('',(-0.104367410452348,0.02815,-0.0687867030407324));
#18248=CARTESIAN_POINT('',(-0.102788118241591,0.02815,-0.0687867030407324));
#18249=CARTESIAN_POINT('',(-0.0944502416093232,0.0331662840634584,-0.0687867030407324));
#18250=CARTESIAN_POINT('',(-0.0944502416093232,0.0381825681269169,-0.0687867030407324));
#18251=CARTESIAN_POINT('',(-0.0944502416093232,0.02815,-0.0687867030407324));
#18252=CARTESIAN_POINT('',(-0.0960295338200793,0.0381825681269169,-0.0687867030407324));
#18253=CARTESIAN_POINT('',(-0.0976088260308354,0.0381825681269169,-0.0687867030407324));
#18254=CARTESIAN_POINT('',(-0.0976088260308354,0.0331662840634584,-0.0687867030407324));
#18255=CARTESIAN_POINT('',(-0.0976088260308354,0.02815,-0.0687867030407324));
#18256=CARTESIAN_POINT('',(-0.0960295338200793,0.02815,-0.0687867030407324));
#18257=CARTESIAN_POINT('',(-0.108173441552303,0.0167937539100647,-0.0687867030407324));
#18258=CARTESIAN_POINT('',(-0.108173441552303,0.0218100379735231,-0.0687867030407324));
#18259=CARTESIAN_POINT('',(-0.108173441552303,0.0117774698466062,-0.0687867030407324));
#18260=CARTESIAN_POINT('',(-0.109752733763059,0.0218100379735231,-0.0687867030407324));
#18261=CARTESIAN_POINT('',(-0.111332025973815,0.0218100379735231,-0.0687867030407324));
#18262=CARTESIAN_POINT('',(-0.111332025973815,0.0167937539100647,-0.0687867030407324));
#18263=CARTESIAN_POINT('',(-0.111332025973815,0.0117774698466062,-0.0687867030407324));
#18264=CARTESIAN_POINT('',(-0.109752733763059,0.0117774698466062,-0.0687867030407324));
#18265=CARTESIAN_POINT('',(-0.101014857130791,0.0167937539100647,-0.0687867030407324));
#18266=CARTESIAN_POINT('',(-0.101014857130791,0.0218100379735231,-0.0687867030407324));
#18267=CARTESIAN_POINT('',(-0.101014857130791,0.0117774698466062,-0.0687867030407324));
#18268=CARTESIAN_POINT('',(-0.102594149341547,0.0218100379735231,-0.0687867030407324));
#18269=CARTESIAN_POINT('',(-0.104173441552303,0.0218100379735231,-0.0687867030407324));
#18270=CARTESIAN_POINT('',(-0.104173441552303,0.0167937539100647,-0.0687867030407324));
#18271=CARTESIAN_POINT('',(-0.104173441552303,0.0117774698466062,-0.0687867030407324));
#18272=CARTESIAN_POINT('',(-0.102594149341547,0.0117774698466062,-0.0687867030407324));
#18273=CARTESIAN_POINT('',(-0.0942562727092784,0.0167937539100647,-0.0687867030407324));
#18274=CARTESIAN_POINT('',(-0.0942562727092784,0.0218100379735231,-0.0687867030407324));
#18275=CARTESIAN_POINT('',(-0.0942562727092784,0.0117774698466062,-0.0687867030407324));
#18276=CARTESIAN_POINT('',(-0.0958355649200344,0.0218100379735231,-0.0687867030407324));
#18277=CARTESIAN_POINT('',(-0.0974148571307905,0.0218100379735231,-0.0687867030407324));
#18278=CARTESIAN_POINT('',(-0.0974148571307905,0.0167937539100647,-0.0687867030407324));
#18279=CARTESIAN_POINT('',(-0.0974148571307905,0.0117774698466062,-0.0687867030407324));
#18280=CARTESIAN_POINT('',(-0.0958355649200344,0.0117774698466062,-0.0687867030407324));
#18281=CARTESIAN_POINT('',(-0.108173441552303,0.000354787093400963,-0.0687867030407324));
#18282=CARTESIAN_POINT('',(-0.108173441552303,0.00537107115685941,-0.0687867030407324));
#18283=CARTESIAN_POINT('',(-0.108173441552303,-0.00466149697005748,-0.0687867030407324));
#18284=CARTESIAN_POINT('',(-0.109752733763059,0.00537107115685941,-0.0687867030407324));
#18285=CARTESIAN_POINT('',(-0.111332025973815,0.00537107115685941,-0.0687867030407324));
#18286=CARTESIAN_POINT('',(-0.111332025973815,0.000354787093400963,-0.0687867030407324));
#18287=CARTESIAN_POINT('',(-0.111332025973815,-0.00466149697005748,-0.0687867030407324));
#18288=CARTESIAN_POINT('',(-0.109752733763059,-0.00466149697005748,-0.0687867030407324));
#18289=CARTESIAN_POINT('',(-0.101014857130791,0.000354787093400963,-0.0687867030407324));
#18290=CARTESIAN_POINT('',(-0.101014857130791,0.00537107115685941,-0.0687867030407324));
#18291=CARTESIAN_POINT('',(-0.101014857130791,-0.00466149697005748,-0.0687867030407324));
#18292=CARTESIAN_POINT('',(-0.102594149341547,0.00537107115685941,-0.0687867030407324));
#18293=CARTESIAN_POINT('',(-0.104173441552303,0.00537107115685941,-0.0687867030407324));
#18294=CARTESIAN_POINT('',(-0.104173441552303,0.000354787093400963,-0.0687867030407324));
#18295=CARTESIAN_POINT('',(-0.104173441552303,-0.00466149697005748,-0.0687867030407324));
#18296=CARTESIAN_POINT('',(-0.102594149341547,-0.00466149697005748,-0.0687867030407324));
#18297=CARTESIAN_POINT('',(-0.0942562727092784,0.000354787093400963,-0.0687867030407324));
#18298=CARTESIAN_POINT('',(-0.0942562727092784,0.00537107115685941,-0.0687867030407324));
#18299=CARTESIAN_POINT('',(-0.0942562727092784,-0.00466149697005748,-0.0687867030407324));
#18300=CARTESIAN_POINT('',(-0.0958355649200344,0.00537107115685941,-0.0687867030407324));
#18301=CARTESIAN_POINT('',(-0.0974148571307905,0.00537107115685941,-0.0687867030407324));
#18302=CARTESIAN_POINT('',(-0.0974148571307905,0.000354787093400963,-0.0687867030407324));
#18303=CARTESIAN_POINT('',(-0.0974148571307905,-0.00466149697005748,-0.0687867030407324));
#18304=CARTESIAN_POINT('',(-0.0958355649200344,-0.00466149697005748,-0.0687867030407324));
#18305=CARTESIAN_POINT('',(-0.108270426002325,-0.0156697592049838,-0.0687867030407324));
#18306=CARTESIAN_POINT('',(-0.108270426002325,-0.0106534751415253,-0.0687867030407324));
#18307=CARTESIAN_POINT('',(-0.108270426002325,-0.0206860432684421,-0.0687867030407324));
#18308=CARTESIAN_POINT('',(-0.109849718213081,-0.0106534751415253,-0.0687867030407324));
#18309=CARTESIAN_POINT('',(-0.111429010423837,-0.0106534751415253,-0.0687867030407324));
#18310=CARTESIAN_POINT('',(-0.111429010423837,-0.0156697592049838,-0.0687867030407324));
#18311=CARTESIAN_POINT('',(-0.111429010423837,-0.0206860432684421,-0.0687867030407324));
#18312=CARTESIAN_POINT('',(-0.109849718213081,-0.0206860432684421,-0.0687867030407324));
#18313=CARTESIAN_POINT('',(-0.101111841580813,-0.0156697592049838,-0.0687867030407324));
#18314=CARTESIAN_POINT('',(-0.101111841580813,-0.0106534751415253,-0.0687867030407324));
#18315=CARTESIAN_POINT('',(-0.101111841580813,-0.0206860432684421,-0.0687867030407324));
#18316=CARTESIAN_POINT('',(-0.102691133791569,-0.0106534751415253,-0.0687867030407324));
#18317=CARTESIAN_POINT('',(-0.104270426002325,-0.0106534751415253,-0.0687867030407324));
#18318=CARTESIAN_POINT('',(-0.104270426002325,-0.0156697592049838,-0.0687867030407324));
#18319=CARTESIAN_POINT('',(-0.104270426002325,-0.0206860432684421,-0.0687867030407324));
#18320=CARTESIAN_POINT('',(-0.102691133791569,-0.0206860432684421,-0.0687867030407324));
#18321=CARTESIAN_POINT('',(-0.0959325493700569,-0.0206860432684421,-0.0687867030407324));
#18322=CARTESIAN_POINT('',(-0.0943532571593008,-0.0206860432684421,-0.0687867030407324));
#18323=CARTESIAN_POINT('',(-0.097511841580813,-0.0206860432684421,-0.0687867030407324));
#18324=CARTESIAN_POINT('',(-0.097511841580813,-0.0156697592049838,-0.0687867030407324));
#18325=CARTESIAN_POINT('',(-0.097511841580813,-0.0106534751415253,-0.0687867030407324));
#18326=CARTESIAN_POINT('',(-0.0959325493700569,-0.0106534751415253,-0.0687867030407324));
#18327=CARTESIAN_POINT('',(-0.0943532571593008,-0.0106534751415253,-0.0687867030407324));
#18328=CARTESIAN_POINT('',(-0.0943532571593008,-0.0156697592049838,-0.0687867030407324));
#18329=CARTESIAN_POINT('',(0.,0.,0.));
#18330=CARTESIAN_POINT('',(-0.1999,0.03175,-0.0822267030407324));
#18331=CARTESIAN_POINT('',(-0.1999,0.02175,-0.0802267030407324));
#18332=CARTESIAN_POINT('',(-0.1999,0.02175,-0.0822267030407324));
#18333=CARTESIAN_POINT('',(-0.1999,0.02175,-0.0782267030407324));
#18334=CARTESIAN_POINT('',(-0.1999,0.03175,-0.0822267030407324));
#18335=CARTESIAN_POINT('',(-0.1999,-0.05385,-0.0822267030407324));
#18336=CARTESIAN_POINT('',(-0.1999,-0.05385,-0.0822267030407324));
#18337=CARTESIAN_POINT('',(-0.1999,-0.05385,-0.0782267030407324));
#18338=CARTESIAN_POINT('',(-0.1999,0.03175,-0.0782267030407324));
#18339=CARTESIAN_POINT('',(-0.128133604240417,0.03175,-0.0822267030407324));
#18340=CARTESIAN_POINT('',(-0.128133604240417,-0.03385,-0.0802267030407324));
#18341=CARTESIAN_POINT('',(-0.128133604240417,-0.03385,-0.0822267030407324));
#18342=CARTESIAN_POINT('',(-0.128133604240417,-0.03385,-0.0782267030407324));
#18343=CARTESIAN_POINT('',(-0.128133604240417,0.03175,-0.0822267030407324));
#18344=CARTESIAN_POINT('',(-0.128133604240417,0.09735,-0.0822267030407324));
#18345=CARTESIAN_POINT('',(-0.128133604240417,0.09735,-0.0802267030407324));
#18346=CARTESIAN_POINT('',(-0.128133604240417,0.09735,-0.0782267030407324));
#18347=CARTESIAN_POINT('',(-0.128133604240417,0.03175,-0.0782267030407324));
#18348=CARTESIAN_POINT('',(-0.164016802120209,-0.05385,-0.0822267030407324));
#18349=CARTESIAN_POINT('',(-0.164016802120209,-0.05385,-0.0782267030407324));
#18350=CARTESIAN_POINT('',(-0.118133604240417,-0.05385,-0.0782267030407324));
#18351=CARTESIAN_POINT('',(-0.164016802120209,-0.05385,-0.0822267030407324));
#18352=CARTESIAN_POINT('',(-0.118133604240417,-0.05385,-0.0822267030407324));
#18353=CARTESIAN_POINT('',(-0.118133604240417,-0.05385,-0.0822267030407324));
#18354=CARTESIAN_POINT('',(-0.1999,0.03175,-0.0822267030407324));
#18355=CARTESIAN_POINT('',(-0.1999,0.03175,-0.0822267030407324));
#18356=CARTESIAN_POINT('',(-0.1999,0.04175,-0.0822267030407324));
#18357=CARTESIAN_POINT('',(-0.1999,0.11735,-0.0822267030407324));
#18358=CARTESIAN_POINT('',(-0.1999,0.04175,-0.0802267030407324));
#18359=CARTESIAN_POINT('',(-0.1999,0.04175,-0.0782267030407324));
#18360=CARTESIAN_POINT('',(-0.1999,0.03175,-0.0782267030407324));
#18361=CARTESIAN_POINT('',(-0.1999,0.11735,-0.0782267030407324));
#18362=CARTESIAN_POINT('',(-0.1999,0.11735,-0.0822267030407324));
#18363=CARTESIAN_POINT('',(-0.164016802120209,0.11735,-0.0822267030407324));
#18364=CARTESIAN_POINT('',(-0.164016802120209,0.11735,-0.0782267030407324));
#18365=CARTESIAN_POINT('',(-0.118133604240417,0.11735,-0.0782267030407324));
#18366=CARTESIAN_POINT('',(-0.118133604240417,0.11735,-0.0822267030407324));
#18367=CARTESIAN_POINT('',(-0.118133604240417,0.11735,-0.0822267030407324));
#18368=CARTESIAN_POINT('',(-0.164016802120209,0.11735,-0.0822267030407324));
#18369=CARTESIAN_POINT('',(-0.1397,0.03175,-0.0822267030407324));
#18370=CARTESIAN_POINT('',(-0.118133604240417,-0.03385,-0.0822267030407324));
#18371=CARTESIAN_POINT('',(-0.118133604240417,-0.03385,-0.0822267030407324));
#18372=CARTESIAN_POINT('',(-0.118133604240417,0.03175,-0.0822267030407324));
#18373=CARTESIAN_POINT('',(-0.2059,0.02175,-0.0822267030407324));
#18374=CARTESIAN_POINT('',(-0.2059,0.02175,-0.0822267030407324));
#18375=CARTESIAN_POINT('',(-0.2059,0.03175,-0.0822267030407324));
#18376=CARTESIAN_POINT('',(-0.2059,0.04175,-0.0822267030407324));
#18377=CARTESIAN_POINT('',(-0.2059,0.04175,-0.0822267030407324));
#18378=CARTESIAN_POINT('',(-0.118133604240417,0.03175,-0.0822267030407324));
#18379=CARTESIAN_POINT('',(-0.118133604240417,0.09735,-0.0822267030407324));
#18380=CARTESIAN_POINT('',(-0.118133604240417,0.09735,-0.0822267030407324));
#18381=CARTESIAN_POINT('',(-0.1397,0.03175,-0.0782267030407324));
#18382=CARTESIAN_POINT('',(-0.118133604240417,0.03175,-0.0782267030407324));
#18383=CARTESIAN_POINT('',(-0.118133604240417,-0.03385,-0.0782267030407324));
#18384=CARTESIAN_POINT('',(-0.118133604240417,-0.03385,-0.0782267030407324));
#18385=CARTESIAN_POINT('',(-0.118133604240417,0.09735,-0.0782267030407324));
#18386=CARTESIAN_POINT('',(-0.118133604240417,0.09735,-0.0782267030407324));
#18387=CARTESIAN_POINT('',(-0.118133604240417,0.03175,-0.0782267030407324));
#18388=CARTESIAN_POINT('',(-0.2059,0.04175,-0.0782267030407324));
#18389=CARTESIAN_POINT('',(-0.2059,0.04175,-0.0782267030407324));
#18390=CARTESIAN_POINT('',(-0.2059,0.03175,-0.0782267030407324));
#18391=CARTESIAN_POINT('',(-0.2059,0.02175,-0.0782267030407324));
#18392=CARTESIAN_POINT('',(-0.2059,0.02175,-0.0782267030407324));
#18393=CARTESIAN_POINT('',(-0.118133604240417,0.09735,-0.0802267030407324));
#18394=CARTESIAN_POINT('',(-0.118133604240417,0.09735,-0.0802267030407324));
#18395=CARTESIAN_POINT('',(-0.118133604240417,0.03175,-0.0802267030407324));
#18396=CARTESIAN_POINT('',(-0.118133604240417,-0.03385,-0.0802267030407324));
#18397=CARTESIAN_POINT('',(-0.118133604240417,-0.03385,-0.0802267030407324));
#18398=CARTESIAN_POINT('',(-0.118133604240417,0.03175,-0.0802267030407324));
#18399=CARTESIAN_POINT('',(-0.2059,0.02175,-0.0802267030407324));
#18400=CARTESIAN_POINT('',(-0.2059,0.02175,-0.0802267030407324));
#18401=CARTESIAN_POINT('',(-0.2059,0.04175,-0.0802267030407324));
#18402=CARTESIAN_POINT('',(-0.2059,0.04175,-0.0802267030407324));
#18403=CARTESIAN_POINT('',(-0.2059,0.03175,-0.0802267030407324));
#18404=CARTESIAN_POINT('',(0.,0.,0.));
#18405=CARTESIAN_POINT('',(-0.166756480932235,0.00930579886323787,0.0955139003135603));
#18406=CARTESIAN_POINT('',(-0.166756480932235,0.02550801415994,0.0820544118408617));
#18407=CARTESIAN_POINT('',(-0.166756480932235,0.0193696429578299,0.0860666425860959));
#18408=CARTESIAN_POINT('',(-0.166756480932235,0.02550801415994,0.0820544118408617));
#18409=CARTESIAN_POINT('',(-0.166756480932235,0.0284680600342147,0.086583029835516));
#18410=CARTESIAN_POINT('',(-0.166756480932235,0.0319290345820412,0.0907413838005619));
#18411=CARTESIAN_POINT('',(-0.166756480932235,0.0162173574401008,0.103818124056204));
#18412=CARTESIAN_POINT('',(-0.166756480932235,0.0262925423326728,0.0954326045042496));
#18413=CARTESIAN_POINT('',(-0.166756480932235,0.0320052615470414,0.100030694949824));
#18414=CARTESIAN_POINT('',(-0.166756480932235,0.0320052615470418,0.100030694949824));
#18415=CARTESIAN_POINT('',(-0.166756480932235,0.0286129943726946,0.104245285788465));
#18416=CARTESIAN_POINT('',(-0.166756480932235,0.0257276646895531,0.108821870228734));
#18417=CARTESIAN_POINT('',(-0.166756480932235,0.00797280666836625,0.0976282345519294));
#18418=CARTESIAN_POINT('',(-0.166756480932235,0.0195242767762147,0.104910914467728));
#18419=CARTESIAN_POINT('',(-0.166756480932235,0.016916560216769,0.111764921391673));
#18420=CARTESIAN_POINT('',(-0.166756480932235,0.016916560216769,0.111764921391673));
#18421=CARTESIAN_POINT('',(-0.166756480932235,0.0118599779298272,0.109841063783973));
#18422=CARTESIAN_POINT('',(-0.166756480932235,0.00661577156907039,0.108511194555397));
#18423=CARTESIAN_POINT('',(-0.166756480932235,0.00987512151687444,0.0956582738614566));
#18424=CARTESIAN_POINT('',(-0.166756480932235,0.00841835924259535,0.10140287026291));
#18425=CARTESIAN_POINT('',(-0.166756480932235,0.00109398256146334,0.101040789055461));
#18426=CARTESIAN_POINT('',(-0.166756480932235,0.00109398256146334,0.101040789055461));
#18427=CARTESIAN_POINT('',(-0.166756480932235,0.00136111001556974,0.095637188825746));
#18428=CARTESIAN_POINT('',(-0.166756480932235,0.00100534192374482,0.0902387000016253));
#18429=CARTESIAN_POINT('',(-0.166756480932235,0.00892376596420757,0.0897168645949188));
#18430=CARTESIAN_POINT('',(-0.166756480932235,0.00832279028702329,0.089756469746818));
#18431=CARTESIAN_POINT('',(-0.166756480932235,0.00640379311112232,0.0826786843299815));
#18432=CARTESIAN_POINT('',(-0.166756480932235,0.00640379311112232,0.0826786843299815));
#18433=CARTESIAN_POINT('',(-0.166756480932235,0.0116254692440301,0.0812629333341003));
#18434=CARTESIAN_POINT('',(-0.166756480932235,0.0166497988319264,0.0792563529814838));
#18435=CARTESIAN_POINT('',(-0.166756480932235,0.0212392513667137,0.0907480045032932));
#18436=CARTESIAN_POINT('',(-0.166756480932235,0.0161918369111046,0.0955013394661801));
#18437=CARTESIAN_POINT('',(-0.166756480932235,0.0139787176376167,0.100645092457409));
#18438=CARTESIAN_POINT('',(-0.166756480932235,0.013925439951226,0.0903808378722236));
#18439=CARTESIAN_POINT('',(-0.166756480932235,0.00764383985429814,0.0911496800124909));
#18440=CARTESIAN_POINT('',(-0.166756480932235,0.00136223975737032,0.0919185221527582));
#18441=CARTESIAN_POINT('',(-0.166756480932235,0.00180153910287894,0.0955076891179922));
#18442=CARTESIAN_POINT('',(-0.166756480932235,0.00136111001556974,0.0990967176269822));
#18443=CARTESIAN_POINT('',(-0.166756480932235,0.00766991382659324,0.0998709050421955));
#18444=CARTESIAN_POINT('',(-0.174756480932236,0.00835759097652183,0.0877498380396154));
#18445=CARTESIAN_POINT('',(-0.174756480932236,0.000873824359943319,0.0882430289038711));
#18446=CARTESIAN_POINT('',(-0.172756480932236,0.000873824359943319,0.0882430289038711));
#18447=CARTESIAN_POINT('',(-0.168756480932235,0.000873824359943319,0.0882430289038711));
#18448=CARTESIAN_POINT('',(-0.172756480932236,0.0057530625118779,0.0879214801698778));
#18449=CARTESIAN_POINT('',(-0.172756480932236,0.0057530625118779,0.0879214801698778));
#18450=CARTESIAN_POINT('',(-0.174756480932236,0.0057530625118779,0.0879214801698778));
#18451=CARTESIAN_POINT('',(-0.168756480932235,0.0057530625118779,0.0879214801698778));
#18452=CARTESIAN_POINT('',(-0.168756480932235,0.00835759097652183,0.0877498380396154));
#18453=CARTESIAN_POINT('',(-0.174756480932236,0.00136111001556974,0.095637188825746));
#18454=CARTESIAN_POINT('',(-0.174756480932236,0.000995232974876218,0.103038349697632));
#18455=CARTESIAN_POINT('',(-0.172756480932236,0.000995232974876218,0.103038349697632));
#18456=CARTESIAN_POINT('',(-0.168756480932235,0.000995232974876218,0.103038349697632));
#18457=CARTESIAN_POINT('',(-0.172756480932236,0.00136111001556974,0.095637188825746));
#18458=CARTESIAN_POINT('',(-0.168756480932235,0.00136111001556974,0.095637188825746));
#18459=CARTESIAN_POINT('',(-0.174756480932236,0.00848608538301587,0.103408660647333));
#18460=CARTESIAN_POINT('',(-0.174756480932236,0.00587909089467547,0.103279783644792));
#18461=CARTESIAN_POINT('',(-0.172756480932236,0.00587909089467547,0.103279783644792));
#18462=CARTESIAN_POINT('',(-0.168756480932235,0.00587909089467547,0.103279783644792));
#18463=CARTESIAN_POINT('',(-0.172756480932236,0.00848608538301587,0.103408660647333));
#18464=CARTESIAN_POINT('',(-0.168756480932235,0.00587909089467547,0.103279783644792));
#18465=CARTESIAN_POINT('',(-0.174756480932236,0.00930579886323787,0.0955139003135603));
#18466=CARTESIAN_POINT('',(-0.174756480932236,0.0118599779298272,0.109841063783973));
#18467=CARTESIAN_POINT('',(-0.174756480932236,0.00661577156907039,0.108511194555397));
#18468=CARTESIAN_POINT('',(-0.174756480932236,0.016916560216769,0.111764921391673));
#18469=CARTESIAN_POINT('',(-0.174756480932236,0.0213553027342175,0.100098326784984));
#18470=CARTESIAN_POINT('',(-0.174756480932236,0.0195242767762147,0.104910914467728));
#18471=CARTESIAN_POINT('',(-0.174756480932236,0.0257276646895531,0.108821870228734));
#18472=CARTESIAN_POINT('',(-0.174756480932236,0.0257276646895534,0.108821870228733));
#18473=CARTESIAN_POINT('',(-0.174756480932236,0.0286129943726946,0.104245285788465));
#18474=CARTESIAN_POINT('',(-0.174756480932236,0.0320052615470414,0.100030694949824));
#18475=CARTESIAN_POINT('',(-0.174756480932236,0.0160237743987563,0.0871674120533407));
#18476=CARTESIAN_POINT('',(-0.174756480932236,0.0262925423326728,0.0954326045042496));
#18477=CARTESIAN_POINT('',(-0.174756480932236,0.0319290345820412,0.0907413838005619));
#18478=CARTESIAN_POINT('',(-0.174756480932236,0.0319290345820413,0.090741383800562));
#18479=CARTESIAN_POINT('',(-0.174756480932236,0.0284680600342147,0.086583029835516));
#18480=CARTESIAN_POINT('',(-0.174756480932236,0.02550801415994,0.0820544118408617));
#18481=CARTESIAN_POINT('',(-0.174756480932236,0.00799178231147857,0.0935035669422815));
#18482=CARTESIAN_POINT('',(-0.174756480932236,0.0193696429578299,0.0860666425860959));
#18483=CARTESIAN_POINT('',(-0.174756480932236,0.0166497988319264,0.0792563529814839));
#18484=CARTESIAN_POINT('',(-0.174756480932236,0.0166497988319264,0.0792563529814838));
#18485=CARTESIAN_POINT('',(-0.174756480932236,0.0116254692440301,0.0812629333341003));
#18486=CARTESIAN_POINT('',(-0.174756480932236,0.00640379311112238,0.0826786843299815));
#18487=CARTESIAN_POINT('',(-0.174756480932236,0.00984422014316891,0.0953679183637297));
#18488=CARTESIAN_POINT('',(-0.174756480932236,0.00832279028702329,0.0897564697468179));
#18489=CARTESIAN_POINT('',(-0.174756480932236,0.00100534192374482,0.0902387000016253));
#18490=CARTESIAN_POINT('',(-0.174756480932236,0.00100534192374482,0.0902387000016253));
#18491=CARTESIAN_POINT('',(-0.174756480932236,0.00136111001556974,0.095637188825746));
#18492=CARTESIAN_POINT('',(-0.174756480932236,0.00109398256146334,0.101040789055461));
#18493=CARTESIAN_POINT('',(-0.174756480932236,0.00901322336864144,0.101432277423465));
#18494=CARTESIAN_POINT('',(-0.174756480932236,0.00841835924259535,0.10140287026291));
#18495=CARTESIAN_POINT('',(-0.174756480932236,0.00661577156907039,0.108511194555397));
#18496=CARTESIAN_POINT('',(-0.170256480932235,0.0161918369111046,0.0955013394661801));
#18497=CARTESIAN_POINT('',(-0.170256480932235,0.0139787176376167,0.100645092457409));
#18498=CARTESIAN_POINT('',(-0.170256480932235,0.0139787176376167,0.100645092457409));
#18499=CARTESIAN_POINT('',(-0.170256480932235,0.0161918369111046,0.0955013394661801));
#18500=CARTESIAN_POINT('',(-0.170256480932235,0.013925439951226,0.0903808378722236));
#18501=CARTESIAN_POINT('',(-0.170256480932235,0.013925439951226,0.0903808378722236));
#18502=CARTESIAN_POINT('',(-0.170256480932235,0.00764383985429814,0.0911496800124909));
#18503=CARTESIAN_POINT('',(-0.170256480932235,0.00764383985429814,0.0911496800124909));
#18504=CARTESIAN_POINT('',(-0.170256480932235,0.00136223975737032,0.0919185221527582));
#18505=CARTESIAN_POINT('',(-0.170256480932235,0.00136223975737032,0.0919185221527582));
#18506=CARTESIAN_POINT('',(-0.170256480932235,0.00180153910287894,0.0955076891179922));
#18507=CARTESIAN_POINT('',(-0.170256480932235,0.00180153910287894,0.0955076891179922));
#18508=CARTESIAN_POINT('',(-0.170256480932235,0.00136111001556974,0.0990967176269822));
#18509=CARTESIAN_POINT('',(-0.170256480932235,0.00136111001556974,0.0990967176269822));
#18510=CARTESIAN_POINT('',(-0.170256480932235,0.00766991382659324,0.0998709050421955));
#18511=CARTESIAN_POINT('',(-0.170256480932235,0.00766991382659324,0.0998709050421955));
#18512=CARTESIAN_POINT('',(-0.170256480932235,0.00998853790285947,0.0955013394661801));
#18513=CARTESIAN_POINT('',(-0.174756480932236,0.019655244193773,0.110191009161907));
#18514=CARTESIAN_POINT('',(-0.174756480932236,0.0205246504057888,0.10790590030861));
#18515=CARTESIAN_POINT('',(-0.172756480932236,0.0205246504057888,0.10790590030861));
#18516=CARTESIAN_POINT('',(-0.168756480932235,0.0205246504057888,0.10790590030861));
#18517=CARTESIAN_POINT('',(-0.172756480932236,0.019655244193773,0.110191009161907));
#18518=CARTESIAN_POINT('',(-0.172756480932236,0.0187858379817571,0.112476118015203));
#18519=CARTESIAN_POINT('',(-0.174756480932236,0.0187858379817571,0.112476118015203));
#18520=CARTESIAN_POINT('',(-0.168756480932235,0.0187858379817571,0.112476118015203));
#18521=CARTESIAN_POINT('',(-0.168756480932235,0.0205246504057888,0.10790590030861));
#18522=CARTESIAN_POINT('',(-0.174756480932236,0.022592844499915,0.109209803227515));
#18523=CARTESIAN_POINT('',(-0.174756480932236,0.0246610385940411,0.11051370614642));
#18524=CARTESIAN_POINT('',(-0.172756480932236,0.0246610385940411,0.11051370614642));
#18525=CARTESIAN_POINT('',(-0.168756480932235,0.0246610385940411,0.11051370614642));
#18526=CARTESIAN_POINT('',(-0.172756480932236,0.0205246504057888,0.10790590030861));
#18527=CARTESIAN_POINT('',(-0.168756480932235,0.022592844499915,0.109209803227515));
#18528=CARTESIAN_POINT('',(-0.174756480932236,0.0286129943726946,0.104245285788465));
#18529=CARTESIAN_POINT('',(-0.174756480932236,0.0332592883268056,0.0984726779936793));
#18530=CARTESIAN_POINT('',(-0.172756480932236,0.0332592883268056,0.0984726779936793));
#18531=CARTESIAN_POINT('',(-0.168756480932235,0.0332592883268056,0.0984726779936793));
#18532=CARTESIAN_POINT('',(-0.172756480932236,0.0286129943726946,0.104245285788465));
#18533=CARTESIAN_POINT('',(-0.168756480932235,0.0286129943726946,0.104245285788465));
#18534=CARTESIAN_POINT('',(-0.174756480932236,0.0313546819559621,0.0969396860807688));
#18535=CARTESIAN_POINT('',(-0.174756480932236,0.0294500755851186,0.0954066941678583));
#18536=CARTESIAN_POINT('',(-0.172756480932236,0.0294500755851186,0.0954066941678583));
#18537=CARTESIAN_POINT('',(-0.168756480932235,0.0294500755851186,0.0954066941678583));
#18538=CARTESIAN_POINT('',(-0.172756480932236,0.0313546819559621,0.0969396860807688));
#18539=CARTESIAN_POINT('',(-0.168756480932235,0.0294500755851186,0.0954066941678583));
#18540=CARTESIAN_POINT('',(-0.174756480932236,0.0313292680755102,0.0938426528586331));
#18541=CARTESIAN_POINT('',(-0.174756480932236,0.0332084605659017,0.092278611549408));
#18542=CARTESIAN_POINT('',(-0.172756480932236,0.0332084605659017,0.092278611549408));
#18543=CARTESIAN_POINT('',(-0.168756480932235,0.0332084605659017,0.092278611549408));
#18544=CARTESIAN_POINT('',(-0.172756480932236,0.0294500755851186,0.0954066941678583));
#18545=CARTESIAN_POINT('',(-0.168756480932235,0.0313292680755102,0.0938426528586331));
#18546=CARTESIAN_POINT('',(-0.174756480932236,0.0284680600342147,0.086583029835516));
#18547=CARTESIAN_POINT('',(-0.174756480932236,0.0244137675676487,0.0803803077833853));
#18548=CARTESIAN_POINT('',(-0.172756480932236,0.0244137675676487,0.0803803077833853));
#18549=CARTESIAN_POINT('',(-0.168756480932235,0.0244137675676487,0.0803803077833853));
#18550=CARTESIAN_POINT('',(-0.172756480932236,0.0284680600342147,0.086583029835516));
#18551=CARTESIAN_POINT('',(-0.168756480932235,0.0284680600342147,0.086583029835516));
#18552=CARTESIAN_POINT('',(-0.174756480932236,0.0223672498832619,0.0817179755300246));
#18553=CARTESIAN_POINT('',(-0.174756480932236,0.0203207321988752,0.0830556432766638));
#18554=CARTESIAN_POINT('',(-0.172756480932236,0.0203207321988752,0.0830556432766638));
#18555=CARTESIAN_POINT('',(-0.168756480932235,0.0203207321988752,0.0830556432766638));
#18556=CARTESIAN_POINT('',(-0.172756480932236,0.0223672498832619,0.0817179755300246));
#18557=CARTESIAN_POINT('',(-0.168756480932235,0.0203207321988752,0.0830556432766638));
#18558=CARTESIAN_POINT('',(-0.174756480932236,0.0194139429352146,0.080785109668849));
#18559=CARTESIAN_POINT('',(-0.174756480932236,0.018507153671554,0.0785145760610342));
#18560=CARTESIAN_POINT('',(-0.172756480932236,0.018507153671554,0.0785145760610342));
#18561=CARTESIAN_POINT('',(-0.168756480932235,0.018507153671554,0.0785145760610342));
#18562=CARTESIAN_POINT('',(-0.172756480932236,0.0203207321988752,0.0830556432766638));
#18563=CARTESIAN_POINT('',(-0.168756480932235,0.0194139429352146,0.080785109668849));
#18564=CARTESIAN_POINT('',(-0.174756480932236,0.0116254692440301,0.0812629333341003));
#18565=CARTESIAN_POINT('',(-0.174756480932236,0.00447348474524839,0.0832020480779017));
#18566=CARTESIAN_POINT('',(-0.172756480932236,0.00447348474524839,0.0832020480779017));
#18567=CARTESIAN_POINT('',(-0.168756480932235,0.00447348474524839,0.0832020480779017));
#18568=CARTESIAN_POINT('',(-0.172756480932236,0.0116254692440301,0.0812629333341003));
#18569=CARTESIAN_POINT('',(-0.168756480932235,0.0116254692440301,0.0812629333341003));
#18570=CARTESIAN_POINT('',(-0.174756480932236,0.00511327362856315,0.0855617641238897));
#18571=CARTESIAN_POINT('',(-0.172756480932236,0.00511327362856315,0.0855617641238897));
#18572=CARTESIAN_POINT('',(-0.168756480932235,0.0057530625118779,0.0879214801698778));
#18573=CARTESIAN_POINT('',(-0.174756480932236,0.00527811264978567,0.10564968127593));
#18574=CARTESIAN_POINT('',(-0.174756480932236,0.00467713440489584,0.108019578907069));
#18575=CARTESIAN_POINT('',(-0.172756480932236,0.00467713440489584,0.108019578907069));
#18576=CARTESIAN_POINT('',(-0.168756480932235,0.00467713440489584,0.108019578907069));
#18577=CARTESIAN_POINT('',(-0.172756480932236,0.00587909089467547,0.103279783644792));
#18578=CARTESIAN_POINT('',(-0.168756480932235,0.00527811264978567,0.10564968127593));
#18579=CARTESIAN_POINT('',(-0.174756480932236,0.0118599779298272,0.109841063783973));
#18580=CARTESIAN_POINT('',(-0.172756480932236,0.0118599779298272,0.109841063783973));
#18581=CARTESIAN_POINT('',(-0.168756480932235,0.0118599779298272,0.109841063783973));
#18582=CARTESIAN_POINT('',(-0.172756480932236,0.0162173574401008,0.103818124056204));
#18583=CARTESIAN_POINT('',(-0.172756480932236,0.0262925423326728,0.0954326045042496));
#18584=CARTESIAN_POINT('',(-0.172756480932236,0.0319290345820412,0.0907413838005619));
#18585=CARTESIAN_POINT('',(-0.172756480932236,0.0284680600342147,0.086583029835516));
#18586=CARTESIAN_POINT('',(-0.172756480932236,0.02550801415994,0.0820544118408618));
#18587=CARTESIAN_POINT('',(-0.172756480932236,0.0301006551761979,0.0984977030369135));
#18588=CARTESIAN_POINT('',(-0.172756480932236,0.0320052615470414,0.100030694949824));
#18589=CARTESIAN_POINT('',(-0.172756480932236,0.0234614964755533,0.0833920795875009));
#18590=CARTESIAN_POINT('',(-0.172756480932236,0.0193696429578299,0.0860666425860959));
#18591=CARTESIAN_POINT('',(-0.172756480932236,0.0286129943726946,0.104245285788465));
#18592=CARTESIAN_POINT('',(-0.172756480932236,0.0257276646895534,0.108821870228733));
#18593=CARTESIAN_POINT('',(-0.172756480932236,0.0212392513667137,0.0907480045032932));
#18594=CARTESIAN_POINT('',(-0.172756480932236,0.0166497988319264,0.0792563529814839));
#18595=CARTESIAN_POINT('',(-0.172756480932236,0.00797280666836625,0.0976282345519294));
#18596=CARTESIAN_POINT('',(-0.172756480932236,0.0195242767762147,0.104910914467728));
#18597=CARTESIAN_POINT('',(-0.172756480932236,0.0116254692440301,0.0812629333341003));
#18598=CARTESIAN_POINT('',(-0.172756480932236,0.00640379311112238,0.0826786843299815));
#18599=CARTESIAN_POINT('',(-0.172756480932236,0.0177859664287848,0.109479812538376));
#18600=CARTESIAN_POINT('',(-0.172756480932236,0.016916560216769,0.111764921391673));
#18601=CARTESIAN_POINT('',(-0.172756480932236,0.00704358199443708,0.0850384003759696));
#18602=CARTESIAN_POINT('',(-0.172756480932236,0.00832279028702329,0.089756469746818));
#18603=CARTESIAN_POINT('',(-0.172756480932236,0.0118599779298272,0.109841063783973));
#18604=CARTESIAN_POINT('',(-0.172756480932236,0.00661577156907039,0.108511194555397));
#18605=CARTESIAN_POINT('',(-0.172756480932236,0.00892376596420757,0.0897168645949188));
#18606=CARTESIAN_POINT('',(-0.172756480932236,0.00100534192374482,0.0902387000016253));
#18607=CARTESIAN_POINT('',(-0.172756480932236,0.00987512151687444,0.0956582738614566));
#18608=CARTESIAN_POINT('',(-0.172756480932236,0.00841835924259535,0.10140287026291));
#18609=CARTESIAN_POINT('',(-0.172756480932236,0.00136111001556974,0.095637188825746));
#18610=CARTESIAN_POINT('',(-0.172756480932236,0.00109398256146334,0.101040789055461));
#18611=CARTESIAN_POINT('',(-0.172756480932236,0.00858483496960297,0.101411100005163));
#18612=CARTESIAN_POINT('',(-0.168756480932235,0.00984422014316891,0.0953679183637297));
#18613=CARTESIAN_POINT('',(-0.168756480932235,0.00832279028702329,0.089756469746818));
#18614=CARTESIAN_POINT('',(-0.168756480932235,0.00640379311112232,0.0826786843299815));
#18615=CARTESIAN_POINT('',(-0.168756480932235,0.0116254692440301,0.0812629333341003));
#18616=CARTESIAN_POINT('',(-0.168756480932235,0.0166497988319264,0.0792563529814838));
#18617=CARTESIAN_POINT('',(-0.168756480932235,0.00848910854032334,0.0897455091373696));
#18618=CARTESIAN_POINT('',(-0.168756480932235,0.00100534192374482,0.0902387000016253));
#18619=CARTESIAN_POINT('',(-0.168756480932235,0.0175565880955869,0.0815268865892987));
#18620=CARTESIAN_POINT('',(-0.168756480932235,0.0193696429578298,0.0860666425860959));
#18621=CARTESIAN_POINT('',(-0.168756480932235,0.00136111001556974,0.095637188825746));
#18622=CARTESIAN_POINT('',(-0.168756480932235,0.00109398256146334,0.101040789055461));
#18623=CARTESIAN_POINT('',(-0.168756480932235,0.00799178231147857,0.0935035669422815));
#18624=CARTESIAN_POINT('',(-0.168756480932235,0.02550801415994,0.0820544118408617));
#18625=CARTESIAN_POINT('',(-0.168756480932235,0.00901322336864144,0.101432277423465));
#18626=CARTESIAN_POINT('',(-0.168756480932235,0.00841835924259535,0.10140287026291));
#18627=CARTESIAN_POINT('',(-0.168756480932235,0.0284680600342147,0.086583029835516));
#18628=CARTESIAN_POINT('',(-0.168756480932235,0.0319290345820413,0.090741383800562));
#18629=CARTESIAN_POINT('',(-0.168756480932235,0.00721674981396023,0.106141296924258));
#18630=CARTESIAN_POINT('',(-0.168756480932235,0.00661577156907039,0.108511194555397));
#18631=CARTESIAN_POINT('',(-0.168756480932235,0.0300498420916496,0.092305425109787));
#18632=CARTESIAN_POINT('',(-0.168756480932235,0.0262925423326728,0.0954326045042496));
#18633=CARTESIAN_POINT('',(-0.168756480932235,0.0118599779298272,0.109841063783973));
#18634=CARTESIAN_POINT('',(-0.168756480932235,0.016916560216769,0.111764921391673));
#18635=CARTESIAN_POINT('',(-0.168756480932235,0.0160237743987563,0.0871674120533407));
#18636=CARTESIAN_POINT('',(-0.168756480932235,0.0320052615470414,0.100030694949824));
#18637=CARTESIAN_POINT('',(-0.168756480932235,0.0213553027342175,0.100098326784984));
#18638=CARTESIAN_POINT('',(-0.168756480932235,0.0195242767762147,0.104910914467728));
#18639=CARTESIAN_POINT('',(-0.168756480932235,0.0286129943726946,0.104245285788465));
#18640=CARTESIAN_POINT('',(-0.168756480932235,0.0257276646895534,0.108821870228733));
#18641=CARTESIAN_POINT('',(-0.168756480932235,0.0236594705954271,0.107517967309829));
#18642=CARTESIAN_POINT('',(0.,0.,0.));
#18643=CARTESIAN_POINT('',(0.1397,0.12065,0.0538532969592676));
#18644=CARTESIAN_POINT('',(0.1397,0.12065,0.0488532969592676));
#18645=CARTESIAN_POINT('',(0.1524,0.12065,0.0488532969592676));
#18646=CARTESIAN_POINT('',(0.1397,0.13335,0.0488532969592676));
#18647=CARTESIAN_POINT('',(0.1524,0.12065,0.0538532969592676));
#18648=CARTESIAN_POINT('',(0.1524,0.12065,0.0487732969592676));
#18649=CARTESIAN_POINT('',(0.1397,0.12065,0.0487732969592676));
#18650=CARTESIAN_POINT('',(0.1397,0.13335,0.0487732969592676));
#18651=CARTESIAN_POINT('',(0.1397,0.13335,0.0538532969592676));
#18652=CARTESIAN_POINT('',(0.1397,-0.05715,0.0538532969592676));
#18653=CARTESIAN_POINT('',(0.1397,-0.05715,0.0488532969592676));
#18654=CARTESIAN_POINT('',(0.1397,-0.06985,0.0488532969592676));
#18655=CARTESIAN_POINT('',(0.1524,-0.05715,0.0488532969592676));
#18656=CARTESIAN_POINT('',(0.1397,-0.06985,0.0538532969592676));
#18657=CARTESIAN_POINT('',(0.1397,-0.06985,0.0487732969592676));
#18658=CARTESIAN_POINT('',(0.1397,-0.05715,0.0487732969592676));
#18659=CARTESIAN_POINT('',(0.1524,-0.05715,0.0487732969592676));
#18660=CARTESIAN_POINT('',(0.1524,-0.05715,0.0538532969592676));
#18661=CARTESIAN_POINT('',(-0.0381,0.12065,0.0538532969592676));
#18662=CARTESIAN_POINT('',(-0.0381,0.12065,0.0488532969592676));
#18663=CARTESIAN_POINT('',(-0.0381,0.13335,0.0488532969592676));
#18664=CARTESIAN_POINT('',(-0.0508,0.12065,0.0488532969592676));
#18665=CARTESIAN_POINT('',(-0.0381,0.13335,0.0538532969592676));
#18666=CARTESIAN_POINT('',(-0.0381,0.13335,0.0487732969592676));
#18667=CARTESIAN_POINT('',(-0.0381,0.12065,0.0487732969592676));
#18668=CARTESIAN_POINT('',(-0.0508,0.12065,0.0487732969592676));
#18669=CARTESIAN_POINT('',(-0.0508,0.12065,0.0538532969592676));
#18670=CARTESIAN_POINT('',(-0.0508,0.03175,0.0538532969592676));
#18671=CARTESIAN_POINT('',(-0.0508,-0.0570083495326336,0.0288532969592676));
#18672=CARTESIAN_POINT('',(-0.0508,-0.0570083495326336,0.0487732969592676));
#18673=CARTESIAN_POINT('',(-0.0508,-0.0570083495326336,0.0488532969592676));
#18674=CARTESIAN_POINT('',(-0.0508,-0.0570791747663168,0.0488532969592676));
#18675=CARTESIAN_POINT('',(-0.0508,-0.05715,0.0488532969592676));
#18676=CARTESIAN_POINT('',(-0.0508,-0.05715,0.0488532969592676));
#18677=CARTESIAN_POINT('',(-0.0508,-0.05715,0.0498532969592676));
#18678=CARTESIAN_POINT('',(-0.0508,0.03175,0.0498532969592676));
#18679=CARTESIAN_POINT('',(-0.0508,0.12065,0.0498532969592676));
#18680=CARTESIAN_POINT('',(-0.0508,0.12065,0.0538532969592676));
#18681=CARTESIAN_POINT('',(-0.0508,0.03175,0.0487732969592676));
#18682=CARTESIAN_POINT('',(0.1524,0.03175,0.0538532969592676));
#18683=CARTESIAN_POINT('',(0.1524,0.03175,0.0498532969592676));
#18684=CARTESIAN_POINT('',(0.1524,-0.05715,0.0498532969592676));
#18685=CARTESIAN_POINT('',(0.1524,0.12065,0.0498532969592676));
#18686=CARTESIAN_POINT('',(0.1524,-0.05715,0.0538532969592676));
#18687=CARTESIAN_POINT('',(0.1524,0.03175,0.0487732969592676));
#18688=CARTESIAN_POINT('',(0.1524,0.12065,0.0538532969592676));
#18689=CARTESIAN_POINT('',(0.0508,-0.06985,0.0538532969592676));
#18690=CARTESIAN_POINT('',(0.1397,-0.06985,0.0538532969592676));
#18691=CARTESIAN_POINT('',(0.1397,-0.06985,0.0498532969592676));
#18692=CARTESIAN_POINT('',(0.0508,-0.06985,0.0498532969592676));
#18693=CARTESIAN_POINT('',(-0.020693367047292,-0.06985,0.0498532969592676));
#18694=CARTESIAN_POINT('',(-0.020693367047292,-0.06985,0.0288532969592676));
#18695=CARTESIAN_POINT('',(-0.020693367047292,-0.06985,0.0487732969592676));
#18696=CARTESIAN_POINT('',(0.0508,-0.06985,0.0487732969592676));
#18697=CARTESIAN_POINT('',(0.0508,0.13335,0.0538532969592676));
#18698=CARTESIAN_POINT('',(0.0508,0.13335,0.0498532969592676));
#18699=CARTESIAN_POINT('',(0.1397,0.13335,0.0498532969592676));
#18700=CARTESIAN_POINT('',(-0.0381,0.13335,0.0498532969592676));
#18701=CARTESIAN_POINT('',(0.1397,0.13335,0.0538532969592676));
#18702=CARTESIAN_POINT('',(0.0508,0.13335,0.0487732969592676));
#18703=CARTESIAN_POINT('',(-0.0381,0.13335,0.0538532969592676));
#18704=CARTESIAN_POINT('',(0.0508,0.03175,0.0487732969592676));
#18705=CARTESIAN_POINT('',(0.0508,-0.0570083495326336,0.0487732969592676));
#18706=CARTESIAN_POINT('',(-0.0333686778354823,-0.0570083495326336,0.0487732969592676));
#18707=CARTESIAN_POINT('',(-0.020693367047292,0.03175,0.0487732969592676));
#18708=CARTESIAN_POINT('',(-0.020693367047292,-0.0580291029148637,0.0487732969592676));
#18709=CARTESIAN_POINT('',(-0.0270310224413872,-0.0575187262237487,0.0487732969592676));
#18710=CARTESIAN_POINT('',(0.135520730781555,-0.0575187262237487,0.0487732969592676));
#18711=CARTESIAN_POINT('',(0.129162558067549,-0.0575187262237487,0.0487732969592676));
#18712=CARTESIAN_POINT('',(0.116384833950609,-0.0573667939842162,0.0487732969592676));
#18713=CARTESIAN_POINT('',(0.110026661236603,-0.0573667939842162,0.0487732969592676));
#18714=CARTESIAN_POINT('',(0.0956679518726766,-0.0573667939842162,0.0487732969592676));
#18715=CARTESIAN_POINT('',(0.0893097791586701,-0.0573667939842162,0.0487732969592676));
#18716=CARTESIAN_POINT('',(0.0756949267763198,-0.0575187262237487,0.0487732969592676));
#18717=CARTESIAN_POINT('',(0.0693367540623133,-0.0575187262237487,0.0487732969592676));
#18718=CARTESIAN_POINT('',(0.0549780446983874,-0.0575187262237487,0.0487732969592676));
#18719=CARTESIAN_POINT('',(0.0486198719843809,-0.0575187262237487,0.0487732969592676));
#18720=CARTESIAN_POINT('',(0.0343757668108344,-0.0573667939842162,0.0487732969592676));
#18721=CARTESIAN_POINT('',(0.0280175940968279,-0.0573667939842162,0.0487732969592676));
#18722=CARTESIAN_POINT('',(0.0136588847329021,-0.0573667939842162,0.0487732969592676));
#18723=CARTESIAN_POINT('',(0.00730071201889558,-0.0573667939842162,0.0487732969592676));
#18724=CARTESIAN_POINT('',(-0.0063141403634548,-0.0575187262237487,0.0487732969592676));
#18725=CARTESIAN_POINT('',(-0.0126723130774613,-0.0575187262237487,0.0487732969592676));
#18726=CARTESIAN_POINT('',(0.135520730781555,0.12012881601519,0.0487732969592676));
#18727=CARTESIAN_POINT('',(0.129162558067549,0.12012881601519,0.0487732969592676));
#18728=CARTESIAN_POINT('',(0.116384833950609,0.120280748254723,0.0487732969592676));
#18729=CARTESIAN_POINT('',(0.110026661236603,0.120280748254723,0.0487732969592676));
#18730=CARTESIAN_POINT('',(0.0956679518726766,0.120280748254723,0.0487732969592676));
#18731=CARTESIAN_POINT('',(0.0893097791586701,0.120280748254723,0.0487732969592676));
#18732=CARTESIAN_POINT('',(0.0756949267763197,0.12012881601519,0.0487732969592676));
#18733=CARTESIAN_POINT('',(0.0693367540623132,0.12012881601519,0.0487732969592676));
#18734=CARTESIAN_POINT('',(0.0549780446983874,0.12012881601519,0.0487732969592676));
#18735=CARTESIAN_POINT('',(0.0486198719843809,0.12012881601519,0.0487732969592676));
#18736=CARTESIAN_POINT('',(0.0343757668108344,0.120280748254723,0.0487732969592676));
#18737=CARTESIAN_POINT('',(0.0280175940968279,0.120280748254723,0.0487732969592676));
#18738=CARTESIAN_POINT('',(0.013658884732902,0.120280748254723,0.0487732969592676));
#18739=CARTESIAN_POINT('',(0.00730071201889556,0.120280748254723,0.0487732969592676));
#18740=CARTESIAN_POINT('',(-0.00631414036345481,0.12012881601519,0.0487732969592676));
#18741=CARTESIAN_POINT('',(-0.0126723130774613,0.12012881601519,0.0487732969592676));
#18742=CARTESIAN_POINT('',(-0.0270310224413872,0.12012881601519,0.0487732969592676));
#18743=CARTESIAN_POINT('',(-0.0333891951553936,0.12012881601519,0.0487732969592676));
#18744=CARTESIAN_POINT('',(0.135520730781555,0.0983309015404058,0.0487732969592676));
#18745=CARTESIAN_POINT('',(0.129162558067549,0.0983309015404058,0.0487732969592676));
#18746=CARTESIAN_POINT('',(0.116384833950609,0.0984828337799383,0.0487732969592676));
#18747=CARTESIAN_POINT('',(0.110026661236603,0.0984828337799383,0.0487732969592676));
#18748=CARTESIAN_POINT('',(0.0956679518726766,0.0984828337799383,0.0487732969592676));
#18749=CARTESIAN_POINT('',(0.0893097791586701,0.0984828337799383,0.0487732969592676));
#18750=CARTESIAN_POINT('',(0.0756949267763198,0.0983309015404058,0.0487732969592676));
#18751=CARTESIAN_POINT('',(0.0693367540623133,0.0983309015404058,0.0487732969592676));
#18752=CARTESIAN_POINT('',(0.0549780446983874,0.0983309015404058,0.0487732969592676));
#18753=CARTESIAN_POINT('',(0.0486198719843809,0.0983309015404058,0.0487732969592676));
#18754=CARTESIAN_POINT('',(0.0343757668108344,0.0984828337799383,0.0487732969592676));
#18755=CARTESIAN_POINT('',(0.0280175940968279,0.0984828337799383,0.0487732969592676));
#18756=CARTESIAN_POINT('',(0.013658884732902,0.0984828337799383,0.0487732969592676));
#18757=CARTESIAN_POINT('',(0.00730071201889556,0.0984828337799383,0.0487732969592676));
#18758=CARTESIAN_POINT('',(-0.00631414036345481,0.0983309015404058,0.0487732969592676));
#18759=CARTESIAN_POINT('',(-0.0126723130774613,0.0983309015404058,0.0487732969592676));
#18760=CARTESIAN_POINT('',(-0.0270310224413872,0.0983309015404058,0.0487732969592676));
#18761=CARTESIAN_POINT('',(-0.0333891951553936,0.0983309015404058,0.0487732969592676));
#18762=CARTESIAN_POINT('',(0.135520730781555,0.0782711175973833,0.0487732969592676));
#18763=CARTESIAN_POINT('',(0.129162558067549,0.0782711175973833,0.0487732969592676));
#18764=CARTESIAN_POINT('',(0.116384833950609,0.0784230498369157,0.0487732969592676));
#18765=CARTESIAN_POINT('',(0.110026661236603,0.0784230498369157,0.0487732969592676));
#18766=CARTESIAN_POINT('',(0.0956679518726766,0.0784230498369157,0.0487732969592676));
#18767=CARTESIAN_POINT('',(0.0893097791586701,0.0784230498369157,0.0487732969592676));
#18768=CARTESIAN_POINT('',(0.0756949267763198,0.0782711175973833,0.0487732969592676));
#18769=CARTESIAN_POINT('',(0.0693367540623133,0.0782711175973833,0.0487732969592676));
#18770=CARTESIAN_POINT('',(0.0549780446983874,0.0782711175973833,0.0487732969592676));
#18771=CARTESIAN_POINT('',(0.0486198719843809,0.0782711175973833,0.0487732969592676));
#18772=CARTESIAN_POINT('',(0.0343757668108344,0.0784230498369157,0.0487732969592676));
#18773=CARTESIAN_POINT('',(0.0280175940968279,0.0784230498369157,0.0487732969592676));
#18774=CARTESIAN_POINT('',(0.013658884732902,0.0784230498369157,0.0487732969592676));
#18775=CARTESIAN_POINT('',(0.00730071201889556,0.0784230498369157,0.0487732969592676));
#18776=CARTESIAN_POINT('',(-0.00631414036345481,0.0782711175973833,0.0487732969592676));
#18777=CARTESIAN_POINT('',(-0.0126723130774613,0.0782711175973833,0.0487732969592676));
#18778=CARTESIAN_POINT('',(-0.0270310224413872,0.0782711175973833,0.0487732969592676));
#18779=CARTESIAN_POINT('',(-0.0333891951553936,0.0782711175973833,0.0487732969592676));
#18780=CARTESIAN_POINT('',(0.135520730781555,0.059333997110529,0.0487732969592676));
#18781=CARTESIAN_POINT('',(0.129162558067549,0.059333997110529,0.0487732969592676));
#18782=CARTESIAN_POINT('',(0.116384833950609,0.0594859293500615,0.0487732969592676));
#18783=CARTESIAN_POINT('',(0.110026661236603,0.0594859293500615,0.0487732969592676));
#18784=CARTESIAN_POINT('',(0.0956679518726766,0.0594859293500615,0.0487732969592676));
#18785=CARTESIAN_POINT('',(0.0893097791586701,0.0594859293500615,0.0487732969592676));
#18786=CARTESIAN_POINT('',(0.0756949267763198,0.059333997110529,0.0487732969592676));
#18787=CARTESIAN_POINT('',(0.0693367540623133,0.059333997110529,0.0487732969592676));
#18788=CARTESIAN_POINT('',(0.0549780446983874,0.059333997110529,0.0487732969592676));
#18789=CARTESIAN_POINT('',(0.0486198719843809,0.059333997110529,0.0487732969592676));
#18790=CARTESIAN_POINT('',(0.0343757668108344,0.0594859293500615,0.0487732969592676));
#18791=CARTESIAN_POINT('',(0.0280175940968279,0.0594859293500615,0.0487732969592676));
#18792=CARTESIAN_POINT('',(0.013658884732902,0.0594859293500615,0.0487732969592676));
#18793=CARTESIAN_POINT('',(0.00730071201889556,0.0594859293500615,0.0487732969592676));
#18794=CARTESIAN_POINT('',(-0.00631414036345481,0.059333997110529,0.0487732969592676));
#18795=CARTESIAN_POINT('',(-0.0126723130774613,0.059333997110529,0.0487732969592676));
#18796=CARTESIAN_POINT('',(-0.0270310224413872,0.059333997110529,0.0487732969592676));
#18797=CARTESIAN_POINT('',(-0.0333891951553936,0.059333997110529,0.0487732969592676));
#18798=CARTESIAN_POINT('',(0.135520730781555,0.0392742131675064,0.0487732969592676));
#18799=CARTESIAN_POINT('',(0.129162558067549,0.0392742131675064,0.0487732969592676));
#18800=CARTESIAN_POINT('',(0.116384833950609,0.0394261454070389,0.0487732969592676));
#18801=CARTESIAN_POINT('',(0.110026661236603,0.0394261454070389,0.0487732969592676));
#18802=CARTESIAN_POINT('',(0.0956679518726766,0.0394261454070389,0.0487732969592676));
#18803=CARTESIAN_POINT('',(0.0893097791586701,0.0394261454070389,0.0487732969592676));
#18804=CARTESIAN_POINT('',(0.0756949267763198,0.0392742131675064,0.0487732969592676));
#18805=CARTESIAN_POINT('',(0.0693367540623133,0.0392742131675064,0.0487732969592676));
#18806=CARTESIAN_POINT('',(0.0549780446983874,0.0392742131675064,0.0487732969592676));
#18807=CARTESIAN_POINT('',(0.0486198719843809,0.0392742131675064,0.0487732969592676));
#18808=CARTESIAN_POINT('',(0.0343757668108344,0.0394261454070389,0.0487732969592676));
#18809=CARTESIAN_POINT('',(0.0280175940968279,0.0394261454070389,0.0487732969592676));
#18810=CARTESIAN_POINT('',(0.013658884732902,0.0394261454070389,0.0487732969592676));
#18811=CARTESIAN_POINT('',(0.00730071201889556,0.0394261454070389,0.0487732969592676));
#18812=CARTESIAN_POINT('',(-0.00631414036345481,0.0392742131675064,0.0487732969592676));
#18813=CARTESIAN_POINT('',(-0.0126723130774613,0.0392742131675064,0.0487732969592676));
#18814=CARTESIAN_POINT('',(-0.0270310224413872,0.0392742131675064,0.0487732969592676));
#18815=CARTESIAN_POINT('',(-0.0333891951553936,0.0392742131675064,0.0487732969592676));
#18816=CARTESIAN_POINT('',(0.135520730781555,0.0217957116404184,0.0487732969592676));
#18817=CARTESIAN_POINT('',(0.129162558067549,0.0217957116404184,0.0487732969592676));
#18818=CARTESIAN_POINT('',(0.116384833950609,0.0219476438799509,0.0487732969592676));
#18819=CARTESIAN_POINT('',(0.110026661236603,0.0219476438799509,0.0487732969592676));
#18820=CARTESIAN_POINT('',(0.0956679518726766,0.0219476438799509,0.0487732969592676));
#18821=CARTESIAN_POINT('',(0.0893097791586701,0.0219476438799509,0.0487732969592676));
#18822=CARTESIAN_POINT('',(0.0756949267763198,0.0217957116404184,0.0487732969592676));
#18823=CARTESIAN_POINT('',(0.0693367540623133,0.0217957116404184,0.0487732969592676));
#18824=CARTESIAN_POINT('',(0.0549780446983874,0.0217957116404184,0.0487732969592676));
#18825=CARTESIAN_POINT('',(0.0486198719843809,0.0217957116404184,0.0487732969592676));
#18826=CARTESIAN_POINT('',(0.0343757668108344,0.0219476438799509,0.0487732969592676));
#18827=CARTESIAN_POINT('',(0.0280175940968279,0.0219476438799509,0.0487732969592676));
#18828=CARTESIAN_POINT('',(0.013658884732902,0.0219476438799509,0.0487732969592676));
#18829=CARTESIAN_POINT('',(0.00730071201889556,0.0219476438799509,0.0487732969592676));
#18830=CARTESIAN_POINT('',(-0.00631414036345481,0.0217957116404184,0.0487732969592676));
#18831=CARTESIAN_POINT('',(-0.0126723130774613,0.0217957116404184,0.0487732969592676));
#18832=CARTESIAN_POINT('',(-0.0270310224413872,0.0217957116404184,0.0487732969592676));
#18833=CARTESIAN_POINT('',(-0.0333891951553936,0.0217957116404184,0.0487732969592676));
#18834=CARTESIAN_POINT('',(0.135520730781555,0.00173592769739589,0.0487732969592676));
#18835=CARTESIAN_POINT('',(0.129162558067549,0.00173592769739589,0.0487732969592676));
#18836=CARTESIAN_POINT('',(0.116384833950609,0.00188785993692836,0.0487732969592676));
#18837=CARTESIAN_POINT('',(0.110026661236603,0.00188785993692836,0.0487732969592676));
#18838=CARTESIAN_POINT('',(0.0956679518726766,0.00188785993692836,0.0487732969592676));
#18839=CARTESIAN_POINT('',(0.0893097791586701,0.00188785993692836,0.0487732969592676));
#18840=CARTESIAN_POINT('',(0.0756949267763198,0.00173592769739589,0.0487732969592676));
#18841=CARTESIAN_POINT('',(0.0693367540623133,0.00173592769739589,0.0487732969592676));
#18842=CARTESIAN_POINT('',(0.0549780446983874,0.00173592769739589,0.0487732969592676));
#18843=CARTESIAN_POINT('',(0.0486198719843809,0.00173592769739589,0.0487732969592676));
#18844=CARTESIAN_POINT('',(0.0343757668108344,0.00188785993692836,0.0487732969592676));
#18845=CARTESIAN_POINT('',(0.0280175940968279,0.00188785993692836,0.0487732969592676));
#18846=CARTESIAN_POINT('',(0.013658884732902,0.00188785993692836,0.0487732969592676));
#18847=CARTESIAN_POINT('',(0.00730071201889556,0.00188785993692836,0.0487732969592676));
#18848=CARTESIAN_POINT('',(-0.00631414036345481,0.00173592769739589,0.0487732969592676));
#18849=CARTESIAN_POINT('',(-0.0126723130774613,0.00173592769739589,0.0487732969592676));
#18850=CARTESIAN_POINT('',(-0.0270310224413872,0.00173592769739589,0.0487732969592676));
#18851=CARTESIAN_POINT('',(-0.0333891951553936,0.00173592769739589,0.0487732969592676));
#18852=CARTESIAN_POINT('',(0.135520730781555,-0.0172011927894584,0.0487732969592676));
#18853=CARTESIAN_POINT('',(0.129162558067549,-0.0172011927894584,0.0487732969592676));
#18854=CARTESIAN_POINT('',(0.116384833950609,-0.0170492605499259,0.0487732969592676));
#18855=CARTESIAN_POINT('',(0.110026661236603,-0.0170492605499259,0.0487732969592676));
#18856=CARTESIAN_POINT('',(0.0956679518726766,-0.0170492605499259,0.0487732969592676));
#18857=CARTESIAN_POINT('',(0.0893097791586701,-0.0170492605499259,0.0487732969592676));
#18858=CARTESIAN_POINT('',(0.0756949267763198,-0.0172011927894584,0.0487732969592676));
#18859=CARTESIAN_POINT('',(0.0693367540623133,-0.0172011927894584,0.0487732969592676));
#18860=CARTESIAN_POINT('',(0.0549780446983874,-0.0172011927894584,0.0487732969592676));
#18861=CARTESIAN_POINT('',(0.0486198719843809,-0.0172011927894584,0.0487732969592676));
#18862=CARTESIAN_POINT('',(0.0343757668108344,-0.0170492605499259,0.0487732969592676));
#18863=CARTESIAN_POINT('',(0.0280175940968279,-0.0170492605499259,0.0487732969592676));
#18864=CARTESIAN_POINT('',(0.013658884732902,-0.0170492605499259,0.0487732969592676));
#18865=CARTESIAN_POINT('',(0.00730071201889556,-0.0170492605499259,0.0487732969592676));
#18866=CARTESIAN_POINT('',(-0.00631414036345481,-0.0172011927894584,0.0487732969592676));
#18867=CARTESIAN_POINT('',(-0.0126723130774613,-0.0172011927894584,0.0487732969592676));
#18868=CARTESIAN_POINT('',(-0.0270310224413872,-0.0172011927894584,0.0487732969592676));
#18869=CARTESIAN_POINT('',(-0.0333891951553936,-0.0172011927894584,0.0487732969592676));
#18870=CARTESIAN_POINT('',(0.135520730781555,-0.0372609767324809,0.0487732969592676));
#18871=CARTESIAN_POINT('',(0.129162558067549,-0.0372609767324809,0.0487732969592676));
#18872=CARTESIAN_POINT('',(0.116384833950609,-0.0371090444929485,0.0487732969592676));
#18873=CARTESIAN_POINT('',(0.110026661236603,-0.0371090444929485,0.0487732969592676));
#18874=CARTESIAN_POINT('',(0.0956679518726766,-0.0371090444929485,0.0487732969592676));
#18875=CARTESIAN_POINT('',(0.0893097791586701,-0.0371090444929485,0.0487732969592676));
#18876=CARTESIAN_POINT('',(0.0756949267763198,-0.0372609767324809,0.0487732969592676));
#18877=CARTESIAN_POINT('',(0.0693367540623133,-0.0372609767324809,0.0487732969592676));
#18878=CARTESIAN_POINT('',(0.0549780446983874,-0.0372609767324809,0.0487732969592676));
#18879=CARTESIAN_POINT('',(0.0486198719843809,-0.0372609767324809,0.0487732969592676));
#18880=CARTESIAN_POINT('',(0.0343757668108344,-0.0371090444929485,0.0487732969592676));
#18881=CARTESIAN_POINT('',(0.0280175940968279,-0.0371090444929485,0.0487732969592676));
#18882=CARTESIAN_POINT('',(0.013658884732902,-0.0371090444929485,0.0487732969592676));
#18883=CARTESIAN_POINT('',(0.00730071201889556,-0.0371090444929485,0.0487732969592676));
#18884=CARTESIAN_POINT('',(-0.00631414036345481,-0.0372609767324809,0.0487732969592676));
#18885=CARTESIAN_POINT('',(-0.0126723130774613,-0.0372609767324809,0.0487732969592676));
#18886=CARTESIAN_POINT('',(-0.0270310224413872,-0.0372609767324809,0.0487732969592676));
#18887=CARTESIAN_POINT('',(-0.0333891951553936,-0.0372609767324809,0.0487732969592676));
#18888=CARTESIAN_POINT('',(-0.0270310224413872,-0.0372609767324809,0.0995732969592676));
#18889=CARTESIAN_POINT('',(-0.0270310224413872,-0.0372609767324809,0.0498532969592676));
#18890=CARTESIAN_POINT('',(-0.0333891951553936,-0.0372609767324809,0.0498532969592676));
#18891=CARTESIAN_POINT('',(-0.00631414036345481,-0.0372609767324809,0.0995732969592676));
#18892=CARTESIAN_POINT('',(-0.00631414036345481,-0.0372609767324809,0.0498532969592676));
#18893=CARTESIAN_POINT('',(-0.0126723130774613,-0.0372609767324809,0.0498532969592676));
#18894=CARTESIAN_POINT('',(0.013658884732902,-0.0371090444929485,0.0995732969592676));
#18895=CARTESIAN_POINT('',(0.013658884732902,-0.0371090444929485,0.0498532969592676));
#18896=CARTESIAN_POINT('',(0.00730071201889556,-0.0371090444929485,0.0498532969592676));
#18897=CARTESIAN_POINT('',(0.0343757668108344,-0.0371090444929485,0.0995732969592676));
#18898=CARTESIAN_POINT('',(0.0343757668108344,-0.0371090444929485,0.0498532969592676));
#18899=CARTESIAN_POINT('',(0.0280175940968279,-0.0371090444929485,0.0498532969592676));
#18900=CARTESIAN_POINT('',(0.0549780446983874,-0.0372609767324809,0.0995732969592676));
#18901=CARTESIAN_POINT('',(0.0549780446983874,-0.0372609767324809,0.0498532969592676));
#18902=CARTESIAN_POINT('',(0.0486198719843809,-0.0372609767324809,0.0498532969592676));
#18903=CARTESIAN_POINT('',(0.0756949267763198,-0.0372609767324809,0.0995732969592676));
#18904=CARTESIAN_POINT('',(0.0756949267763198,-0.0372609767324809,0.0498532969592676));
#18905=CARTESIAN_POINT('',(0.0693367540623133,-0.0372609767324809,0.0498532969592676));
#18906=CARTESIAN_POINT('',(0.0956679518726766,-0.0371090444929485,0.0995732969592676));
#18907=CARTESIAN_POINT('',(0.0956679518726766,-0.0371090444929485,0.0498532969592676));
#18908=CARTESIAN_POINT('',(0.0893097791586701,-0.0371090444929485,0.0498532969592676));
#18909=CARTESIAN_POINT('',(0.116384833950609,-0.0371090444929485,0.0995732969592676));
#18910=CARTESIAN_POINT('',(0.116384833950609,-0.0371090444929485,0.0498532969592676));
#18911=CARTESIAN_POINT('',(0.110026661236603,-0.0371090444929485,0.0498532969592676));
#18912=CARTESIAN_POINT('',(0.135520730781555,-0.0372609767324809,0.0995732969592676));
#18913=CARTESIAN_POINT('',(0.135520730781555,-0.0372609767324809,0.0498532969592676));
#18914=CARTESIAN_POINT('',(0.129162558067549,-0.0372609767324809,0.0498532969592676));
#18915=CARTESIAN_POINT('',(-0.0270310224413872,-0.0172011927894584,0.0995732969592676));
#18916=CARTESIAN_POINT('',(-0.0270310224413872,-0.0172011927894584,0.0498532969592676));
#18917=CARTESIAN_POINT('',(-0.0333891951553936,-0.0172011927894584,0.0498532969592676));
#18918=CARTESIAN_POINT('',(-0.00631414036345481,-0.0172011927894584,0.0995732969592676));
#18919=CARTESIAN_POINT('',(-0.00631414036345481,-0.0172011927894584,0.0498532969592676));
#18920=CARTESIAN_POINT('',(-0.0126723130774613,-0.0172011927894584,0.0498532969592676));
#18921=CARTESIAN_POINT('',(0.013658884732902,-0.0170492605499259,0.0995732969592676));
#18922=CARTESIAN_POINT('',(0.013658884732902,-0.0170492605499259,0.0498532969592676));
#18923=CARTESIAN_POINT('',(0.00730071201889556,-0.0170492605499259,0.0498532969592676));
#18924=CARTESIAN_POINT('',(0.0343757668108344,-0.0170492605499259,0.0995732969592676));
#18925=CARTESIAN_POINT('',(0.0343757668108344,-0.0170492605499259,0.0498532969592676));
#18926=CARTESIAN_POINT('',(0.0280175940968279,-0.0170492605499259,0.0498532969592676));
#18927=CARTESIAN_POINT('',(0.0549780446983874,-0.0172011927894584,0.0995732969592676));
#18928=CARTESIAN_POINT('',(0.0549780446983874,-0.0172011927894584,0.0498532969592676));
#18929=CARTESIAN_POINT('',(0.0486198719843809,-0.0172011927894584,0.0498532969592676));
#18930=CARTESIAN_POINT('',(0.0756949267763198,-0.0172011927894584,0.0995732969592676));
#18931=CARTESIAN_POINT('',(0.0756949267763198,-0.0172011927894584,0.0498532969592676));
#18932=CARTESIAN_POINT('',(0.0693367540623133,-0.0172011927894584,0.0498532969592676));
#18933=CARTESIAN_POINT('',(0.0956679518726766,-0.0170492605499259,0.0995732969592676));
#18934=CARTESIAN_POINT('',(0.0956679518726766,-0.0170492605499259,0.0498532969592676));
#18935=CARTESIAN_POINT('',(0.0893097791586701,-0.0170492605499259,0.0498532969592676));
#18936=CARTESIAN_POINT('',(0.116384833950609,-0.0170492605499259,0.0995732969592676));
#18937=CARTESIAN_POINT('',(0.116384833950609,-0.0170492605499259,0.0498532969592676));
#18938=CARTESIAN_POINT('',(0.110026661236603,-0.0170492605499259,0.0498532969592676));
#18939=CARTESIAN_POINT('',(0.135520730781555,-0.0172011927894584,0.0995732969592676));
#18940=CARTESIAN_POINT('',(0.135520730781555,-0.0172011927894584,0.0498532969592676));
#18941=CARTESIAN_POINT('',(0.129162558067549,-0.0172011927894584,0.0498532969592676));
#18942=CARTESIAN_POINT('',(-0.0270310224413872,0.00173592769739589,0.0995732969592676));
#18943=CARTESIAN_POINT('',(-0.0270310224413872,0.00173592769739589,0.0498532969592676));
#18944=CARTESIAN_POINT('',(-0.0333891951553936,0.00173592769739589,0.0498532969592676));
#18945=CARTESIAN_POINT('',(-0.00631414036345481,0.00173592769739589,0.0995732969592676));
#18946=CARTESIAN_POINT('',(-0.00631414036345481,0.00173592769739589,0.0498532969592676));
#18947=CARTESIAN_POINT('',(-0.0126723130774613,0.00173592769739589,0.0498532969592676));
#18948=CARTESIAN_POINT('',(0.013658884732902,0.00188785993692836,0.0995732969592676));
#18949=CARTESIAN_POINT('',(0.013658884732902,0.00188785993692836,0.0498532969592676));
#18950=CARTESIAN_POINT('',(0.00730071201889556,0.00188785993692836,0.0498532969592676));
#18951=CARTESIAN_POINT('',(0.0343757668108344,0.00188785993692836,0.0995732969592676));
#18952=CARTESIAN_POINT('',(0.0343757668108344,0.00188785993692836,0.0498532969592676));
#18953=CARTESIAN_POINT('',(0.0280175940968279,0.00188785993692836,0.0498532969592676));
#18954=CARTESIAN_POINT('',(0.0549780446983874,0.00173592769739589,0.0995732969592676));
#18955=CARTESIAN_POINT('',(0.0549780446983874,0.00173592769739589,0.0498532969592676));
#18956=CARTESIAN_POINT('',(0.0486198719843809,0.00173592769739589,0.0498532969592676));
#18957=CARTESIAN_POINT('',(0.0756949267763198,0.00173592769739589,0.0995732969592676));
#18958=CARTESIAN_POINT('',(0.0756949267763198,0.00173592769739589,0.0498532969592676));
#18959=CARTESIAN_POINT('',(0.0693367540623133,0.00173592769739589,0.0498532969592676));
#18960=CARTESIAN_POINT('',(0.0956679518726766,0.00188785993692836,0.0995732969592676));
#18961=CARTESIAN_POINT('',(0.0956679518726766,0.00188785993692836,0.0498532969592676));
#18962=CARTESIAN_POINT('',(0.0893097791586701,0.00188785993692836,0.0498532969592676));
#18963=CARTESIAN_POINT('',(0.116384833950609,0.00188785993692836,0.0995732969592676));
#18964=CARTESIAN_POINT('',(0.116384833950609,0.00188785993692836,0.0498532969592676));
#18965=CARTESIAN_POINT('',(0.110026661236603,0.00188785993692836,0.0498532969592676));
#18966=CARTESIAN_POINT('',(0.135520730781555,0.00173592769739589,0.0995732969592676));
#18967=CARTESIAN_POINT('',(0.135520730781555,0.00173592769739589,0.0498532969592676));
#18968=CARTESIAN_POINT('',(0.129162558067549,0.00173592769739589,0.0498532969592676));
#18969=CARTESIAN_POINT('',(-0.0270310224413872,0.0217957116404184,0.0995732969592676));
#18970=CARTESIAN_POINT('',(-0.0270310224413872,0.0217957116404184,0.0498532969592676));
#18971=CARTESIAN_POINT('',(-0.0333891951553936,0.0217957116404184,0.0498532969592676));
#18972=CARTESIAN_POINT('',(-0.00631414036345481,0.0217957116404184,0.0995732969592676));
#18973=CARTESIAN_POINT('',(-0.00631414036345481,0.0217957116404184,0.0498532969592676));
#18974=CARTESIAN_POINT('',(-0.0126723130774613,0.0217957116404184,0.0498532969592676));
#18975=CARTESIAN_POINT('',(0.013658884732902,0.0219476438799509,0.0995732969592676));
#18976=CARTESIAN_POINT('',(0.013658884732902,0.0219476438799509,0.0498532969592676));
#18977=CARTESIAN_POINT('',(0.00730071201889556,0.0219476438799509,0.0498532969592676));
#18978=CARTESIAN_POINT('',(0.0343757668108344,0.0219476438799509,0.0995732969592676));
#18979=CARTESIAN_POINT('',(0.0343757668108344,0.0219476438799509,0.0498532969592676));
#18980=CARTESIAN_POINT('',(0.0280175940968279,0.0219476438799509,0.0498532969592676));
#18981=CARTESIAN_POINT('',(0.0549780446983874,0.0217957116404184,0.0995732969592676));
#18982=CARTESIAN_POINT('',(0.0549780446983874,0.0217957116404184,0.0498532969592676));
#18983=CARTESIAN_POINT('',(0.0486198719843809,0.0217957116404184,0.0498532969592676));
#18984=CARTESIAN_POINT('',(0.0756949267763198,0.0217957116404184,0.0995732969592676));
#18985=CARTESIAN_POINT('',(0.0756949267763198,0.0217957116404184,0.0498532969592676));
#18986=CARTESIAN_POINT('',(0.0693367540623133,0.0217957116404184,0.0498532969592676));
#18987=CARTESIAN_POINT('',(0.0956679518726766,0.0219476438799509,0.0995732969592676));
#18988=CARTESIAN_POINT('',(0.0956679518726766,0.0219476438799509,0.0498532969592676));
#18989=CARTESIAN_POINT('',(0.0893097791586701,0.0219476438799509,0.0498532969592676));
#18990=CARTESIAN_POINT('',(0.116384833950609,0.0219476438799509,0.0995732969592676));
#18991=CARTESIAN_POINT('',(0.116384833950609,0.0219476438799509,0.0498532969592676));
#18992=CARTESIAN_POINT('',(0.110026661236603,0.0219476438799509,0.0498532969592676));
#18993=CARTESIAN_POINT('',(0.135520730781555,0.0217957116404184,0.0995732969592676));
#18994=CARTESIAN_POINT('',(0.135520730781555,0.0217957116404184,0.0498532969592676));
#18995=CARTESIAN_POINT('',(0.129162558067549,0.0217957116404184,0.0498532969592676));
#18996=CARTESIAN_POINT('',(-0.0270310224413872,0.0392742131675064,0.0995732969592676));
#18997=CARTESIAN_POINT('',(-0.0270310224413872,0.0392742131675064,0.0498532969592676));
#18998=CARTESIAN_POINT('',(-0.0333891951553936,0.0392742131675064,0.0498532969592676));
#18999=CARTESIAN_POINT('',(-0.00631414036345481,0.0392742131675064,0.0995732969592676));
#19000=CARTESIAN_POINT('',(-0.00631414036345481,0.0392742131675064,0.0498532969592676));
#19001=CARTESIAN_POINT('',(-0.0126723130774613,0.0392742131675064,0.0498532969592676));
#19002=CARTESIAN_POINT('',(0.013658884732902,0.0394261454070389,0.0995732969592676));
#19003=CARTESIAN_POINT('',(0.013658884732902,0.0394261454070389,0.0498532969592676));
#19004=CARTESIAN_POINT('',(0.00730071201889556,0.0394261454070389,0.0498532969592676));
#19005=CARTESIAN_POINT('',(0.0343757668108344,0.0394261454070389,0.0995732969592676));
#19006=CARTESIAN_POINT('',(0.0343757668108344,0.0394261454070389,0.0498532969592676));
#19007=CARTESIAN_POINT('',(0.0280175940968279,0.0394261454070389,0.0498532969592676));
#19008=CARTESIAN_POINT('',(0.0549780446983874,0.0392742131675064,0.0995732969592676));
#19009=CARTESIAN_POINT('',(0.0549780446983874,0.0392742131675064,0.0498532969592676));
#19010=CARTESIAN_POINT('',(0.0486198719843809,0.0392742131675064,0.0498532969592676));
#19011=CARTESIAN_POINT('',(0.0756949267763198,0.0392742131675064,0.0995732969592676));
#19012=CARTESIAN_POINT('',(0.0756949267763198,0.0392742131675064,0.0498532969592676));
#19013=CARTESIAN_POINT('',(0.0693367540623133,0.0392742131675064,0.0498532969592676));
#19014=CARTESIAN_POINT('',(0.0956679518726766,0.0394261454070389,0.0995732969592676));
#19015=CARTESIAN_POINT('',(0.0956679518726766,0.0394261454070389,0.0498532969592676));
#19016=CARTESIAN_POINT('',(0.0893097791586701,0.0394261454070389,0.0498532969592676));
#19017=CARTESIAN_POINT('',(0.116384833950609,0.0394261454070389,0.0995732969592676));
#19018=CARTESIAN_POINT('',(0.116384833950609,0.0394261454070389,0.0498532969592676));
#19019=CARTESIAN_POINT('',(0.110026661236603,0.0394261454070389,0.0498532969592676));
#19020=CARTESIAN_POINT('',(0.135520730781555,0.0392742131675064,0.0995732969592676));
#19021=CARTESIAN_POINT('',(0.135520730781555,0.0392742131675064,0.0498532969592676));
#19022=CARTESIAN_POINT('',(0.129162558067549,0.0392742131675064,0.0498532969592676));
#19023=CARTESIAN_POINT('',(-0.0270310224413872,0.059333997110529,0.0995732969592676));
#19024=CARTESIAN_POINT('',(-0.0270310224413872,0.059333997110529,0.0498532969592676));
#19025=CARTESIAN_POINT('',(-0.0333891951553936,0.059333997110529,0.0498532969592676));
#19026=CARTESIAN_POINT('',(-0.00631414036345481,0.059333997110529,0.0995732969592676));
#19027=CARTESIAN_POINT('',(-0.00631414036345481,0.059333997110529,0.0498532969592676));
#19028=CARTESIAN_POINT('',(-0.0126723130774613,0.059333997110529,0.0498532969592676));
#19029=CARTESIAN_POINT('',(0.013658884732902,0.0594859293500615,0.0995732969592676));
#19030=CARTESIAN_POINT('',(0.013658884732902,0.0594859293500615,0.0498532969592676));
#19031=CARTESIAN_POINT('',(0.00730071201889556,0.0594859293500615,0.0498532969592676));
#19032=CARTESIAN_POINT('',(0.0343757668108344,0.0594859293500615,0.0995732969592676));
#19033=CARTESIAN_POINT('',(0.0343757668108344,0.0594859293500615,0.0498532969592676));
#19034=CARTESIAN_POINT('',(0.0280175940968279,0.0594859293500615,0.0498532969592676));
#19035=CARTESIAN_POINT('',(0.0549780446983874,0.059333997110529,0.0995732969592676));
#19036=CARTESIAN_POINT('',(0.0549780446983874,0.059333997110529,0.0498532969592676));
#19037=CARTESIAN_POINT('',(0.0486198719843809,0.059333997110529,0.0498532969592676));
#19038=CARTESIAN_POINT('',(0.0756949267763198,0.059333997110529,0.0995732969592676));
#19039=CARTESIAN_POINT('',(0.0756949267763198,0.059333997110529,0.0498532969592676));
#19040=CARTESIAN_POINT('',(0.0693367540623133,0.059333997110529,0.0498532969592676));
#19041=CARTESIAN_POINT('',(0.0956679518726766,0.0594859293500615,0.0995732969592676));
#19042=CARTESIAN_POINT('',(0.0956679518726766,0.0594859293500615,0.0498532969592676));
#19043=CARTESIAN_POINT('',(0.0893097791586701,0.0594859293500615,0.0498532969592676));
#19044=CARTESIAN_POINT('',(0.116384833950609,0.0594859293500615,0.0995732969592676));
#19045=CARTESIAN_POINT('',(0.116384833950609,0.0594859293500615,0.0498532969592676));
#19046=CARTESIAN_POINT('',(0.110026661236603,0.0594859293500615,0.0498532969592676));
#19047=CARTESIAN_POINT('',(0.135520730781555,0.059333997110529,0.0995732969592676));
#19048=CARTESIAN_POINT('',(0.135520730781555,0.059333997110529,0.0498532969592676));
#19049=CARTESIAN_POINT('',(0.129162558067549,0.059333997110529,0.0498532969592676));
#19050=CARTESIAN_POINT('',(-0.0270310224413872,0.0782711175973833,0.0995732969592676));
#19051=CARTESIAN_POINT('',(-0.0270310224413872,0.0782711175973833,0.0498532969592676));
#19052=CARTESIAN_POINT('',(-0.0333891951553936,0.0782711175973833,0.0498532969592676));
#19053=CARTESIAN_POINT('',(-0.00631414036345481,0.0782711175973833,0.0995732969592676));
#19054=CARTESIAN_POINT('',(-0.00631414036345481,0.0782711175973833,0.0498532969592676));
#19055=CARTESIAN_POINT('',(-0.0126723130774613,0.0782711175973833,0.0498532969592676));
#19056=CARTESIAN_POINT('',(0.013658884732902,0.0784230498369157,0.0995732969592676));
#19057=CARTESIAN_POINT('',(0.013658884732902,0.0784230498369157,0.0498532969592676));
#19058=CARTESIAN_POINT('',(0.00730071201889556,0.0784230498369157,0.0498532969592676));
#19059=CARTESIAN_POINT('',(0.0343757668108344,0.0784230498369157,0.0995732969592676));
#19060=CARTESIAN_POINT('',(0.0343757668108344,0.0784230498369157,0.0498532969592676));
#19061=CARTESIAN_POINT('',(0.0280175940968279,0.0784230498369157,0.0498532969592676));
#19062=CARTESIAN_POINT('',(0.0549780446983874,0.0782711175973833,0.0995732969592676));
#19063=CARTESIAN_POINT('',(0.0549780446983874,0.0782711175973833,0.0498532969592676));
#19064=CARTESIAN_POINT('',(0.0486198719843809,0.0782711175973833,0.0498532969592676));
#19065=CARTESIAN_POINT('',(0.0756949267763198,0.0782711175973833,0.0995732969592676));
#19066=CARTESIAN_POINT('',(0.0756949267763198,0.0782711175973833,0.0498532969592676));
#19067=CARTESIAN_POINT('',(0.0693367540623133,0.0782711175973833,0.0498532969592676));
#19068=CARTESIAN_POINT('',(0.0956679518726766,0.0784230498369157,0.0995732969592676));
#19069=CARTESIAN_POINT('',(0.0956679518726766,0.0784230498369157,0.0498532969592676));
#19070=CARTESIAN_POINT('',(0.0893097791586701,0.0784230498369157,0.0498532969592676));
#19071=CARTESIAN_POINT('',(0.116384833950609,0.0784230498369157,0.0995732969592676));
#19072=CARTESIAN_POINT('',(0.116384833950609,0.0784230498369157,0.0498532969592676));
#19073=CARTESIAN_POINT('',(0.110026661236603,0.0784230498369157,0.0498532969592676));
#19074=CARTESIAN_POINT('',(0.135520730781555,0.0782711175973833,0.0995732969592676));
#19075=CARTESIAN_POINT('',(0.135520730781555,0.0782711175973833,0.0498532969592676));
#19076=CARTESIAN_POINT('',(0.129162558067549,0.0782711175973833,0.0498532969592676));
#19077=CARTESIAN_POINT('',(-0.0270310224413872,0.0983309015404058,0.0995732969592676));
#19078=CARTESIAN_POINT('',(-0.0270310224413872,0.0983309015404058,0.0498532969592676));
#19079=CARTESIAN_POINT('',(-0.0333891951553936,0.0983309015404058,0.0498532969592676));
#19080=CARTESIAN_POINT('',(-0.00631414036345481,0.0983309015404058,0.0995732969592676));
#19081=CARTESIAN_POINT('',(-0.00631414036345481,0.0983309015404058,0.0498532969592676));
#19082=CARTESIAN_POINT('',(-0.0126723130774613,0.0983309015404058,0.0498532969592676));
#19083=CARTESIAN_POINT('',(0.013658884732902,0.0984828337799383,0.0995732969592676));
#19084=CARTESIAN_POINT('',(0.013658884732902,0.0984828337799383,0.0498532969592676));
#19085=CARTESIAN_POINT('',(0.00730071201889556,0.0984828337799383,0.0498532969592676));
#19086=CARTESIAN_POINT('',(0.0343757668108344,0.0984828337799383,0.0995732969592676));
#19087=CARTESIAN_POINT('',(0.0343757668108344,0.0984828337799383,0.0498532969592676));
#19088=CARTESIAN_POINT('',(0.0280175940968279,0.0984828337799383,0.0498532969592676));
#19089=CARTESIAN_POINT('',(0.0549780446983874,0.0983309015404058,0.0995732969592676));
#19090=CARTESIAN_POINT('',(0.0549780446983874,0.0983309015404058,0.0498532969592676));
#19091=CARTESIAN_POINT('',(0.0486198719843809,0.0983309015404058,0.0498532969592676));
#19092=CARTESIAN_POINT('',(0.0756949267763198,0.0983309015404058,0.0995732969592676));
#19093=CARTESIAN_POINT('',(0.0756949267763198,0.0983309015404058,0.0498532969592676));
#19094=CARTESIAN_POINT('',(0.0693367540623133,0.0983309015404058,0.0498532969592676));
#19095=CARTESIAN_POINT('',(0.0956679518726766,0.0984828337799383,0.0995732969592676));
#19096=CARTESIAN_POINT('',(0.0956679518726766,0.0984828337799383,0.0498532969592676));
#19097=CARTESIAN_POINT('',(0.0893097791586701,0.0984828337799383,0.0498532969592676));
#19098=CARTESIAN_POINT('',(0.116384833950609,0.0984828337799383,0.0995732969592676));
#19099=CARTESIAN_POINT('',(0.116384833950609,0.0984828337799383,0.0498532969592676));
#19100=CARTESIAN_POINT('',(0.110026661236603,0.0984828337799383,0.0498532969592676));
#19101=CARTESIAN_POINT('',(0.135520730781555,0.0983309015404058,0.0995732969592676));
#19102=CARTESIAN_POINT('',(0.135520730781555,0.0983309015404058,0.0498532969592676));
#19103=CARTESIAN_POINT('',(0.129162558067549,0.0983309015404058,0.0498532969592676));
#19104=CARTESIAN_POINT('',(-0.0270310224413872,0.12012881601519,0.0995732969592676));
#19105=CARTESIAN_POINT('',(-0.0270310224413872,0.12012881601519,0.0498532969592676));
#19106=CARTESIAN_POINT('',(-0.0333891951553936,0.12012881601519,0.0498532969592676));
#19107=CARTESIAN_POINT('',(-0.00631414036345481,0.12012881601519,0.0995732969592676));
#19108=CARTESIAN_POINT('',(-0.00631414036345481,0.12012881601519,0.0498532969592676));
#19109=CARTESIAN_POINT('',(-0.0126723130774613,0.12012881601519,0.0498532969592676));
#19110=CARTESIAN_POINT('',(0.013658884732902,0.120280748254723,0.0995732969592676));
#19111=CARTESIAN_POINT('',(0.013658884732902,0.120280748254723,0.0498532969592676));
#19112=CARTESIAN_POINT('',(0.00730071201889556,0.120280748254723,0.0498532969592676));
#19113=CARTESIAN_POINT('',(0.0343757668108344,0.120280748254723,0.0995732969592676));
#19114=CARTESIAN_POINT('',(0.0343757668108344,0.120280748254723,0.0498532969592676));
#19115=CARTESIAN_POINT('',(0.0280175940968279,0.120280748254723,0.0498532969592676));
#19116=CARTESIAN_POINT('',(0.0549780446983874,0.12012881601519,0.0995732969592676));
#19117=CARTESIAN_POINT('',(0.0549780446983874,0.12012881601519,0.0498532969592676));
#19118=CARTESIAN_POINT('',(0.0486198719843809,0.12012881601519,0.0498532969592676));
#19119=CARTESIAN_POINT('',(0.0756949267763197,0.12012881601519,0.0995732969592676));
#19120=CARTESIAN_POINT('',(0.0756949267763197,0.12012881601519,0.0498532969592676));
#19121=CARTESIAN_POINT('',(0.0693367540623132,0.12012881601519,0.0498532969592676));
#19122=CARTESIAN_POINT('',(0.0956679518726766,0.120280748254723,0.0995732969592676));
#19123=CARTESIAN_POINT('',(0.0956679518726766,0.120280748254723,0.0498532969592676));
#19124=CARTESIAN_POINT('',(0.0893097791586701,0.120280748254723,0.0498532969592676));
#19125=CARTESIAN_POINT('',(0.116384833950609,0.120280748254723,0.0995732969592676));
#19126=CARTESIAN_POINT('',(0.116384833950609,0.120280748254723,0.0498532969592676));
#19127=CARTESIAN_POINT('',(0.110026661236603,0.120280748254723,0.0498532969592676));
#19128=CARTESIAN_POINT('',(0.135520730781555,0.12012881601519,0.0995732969592676));
#19129=CARTESIAN_POINT('',(0.135520730781555,0.12012881601519,0.0498532969592676));
#19130=CARTESIAN_POINT('',(0.129162558067549,0.12012881601519,0.0498532969592676));
#19131=CARTESIAN_POINT('',(-0.0270310224413872,-0.0575187262237487,0.0995732969592676));
#19132=CARTESIAN_POINT('',(-0.020693367047292,-0.0580291029148637,0.0288532969592676));
#19133=CARTESIAN_POINT('',(-0.020693367047292,-0.0580291029148637,0.0498532969592676));
#19134=CARTESIAN_POINT('',(-0.0270310224413872,-0.0575187262237487,0.0498532969592676));
#19135=CARTESIAN_POINT('',(-0.0333686778354823,-0.0570083495326336,0.0498532969592676));
#19136=CARTESIAN_POINT('',(-0.0333686778354823,-0.0570083495326336,0.0288532969592676));
#19137=CARTESIAN_POINT('',(-0.0063141403634548,-0.0575187262237487,0.0995732969592676));
#19138=CARTESIAN_POINT('',(-0.0063141403634548,-0.0575187262237487,0.0498532969592676));
#19139=CARTESIAN_POINT('',(-0.0126723130774613,-0.0575187262237487,0.0498532969592676));
#19140=CARTESIAN_POINT('',(0.0136588847329021,-0.0573667939842162,0.0995732969592676));
#19141=CARTESIAN_POINT('',(0.0136588847329021,-0.0573667939842162,0.0498532969592676));
#19142=CARTESIAN_POINT('',(0.00730071201889558,-0.0573667939842162,0.0498532969592676));
#19143=CARTESIAN_POINT('',(0.0343757668108344,-0.0573667939842162,0.0995732969592676));
#19144=CARTESIAN_POINT('',(0.0343757668108344,-0.0573667939842162,0.0498532969592676));
#19145=CARTESIAN_POINT('',(0.0280175940968279,-0.0573667939842162,0.0498532969592676));
#19146=CARTESIAN_POINT('',(0.0549780446983874,-0.0575187262237487,0.0995732969592676));
#19147=CARTESIAN_POINT('',(0.0549780446983874,-0.0575187262237487,0.0498532969592676));
#19148=CARTESIAN_POINT('',(0.0486198719843809,-0.0575187262237487,0.0498532969592676));
#19149=CARTESIAN_POINT('',(0.0756949267763198,-0.0575187262237487,0.0995732969592676));
#19150=CARTESIAN_POINT('',(0.0756949267763198,-0.0575187262237487,0.0498532969592676));
#19151=CARTESIAN_POINT('',(0.0693367540623133,-0.0575187262237487,0.0498532969592676));
#19152=CARTESIAN_POINT('',(0.0956679518726766,-0.0573667939842162,0.0995732969592676));
#19153=CARTESIAN_POINT('',(0.0956679518726766,-0.0573667939842162,0.0498532969592676));
#19154=CARTESIAN_POINT('',(0.0893097791586701,-0.0573667939842162,0.0498532969592676));
#19155=CARTESIAN_POINT('',(0.116384833950609,-0.0573667939842162,0.0995732969592676));
#19156=CARTESIAN_POINT('',(0.116384833950609,-0.0573667939842162,0.0498532969592676));
#19157=CARTESIAN_POINT('',(0.110026661236603,-0.0573667939842162,0.0498532969592676));
#19158=CARTESIAN_POINT('',(0.135520730781555,-0.0575187262237487,0.0995732969592676));
#19159=CARTESIAN_POINT('',(0.135520730781555,-0.0575187262237487,0.0498532969592676));
#19160=CARTESIAN_POINT('',(0.129162558067549,-0.0575187262237487,0.0498532969592676));
#19161=CARTESIAN_POINT('',(-0.020693367047292,-0.0634291747663168,0.0288532969592676));
#19162=CARTESIAN_POINT('',(-0.020693367047292,-0.0634291747663168,0.0498532969592676));
#19163=CARTESIAN_POINT('',(-0.035787959433189,-0.0570083495326336,0.0288532969592676));
#19164=CARTESIAN_POINT('',(-0.035787959433189,-0.0570083495326336,0.0498532969592676));
#19165=CARTESIAN_POINT('',(-0.0363830836651791,-0.0570083495326336,0.0498532969592676));
#19166=CARTESIAN_POINT('',(-0.0363830836651791,-0.0570083495326336,0.0288532969592676));
#19167=CARTESIAN_POINT('',(-0.0363830836651791,-0.0570083495326336,0.0488532969592676));
#19168=CARTESIAN_POINT('',(-0.035787959433189,-0.0570083495326336,0.0488532969592676));
#19169=CARTESIAN_POINT('',(0.0508,0.03175,0.0498532969592676));
#19170=CARTESIAN_POINT('',(-0.0541234018715768,0.136673401871577,0.0498532969592676));
#19171=CARTESIAN_POINT('',(-0.0566234018715768,0.136673401871577,0.0498532969592676));
#19172=CARTESIAN_POINT('',(0.155723401871577,0.136673401871577,0.0498532969592676));
#19173=CARTESIAN_POINT('',(0.153223401871577,0.136673401871577,0.0498532969592676));
#19174=CARTESIAN_POINT('',(0.15875,-0.07285,0.0498532969592676));
#19175=CARTESIAN_POINT('',(0.15625,-0.07285,0.0498532969592676));
#19176=CARTESIAN_POINT('',(-0.05715,-0.07285,0.0498532969592676));
#19177=CARTESIAN_POINT('',(-0.05965,-0.07285,0.0498532969592676));
#19178=CARTESIAN_POINT('',(0.15875,0.127,0.0498532969592676));
#19179=CARTESIAN_POINT('',(0.1651,0.13335,0.0498532969592676));
#19180=CARTESIAN_POINT('',(0.1524,0.13335,0.0498532969592676));
#19181=CARTESIAN_POINT('',(0.1524,0.14605,0.0498532969592676));
#19182=CARTESIAN_POINT('',(0.14605,0.1397,0.0498532969592676));
#19183=CARTESIAN_POINT('',(-0.04445,0.1397,0.0498532969592676));
#19184=CARTESIAN_POINT('',(-0.0508,0.14605,0.0498532969592676));
#19185=CARTESIAN_POINT('',(-0.0508,0.13335,0.0498532969592676));
#19186=CARTESIAN_POINT('',(-0.0635,0.13335,0.0498532969592676));
#19187=CARTESIAN_POINT('',(-0.05715,0.127,0.0498532969592676));
#19188=CARTESIAN_POINT('',(-0.05715,-0.0635,0.0498532969592676));
#19189=CARTESIAN_POINT('',(-0.0635,-0.06985,0.0498532969592676));
#19190=CARTESIAN_POINT('',(-0.0508,-0.06985,0.0498532969592676));
#19191=CARTESIAN_POINT('',(-0.0508,-0.08255,0.0498532969592676));
#19192=CARTESIAN_POINT('',(-0.0435915418325896,-0.07505,0.0498532969592676));
#19193=CARTESIAN_POINT('',(-0.0363830836651791,-0.06755,0.0498532969592676));
#19194=CARTESIAN_POINT('',(-0.0363830836651791,-0.0602861946419587,0.0498532969592676));
#19195=CARTESIAN_POINT('',(0.14605,-0.0762,0.0498532969592676));
#19196=CARTESIAN_POINT('',(0.1524,-0.08255,0.0498532969592676));
#19197=CARTESIAN_POINT('',(0.1524,-0.06985,0.0498532969592676));
#19198=CARTESIAN_POINT('',(0.1651,-0.06985,0.0498532969592676));
#19199=CARTESIAN_POINT('',(0.15875,-0.0635,0.0498532969592676));
#19200=CARTESIAN_POINT('',(0.0508,0.03175,0.0488532969592676));
#19201=CARTESIAN_POINT('',(-0.05715,-0.07285,0.0488532969592676));
#19202=CARTESIAN_POINT('',(-0.05465,-0.07285,0.0488532969592676));
#19203=CARTESIAN_POINT('',(-0.0363830836651791,-0.0602861946419587,0.0488532969592676));
#19204=CARTESIAN_POINT('',(-0.0363830836651791,-0.06755,0.0488532969592676));
#19205=CARTESIAN_POINT('',(-0.0435915418325896,-0.07505,0.0488532969592676));
#19206=CARTESIAN_POINT('',(-0.0508,-0.08255,0.0488532969592676));
#19207=CARTESIAN_POINT('',(-0.0508,-0.06985,0.0488532969592676));
#19208=CARTESIAN_POINT('',(-0.0635,-0.06985,0.0488532969592676));
#19209=CARTESIAN_POINT('',(-0.05715,-0.0635,0.0488532969592676));
#19210=CARTESIAN_POINT('',(-0.0363830836651791,-0.0602861946419587,0.0488532969592676));
#19211=CARTESIAN_POINT('',(-0.0363830836651791,-0.06755,0.0488532969592676));
#19212=CARTESIAN_POINT('',(-0.0435915418325896,-0.07505,0.0488532969592676));
#19213=CARTESIAN_POINT('',(-0.0508,-0.08255,0.0488532969592676));
#19214=CARTESIAN_POINT('',(-0.05715,-0.0635,0.0488532969592676));
#19215=CARTESIAN_POINT('',(-0.0635,-0.06985,0.0488532969592676));
#19216=CARTESIAN_POINT('',(-0.0508,-0.06985,0.0488532969592676));
#19217=CARTESIAN_POINT('',(-0.04445,0.1397,0.0488532969592676));
#19218=CARTESIAN_POINT('',(-0.04445,0.1397,0.0488532969592676));
#19219=CARTESIAN_POINT('',(-0.0508,0.14605,0.0488532969592676));
#19220=CARTESIAN_POINT('',(-0.0508,0.14605,0.0488532969592676));
#19221=CARTESIAN_POINT('',(-0.0508,0.13335,0.0488532969592676));
#19222=CARTESIAN_POINT('',(-0.0508,0.13335,0.0488532969592676));
#19223=CARTESIAN_POINT('',(-0.0635,0.13335,0.0488532969592676));
#19224=CARTESIAN_POINT('',(-0.0635,0.13335,0.0488532969592676));
#19225=CARTESIAN_POINT('',(-0.05715,0.127,0.0488532969592676));
#19226=CARTESIAN_POINT('',(-0.05715,0.127,0.0488532969592676));
#19227=CARTESIAN_POINT('',(0.0508,0.03175,0.0488532969592676));
#19228=CARTESIAN_POINT('',(-0.0541234018715768,0.136673401871577,0.0488532969592676));
#19229=CARTESIAN_POINT('',(-0.0516234018715768,0.136673401871577,0.0488532969592676));
#19230=CARTESIAN_POINT('',(0.14605,-0.0762,0.0488532969592676));
#19231=CARTESIAN_POINT('',(0.14605,-0.0762,0.0488532969592676));
#19232=CARTESIAN_POINT('',(0.1524,-0.08255,0.0488532969592676));
#19233=CARTESIAN_POINT('',(0.1524,-0.08255,0.0488532969592676));
#19234=CARTESIAN_POINT('',(0.1524,-0.06985,0.0488532969592676));
#19235=CARTESIAN_POINT('',(0.1524,-0.06985,0.0488532969592676));
#19236=CARTESIAN_POINT('',(0.1651,-0.06985,0.0488532969592676));
#19237=CARTESIAN_POINT('',(0.1651,-0.06985,0.0488532969592676));
#19238=CARTESIAN_POINT('',(0.15875,-0.0635,0.0488532969592676));
#19239=CARTESIAN_POINT('',(0.15875,-0.0635,0.0488532969592676));
#19240=CARTESIAN_POINT('',(0.0508,0.03175,0.0488532969592676));
#19241=CARTESIAN_POINT('',(0.15875,-0.07285,0.0488532969592676));
#19242=CARTESIAN_POINT('',(0.16125,-0.07285,0.0488532969592676));
#19243=CARTESIAN_POINT('',(0.1524,0.13335,0.0488532969592676));
#19244=CARTESIAN_POINT('',(0.1651,0.13335,0.0488532969592676));
#19245=CARTESIAN_POINT('',(0.1651,0.13335,0.0488532969592676));
#19246=CARTESIAN_POINT('',(0.1524,0.13335,0.0488532969592676));
#19247=CARTESIAN_POINT('',(0.1524,0.14605,0.0488532969592676));
#19248=CARTESIAN_POINT('',(0.1524,0.14605,0.0488532969592676));
#19249=CARTESIAN_POINT('',(0.14605,0.1397,0.0488532969592676));
#19250=CARTESIAN_POINT('',(0.14605,0.1397,0.0488532969592676));
#19251=CARTESIAN_POINT('',(0.15875,0.127,0.0488532969592676));
#19252=CARTESIAN_POINT('',(0.15875,0.127,0.0488532969592676));
#19253=CARTESIAN_POINT('',(0.0508,0.03175,0.0488532969592676));
#19254=CARTESIAN_POINT('',(0.155723401871577,0.136673401871577,0.0488532969592676));
#19255=CARTESIAN_POINT('',(0.158223401871577,0.136673401871577,0.0488532969592676));
#19256=CARTESIAN_POINT('',(0.155723401871577,0.136673401871577,0.0517732969592676));
#19257=CARTESIAN_POINT('',(0.15875,-0.07285,0.0517732969592676));
#19258=CARTESIAN_POINT('',(-0.0541234018715768,0.136673401871577,0.0517732969592676));
#19259=CARTESIAN_POINT('',(-0.05715,-0.07285,0.0517732969592676));
#19260=CARTESIAN_POINT('',(0.,0.,0.));
#19261=CARTESIAN_POINT('',(0.1651,0.03175,-0.0882267030407324));
#19262=CARTESIAN_POINT('',(0.1651,-0.06985,-0.0882267030407324));
#19263=CARTESIAN_POINT('',(0.1651,-0.06985,-0.0842267030407324));
#19264=CARTESIAN_POINT('',(0.1651,-0.06985,-0.0782267030407324));
#19265=CARTESIAN_POINT('',(0.1651,0.13335,-0.0842267030407324));
#19266=CARTESIAN_POINT('',(0.1651,0.13335,-0.0842267030407324));
#19267=CARTESIAN_POINT('',(0.1651,0.13335,-0.0882267030407324));
#19268=CARTESIAN_POINT('',(0.1651,0.13335,-0.0782267030407324));
#19269=CARTESIAN_POINT('',(0.1651,0.03175,-0.0782267030407324));
#19270=CARTESIAN_POINT('',(0.1524,-0.06985,-0.0882267030407324));
#19271=CARTESIAN_POINT('',(0.1524,-0.08255,-0.0882267030407324));
#19272=CARTESIAN_POINT('',(0.1524,-0.08255,-0.0842267030407324));
#19273=CARTESIAN_POINT('',(0.1524,-0.08255,-0.0782267030407324));
#19274=CARTESIAN_POINT('',(0.1524,-0.06985,-0.0842267030407324));
#19275=CARTESIAN_POINT('',(0.1524,-0.06985,-0.0782267030407324));
#19276=CARTESIAN_POINT('',(0.0508,-0.08255,-0.0882267030407324));
#19277=CARTESIAN_POINT('',(-0.0508,-0.08255,-0.0882267030407324));
#19278=CARTESIAN_POINT('',(-0.0508,-0.08255,-0.0842267030407324));
#19279=CARTESIAN_POINT('',(-0.0508,-0.08255,-0.0782267030407324));
#19280=CARTESIAN_POINT('',(0.0508,-0.08255,-0.0842267030407324));
#19281=CARTESIAN_POINT('',(0.0508,-0.08255,-0.0782267030407324));
#19282=CARTESIAN_POINT('',(-0.0508,-0.06985,-0.0882267030407324));
#19283=CARTESIAN_POINT('',(-0.0635,-0.06985,-0.0882267030407324));
#19284=CARTESIAN_POINT('',(-0.0635,-0.06985,-0.0842267030407324));
#19285=CARTESIAN_POINT('',(-0.0635,-0.06985,-0.0782267030407324));
#19286=CARTESIAN_POINT('',(-0.0508,-0.06985,-0.0842267030407324));
#19287=CARTESIAN_POINT('',(-0.0508,-0.06985,-0.0782267030407324));
#19288=CARTESIAN_POINT('',(-0.0635,0.03175,-0.0882267030407324));
#19289=CARTESIAN_POINT('',(-0.0635,0.13335,-0.0882267030407324));
#19290=CARTESIAN_POINT('',(-0.0635,0.13335,-0.0842267030407324));
#19291=CARTESIAN_POINT('',(-0.0635,0.13335,-0.0782267030407324));
#19292=CARTESIAN_POINT('',(-0.0635,0.03175,-0.0842267030407324));
#19293=CARTESIAN_POINT('',(-0.0635,0.03175,-0.0782267030407324));
#19294=CARTESIAN_POINT('',(-0.0508,0.13335,-0.0882267030407324));
#19295=CARTESIAN_POINT('',(-0.0508,0.14605,-0.0882267030407324));
#19296=CARTESIAN_POINT('',(-0.0508,0.14605,-0.0842267030407324));
#19297=CARTESIAN_POINT('',(-0.0508,0.14605,-0.0782267030407324));
#19298=CARTESIAN_POINT('',(-0.0508,0.13335,-0.0842267030407324));
#19299=CARTESIAN_POINT('',(-0.0508,0.13335,-0.0782267030407324));
#19300=CARTESIAN_POINT('',(0.0508,0.14605,-0.0882267030407324));
#19301=CARTESIAN_POINT('',(0.1524,0.14605,-0.0882267030407324));
#19302=CARTESIAN_POINT('',(0.1524,0.14605,-0.0842267030407324));
#19303=CARTESIAN_POINT('',(0.1524,0.14605,-0.0782267030407324));
#19304=CARTESIAN_POINT('',(-0.0508,0.14605,-0.0842267030407324));
#19305=CARTESIAN_POINT('',(0.0508,0.14605,-0.0782267030407324));
#19306=CARTESIAN_POINT('',(0.1397,0.12065,-0.0882267030407324));
#19307=CARTESIAN_POINT('',(0.1397,0.13335,-0.0882267030407324));
#19308=CARTESIAN_POINT('',(0.1397,0.13335,-0.0842267030407324));
#19309=CARTESIAN_POINT('',(0.1397,0.13335,-0.0782267030407324));
#19310=CARTESIAN_POINT('',(0.1397,0.12065,-0.0842267030407324));
#19311=CARTESIAN_POINT('',(0.1524,0.12065,-0.0842267030407324));
#19312=CARTESIAN_POINT('',(0.1524,0.12065,-0.0882267030407324));
#19313=CARTESIAN_POINT('',(0.1524,0.12065,-0.0782267030407324));
#19314=CARTESIAN_POINT('',(0.1397,0.12065,-0.0782267030407324));
#19315=CARTESIAN_POINT('',(0.0508,0.13335,-0.0882267030407324));
#19316=CARTESIAN_POINT('',(-0.0381,0.13335,-0.0882267030407324));
#19317=CARTESIAN_POINT('',(-0.0381,0.13335,-0.0842267030407324));
#19318=CARTESIAN_POINT('',(-0.0381,0.13335,-0.0782267030407324));
#19319=CARTESIAN_POINT('',(0.0508,0.13335,-0.0842267030407324));
#19320=CARTESIAN_POINT('',(0.0508,0.13335,-0.0782267030407324));
#19321=CARTESIAN_POINT('',(-0.0381,0.12065,-0.0882267030407324));
#19322=CARTESIAN_POINT('',(-0.0508,0.12065,-0.0882267030407324));
#19323=CARTESIAN_POINT('',(-0.0508,0.12065,-0.0842267030407324));
#19324=CARTESIAN_POINT('',(-0.0508,0.12065,-0.0782267030407324));
#19325=CARTESIAN_POINT('',(-0.0381,0.12065,-0.0842267030407324));
#19326=CARTESIAN_POINT('',(-0.0381,0.12065,-0.0782267030407324));
#19327=CARTESIAN_POINT('',(-0.0508,0.03175,-0.0882267030407324));
#19328=CARTESIAN_POINT('',(-0.0508,-0.05715,-0.0882267030407324));
#19329=CARTESIAN_POINT('',(-0.0508,-0.05715,-0.0842267030407324));
#19330=CARTESIAN_POINT('',(-0.0508,-0.05715,-0.0782267030407324));
#19331=CARTESIAN_POINT('',(-0.0508,0.12065,-0.0842267030407324));
#19332=CARTESIAN_POINT('',(-0.0508,0.03175,-0.0782267030407324));
#19333=CARTESIAN_POINT('',(-0.0381,-0.05715,-0.0882267030407324));
#19334=CARTESIAN_POINT('',(-0.0381,-0.06985,-0.0882267030407324));
#19335=CARTESIAN_POINT('',(-0.0381,-0.06985,-0.0842267030407324));
#19336=CARTESIAN_POINT('',(-0.0381,-0.06985,-0.0782267030407324));
#19337=CARTESIAN_POINT('',(-0.0381,-0.05715,-0.0842267030407324));
#19338=CARTESIAN_POINT('',(-0.0381,-0.05715,-0.0782267030407324));
#19339=CARTESIAN_POINT('',(0.0508,-0.06985,-0.0882267030407324));
#19340=CARTESIAN_POINT('',(0.1397,-0.06985,-0.0882267030407324));
#19341=CARTESIAN_POINT('',(0.1397,-0.06985,-0.0842267030407324));
#19342=CARTESIAN_POINT('',(0.1397,-0.06985,-0.0782267030407324));
#19343=CARTESIAN_POINT('',(-0.0381,-0.06985,-0.0842267030407324));
#19344=CARTESIAN_POINT('',(0.0508,-0.06985,-0.0782267030407324));
#19345=CARTESIAN_POINT('',(0.1397,-0.05715,-0.0882267030407324));
#19346=CARTESIAN_POINT('',(0.1524,-0.05715,-0.0882267030407324));
#19347=CARTESIAN_POINT('',(0.1524,-0.05715,-0.0842267030407324));
#19348=CARTESIAN_POINT('',(0.1524,-0.05715,-0.0782267030407324));
#19349=CARTESIAN_POINT('',(0.1397,-0.05715,-0.0842267030407324));
#19350=CARTESIAN_POINT('',(0.1397,-0.05715,-0.0782267030407324));
#19351=CARTESIAN_POINT('',(0.1524,0.03175,-0.0882267030407324));
#19352=CARTESIAN_POINT('',(0.1524,0.03175,-0.0842267030407324));
#19353=CARTESIAN_POINT('',(0.1524,0.03175,-0.0782267030407324));
#19354=CARTESIAN_POINT('',(0.1524,0.13335,-0.0882267030407324));
#19355=CARTESIAN_POINT('',(0.1524,0.13335,-0.0842267030407324));
#19356=CARTESIAN_POINT('',(0.1524,0.13335,-0.0782267030407324));
#19357=CARTESIAN_POINT('',(0.0508,0.03175,-0.0882267030407324));
#19358=CARTESIAN_POINT('',(0.1397,-0.07385,-0.0882267030407324));
#19359=CARTESIAN_POINT('',(-0.0381,-0.07385,-0.0882267030407324));
#19360=CARTESIAN_POINT('',(0.1397,-0.07385,-0.0882267030407324));
#19361=CARTESIAN_POINT('',(0.1397,-0.05715,-0.0882267030407324));
#19362=CARTESIAN_POINT('',(0.1564,-0.05715,-0.0882267030407324));
#19363=CARTESIAN_POINT('',(0.1564,0.03175,-0.0882267030407324));
#19364=CARTESIAN_POINT('',(0.1564,0.12065,-0.0882267030407324));
#19365=CARTESIAN_POINT('',(0.1397,0.12065,-0.0882267030407324));
#19366=CARTESIAN_POINT('',(0.1397,0.13735,-0.0882267030407324));
#19367=CARTESIAN_POINT('',(0.0508,0.13735,-0.0882267030407324));
#19368=CARTESIAN_POINT('',(-0.0381,0.13735,-0.0882267030407324));
#19369=CARTESIAN_POINT('',(-0.0381,0.12065,-0.0882267030407324));
#19370=CARTESIAN_POINT('',(-0.0548,0.12065,-0.0882267030407324));
#19371=CARTESIAN_POINT('',(-0.0548,-0.05715,-0.0882267030407324));
#19372=CARTESIAN_POINT('',(-0.0548,-0.05715,-0.0882267030407324));
#19373=CARTESIAN_POINT('',(-0.0381,-0.05715,-0.0882267030407324));
#19374=CARTESIAN_POINT('',(-0.0508,-0.06985,-0.0882267030407324));
#19375=CARTESIAN_POINT('',(-0.0508,-0.07855,-0.0882267030407324));
#19376=CARTESIAN_POINT('',(-0.0595,-0.06985,-0.0882267030407324));
#19377=CARTESIAN_POINT('',(-0.0595,0.03175,-0.0882267030407324));
#19378=CARTESIAN_POINT('',(-0.0595,0.13335,-0.0882267030407324));
#19379=CARTESIAN_POINT('',(-0.0508,0.13335,-0.0882267030407324));
#19380=CARTESIAN_POINT('',(-0.0508,0.14205,-0.0882267030407324));
#19381=CARTESIAN_POINT('',(0.1524,0.14205,-0.0882267030407324));
#19382=CARTESIAN_POINT('',(0.1524,0.14205,-0.0882267030407324));
#19383=CARTESIAN_POINT('',(0.1524,0.13335,-0.0882267030407324));
#19384=CARTESIAN_POINT('',(0.1611,0.13335,-0.0882267030407324));
#19385=CARTESIAN_POINT('',(0.1611,-0.06985,-0.0882267030407324));
#19386=CARTESIAN_POINT('',(0.1611,-0.06985,-0.0882267030407324));
#19387=CARTESIAN_POINT('',(0.1524,-0.06985,-0.0882267030407324));
#19388=CARTESIAN_POINT('',(0.1524,-0.07855,-0.0882267030407324));
#19389=CARTESIAN_POINT('',(0.0508,-0.07855,-0.0882267030407324));
#19390=CARTESIAN_POINT('',(0.0508,0.03175,-0.0782267030407324));
#19391=CARTESIAN_POINT('',(-0.0381,0.12065,-0.0842267030407324));
#19392=CARTESIAN_POINT('',(-0.0381,0.13735,-0.0842267030407324));
#19393=CARTESIAN_POINT('',(-0.0548,0.12065,-0.0842267030407324));
#19394=CARTESIAN_POINT('',(-0.0548,0.03175,-0.0842267030407324));
#19395=CARTESIAN_POINT('',(-0.0548,-0.05715,-0.0842267030407324));
#19396=CARTESIAN_POINT('',(0.0508,0.13735,-0.0842267030407324));
#19397=CARTESIAN_POINT('',(0.1397,0.13735,-0.0842267030407324));
#19398=CARTESIAN_POINT('',(-0.0381,-0.05715,-0.0842267030407324));
#19399=CARTESIAN_POINT('',(-0.0381,-0.07385,-0.0842267030407324));
#19400=CARTESIAN_POINT('',(0.1397,0.12065,-0.0842267030407324));
#19401=CARTESIAN_POINT('',(0.1564,0.12065,-0.0842267030407324));
#19402=CARTESIAN_POINT('',(0.0508,-0.07385,-0.0842267030407324));
#19403=CARTESIAN_POINT('',(0.1397,-0.07385,-0.0842267030407324));
#19404=CARTESIAN_POINT('',(0.1564,0.03175,-0.0842267030407324));
#19405=CARTESIAN_POINT('',(0.1564,-0.05715,-0.0842267030407324));
#19406=CARTESIAN_POINT('',(0.1397,-0.05715,-0.0842267030407324));
#19407=CARTESIAN_POINT('',(0.1611,0.03175,-0.0842267030407324));
#19408=CARTESIAN_POINT('',(0.1611,0.13335,-0.0842267030407324));
#19409=CARTESIAN_POINT('',(0.1611,-0.06985,-0.0842267030407324));
#19410=CARTESIAN_POINT('',(0.1524,-0.06985,-0.0842267030407324));
#19411=CARTESIAN_POINT('',(0.1524,-0.07855,-0.0842267030407324));
#19412=CARTESIAN_POINT('',(0.1524,0.13335,-0.0842267030407324));
#19413=CARTESIAN_POINT('',(0.1524,0.14205,-0.0842267030407324));
#19414=CARTESIAN_POINT('',(0.0508,-0.07855,-0.0842267030407324));
#19415=CARTESIAN_POINT('',(-0.0508,-0.07855,-0.0842267030407324));
#19416=CARTESIAN_POINT('',(0.0508,0.14205,-0.0842267030407324));
#19417=CARTESIAN_POINT('',(-0.0508,0.14205,-0.0842267030407324));
#19418=CARTESIAN_POINT('',(-0.0508,-0.06985,-0.0842267030407324));
#19419=CARTESIAN_POINT('',(-0.0595,-0.06985,-0.0842267030407324));
#19420=CARTESIAN_POINT('',(-0.0508,0.13335,-0.0842267030407324));
#19421=CARTESIAN_POINT('',(-0.0595,0.13335,-0.0842267030407324));
#19422=CARTESIAN_POINT('',(-0.0595,0.03175,-0.0842267030407324));
#19423=CARTESIAN_POINT('',(0.,0.,0.));
#19424=CARTESIAN_POINT('',(-0.0873412653116466,0.0325749899148941,-0.0827867030407324));
#19425=CARTESIAN_POINT('',(-0.0873412653116466,0.0986749899148941,-0.0827867030407324));
#19426=CARTESIAN_POINT('',(-0.0873412653116466,0.0986749899148941,-0.0807867030407324));
#19427=CARTESIAN_POINT('',(-0.0873412653116466,0.0986749899148941,-0.0787867030407324));
#19428=CARTESIAN_POINT('',(-0.0873412653116466,0.0325749899148941,-0.0787867030407324));
#19429=CARTESIAN_POINT('',(-0.0873412653116466,-0.0335250100851059,-0.0787867030407324));
#19430=CARTESIAN_POINT('',(-0.0873412653116466,-0.0335250100851059,-0.0827867030407324));
#19431=CARTESIAN_POINT('',(-0.0873412653116466,-0.0335250100851059,-0.0807867030407324));
#19432=CARTESIAN_POINT('',(-0.0873412653116466,-0.0335250100851059,-0.0807867030407324));
#19433=CARTESIAN_POINT('',(-0.102641265311647,0.0986749899148941,-0.0827867030407324));
#19434=CARTESIAN_POINT('',(-0.117941265311647,0.0986749899148941,-0.0827867030407324));
#19435=CARTESIAN_POINT('',(-0.117941265311647,0.0986749899148941,-0.0807867030407324));
#19436=CARTESIAN_POINT('',(-0.117941265311647,0.0986749899148941,-0.0787867030407324));
#19437=CARTESIAN_POINT('',(-0.102641265311647,0.0986749899148941,-0.0787867030407324));
#19438=CARTESIAN_POINT('',(-0.0873412653116466,0.0986749899148941,-0.0807867030407324));
#19439=CARTESIAN_POINT('',(-0.117941265311647,0.0325749899148941,-0.0827867030407324));
#19440=CARTESIAN_POINT('',(-0.117941265311647,-0.0335250100851059,-0.0827867030407324));
#19441=CARTESIAN_POINT('',(-0.117941265311647,-0.0335250100851059,-0.0807867030407324));
#19442=CARTESIAN_POINT('',(-0.117941265311647,-0.0335250100851059,-0.0787867030407324));
#19443=CARTESIAN_POINT('',(-0.117941265311647,0.0325749899148941,-0.0787867030407324));
#19444=CARTESIAN_POINT('',(-0.117941265311647,0.0986749899148941,-0.0807867030407324));
#19445=CARTESIAN_POINT('',(-0.102641265311647,0.0950749899148941,-0.0827867030407324));
#19446=CARTESIAN_POINT('',(-0.102641265311647,0.0950749899148941,-0.0787867030407324));
#19447=CARTESIAN_POINT('',(-0.114341265311647,0.0950749899148941,-0.0787867030407324));
#19448=CARTESIAN_POINT('',(-0.0909412653116466,0.0950749899148941,-0.0787867030407324));
#19449=CARTESIAN_POINT('',(-0.114341265311647,0.0950749899148941,-0.0827867030407324));
#19450=CARTESIAN_POINT('',(-0.114341265311647,0.0950749899148941,-0.0827867030407324));
#19451=CARTESIAN_POINT('',(-0.102641265311647,0.0950749899148941,-0.0827867030407324));
#19452=CARTESIAN_POINT('',(-0.0909412653116466,0.0950749899148941,-0.0827867030407324));
#19453=CARTESIAN_POINT('',(-0.0909412653116466,0.0950749899148941,-0.0827867030407324));
#19454=CARTESIAN_POINT('',(-0.0909412653116466,0.0325749899148941,-0.0827867030407324));
#19455=CARTESIAN_POINT('',(-0.0909412653116466,0.0325749899148941,-0.0787867030407324));
#19456=CARTESIAN_POINT('',(-0.0909412653116466,-0.0299250100851059,-0.0787867030407324));
#19457=CARTESIAN_POINT('',(-0.0909412653116466,0.0325749899148941,-0.0827867030407324));
#19458=CARTESIAN_POINT('',(-0.0909412653116466,-0.0299250100851059,-0.0827867030407324));
#19459=CARTESIAN_POINT('',(-0.0909412653116466,-0.0299250100851059,-0.0827867030407324));
#19460=CARTESIAN_POINT('',(-0.102641265311647,-0.0299250100851059,-0.0827867030407324));
#19461=CARTESIAN_POINT('',(-0.102641265311647,-0.0299250100851059,-0.0787867030407324));
#19462=CARTESIAN_POINT('',(-0.114341265311647,-0.0299250100851059,-0.0787867030407324));
#19463=CARTESIAN_POINT('',(-0.102641265311647,-0.0299250100851059,-0.0827867030407324));
#19464=CARTESIAN_POINT('',(-0.114341265311647,-0.0299250100851059,-0.0827867030407324));
#19465=CARTESIAN_POINT('',(-0.114341265311647,-0.0299250100851059,-0.0827867030407324));
#19466=CARTESIAN_POINT('',(-0.114341265311647,0.0325749899148941,-0.0827867030407324));
#19467=CARTESIAN_POINT('',(-0.114341265311647,0.0325749899148941,-0.0787867030407324));
#19468=CARTESIAN_POINT('',(-0.114341265311647,0.0325749899148941,-0.0827867030407324));
#19469=CARTESIAN_POINT('',(-0.102641265311647,-0.0335250100851059,-0.0827867030407324));
#19470=CARTESIAN_POINT('',(-0.102641265311647,-0.0335250100851059,-0.0787867030407324));
#19471=CARTESIAN_POINT('',(-0.117941265311647,-0.0335250100851059,-0.0807867030407324));
#19472=CARTESIAN_POINT('',(-0.102641265311647,0.0325749899148941,-0.0827867030407324));
#19473=CARTESIAN_POINT('',(-0.0873412653116466,-0.0315250100851059,-0.0827867030407324));
#19474=CARTESIAN_POINT('',(-0.115941265311647,-0.0315250100851059,-0.0827867030407324));
#19475=CARTESIAN_POINT('',(-0.0893412653116466,-0.0315250100851059,-0.0827867030407324));
#19476=CARTESIAN_POINT('',(-0.115941265311647,-0.0335250100851059,-0.0827867030407324));
#19477=CARTESIAN_POINT('',(-0.115941265311647,0.0966749899148941,-0.0827867030407324));
#19478=CARTESIAN_POINT('',(-0.117941265311647,0.0966749899148941,-0.0827867030407324));
#19479=CARTESIAN_POINT('',(-0.0893412653116466,0.0966749899148941,-0.0827867030407324));
#19480=CARTESIAN_POINT('',(-0.0893412653116466,0.0986749899148941,-0.0827867030407324));
#19481=CARTESIAN_POINT('',(-0.102641265311647,0.0325749899148941,-0.0787867030407324));
#19482=CARTESIAN_POINT('',(-0.115941265311647,0.0325749899148941,-0.0827867030407324));
#19483=CARTESIAN_POINT('',(-0.111507931978313,0.0922416565815608,-0.0872200363740658));
#19484=CARTESIAN_POINT('',(-0.0945745986449799,-0.0101583434184392,-0.104153369707399));
#19485=CARTESIAN_POINT('',(-0.102641265311647,-0.0315250100851059,-0.0827867030407324));
#19486=CARTESIAN_POINT('',(-0.0937745986449799,-0.0270916767517726,-0.0872200363740658));
#19487=CARTESIAN_POINT('',(-0.102641265311647,0.0966749899148941,-0.0827867030407324));
#19488=CARTESIAN_POINT('',(-0.0937745986449799,0.0922416565815608,-0.0872200363740658));
#19489=CARTESIAN_POINT('',(-0.0893412653116466,0.0325749899148941,-0.0827867030407324));
#19490=CARTESIAN_POINT('',(0.,0.,0.));
#19491=CARTESIAN_POINT('',(-0.1397,-0.06185,-0.0882267030407324));
#19492=CARTESIAN_POINT('',(-0.0715,-0.06185,-0.0882267030407324));
#19493=CARTESIAN_POINT('',(-0.0715,-0.06185,-0.0862267030407324));
#19494=CARTESIAN_POINT('',(-0.0715,-0.06185,-0.0782267030407324));
#19495=CARTESIAN_POINT('',(-0.2079,-0.06185,-0.0862267030407324));
#19496=CARTESIAN_POINT('',(-0.2079,-0.06185,-0.0862267030407324));
#19497=CARTESIAN_POINT('',(-0.2079,-0.06185,-0.0882267030407324));
#19498=CARTESIAN_POINT('',(-0.2079,-0.06185,-0.0782267030407324));
#19499=CARTESIAN_POINT('',(-0.1397,-0.06185,-0.0782267030407324));
#19500=CARTESIAN_POINT('',(-0.0715,0.03175,-0.0882267030407324));
#19501=CARTESIAN_POINT('',(-0.0715,0.03175,-0.0782267030407324));
#19502=CARTESIAN_POINT('',(-0.0715,0.12535,-0.0782267030407324));
#19503=CARTESIAN_POINT('',(-0.0715,0.12535,-0.0882267030407324));
#19504=CARTESIAN_POINT('',(-0.0715,0.12535,-0.0862267030407324));
#19505=CARTESIAN_POINT('',(-0.0715,0.12735,-0.0862267030407324));
#19506=CARTESIAN_POINT('',(-0.0715,0.12735,-0.0882267030407324));
#19507=CARTESIAN_POINT('',(-0.0715,0.03175,-0.0882267030407324));
#19508=CARTESIAN_POINT('',(-0.0715,-0.06385,-0.0882267030407324));
#19509=CARTESIAN_POINT('',(-0.0715,-0.06385,-0.0862267030407324));
#19510=CARTESIAN_POINT('',(-0.1397,0.12535,-0.0882267030407324));
#19511=CARTESIAN_POINT('',(-0.2079,0.12535,-0.0882267030407324));
#19512=CARTESIAN_POINT('',(-0.2079,0.12535,-0.0862267030407324));
#19513=CARTESIAN_POINT('',(-0.2079,0.12535,-0.0782267030407324));
#19514=CARTESIAN_POINT('',(-0.1397,0.12535,-0.0862267030407324));
#19515=CARTESIAN_POINT('',(-0.1397,0.12535,-0.0782267030407324));
#19516=CARTESIAN_POINT('',(-0.0635,0.03175,-0.0882267030407324));
#19517=CARTESIAN_POINT('',(-0.0635,0.03175,-0.0882267030407324));
#19518=CARTESIAN_POINT('',(-0.0635,-0.06785,-0.0882267030407324));
#19519=CARTESIAN_POINT('',(-0.0635,0.13135,-0.0882267030407324));
#19520=CARTESIAN_POINT('',(-0.0635,0.13135,-0.0862267030407324));
#19521=CARTESIAN_POINT('',(-0.0635,0.13335,-0.0862267030407324));
#19522=CARTESIAN_POINT('',(-0.0635,0.13335,-0.0882267030407324));
#19523=CARTESIAN_POINT('',(-0.0635,0.13335,-0.0782267030407324));
#19524=CARTESIAN_POINT('',(-0.0635,0.03175,-0.0782267030407324));
#19525=CARTESIAN_POINT('',(-0.0635,-0.06985,-0.0782267030407324));
#19526=CARTESIAN_POINT('',(-0.0635,-0.06985,-0.0882267030407324));
#19527=CARTESIAN_POINT('',(-0.0635,-0.06985,-0.0862267030407324));
#19528=CARTESIAN_POINT('',(-0.0635,-0.06785,-0.0862267030407324));
#19529=CARTESIAN_POINT('',(-0.2159,-0.06985,-0.0882267030407324));
#19530=CARTESIAN_POINT('',(-0.2159,-0.06985,-0.0882267030407324));
#19531=CARTESIAN_POINT('',(-0.2159,-0.06985,-0.0862267030407324));
#19532=CARTESIAN_POINT('',(-0.2159,-0.06985,-0.0782267030407324));
#19533=CARTESIAN_POINT('',(-0.2159,-0.06985,-0.0862267030407324));
#19534=CARTESIAN_POINT('',(-0.2159,-0.06985,-0.0782267030407324));
#19535=CARTESIAN_POINT('',(-0.2159,0.03175,-0.0882267030407324));
#19536=CARTESIAN_POINT('',(-0.2159,0.13335,-0.0882267030407324));
#19537=CARTESIAN_POINT('',(-0.2159,0.13335,-0.0862267030407324));
#19538=CARTESIAN_POINT('',(-0.2159,0.13335,-0.0782267030407324));
#19539=CARTESIAN_POINT('',(-0.2159,-0.06985,-0.0862267030407324));
#19540=CARTESIAN_POINT('',(-0.2159,0.03175,-0.0782267030407324));
#19541=CARTESIAN_POINT('',(-0.2159,0.13335,-0.0882267030407324));
#19542=CARTESIAN_POINT('',(-0.2159,0.13335,-0.0862267030407324));
#19543=CARTESIAN_POINT('',(-0.2159,0.13335,-0.0782267030407324));
#19544=CARTESIAN_POINT('',(-0.2079,0.03175,-0.0882267030407324));
#19545=CARTESIAN_POINT('',(-0.2079,0.03175,-0.0862267030407324));
#19546=CARTESIAN_POINT('',(-0.2079,0.03175,-0.0782267030407324));
#19547=CARTESIAN_POINT('',(-0.1397,0.03175,-0.0882267030407324));
#19548=CARTESIAN_POINT('',(-0.2139,0.13335,-0.0882267030407324));
#19549=CARTESIAN_POINT('',(-0.2139,-0.06785,-0.0882267030407324));
#19550=CARTESIAN_POINT('',(-0.2139,0.13135,-0.0882267030407324));
#19551=CARTESIAN_POINT('',(-0.0635,0.13135,-0.0882267030407324));
#19552=CARTESIAN_POINT('',(-0.1397,-0.06785,-0.0882267030407324));
#19553=CARTESIAN_POINT('',(-0.0715,-0.06385,-0.0882267030407324));
#19554=CARTESIAN_POINT('',(-0.2099,-0.06385,-0.0882267030407324));
#19555=CARTESIAN_POINT('',(-0.1397,0.12735,-0.0882267030407324));
#19556=CARTESIAN_POINT('',(-0.2099,0.12735,-0.0882267030407324));
#19557=CARTESIAN_POINT('',(-0.2099,0.03175,-0.0882267030407324));
#19558=CARTESIAN_POINT('',(-0.1397,0.03175,-0.0782267030407324));
#19559=CARTESIAN_POINT('',(-0.2159,-0.06785,-0.0862267030407324));
#19560=CARTESIAN_POINT('',(-0.2139,-0.06785,-0.0862267030407324));
#19561=CARTESIAN_POINT('',(-0.2139,0.03175,-0.0862267030407324));
#19562=CARTESIAN_POINT('',(-0.2139,0.13135,-0.0862267030407324));
#19563=CARTESIAN_POINT('',(-0.1397,0.13135,-0.0862267030407324));
#19564=CARTESIAN_POINT('',(-0.1397,0.12735,-0.0862267030407324));
#19565=CARTESIAN_POINT('',(-0.2099,0.12735,-0.0862267030407324));
#19566=CARTESIAN_POINT('',(-0.2099,0.03175,-0.0862267030407324));
#19567=CARTESIAN_POINT('',(-0.2099,-0.06385,-0.0862267030407324));
#19568=CARTESIAN_POINT('',(-0.1397,-0.06385,-0.0862267030407324));
#19569=CARTESIAN_POINT('',(0.,0.,0.));
#19570=CARTESIAN_POINT('',(-0.13462,0.03175,0.122973296959268));
#19571=CARTESIAN_POINT('',(-0.0909412653116466,0.0325749899148941,0.122973296959268));
#19572=CARTESIAN_POINT('',(-0.0909412653116466,0.0950749899148941,0.122973296959268));
#19573=CARTESIAN_POINT('',(-0.0909412653116466,-0.0299250100851059,0.122973296959268));
#19574=CARTESIAN_POINT('',(-0.102641265311647,-0.0299250100851059,0.122973296959268));
#19575=CARTESIAN_POINT('',(-0.114341265311647,-0.0299250100851059,0.122973296959268));
#19576=CARTESIAN_POINT('',(-0.114341265311647,0.0325749899148941,0.122973296959268));
#19577=CARTESIAN_POINT('',(-0.114341265311647,0.0950749899148941,0.122973296959268));
#19578=CARTESIAN_POINT('',(-0.102641265311647,0.0950749899148941,0.122973296959268));
#19579=CARTESIAN_POINT('',(-0.111429010423837,0.03175,0.122973296959268));
#19580=CARTESIAN_POINT('',(-0.111429010423837,0.087085048058629,0.122973296959268));
#19581=CARTESIAN_POINT('',(-0.111429010423837,0.0770524799317121,0.122973296959268));
#19582=CARTESIAN_POINT('',(-0.109849718213081,0.0770524799317121,0.122973296959268));
#19583=CARTESIAN_POINT('',(-0.108270426002325,0.0770524799317121,0.122973296959268));
#19584=CARTESIAN_POINT('',(-0.108270426002325,0.03175,0.122973296959268));
#19585=CARTESIAN_POINT('',(-0.108270426002325,0.087085048058629,0.122973296959268));
#19586=CARTESIAN_POINT('',(-0.109849718213081,0.087085048058629,0.122973296959268));
#19587=CARTESIAN_POINT('',(-0.104270426002325,0.03175,0.122973296959268));
#19588=CARTESIAN_POINT('',(-0.104270426002325,0.087085048058629,0.122973296959268));
#19589=CARTESIAN_POINT('',(-0.104270426002325,0.0770524799317121,0.122973296959268));
#19590=CARTESIAN_POINT('',(-0.102691133791569,0.0770524799317121,0.122973296959268));
#19591=CARTESIAN_POINT('',(-0.101111841580813,0.0770524799317121,0.122973296959268));
#19592=CARTESIAN_POINT('',(-0.101111841580813,0.03175,0.122973296959268));
#19593=CARTESIAN_POINT('',(-0.101111841580813,0.087085048058629,0.122973296959268));
#19594=CARTESIAN_POINT('',(-0.102691133791569,0.087085048058629,0.122973296959268));
#19595=CARTESIAN_POINT('',(-0.097511841580813,0.03175,0.122973296959268));
#19596=CARTESIAN_POINT('',(-0.097511841580813,0.087085048058629,0.122973296959268));
#19597=CARTESIAN_POINT('',(-0.097511841580813,0.0770524799317121,0.122973296959268));
#19598=CARTESIAN_POINT('',(-0.0959325493700569,0.0770524799317121,0.122973296959268));
#19599=CARTESIAN_POINT('',(-0.0943532571593008,0.0770524799317121,0.122973296959268));
#19600=CARTESIAN_POINT('',(-0.0943532571593008,0.03175,0.122973296959268));
#19601=CARTESIAN_POINT('',(-0.0943532571593008,0.087085048058629,0.122973296959268));
#19602=CARTESIAN_POINT('',(-0.0959325493700569,0.087085048058629,0.122973296959268));
#19603=CARTESIAN_POINT('',(-0.111429010423837,0.03175,0.122973296959268));
#19604=CARTESIAN_POINT('',(-0.111429010423837,0.0706460812419653,0.122973296959268));
#19605=CARTESIAN_POINT('',(-0.111429010423837,0.0606135131150484,0.122973296959268));
#19606=CARTESIAN_POINT('',(-0.109849718213081,0.0606135131150484,0.122973296959268));
#19607=CARTESIAN_POINT('',(-0.108270426002325,0.0606135131150484,0.122973296959268));
#19608=CARTESIAN_POINT('',(-0.108270426002325,0.03175,0.122973296959268));
#19609=CARTESIAN_POINT('',(-0.108270426002325,0.0706460812419653,0.122973296959268));
#19610=CARTESIAN_POINT('',(-0.109849718213081,0.0706460812419653,0.122973296959268));
#19611=CARTESIAN_POINT('',(-0.104270426002325,0.03175,0.122973296959268));
#19612=CARTESIAN_POINT('',(-0.104270426002325,0.0706460812419653,0.122973296959268));
#19613=CARTESIAN_POINT('',(-0.104270426002325,0.0606135131150484,0.122973296959268));
#19614=CARTESIAN_POINT('',(-0.102691133791569,0.0606135131150484,0.122973296959268));
#19615=CARTESIAN_POINT('',(-0.101111841580813,0.0606135131150484,0.122973296959268));
#19616=CARTESIAN_POINT('',(-0.101111841580813,0.03175,0.122973296959268));
#19617=CARTESIAN_POINT('',(-0.101111841580813,0.0706460812419653,0.122973296959268));
#19618=CARTESIAN_POINT('',(-0.102691133791569,0.0706460812419653,0.122973296959268));
#19619=CARTESIAN_POINT('',(-0.097511841580813,0.03175,0.122973296959268));
#19620=CARTESIAN_POINT('',(-0.097511841580813,0.0706460812419653,0.122973296959268));
#19621=CARTESIAN_POINT('',(-0.097511841580813,0.0606135131150484,0.122973296959268));
#19622=CARTESIAN_POINT('',(-0.0959325493700569,0.0606135131150484,0.122973296959268));
#19623=CARTESIAN_POINT('',(-0.0943532571593008,0.0606135131150484,0.122973296959268));
#19624=CARTESIAN_POINT('',(-0.0943532571593008,0.03175,0.122973296959268));
#19625=CARTESIAN_POINT('',(-0.0943532571593008,0.0706460812419653,0.122973296959268));
#19626=CARTESIAN_POINT('',(-0.0959325493700569,0.0706460812419653,0.122973296959268));
#19627=CARTESIAN_POINT('',(-0.11152599487386,0.03175,0.122973296959268));
#19628=CARTESIAN_POINT('',(-0.11152599487386,0.0546215349435806,0.122973296959268));
#19629=CARTESIAN_POINT('',(-0.11152599487386,0.0445889668166637,0.122973296959268));
#19630=CARTESIAN_POINT('',(-0.109946702663104,0.0445889668166637,0.122973296959268));
#19631=CARTESIAN_POINT('',(-0.108367410452348,0.0445889668166637,0.122973296959268));
#19632=CARTESIAN_POINT('',(-0.108367410452348,0.03175,0.122973296959268));
#19633=CARTESIAN_POINT('',(-0.108367410452348,0.0546215349435806,0.122973296959268));
#19634=CARTESIAN_POINT('',(-0.109946702663104,0.0546215349435806,0.122973296959268));
#19635=CARTESIAN_POINT('',(-0.104367410452348,0.03175,0.122973296959268));
#19636=CARTESIAN_POINT('',(-0.104367410452348,0.0546215349435806,0.122973296959268));
#19637=CARTESIAN_POINT('',(-0.104367410452348,0.0445889668166637,0.122973296959268));
#19638=CARTESIAN_POINT('',(-0.102788118241591,0.0445889668166637,0.122973296959268));
#19639=CARTESIAN_POINT('',(-0.101208826030835,0.0445889668166637,0.122973296959268));
#19640=CARTESIAN_POINT('',(-0.101208826030835,0.03175,0.122973296959268));
#19641=CARTESIAN_POINT('',(-0.101208826030835,0.0546215349435806,0.122973296959268));
#19642=CARTESIAN_POINT('',(-0.102788118241591,0.0546215349435806,0.122973296959268));
#19643=CARTESIAN_POINT('',(-0.0976088260308354,0.03175,0.122973296959268));
#19644=CARTESIAN_POINT('',(-0.0976088260308354,0.0546215349435806,0.122973296959268));
#19645=CARTESIAN_POINT('',(-0.0976088260308354,0.0445889668166637,0.122973296959268));
#19646=CARTESIAN_POINT('',(-0.0960295338200793,0.0445889668166637,0.122973296959268));
#19647=CARTESIAN_POINT('',(-0.0944502416093232,0.0445889668166637,0.122973296959268));
#19648=CARTESIAN_POINT('',(-0.0944502416093232,0.03175,0.122973296959268));
#19649=CARTESIAN_POINT('',(-0.0944502416093232,0.0546215349435806,0.122973296959268));
#19650=CARTESIAN_POINT('',(-0.0960295338200793,0.0546215349435806,0.122973296959268));
#19651=CARTESIAN_POINT('',(-0.11152599487386,0.03175,0.122973296959268));
#19652=CARTESIAN_POINT('',(-0.11152599487386,0.0381825681269169,0.122973296959268));
#19653=CARTESIAN_POINT('',(-0.11152599487386,0.02815,0.122973296959268));
#19654=CARTESIAN_POINT('',(-0.109946702663104,0.02815,0.122973296959268));
#19655=CARTESIAN_POINT('',(-0.108367410452348,0.02815,0.122973296959268));
#19656=CARTESIAN_POINT('',(-0.108367410452348,0.03175,0.122973296959268));
#19657=CARTESIAN_POINT('',(-0.108367410452348,0.0381825681269169,0.122973296959268));
#19658=CARTESIAN_POINT('',(-0.109946702663104,0.0381825681269169,0.122973296959268));
#19659=CARTESIAN_POINT('',(-0.104367410452348,0.03175,0.122973296959268));
#19660=CARTESIAN_POINT('',(-0.104367410452348,0.0381825681269169,0.122973296959268));
#19661=CARTESIAN_POINT('',(-0.104367410452348,0.02815,0.122973296959268));
#19662=CARTESIAN_POINT('',(-0.102788118241591,0.02815,0.122973296959268));
#19663=CARTESIAN_POINT('',(-0.101208826030835,0.02815,0.122973296959268));
#19664=CARTESIAN_POINT('',(-0.101208826030835,0.03175,0.122973296959268));
#19665=CARTESIAN_POINT('',(-0.101208826030835,0.0381825681269169,0.122973296959268));
#19666=CARTESIAN_POINT('',(-0.102788118241591,0.0381825681269169,0.122973296959268));
#19667=CARTESIAN_POINT('',(-0.0976088260308354,0.03175,0.122973296959268));
#19668=CARTESIAN_POINT('',(-0.0976088260308354,0.0381825681269169,0.122973296959268));
#19669=CARTESIAN_POINT('',(-0.0976088260308354,0.02815,0.122973296959268));
#19670=CARTESIAN_POINT('',(-0.0960295338200793,0.02815,0.122973296959268));
#19671=CARTESIAN_POINT('',(-0.0944502416093232,0.02815,0.122973296959268));
#19672=CARTESIAN_POINT('',(-0.0944502416093232,0.03175,0.122973296959268));
#19673=CARTESIAN_POINT('',(-0.0944502416093232,0.0381825681269169,0.122973296959268));
#19674=CARTESIAN_POINT('',(-0.0960295338200793,0.0381825681269169,0.122973296959268));
#19675=CARTESIAN_POINT('',(-0.111332025973815,0.03175,0.122973296959268));
#19676=CARTESIAN_POINT('',(-0.111332025973815,0.0218100379735231,0.122973296959268));
#19677=CARTESIAN_POINT('',(-0.111332025973815,0.0117774698466062,0.122973296959268));
#19678=CARTESIAN_POINT('',(-0.109752733763059,0.0117774698466062,0.122973296959268));
#19679=CARTESIAN_POINT('',(-0.108173441552303,0.0117774698466062,0.122973296959268));
#19680=CARTESIAN_POINT('',(-0.108173441552303,0.03175,0.122973296959268));
#19681=CARTESIAN_POINT('',(-0.108173441552303,0.0218100379735231,0.122973296959268));
#19682=CARTESIAN_POINT('',(-0.109752733763059,0.0218100379735231,0.122973296959268));
#19683=CARTESIAN_POINT('',(-0.104173441552303,0.03175,0.122973296959268));
#19684=CARTESIAN_POINT('',(-0.104173441552303,0.0218100379735231,0.122973296959268));
#19685=CARTESIAN_POINT('',(-0.104173441552303,0.0117774698466062,0.122973296959268));
#19686=CARTESIAN_POINT('',(-0.102594149341547,0.0117774698466062,0.122973296959268));
#19687=CARTESIAN_POINT('',(-0.101014857130791,0.0117774698466062,0.122973296959268));
#19688=CARTESIAN_POINT('',(-0.101014857130791,0.03175,0.122973296959268));
#19689=CARTESIAN_POINT('',(-0.101014857130791,0.0218100379735231,0.122973296959268));
#19690=CARTESIAN_POINT('',(-0.102594149341547,0.0218100379735231,0.122973296959268));
#19691=CARTESIAN_POINT('',(-0.0974148571307905,0.03175,0.122973296959268));
#19692=CARTESIAN_POINT('',(-0.0974148571307905,0.0218100379735231,0.122973296959268));
#19693=CARTESIAN_POINT('',(-0.0974148571307905,0.0117774698466062,0.122973296959268));
#19694=CARTESIAN_POINT('',(-0.0958355649200344,0.0117774698466062,0.122973296959268));
#19695=CARTESIAN_POINT('',(-0.0942562727092784,0.0117774698466062,0.122973296959268));
#19696=CARTESIAN_POINT('',(-0.0942562727092784,0.03175,0.122973296959268));
#19697=CARTESIAN_POINT('',(-0.0942562727092784,0.0218100379735231,0.122973296959268));
#19698=CARTESIAN_POINT('',(-0.0958355649200344,0.0218100379735231,0.122973296959268));
#19699=CARTESIAN_POINT('',(-0.111332025973815,0.03175,0.122973296959268));
#19700=CARTESIAN_POINT('',(-0.111332025973815,0.00537107115685941,0.122973296959268));
#19701=CARTESIAN_POINT('',(-0.111332025973815,-0.00466149697005748,0.122973296959268));
#19702=CARTESIAN_POINT('',(-0.109752733763059,-0.00466149697005748,0.122973296959268));
#19703=CARTESIAN_POINT('',(-0.108173441552303,-0.00466149697005748,0.122973296959268));
#19704=CARTESIAN_POINT('',(-0.108173441552303,0.03175,0.122973296959268));
#19705=CARTESIAN_POINT('',(-0.108173441552303,0.00537107115685941,0.122973296959268));
#19706=CARTESIAN_POINT('',(-0.109752733763059,0.00537107115685941,0.122973296959268));
#19707=CARTESIAN_POINT('',(-0.104173441552303,0.03175,0.122973296959268));
#19708=CARTESIAN_POINT('',(-0.104173441552303,0.00537107115685941,0.122973296959268));
#19709=CARTESIAN_POINT('',(-0.104173441552303,-0.00466149697005748,0.122973296959268));
#19710=CARTESIAN_POINT('',(-0.102594149341547,-0.00466149697005748,0.122973296959268));
#19711=CARTESIAN_POINT('',(-0.101014857130791,-0.00466149697005748,0.122973296959268));
#19712=CARTESIAN_POINT('',(-0.101014857130791,0.03175,0.122973296959268));
#19713=CARTESIAN_POINT('',(-0.101014857130791,0.00537107115685941,0.122973296959268));
#19714=CARTESIAN_POINT('',(-0.102594149341547,0.00537107115685941,0.122973296959268));
#19715=CARTESIAN_POINT('',(-0.0974148571307905,0.03175,0.122973296959268));
#19716=CARTESIAN_POINT('',(-0.0974148571307905,0.00537107115685941,0.122973296959268));
#19717=CARTESIAN_POINT('',(-0.0974148571307905,-0.00466149697005748,0.122973296959268));
#19718=CARTESIAN_POINT('',(-0.0958355649200344,-0.00466149697005748,0.122973296959268));
#19719=CARTESIAN_POINT('',(-0.0942562727092784,-0.00466149697005748,0.122973296959268));
#19720=CARTESIAN_POINT('',(-0.0942562727092784,0.03175,0.122973296959268));
#19721=CARTESIAN_POINT('',(-0.0942562727092784,0.00537107115685941,0.122973296959268));
#19722=CARTESIAN_POINT('',(-0.0958355649200344,0.00537107115685941,0.122973296959268));
#19723=CARTESIAN_POINT('',(-0.111429010423837,0.03175,0.122973296959268));
#19724=CARTESIAN_POINT('',(-0.111429010423837,-0.0106534751415253,0.122973296959268));
#19725=CARTESIAN_POINT('',(-0.111429010423837,-0.0206860432684421,0.122973296959268));
#19726=CARTESIAN_POINT('',(-0.109849718213081,-0.0206860432684421,0.122973296959268));
#19727=CARTESIAN_POINT('',(-0.108270426002325,-0.0206860432684421,0.122973296959268));
#19728=CARTESIAN_POINT('',(-0.108270426002325,0.03175,0.122973296959268));
#19729=CARTESIAN_POINT('',(-0.108270426002325,-0.0106534751415253,0.122973296959268));
#19730=CARTESIAN_POINT('',(-0.109849718213081,-0.0106534751415253,0.122973296959268));
#19731=CARTESIAN_POINT('',(-0.104270426002325,0.03175,0.122973296959268));
#19732=CARTESIAN_POINT('',(-0.104270426002325,-0.0106534751415253,0.122973296959268));
#19733=CARTESIAN_POINT('',(-0.104270426002325,-0.0206860432684421,0.122973296959268));
#19734=CARTESIAN_POINT('',(-0.102691133791569,-0.0206860432684421,0.122973296959268));
#19735=CARTESIAN_POINT('',(-0.101111841580813,-0.0206860432684421,0.122973296959268));
#19736=CARTESIAN_POINT('',(-0.101111841580813,0.03175,0.122973296959268));
#19737=CARTESIAN_POINT('',(-0.101111841580813,-0.0106534751415253,0.122973296959268));
#19738=CARTESIAN_POINT('',(-0.102691133791569,-0.0106534751415253,0.122973296959268));
#19739=CARTESIAN_POINT('',(-0.097511841580813,0.03175,0.122973296959268));
#19740=CARTESIAN_POINT('',(-0.097511841580813,-0.0106534751415253,0.122973296959268));
#19741=CARTESIAN_POINT('',(-0.097511841580813,-0.0206860432684421,0.122973296959268));
#19742=CARTESIAN_POINT('',(-0.0959325493700569,-0.0206860432684421,0.122973296959268));
#19743=CARTESIAN_POINT('',(-0.0943532571593008,-0.0206860432684421,0.122973296959268));
#19744=CARTESIAN_POINT('',(-0.0943532571593008,0.03175,0.122973296959268));
#19745=CARTESIAN_POINT('',(-0.0943532571593008,-0.0106534751415253,0.122973296959268));
#19746=CARTESIAN_POINT('',(-0.0959325493700569,-0.0106534751415253,0.122973296959268));
#19747=CARTESIAN_POINT('',(-0.13462,0.03175,0.126973296959268));
#19748=CARTESIAN_POINT('',(-0.102691133791569,-0.0206860432684421,0.126973296959268));
#19749=CARTESIAN_POINT('',(-0.104270426002325,-0.0206860432684421,0.126973296959268));
#19750=CARTESIAN_POINT('',(-0.101111841580813,-0.0206860432684421,0.126973296959268));
#19751=CARTESIAN_POINT('',(-0.104270426002325,-0.0156697592049838,0.126973296959268));
#19752=CARTESIAN_POINT('',(-0.104270426002325,-0.0106534751415253,0.126973296959268));
#19753=CARTESIAN_POINT('',(-0.102691133791569,-0.0106534751415253,0.126973296959268));
#19754=CARTESIAN_POINT('',(-0.101111841580813,-0.0106534751415253,0.126973296959268));
#19755=CARTESIAN_POINT('',(-0.101111841580813,-0.0156697592049838,0.126973296959268));
#19756=CARTESIAN_POINT('',(-0.0958355649200344,-0.00466149697005748,0.126973296959268));
#19757=CARTESIAN_POINT('',(-0.0974148571307905,-0.00466149697005748,0.126973296959268));
#19758=CARTESIAN_POINT('',(-0.0942562727092784,-0.00466149697005748,0.126973296959268));
#19759=CARTESIAN_POINT('',(-0.0974148571307905,0.000354787093400963,0.126973296959268));
#19760=CARTESIAN_POINT('',(-0.0974148571307905,0.00537107115685941,0.126973296959268));
#19761=CARTESIAN_POINT('',(-0.0958355649200344,0.00537107115685941,0.126973296959268));
#19762=CARTESIAN_POINT('',(-0.0942562727092784,0.00537107115685941,0.126973296959268));
#19763=CARTESIAN_POINT('',(-0.0942562727092784,0.000354787093400963,0.126973296959268));
#19764=CARTESIAN_POINT('',(-0.109752733763059,-0.00466149697005748,0.126973296959268));
#19765=CARTESIAN_POINT('',(-0.111332025973815,-0.00466149697005748,0.126973296959268));
#19766=CARTESIAN_POINT('',(-0.108173441552303,-0.00466149697005748,0.126973296959268));
#19767=CARTESIAN_POINT('',(-0.111332025973815,0.000354787093400963,0.126973296959268));
#19768=CARTESIAN_POINT('',(-0.111332025973815,0.00537107115685941,0.126973296959268));
#19769=CARTESIAN_POINT('',(-0.109752733763059,0.00537107115685941,0.126973296959268));
#19770=CARTESIAN_POINT('',(-0.108173441552303,0.00537107115685941,0.126973296959268));
#19771=CARTESIAN_POINT('',(-0.108173441552303,0.000354787093400963,0.126973296959268));
#19772=CARTESIAN_POINT('',(-0.102594149341547,0.0117774698466062,0.126973296959268));
#19773=CARTESIAN_POINT('',(-0.104173441552303,0.0117774698466062,0.126973296959268));
#19774=CARTESIAN_POINT('',(-0.101014857130791,0.0117774698466062,0.126973296959268));
#19775=CARTESIAN_POINT('',(-0.104173441552303,0.0167937539100647,0.126973296959268));
#19776=CARTESIAN_POINT('',(-0.104173441552303,0.0218100379735231,0.126973296959268));
#19777=CARTESIAN_POINT('',(-0.102594149341547,0.0218100379735231,0.126973296959268));
#19778=CARTESIAN_POINT('',(-0.101014857130791,0.0218100379735231,0.126973296959268));
#19779=CARTESIAN_POINT('',(-0.101014857130791,0.0167937539100647,0.126973296959268));
#19780=CARTESIAN_POINT('',(-0.0960295338200793,0.02815,0.126973296959268));
#19781=CARTESIAN_POINT('',(-0.0976088260308354,0.02815,0.126973296959268));
#19782=CARTESIAN_POINT('',(-0.0944502416093232,0.02815,0.126973296959268));
#19783=CARTESIAN_POINT('',(-0.0976088260308354,0.0331662840634584,0.126973296959268));
#19784=CARTESIAN_POINT('',(-0.0976088260308354,0.0381825681269169,0.126973296959268));
#19785=CARTESIAN_POINT('',(-0.0960295338200793,0.0381825681269169,0.126973296959268));
#19786=CARTESIAN_POINT('',(-0.0944502416093232,0.0381825681269169,0.126973296959268));
#19787=CARTESIAN_POINT('',(-0.0944502416093232,0.0331662840634584,0.126973296959268));
#19788=CARTESIAN_POINT('',(-0.109946702663104,0.02815,0.126973296959268));
#19789=CARTESIAN_POINT('',(-0.11152599487386,0.02815,0.126973296959268));
#19790=CARTESIAN_POINT('',(-0.108367410452348,0.02815,0.126973296959268));
#19791=CARTESIAN_POINT('',(-0.11152599487386,0.0331662840634584,0.126973296959268));
#19792=CARTESIAN_POINT('',(-0.11152599487386,0.0381825681269169,0.126973296959268));
#19793=CARTESIAN_POINT('',(-0.109946702663104,0.0381825681269169,0.126973296959268));
#19794=CARTESIAN_POINT('',(-0.108367410452348,0.0381825681269169,0.126973296959268));
#19795=CARTESIAN_POINT('',(-0.108367410452348,0.0331662840634584,0.126973296959268));
#19796=CARTESIAN_POINT('',(-0.102788118241591,0.0445889668166637,0.126973296959268));
#19797=CARTESIAN_POINT('',(-0.104367410452348,0.0445889668166637,0.126973296959268));
#19798=CARTESIAN_POINT('',(-0.101208826030835,0.0445889668166637,0.126973296959268));
#19799=CARTESIAN_POINT('',(-0.104367410452348,0.0496052508801222,0.126973296959268));
#19800=CARTESIAN_POINT('',(-0.104367410452348,0.0546215349435806,0.126973296959268));
#19801=CARTESIAN_POINT('',(-0.102788118241591,0.0546215349435806,0.126973296959268));
#19802=CARTESIAN_POINT('',(-0.101208826030835,0.0546215349435806,0.126973296959268));
#19803=CARTESIAN_POINT('',(-0.101208826030835,0.0496052508801222,0.126973296959268));
#19804=CARTESIAN_POINT('',(-0.0959325493700569,0.0606135131150484,0.126973296959268));
#19805=CARTESIAN_POINT('',(-0.097511841580813,0.0606135131150484,0.126973296959268));
#19806=CARTESIAN_POINT('',(-0.0943532571593008,0.0606135131150484,0.126973296959268));
#19807=CARTESIAN_POINT('',(-0.097511841580813,0.0656297971785069,0.126973296959268));
#19808=CARTESIAN_POINT('',(-0.097511841580813,0.0706460812419653,0.126973296959268));
#19809=CARTESIAN_POINT('',(-0.0959325493700569,0.0706460812419653,0.126973296959268));
#19810=CARTESIAN_POINT('',(-0.0943532571593008,0.0706460812419653,0.126973296959268));
#19811=CARTESIAN_POINT('',(-0.0943532571593008,0.0656297971785069,0.126973296959268));
#19812=CARTESIAN_POINT('',(-0.109849718213081,0.0606135131150484,0.126973296959268));
#19813=CARTESIAN_POINT('',(-0.111429010423837,0.0606135131150484,0.126973296959268));
#19814=CARTESIAN_POINT('',(-0.108270426002325,0.0606135131150484,0.126973296959268));
#19815=CARTESIAN_POINT('',(-0.111429010423837,0.0656297971785069,0.126973296959268));
#19816=CARTESIAN_POINT('',(-0.111429010423837,0.0706460812419653,0.126973296959268));
#19817=CARTESIAN_POINT('',(-0.109849718213081,0.0706460812419653,0.126973296959268));
#19818=CARTESIAN_POINT('',(-0.108270426002325,0.0706460812419653,0.126973296959268));
#19819=CARTESIAN_POINT('',(-0.108270426002325,0.0656297971785069,0.126973296959268));
#19820=CARTESIAN_POINT('',(-0.102691133791569,0.0770524799317121,0.126973296959268));
#19821=CARTESIAN_POINT('',(-0.104270426002325,0.0770524799317121,0.126973296959268));
#19822=CARTESIAN_POINT('',(-0.101111841580813,0.0770524799317121,0.126973296959268));
#19823=CARTESIAN_POINT('',(-0.104270426002325,0.0820687639951706,0.126973296959268));
#19824=CARTESIAN_POINT('',(-0.104270426002325,0.087085048058629,0.126973296959268));
#19825=CARTESIAN_POINT('',(-0.102691133791569,0.087085048058629,0.126973296959268));
#19826=CARTESIAN_POINT('',(-0.101111841580813,0.087085048058629,0.126973296959268));
#19827=CARTESIAN_POINT('',(-0.101111841580813,0.0820687639951706,0.126973296959268));
#19828=CARTESIAN_POINT('',(-0.0909412653116466,0.0325749899148941,0.126973296959268));
#19829=CARTESIAN_POINT('',(-0.0909412653116466,0.0950749899148941,0.126973296959268));
#19830=CARTESIAN_POINT('',(-0.0909412653116466,-0.0299250100851059,0.126973296959268));
#19831=CARTESIAN_POINT('',(-0.102641265311647,0.0950749899148941,0.126973296959268));
#19832=CARTESIAN_POINT('',(-0.114341265311647,0.0950749899148941,0.126973296959268));
#19833=CARTESIAN_POINT('',(-0.114341265311647,0.0325749899148941,0.126973296959268));
#19834=CARTESIAN_POINT('',(-0.114341265311647,-0.0299250100851059,0.126973296959268));
#19835=CARTESIAN_POINT('',(-0.102641265311647,-0.0299250100851059,0.126973296959268));
#19836=CARTESIAN_POINT('',(-0.109849718213081,0.0770524799317121,0.126973296959268));
#19837=CARTESIAN_POINT('',(-0.111429010423837,0.0770524799317121,0.126973296959268));
#19838=CARTESIAN_POINT('',(-0.108270426002325,0.0770524799317121,0.126973296959268));
#19839=CARTESIAN_POINT('',(-0.111429010423837,0.0820687639951706,0.126973296959268));
#19840=CARTESIAN_POINT('',(-0.111429010423837,0.087085048058629,0.126973296959268));
#19841=CARTESIAN_POINT('',(-0.109849718213081,0.087085048058629,0.126973296959268));
#19842=CARTESIAN_POINT('',(-0.108270426002325,0.087085048058629,0.126973296959268));
#19843=CARTESIAN_POINT('',(-0.108270426002325,0.0820687639951706,0.126973296959268));
#19844=CARTESIAN_POINT('',(-0.0959325493700569,0.0770524799317121,0.126973296959268));
#19845=CARTESIAN_POINT('',(-0.097511841580813,0.0770524799317121,0.126973296959268));
#19846=CARTESIAN_POINT('',(-0.0943532571593008,0.0770524799317121,0.126973296959268));
#19847=CARTESIAN_POINT('',(-0.097511841580813,0.0820687639951706,0.126973296959268));
#19848=CARTESIAN_POINT('',(-0.097511841580813,0.087085048058629,0.126973296959268));
#19849=CARTESIAN_POINT('',(-0.0959325493700569,0.087085048058629,0.126973296959268));
#19850=CARTESIAN_POINT('',(-0.0943532571593008,0.087085048058629,0.126973296959268));
#19851=CARTESIAN_POINT('',(-0.0943532571593008,0.0820687639951706,0.126973296959268));
#19852=CARTESIAN_POINT('',(-0.102691133791569,0.0606135131150484,0.126973296959268));
#19853=CARTESIAN_POINT('',(-0.104270426002325,0.0606135131150484,0.126973296959268));
#19854=CARTESIAN_POINT('',(-0.101111841580813,0.0606135131150484,0.126973296959268));
#19855=CARTESIAN_POINT('',(-0.104270426002325,0.0656297971785069,0.126973296959268));
#19856=CARTESIAN_POINT('',(-0.104270426002325,0.0706460812419653,0.126973296959268));
#19857=CARTESIAN_POINT('',(-0.102691133791569,0.0706460812419653,0.126973296959268));
#19858=CARTESIAN_POINT('',(-0.101111841580813,0.0706460812419653,0.126973296959268));
#19859=CARTESIAN_POINT('',(-0.101111841580813,0.0656297971785069,0.126973296959268));
#19860=CARTESIAN_POINT('',(-0.109946702663104,0.0445889668166637,0.126973296959268));
#19861=CARTESIAN_POINT('',(-0.11152599487386,0.0445889668166637,0.126973296959268));
#19862=CARTESIAN_POINT('',(-0.108367410452348,0.0445889668166637,0.126973296959268));
#19863=CARTESIAN_POINT('',(-0.11152599487386,0.0496052508801222,0.126973296959268));
#19864=CARTESIAN_POINT('',(-0.11152599487386,0.0546215349435806,0.126973296959268));
#19865=CARTESIAN_POINT('',(-0.109946702663104,0.0546215349435806,0.126973296959268));
#19866=CARTESIAN_POINT('',(-0.108367410452348,0.0546215349435806,0.126973296959268));
#19867=CARTESIAN_POINT('',(-0.108367410452348,0.0496052508801222,0.126973296959268));
#19868=CARTESIAN_POINT('',(-0.0960295338200793,0.0445889668166637,0.126973296959268));
#19869=CARTESIAN_POINT('',(-0.0976088260308354,0.0445889668166637,0.126973296959268));
#19870=CARTESIAN_POINT('',(-0.0944502416093232,0.0445889668166637,0.126973296959268));
#19871=CARTESIAN_POINT('',(-0.0976088260308354,0.0496052508801222,0.126973296959268));
#19872=CARTESIAN_POINT('',(-0.0976088260308354,0.0546215349435806,0.126973296959268));
#19873=CARTESIAN_POINT('',(-0.0960295338200793,0.0546215349435806,0.126973296959268));
#19874=CARTESIAN_POINT('',(-0.0944502416093232,0.0546215349435806,0.126973296959268));
#19875=CARTESIAN_POINT('',(-0.0944502416093232,0.0496052508801222,0.126973296959268));
#19876=CARTESIAN_POINT('',(-0.102788118241591,0.02815,0.126973296959268));
#19877=CARTESIAN_POINT('',(-0.104367410452348,0.02815,0.126973296959268));
#19878=CARTESIAN_POINT('',(-0.101208826030835,0.02815,0.126973296959268));
#19879=CARTESIAN_POINT('',(-0.104367410452348,0.0331662840634584,0.126973296959268));
#19880=CARTESIAN_POINT('',(-0.104367410452348,0.0381825681269169,0.126973296959268));
#19881=CARTESIAN_POINT('',(-0.102788118241591,0.0381825681269169,0.126973296959268));
#19882=CARTESIAN_POINT('',(-0.101208826030835,0.0381825681269169,0.126973296959268));
#19883=CARTESIAN_POINT('',(-0.101208826030835,0.0331662840634584,0.126973296959268));
#19884=CARTESIAN_POINT('',(-0.109752733763059,0.0117774698466062,0.126973296959268));
#19885=CARTESIAN_POINT('',(-0.111332025973815,0.0117774698466062,0.126973296959268));
#19886=CARTESIAN_POINT('',(-0.108173441552303,0.0117774698466062,0.126973296959268));
#19887=CARTESIAN_POINT('',(-0.111332025973815,0.0167937539100647,0.126973296959268));
#19888=CARTESIAN_POINT('',(-0.111332025973815,0.0218100379735231,0.126973296959268));
#19889=CARTESIAN_POINT('',(-0.109752733763059,0.0218100379735231,0.126973296959268));
#19890=CARTESIAN_POINT('',(-0.108173441552303,0.0218100379735231,0.126973296959268));
#19891=CARTESIAN_POINT('',(-0.108173441552303,0.0167937539100647,0.126973296959268));
#19892=CARTESIAN_POINT('',(-0.0958355649200344,0.0117774698466062,0.126973296959268));
#19893=CARTESIAN_POINT('',(-0.0974148571307905,0.0117774698466062,0.126973296959268));
#19894=CARTESIAN_POINT('',(-0.0942562727092784,0.0117774698466062,0.126973296959268));
#19895=CARTESIAN_POINT('',(-0.0974148571307905,0.0167937539100647,0.126973296959268));
#19896=CARTESIAN_POINT('',(-0.0974148571307905,0.0218100379735231,0.126973296959268));
#19897=CARTESIAN_POINT('',(-0.0958355649200344,0.0218100379735231,0.126973296959268));
#19898=CARTESIAN_POINT('',(-0.0942562727092784,0.0218100379735231,0.126973296959268));
#19899=CARTESIAN_POINT('',(-0.0942562727092784,0.0167937539100647,0.126973296959268));
#19900=CARTESIAN_POINT('',(-0.102594149341547,-0.00466149697005748,0.126973296959268));
#19901=CARTESIAN_POINT('',(-0.104173441552303,-0.00466149697005748,0.126973296959268));
#19902=CARTESIAN_POINT('',(-0.101014857130791,-0.00466149697005748,0.126973296959268));
#19903=CARTESIAN_POINT('',(-0.104173441552303,0.000354787093400963,0.126973296959268));
#19904=CARTESIAN_POINT('',(-0.104173441552303,0.00537107115685941,0.126973296959268));
#19905=CARTESIAN_POINT('',(-0.102594149341547,0.00537107115685941,0.126973296959268));
#19906=CARTESIAN_POINT('',(-0.101014857130791,0.00537107115685941,0.126973296959268));
#19907=CARTESIAN_POINT('',(-0.101014857130791,0.000354787093400963,0.126973296959268));
#19908=CARTESIAN_POINT('',(-0.109849718213081,-0.0206860432684421,0.126973296959268));
#19909=CARTESIAN_POINT('',(-0.111429010423837,-0.0206860432684421,0.126973296959268));
#19910=CARTESIAN_POINT('',(-0.108270426002325,-0.0206860432684421,0.126973296959268));
#19911=CARTESIAN_POINT('',(-0.111429010423837,-0.0156697592049838,0.126973296959268));
#19912=CARTESIAN_POINT('',(-0.111429010423837,-0.0106534751415253,0.126973296959268));
#19913=CARTESIAN_POINT('',(-0.109849718213081,-0.0106534751415253,0.126973296959268));
#19914=CARTESIAN_POINT('',(-0.108270426002325,-0.0106534751415253,0.126973296959268));
#19915=CARTESIAN_POINT('',(-0.108270426002325,-0.0156697592049838,0.126973296959268));
#19916=CARTESIAN_POINT('',(-0.0959325493700569,-0.0206860432684421,0.126973296959268));
#19917=CARTESIAN_POINT('',(-0.097511841580813,-0.0206860432684421,0.126973296959268));
#19918=CARTESIAN_POINT('',(-0.0943532571593008,-0.0206860432684421,0.126973296959268));
#19919=CARTESIAN_POINT('',(-0.097511841580813,-0.0156697592049838,0.126973296959268));
#19920=CARTESIAN_POINT('',(-0.097511841580813,-0.0106534751415253,0.126973296959268));
#19921=CARTESIAN_POINT('',(-0.0959325493700569,-0.0106534751415253,0.126973296959268));
#19922=CARTESIAN_POINT('',(-0.0943532571593008,-0.0106534751415253,0.126973296959268));
#19923=CARTESIAN_POINT('',(-0.0943532571593008,-0.0156697592049838,0.126973296959268));
#19924=CARTESIAN_POINT('',(-0.0909412653116466,0.0325749899148941,0.122973296959268));
#19925=CARTESIAN_POINT('',(-0.0909412653116466,0.0950749899148941,0.122973296959268));
#19926=CARTESIAN_POINT('',(-0.0909412653116466,-0.0299250100851059,0.122973296959268));
#19927=CARTESIAN_POINT('',(-0.102641265311647,0.0950749899148941,0.122973296959268));
#19928=CARTESIAN_POINT('',(-0.114341265311647,0.0950749899148941,0.122973296959268));
#19929=CARTESIAN_POINT('',(-0.114341265311647,0.0325749899148941,0.122973296959268));
#19930=CARTESIAN_POINT('',(-0.114341265311647,-0.0299250100851059,0.122973296959268));
#19931=CARTESIAN_POINT('',(-0.102641265311647,-0.0299250100851059,0.122973296959268));
#19932=CARTESIAN_POINT('',(-0.108270426002325,0.0820687639951706,0.116973296959268));
#19933=CARTESIAN_POINT('',(-0.108270426002325,0.087085048058629,0.116973296959268));
#19934=CARTESIAN_POINT('',(-0.108270426002325,0.0770524799317121,0.116973296959268));
#19935=CARTESIAN_POINT('',(-0.109849718213081,0.087085048058629,0.116973296959268));
#19936=CARTESIAN_POINT('',(-0.111429010423837,0.087085048058629,0.116973296959268));
#19937=CARTESIAN_POINT('',(-0.111429010423837,0.0820687639951706,0.116973296959268));
#19938=CARTESIAN_POINT('',(-0.111429010423837,0.0770524799317121,0.116973296959268));
#19939=CARTESIAN_POINT('',(-0.109849718213081,0.0770524799317121,0.116973296959268));
#19940=CARTESIAN_POINT('',(-0.101111841580813,0.0820687639951706,0.116973296959268));
#19941=CARTESIAN_POINT('',(-0.101111841580813,0.087085048058629,0.116973296959268));
#19942=CARTESIAN_POINT('',(-0.101111841580813,0.0770524799317121,0.116973296959268));
#19943=CARTESIAN_POINT('',(-0.102691133791569,0.087085048058629,0.116973296959268));
#19944=CARTESIAN_POINT('',(-0.104270426002325,0.087085048058629,0.116973296959268));
#19945=CARTESIAN_POINT('',(-0.104270426002325,0.0820687639951706,0.116973296959268));
#19946=CARTESIAN_POINT('',(-0.104270426002325,0.0770524799317121,0.116973296959268));
#19947=CARTESIAN_POINT('',(-0.102691133791569,0.0770524799317121,0.116973296959268));
#19948=CARTESIAN_POINT('',(-0.0943532571593008,0.0820687639951706,0.116973296959268));
#19949=CARTESIAN_POINT('',(-0.0943532571593008,0.087085048058629,0.116973296959268));
#19950=CARTESIAN_POINT('',(-0.0943532571593008,0.0770524799317121,0.116973296959268));
#19951=CARTESIAN_POINT('',(-0.0959325493700569,0.087085048058629,0.116973296959268));
#19952=CARTESIAN_POINT('',(-0.097511841580813,0.087085048058629,0.116973296959268));
#19953=CARTESIAN_POINT('',(-0.097511841580813,0.0820687639951706,0.116973296959268));
#19954=CARTESIAN_POINT('',(-0.097511841580813,0.0770524799317121,0.116973296959268));
#19955=CARTESIAN_POINT('',(-0.0959325493700569,0.0770524799317121,0.116973296959268));
#19956=CARTESIAN_POINT('',(-0.108270426002325,0.0656297971785069,0.116973296959268));
#19957=CARTESIAN_POINT('',(-0.108270426002325,0.0706460812419653,0.116973296959268));
#19958=CARTESIAN_POINT('',(-0.108270426002325,0.0606135131150484,0.116973296959268));
#19959=CARTESIAN_POINT('',(-0.109849718213081,0.0706460812419653,0.116973296959268));
#19960=CARTESIAN_POINT('',(-0.111429010423837,0.0706460812419653,0.116973296959268));
#19961=CARTESIAN_POINT('',(-0.111429010423837,0.0656297971785069,0.116973296959268));
#19962=CARTESIAN_POINT('',(-0.111429010423837,0.0606135131150484,0.116973296959268));
#19963=CARTESIAN_POINT('',(-0.109849718213081,0.0606135131150484,0.116973296959268));
#19964=CARTESIAN_POINT('',(-0.101111841580813,0.0656297971785069,0.116973296959268));
#19965=CARTESIAN_POINT('',(-0.101111841580813,0.0706460812419653,0.116973296959268));
#19966=CARTESIAN_POINT('',(-0.101111841580813,0.0606135131150484,0.116973296959268));
#19967=CARTESIAN_POINT('',(-0.102691133791569,0.0706460812419653,0.116973296959268));
#19968=CARTESIAN_POINT('',(-0.104270426002325,0.0706460812419653,0.116973296959268));
#19969=CARTESIAN_POINT('',(-0.104270426002325,0.0656297971785069,0.116973296959268));
#19970=CARTESIAN_POINT('',(-0.104270426002325,0.0606135131150484,0.116973296959268));
#19971=CARTESIAN_POINT('',(-0.102691133791569,0.0606135131150484,0.116973296959268));
#19972=CARTESIAN_POINT('',(-0.0943532571593008,0.0656297971785069,0.116973296959268));
#19973=CARTESIAN_POINT('',(-0.0943532571593008,0.0706460812419653,0.116973296959268));
#19974=CARTESIAN_POINT('',(-0.0943532571593008,0.0606135131150484,0.116973296959268));
#19975=CARTESIAN_POINT('',(-0.0959325493700569,0.0706460812419653,0.116973296959268));
#19976=CARTESIAN_POINT('',(-0.097511841580813,0.0706460812419653,0.116973296959268));
#19977=CARTESIAN_POINT('',(-0.097511841580813,0.0656297971785069,0.116973296959268));
#19978=CARTESIAN_POINT('',(-0.097511841580813,0.0606135131150484,0.116973296959268));
#19979=CARTESIAN_POINT('',(-0.0959325493700569,0.0606135131150484,0.116973296959268));
#19980=CARTESIAN_POINT('',(-0.108367410452348,0.0496052508801222,0.116973296959268));
#19981=CARTESIAN_POINT('',(-0.108367410452348,0.0546215349435806,0.116973296959268));
#19982=CARTESIAN_POINT('',(-0.108367410452348,0.0445889668166637,0.116973296959268));
#19983=CARTESIAN_POINT('',(-0.109946702663104,0.0546215349435806,0.116973296959268));
#19984=CARTESIAN_POINT('',(-0.11152599487386,0.0546215349435806,0.116973296959268));
#19985=CARTESIAN_POINT('',(-0.11152599487386,0.0496052508801222,0.116973296959268));
#19986=CARTESIAN_POINT('',(-0.11152599487386,0.0445889668166637,0.116973296959268));
#19987=CARTESIAN_POINT('',(-0.109946702663104,0.0445889668166637,0.116973296959268));
#19988=CARTESIAN_POINT('',(-0.101208826030835,0.0496052508801222,0.116973296959268));
#19989=CARTESIAN_POINT('',(-0.101208826030835,0.0546215349435806,0.116973296959268));
#19990=CARTESIAN_POINT('',(-0.101208826030835,0.0445889668166637,0.116973296959268));
#19991=CARTESIAN_POINT('',(-0.102788118241591,0.0546215349435806,0.116973296959268));
#19992=CARTESIAN_POINT('',(-0.104367410452348,0.0546215349435806,0.116973296959268));
#19993=CARTESIAN_POINT('',(-0.104367410452348,0.0496052508801222,0.116973296959268));
#19994=CARTESIAN_POINT('',(-0.104367410452348,0.0445889668166637,0.116973296959268));
#19995=CARTESIAN_POINT('',(-0.102788118241591,0.0445889668166637,0.116973296959268));
#19996=CARTESIAN_POINT('',(-0.0944502416093232,0.0496052508801222,0.116973296959268));
#19997=CARTESIAN_POINT('',(-0.0944502416093232,0.0546215349435806,0.116973296959268));
#19998=CARTESIAN_POINT('',(-0.0944502416093232,0.0445889668166637,0.116973296959268));
#19999=CARTESIAN_POINT('',(-0.0960295338200793,0.0546215349435806,0.116973296959268));
#20000=CARTESIAN_POINT('',(-0.0976088260308354,0.0546215349435806,0.116973296959268));
#20001=CARTESIAN_POINT('',(-0.0976088260308354,0.0496052508801222,0.116973296959268));
#20002=CARTESIAN_POINT('',(-0.0976088260308354,0.0445889668166637,0.116973296959268));
#20003=CARTESIAN_POINT('',(-0.0960295338200793,0.0445889668166637,0.116973296959268));
#20004=CARTESIAN_POINT('',(-0.108367410452348,0.0331662840634584,0.116973296959268));
#20005=CARTESIAN_POINT('',(-0.108367410452348,0.0381825681269169,0.116973296959268));
#20006=CARTESIAN_POINT('',(-0.108367410452348,0.02815,0.116973296959268));
#20007=CARTESIAN_POINT('',(-0.109946702663104,0.0381825681269169,0.116973296959268));
#20008=CARTESIAN_POINT('',(-0.11152599487386,0.0381825681269169,0.116973296959268));
#20009=CARTESIAN_POINT('',(-0.11152599487386,0.0331662840634584,0.116973296959268));
#20010=CARTESIAN_POINT('',(-0.11152599487386,0.02815,0.116973296959268));
#20011=CARTESIAN_POINT('',(-0.109946702663104,0.02815,0.116973296959268));
#20012=CARTESIAN_POINT('',(-0.101208826030835,0.0331662840634584,0.116973296959268));
#20013=CARTESIAN_POINT('',(-0.101208826030835,0.0381825681269169,0.116973296959268));
#20014=CARTESIAN_POINT('',(-0.101208826030835,0.02815,0.116973296959268));
#20015=CARTESIAN_POINT('',(-0.102788118241591,0.0381825681269169,0.116973296959268));
#20016=CARTESIAN_POINT('',(-0.104367410452348,0.0381825681269169,0.116973296959268));
#20017=CARTESIAN_POINT('',(-0.104367410452348,0.0331662840634584,0.116973296959268));
#20018=CARTESIAN_POINT('',(-0.104367410452348,0.02815,0.116973296959268));
#20019=CARTESIAN_POINT('',(-0.102788118241591,0.02815,0.116973296959268));
#20020=CARTESIAN_POINT('',(-0.0944502416093232,0.0331662840634584,0.116973296959268));
#20021=CARTESIAN_POINT('',(-0.0944502416093232,0.0381825681269169,0.116973296959268));
#20022=CARTESIAN_POINT('',(-0.0944502416093232,0.02815,0.116973296959268));
#20023=CARTESIAN_POINT('',(-0.0960295338200793,0.0381825681269169,0.116973296959268));
#20024=CARTESIAN_POINT('',(-0.0976088260308354,0.0381825681269169,0.116973296959268));
#20025=CARTESIAN_POINT('',(-0.0976088260308354,0.0331662840634584,0.116973296959268));
#20026=CARTESIAN_POINT('',(-0.0976088260308354,0.02815,0.116973296959268));
#20027=CARTESIAN_POINT('',(-0.0960295338200793,0.02815,0.116973296959268));
#20028=CARTESIAN_POINT('',(-0.108173441552303,0.0167937539100647,0.116973296959268));
#20029=CARTESIAN_POINT('',(-0.108173441552303,0.0218100379735231,0.116973296959268));
#20030=CARTESIAN_POINT('',(-0.108173441552303,0.0117774698466062,0.116973296959268));
#20031=CARTESIAN_POINT('',(-0.109752733763059,0.0218100379735231,0.116973296959268));
#20032=CARTESIAN_POINT('',(-0.111332025973815,0.0218100379735231,0.116973296959268));
#20033=CARTESIAN_POINT('',(-0.111332025973815,0.0167937539100647,0.116973296959268));
#20034=CARTESIAN_POINT('',(-0.111332025973815,0.0117774698466062,0.116973296959268));
#20035=CARTESIAN_POINT('',(-0.109752733763059,0.0117774698466062,0.116973296959268));
#20036=CARTESIAN_POINT('',(-0.101014857130791,0.0167937539100647,0.116973296959268));
#20037=CARTESIAN_POINT('',(-0.101014857130791,0.0218100379735231,0.116973296959268));
#20038=CARTESIAN_POINT('',(-0.101014857130791,0.0117774698466062,0.116973296959268));
#20039=CARTESIAN_POINT('',(-0.102594149341547,0.0218100379735231,0.116973296959268));
#20040=CARTESIAN_POINT('',(-0.104173441552303,0.0218100379735231,0.116973296959268));
#20041=CARTESIAN_POINT('',(-0.104173441552303,0.0167937539100647,0.116973296959268));
#20042=CARTESIAN_POINT('',(-0.104173441552303,0.0117774698466062,0.116973296959268));
#20043=CARTESIAN_POINT('',(-0.102594149341547,0.0117774698466062,0.116973296959268));
#20044=CARTESIAN_POINT('',(-0.0942562727092784,0.0167937539100647,0.116973296959268));
#20045=CARTESIAN_POINT('',(-0.0942562727092784,0.0218100379735231,0.116973296959268));
#20046=CARTESIAN_POINT('',(-0.0942562727092784,0.0117774698466062,0.116973296959268));
#20047=CARTESIAN_POINT('',(-0.0958355649200344,0.0218100379735231,0.116973296959268));
#20048=CARTESIAN_POINT('',(-0.0974148571307905,0.0218100379735231,0.116973296959268));
#20049=CARTESIAN_POINT('',(-0.0974148571307905,0.0167937539100647,0.116973296959268));
#20050=CARTESIAN_POINT('',(-0.0974148571307905,0.0117774698466062,0.116973296959268));
#20051=CARTESIAN_POINT('',(-0.0958355649200344,0.0117774698466062,0.116973296959268));
#20052=CARTESIAN_POINT('',(-0.108173441552303,0.000354787093400963,0.116973296959268));
#20053=CARTESIAN_POINT('',(-0.108173441552303,0.00537107115685941,0.116973296959268));
#20054=CARTESIAN_POINT('',(-0.108173441552303,-0.00466149697005748,0.116973296959268));
#20055=CARTESIAN_POINT('',(-0.109752733763059,0.00537107115685941,0.116973296959268));
#20056=CARTESIAN_POINT('',(-0.111332025973815,0.00537107115685941,0.116973296959268));
#20057=CARTESIAN_POINT('',(-0.111332025973815,0.000354787093400963,0.116973296959268));
#20058=CARTESIAN_POINT('',(-0.111332025973815,-0.00466149697005748,0.116973296959268));
#20059=CARTESIAN_POINT('',(-0.109752733763059,-0.00466149697005748,0.116973296959268));
#20060=CARTESIAN_POINT('',(-0.101014857130791,0.000354787093400963,0.116973296959268));
#20061=CARTESIAN_POINT('',(-0.101014857130791,0.00537107115685941,0.116973296959268));
#20062=CARTESIAN_POINT('',(-0.101014857130791,-0.00466149697005748,0.116973296959268));
#20063=CARTESIAN_POINT('',(-0.102594149341547,0.00537107115685941,0.116973296959268));
#20064=CARTESIAN_POINT('',(-0.104173441552303,0.00537107115685941,0.116973296959268));
#20065=CARTESIAN_POINT('',(-0.104173441552303,0.000354787093400963,0.116973296959268));
#20066=CARTESIAN_POINT('',(-0.104173441552303,-0.00466149697005748,0.116973296959268));
#20067=CARTESIAN_POINT('',(-0.102594149341547,-0.00466149697005748,0.116973296959268));
#20068=CARTESIAN_POINT('',(-0.0942562727092784,0.000354787093400963,0.116973296959268));
#20069=CARTESIAN_POINT('',(-0.0942562727092784,0.00537107115685941,0.116973296959268));
#20070=CARTESIAN_POINT('',(-0.0942562727092784,-0.00466149697005748,0.116973296959268));
#20071=CARTESIAN_POINT('',(-0.0958355649200344,0.00537107115685941,0.116973296959268));
#20072=CARTESIAN_POINT('',(-0.0974148571307905,0.00537107115685941,0.116973296959268));
#20073=CARTESIAN_POINT('',(-0.0974148571307905,0.000354787093400963,0.116973296959268));
#20074=CARTESIAN_POINT('',(-0.0974148571307905,-0.00466149697005748,0.116973296959268));
#20075=CARTESIAN_POINT('',(-0.0958355649200344,-0.00466149697005748,0.116973296959268));
#20076=CARTESIAN_POINT('',(-0.108270426002325,-0.0156697592049838,0.116973296959268));
#20077=CARTESIAN_POINT('',(-0.108270426002325,-0.0106534751415253,0.116973296959268));
#20078=CARTESIAN_POINT('',(-0.108270426002325,-0.0206860432684421,0.116973296959268));
#20079=CARTESIAN_POINT('',(-0.109849718213081,-0.0106534751415253,0.116973296959268));
#20080=CARTESIAN_POINT('',(-0.111429010423837,-0.0106534751415253,0.116973296959268));
#20081=CARTESIAN_POINT('',(-0.111429010423837,-0.0156697592049838,0.116973296959268));
#20082=CARTESIAN_POINT('',(-0.111429010423837,-0.0206860432684421,0.116973296959268));
#20083=CARTESIAN_POINT('',(-0.109849718213081,-0.0206860432684421,0.116973296959268));
#20084=CARTESIAN_POINT('',(-0.101111841580813,-0.0156697592049838,0.116973296959268));
#20085=CARTESIAN_POINT('',(-0.101111841580813,-0.0106534751415253,0.116973296959268));
#20086=CARTESIAN_POINT('',(-0.101111841580813,-0.0206860432684421,0.116973296959268));
#20087=CARTESIAN_POINT('',(-0.102691133791569,-0.0106534751415253,0.116973296959268));
#20088=CARTESIAN_POINT('',(-0.104270426002325,-0.0106534751415253,0.116973296959268));
#20089=CARTESIAN_POINT('',(-0.104270426002325,-0.0156697592049838,0.116973296959268));
#20090=CARTESIAN_POINT('',(-0.104270426002325,-0.0206860432684421,0.116973296959268));
#20091=CARTESIAN_POINT('',(-0.102691133791569,-0.0206860432684421,0.116973296959268));
#20092=CARTESIAN_POINT('',(-0.0959325493700569,-0.0206860432684421,0.116973296959268));
#20093=CARTESIAN_POINT('',(-0.097511841580813,-0.0206860432684421,0.116973296959268));
#20094=CARTESIAN_POINT('',(-0.0943532571593008,-0.0206860432684421,0.116973296959268));
#20095=CARTESIAN_POINT('',(-0.097511841580813,-0.0156697592049838,0.116973296959268));
#20096=CARTESIAN_POINT('',(-0.097511841580813,-0.0106534751415253,0.116973296959268));
#20097=CARTESIAN_POINT('',(-0.0959325493700569,-0.0106534751415253,0.116973296959268));
#20098=CARTESIAN_POINT('',(-0.0943532571593008,-0.0106534751415253,0.116973296959268));
#20099=CARTESIAN_POINT('',(-0.0943532571593008,-0.0156697592049838,0.116973296959268));
#20100=CARTESIAN_POINT('',(0.,0.,0.));
#20101=CARTESIAN_POINT('',(-0.17078844769001,0.03175,0.130973296959268));
#20102=CARTESIAN_POINT('',(-0.17078844769001,0.03175,0.130973296959268));
#20103=CARTESIAN_POINT('',(-0.146910010137377,0.03175,0.130973296959268));
#20104=CARTESIAN_POINT('',(-0.17078844769001,0.03175,0.126973296959268));
#20105=CARTESIAN_POINT('',(-0.146910010137377,0.03175,0.126973296959268));
#20106=CARTESIAN_POINT('',(-0.13462,0.03175,0.130973296959268));
#20107=CARTESIAN_POINT('',(-0.17078844769001,0.03175,0.130973296959268));
#20108=CARTESIAN_POINT('',(-0.16578844769001,0.03175,0.130973296959268));
#20109=CARTESIAN_POINT('',(-0.13462,0.03175,0.126973296959268));
#20110=CARTESIAN_POINT('',(-0.17078844769001,0.03175,0.126973296959268));
#20111=CARTESIAN_POINT('',(-0.16578844769001,0.03175,0.126973296959268));
#20112=CARTESIAN_POINT('',(-0.17078844769001,0.03175,0.120973296959268));
#20113=CARTESIAN_POINT('',(0.,0.,0.));
#20114=CARTESIAN_POINT('',(-0.17078844769001,0.03175,0.114973296959268));
#20115=CARTESIAN_POINT('',(-0.17078844769001,0.03175,0.120973296959268));
#20116=CARTESIAN_POINT('',(-0.146910010137377,0.03175,0.120973296959268));
#20117=CARTESIAN_POINT('',(-0.17078844769001,0.03175,0.126973296959268));
#20118=CARTESIAN_POINT('',(-0.146910010137377,0.03175,0.126973296959268));
#20119=CARTESIAN_POINT('',(-0.13462,0.03175,0.126973296959268));
#20120=CARTESIAN_POINT('',(-0.17078844769001,0.03175,0.126973296959268));
#20121=CARTESIAN_POINT('',(-0.165521560811034,0.03175,0.126973296959268));
#20122=CARTESIAN_POINT('',(-0.13462,0.03175,0.120973296959268));
#20123=CARTESIAN_POINT('',(-0.17078844769001,0.03175,0.120973296959268));
#20124=CARTESIAN_POINT('',(-0.165521560811035,0.03175,0.120973296959268));
#20125=CARTESIAN_POINT('',(-0.176055334568986,0.03175,0.120973296959268));
#20126=CARTESIAN_POINT('',(-0.16373764862279,0.03175,0.120973296959268));
#20127=CARTESIAN_POINT('',(-0.161953736434545,0.03175,0.120973296959268));
#20128=CARTESIAN_POINT('',(-0.17078844769001,0.03175,0.120973296959268));
#20129=CARTESIAN_POINT('',(-0.179623158945475,0.03175,0.120973296959268));
#20130=CARTESIAN_POINT('',(-0.177839246757231,0.03175,0.120973296959268));
#20131=CARTESIAN_POINT('',(-0.17078844769001,0.03175,0.145973296959268));
#20132=CARTESIAN_POINT('',(-0.176055334568986,0.03175,0.0809732969592676));
#20133=CARTESIAN_POINT('',(-0.176055334568986,0.03175,0.0809732969592676));
#20134=CARTESIAN_POINT('',(-0.17078844769001,0.03175,0.0809732969592676));
#20135=CARTESIAN_POINT('',(-0.165521560811035,0.03175,0.0809732969592676));
#20136=CARTESIAN_POINT('',(-0.165521560811035,0.03175,0.0809732969592676));
#20137=CARTESIAN_POINT('',(-0.177839246757231,0.03175,0.0809732969592676));
#20138=CARTESIAN_POINT('',(-0.179623158945475,0.03175,0.0809732969592676));
#20139=CARTESIAN_POINT('',(-0.179623158945475,0.03175,0.0809732969592676));
#20140=CARTESIAN_POINT('',(-0.177839246757231,0.03175,0.0809732969592676));
#20141=CARTESIAN_POINT('',(-0.17078844769001,0.03175,0.0809732969592676));
#20142=CARTESIAN_POINT('',(-0.161953736434545,0.03175,0.0809732969592676));
#20143=CARTESIAN_POINT('',(-0.161953736434545,0.03175,0.0809732969592676));
#20144=CARTESIAN_POINT('',(-0.17078844769001,0.03175,0.0809732969592676));
#20145=CARTESIAN_POINT('',(-0.16373764862279,0.03175,0.0809732969592676));
#20146=CARTESIAN_POINT('',(-0.16373764862279,0.03175,0.0809732969592676));
#20147=CARTESIAN_POINT('',(-0.17078844769001,0.03175,0.0809732969592676));
#20148=CARTESIAN_POINT('',(0.,0.,0.));
#20149=CARTESIAN_POINT('',(0.0308,-0.09755,0.0109792035073042));
#20150=CARTESIAN_POINT('',(0.0308,-0.09455,0.0109792035073042));
#20151=CARTESIAN_POINT('',(0.0908,-0.09455,0.0109792035073042));
#20152=CARTESIAN_POINT('',(0.0108,-0.09455,0.0109792035073042));
#20153=CARTESIAN_POINT('',(0.0108,-0.09755,0.0109792035073042));
#20154=CARTESIAN_POINT('',(0.0108,-0.09755,0.0109792035073042));
#20155=CARTESIAN_POINT('',(0.0308,-0.09755,0.0109792035073042));
#20156=CARTESIAN_POINT('',(0.0908,-0.09755,0.0109792035073042));
#20157=CARTESIAN_POINT('',(0.0908,-0.09755,0.0109792035073042));
#20158=CARTESIAN_POINT('',(0.0108,-0.09755,0.0236602583900094));
#20159=CARTESIAN_POINT('',(0.0108,-0.09455,0.0236602583900094));
#20160=CARTESIAN_POINT('',(0.0108,-0.09455,0.0363413132727146));
#20161=CARTESIAN_POINT('',(0.0108,-0.09755,0.0363413132727146));
#20162=CARTESIAN_POINT('',(0.0108,-0.09755,0.0363413132727146));
#20163=CARTESIAN_POINT('',(0.0108,-0.09755,0.0236602583900094));
#20164=CARTESIAN_POINT('',(0.0508,-0.09755,0.0363413132727146));
#20165=CARTESIAN_POINT('',(0.0508,-0.09455,0.0363413132727146));
#20166=CARTESIAN_POINT('',(0.0908,-0.09455,0.0363413132727146));
#20167=CARTESIAN_POINT('',(0.0908,-0.09755,0.0363413132727146));
#20168=CARTESIAN_POINT('',(0.0908,-0.09755,0.0363413132727146));
#20169=CARTESIAN_POINT('',(0.0508,-0.09755,0.0363413132727146));
#20170=CARTESIAN_POINT('',(-0.0254,-0.09755,-0.0369548387825489));
#20171=CARTESIAN_POINT('',(-0.0254,-0.09755,-0.0369548387825489));
#20172=CARTESIAN_POINT('',(-0.0154,-0.09755,-0.0369548387825489));
#20173=CARTESIAN_POINT('',(-0.0254,-0.09455,-0.0369548387825489));
#20174=CARTESIAN_POINT('',(-0.0154,-0.09455,-0.0369548387825489));
#20175=CARTESIAN_POINT('',(0.0254,-0.09755,-0.0369548387825489));
#20176=CARTESIAN_POINT('',(0.0254,-0.09755,-0.0369548387825489));
#20177=CARTESIAN_POINT('',(0.0354,-0.09755,-0.0369548387825489));
#20178=CARTESIAN_POINT('',(0.0254,-0.09455,-0.0369548387825489));
#20179=CARTESIAN_POINT('',(0.0354,-0.09455,-0.0369548387825489));
#20180=CARTESIAN_POINT('',(0.0762,-0.09755,-0.0369548387825489));
#20181=CARTESIAN_POINT('',(0.0762,-0.09755,-0.0369548387825489));
#20182=CARTESIAN_POINT('',(0.0862,-0.09755,-0.0369548387825489));
#20183=CARTESIAN_POINT('',(0.0762,-0.09455,-0.0369548387825489));
#20184=CARTESIAN_POINT('',(0.0862,-0.09455,-0.0369548387825489));
#20185=CARTESIAN_POINT('',(0.127,-0.09755,-0.0369548387825489));
#20186=CARTESIAN_POINT('',(0.127,-0.09755,-0.0369548387825489));
#20187=CARTESIAN_POINT('',(0.137,-0.09755,-0.0369548387825489));
#20188=CARTESIAN_POINT('',(0.127,-0.09455,-0.0369548387825489));
#20189=CARTESIAN_POINT('',(0.137,-0.09455,-0.0369548387825489));
#20190=CARTESIAN_POINT('',(0.0908,-0.09755,0.0236602583900094));
#20191=CARTESIAN_POINT('',(0.0908,-0.09455,0.0236602583900094));
#20192=CARTESIAN_POINT('',(0.0908,-0.09755,0.0236602583900094));
#20193=CARTESIAN_POINT('',(0.0508,-0.08255,-0.0782267030407324));
#20194=CARTESIAN_POINT('',(0.0508,-0.08255,0.0487732969592676));
#20195=CARTESIAN_POINT('',(0.1524,-0.08255,0.0487732969592676));
#20196=CARTESIAN_POINT('',(-0.0508,-0.08255,0.0487732969592676));
#20197=CARTESIAN_POINT('',(0.1524,-0.08255,-0.0782267030407324));
#20198=CARTESIAN_POINT('',(0.1524,-0.08255,-0.0782267030407324));
#20199=CARTESIAN_POINT('',(0.0508,-0.08255,-0.0782267030407324));
#20200=CARTESIAN_POINT('',(-0.0508,-0.08255,-0.0782267030407324));
#20201=CARTESIAN_POINT('',(-0.0508,-0.08255,-0.0782267030407324));
#20202=CARTESIAN_POINT('',(0.1494,-0.08255,-0.0147267030407324));
#20203=CARTESIAN_POINT('',(0.1494,-0.08255,-0.0752267030407324));
#20204=CARTESIAN_POINT('',(0.1494,-0.08255,0.0457732969592676));
#20205=CARTESIAN_POINT('',(0.0508,-0.08255,0.0457732969592676));
#20206=CARTESIAN_POINT('',(-0.0478,-0.08255,0.0457732969592676));
#20207=CARTESIAN_POINT('',(-0.0478,-0.08255,-0.0147267030407324));
#20208=CARTESIAN_POINT('',(-0.0478,-0.08255,-0.0752267030407324));
#20209=CARTESIAN_POINT('',(0.0508,-0.08255,-0.0752267030407324));
#20210=CARTESIAN_POINT('',(0.0508,-0.09755,0.0487732969592676));
#20211=CARTESIAN_POINT('',(-0.0508,-0.09755,0.0487732969592676));
#20212=CARTESIAN_POINT('',(-0.0508,-0.09255,0.0487732969592676));
#20213=CARTESIAN_POINT('',(0.0508,-0.09255,0.0487732969592676));
#20214=CARTESIAN_POINT('',(0.1524,-0.09255,0.0487732969592676));
#20215=CARTESIAN_POINT('',(0.1524,-0.09755,0.0487732969592676));
#20216=CARTESIAN_POINT('',(-0.0508,-0.09755,-0.0782267030407324));
#20217=CARTESIAN_POINT('',(-0.0508,-0.09755,-0.0782267030407324));
#20218=CARTESIAN_POINT('',(-0.0508,-0.09255,-0.0782267030407324));
#20219=CARTESIAN_POINT('',(-0.0508,-0.09255,0.0487732969592676));
#20220=CARTESIAN_POINT('',(0.0508,-0.09755,-0.0782267030407324));
#20221=CARTESIAN_POINT('',(0.1524,-0.09755,-0.0782267030407324));
#20222=CARTESIAN_POINT('',(0.1524,-0.09255,-0.0782267030407324));
#20223=CARTESIAN_POINT('',(-0.0508,-0.09255,-0.0782267030407324));
#20224=CARTESIAN_POINT('',(0.1524,-0.09755,-0.0782267030407324));
#20225=CARTESIAN_POINT('',(0.1524,-0.09255,-0.0782267030407324));
#20226=CARTESIAN_POINT('',(0.0508,-0.09755,-0.0782267030407324));
#20227=CARTESIAN_POINT('',(-0.0458,-0.09755,-0.0782267030407324));
#20228=CARTESIAN_POINT('',(-0.0458,-0.09755,0.0437732969592676));
#20229=CARTESIAN_POINT('',(-0.0458,-0.09755,-0.0732267030407324));
#20230=CARTESIAN_POINT('',(0.1524,-0.09755,-0.0732267030407324));
#20231=CARTESIAN_POINT('',(0.1474,-0.09755,-0.0732267030407324));
#20232=CARTESIAN_POINT('',(0.1474,-0.09755,-0.0782267030407324));
#20233=CARTESIAN_POINT('',(0.1474,-0.09755,0.0437732969592676));
#20234=CARTESIAN_POINT('',(0.0508,-0.09755,0.0437732969592676));
#20235=CARTESIAN_POINT('',(0.0508,-0.09455,0.0457732969592676));
#20236=CARTESIAN_POINT('',(0.1494,-0.09455,0.0457732969592676));
#20237=CARTESIAN_POINT('',(0.1494,-0.09455,0.0457732969592676));
#20238=CARTESIAN_POINT('',(0.0508,-0.09455,0.0457732969592676));
#20239=CARTESIAN_POINT('',(-0.0478,-0.09455,0.0457732969592676));
#20240=CARTESIAN_POINT('',(-0.0478,-0.09455,0.0457732969592676));
#20241=CARTESIAN_POINT('',(0.1494,-0.09455,-0.0147267030407324));
#20242=CARTESIAN_POINT('',(0.1494,-0.09455,-0.0752267030407324));
#20243=CARTESIAN_POINT('',(0.1494,-0.09455,-0.0752267030407324));
#20244=CARTESIAN_POINT('',(0.1494,-0.09455,-0.0147267030407324));
#20245=CARTESIAN_POINT('',(0.0508,-0.09455,-0.0752267030407324));
#20246=CARTESIAN_POINT('',(-0.0478,-0.09455,-0.0752267030407324));
#20247=CARTESIAN_POINT('',(-0.0478,-0.09455,-0.0752267030407324));
#20248=CARTESIAN_POINT('',(0.0508,-0.09455,-0.0752267030407324));
#20249=CARTESIAN_POINT('',(-0.0478,-0.09455,-0.0147267030407324));
#20250=CARTESIAN_POINT('',(-0.0478,-0.09455,-0.0147267030407324));
#20251=CARTESIAN_POINT('',(0.0508,-0.09455,-0.0147267030407324));
#20252=CARTESIAN_POINT('',(0.0508,-0.09755,0.0437732969592676));
#20253=CARTESIAN_POINT('',(-0.0136,-0.12975,0.0115732969592677));
#20254=CARTESIAN_POINT('',(0.106733333333333,-0.138216666666667,0.00310663029260101));
#20255=CARTESIAN_POINT('',(0.1474,-0.09755,-0.0782267030407324));
#20256=CARTESIAN_POINT('',(0.149066666666667,-0.0958833333333334,-0.0748933697073991));
#20257=CARTESIAN_POINT('',(-0.0508,-0.09255,-0.0782267030407324));
#20258=CARTESIAN_POINT('',(-0.0508,-0.09255,-0.0782267030407324));
#20259=CARTESIAN_POINT('',(0.0508,-0.09255,-0.0782267030407324));
#20260=CARTESIAN_POINT('',(0.,0.,0.));
#20261=CARTESIAN_POINT('',(-0.0635,0.03175,-0.0147267030407324));
#20262=CARTESIAN_POINT('',(-0.0635,0.03175,5.20417042793042E-17));
#20263=CARTESIAN_POINT('',(-0.0635,-0.05385,2.54426109809913E-18));
#20264=CARTESIAN_POINT('',(-0.0635,-0.05985,0.));
#20265=CARTESIAN_POINT('',(-0.0635,-0.05385,-0.0147267030407324));
#20266=CARTESIAN_POINT('',(-0.0635,-0.05385,-0.0582267030407324));
#20267=CARTESIAN_POINT('',(-0.0635,0.03175,-0.0582267030407324));
#20268=CARTESIAN_POINT('',(-0.0635,-0.05985,-0.0582267030407324));
#20269=CARTESIAN_POINT('',(-0.0635,-0.05985,-0.0147267030407324));
#20270=CARTESIAN_POINT('',(-0.0635,0.03175,0.124973296959268));
#20271=CARTESIAN_POINT('',(-0.0635,-0.05969,0.124973296959268));
#20272=CARTESIAN_POINT('',(-0.0635,0.12319,0.124973296959268));
#20273=CARTESIAN_POINT('',(-0.0635,-0.05969,0.124973296959268));
#20274=CARTESIAN_POINT('',(-0.0635,-0.06985,0.114813296959268));
#20275=CARTESIAN_POINT('',(-0.0635,-0.06985,-0.0782267030407324));
#20276=CARTESIAN_POINT('',(-0.0635,-0.06985,-0.0782267030407324));
#20277=CARTESIAN_POINT('',(-0.0635,0.03175,-0.0782267030407324));
#20278=CARTESIAN_POINT('',(-0.0635,0.13335,-0.0782267030407324));
#20279=CARTESIAN_POINT('',(-0.0635,0.13335,-0.0782267030407324));
#20280=CARTESIAN_POINT('',(-0.0635,0.13335,0.114813296959268));
#20281=CARTESIAN_POINT('',(-0.0635,0.13335,0.114813296959268));
#20282=CARTESIAN_POINT('',(-0.0635,0.03175,0.0663452173039779));
#20283=CARTESIAN_POINT('',(-0.0635,0.00825,0.0663452173039779));
#20284=CARTESIAN_POINT('',(-0.0635,0.05525,0.0663452173039779));
#20285=CARTESIAN_POINT('',(-0.0635,0.00825,-0.0147267030407324));
#20286=CARTESIAN_POINT('',(-0.0635,0.00825,0.116345217303978));
#20287=CARTESIAN_POINT('',(-0.0635,0.03175,0.116345217303978));
#20288=CARTESIAN_POINT('',(-0.0635,0.05525,0.116345217303978));
#20289=CARTESIAN_POINT('',(-0.0635,0.05525,-0.0147267030407324));
#20290=CARTESIAN_POINT('',(-0.0635,0.05525,-0.0147267030407324));
#20291=CARTESIAN_POINT('',(-0.0635,0.05525,-0.00837329695926759));
#20292=CARTESIAN_POINT('',(-0.0635,0.05525,-0.0583732969592676));
#20293=CARTESIAN_POINT('',(-0.0635,0.03175,-0.0583732969592676));
#20294=CARTESIAN_POINT('',(-0.0635,0.00825,-0.0583732969592676));
#20295=CARTESIAN_POINT('',(-0.0635,0.00825,-0.0147267030407324));
#20296=CARTESIAN_POINT('',(-0.0635,0.00825,-0.00837329695926759));
#20297=CARTESIAN_POINT('',(-0.0635,0.03175,-0.00837329695926759));
#20298=CARTESIAN_POINT('',(-0.2019,0.03175,0.0217732969592676));
#20299=CARTESIAN_POINT('',(-0.2019,0.03175,-0.0486445857584477));
#20300=CARTESIAN_POINT('',(-0.2019,0.03175,-0.0386445857584477));
#20301=CARTESIAN_POINT('',(-0.2019,0.11935,-0.0630353098441496));
#20302=CARTESIAN_POINT('',(-0.2019,0.11935,-0.0630353098441496));
#20303=CARTESIAN_POINT('',(-0.2019,0.07935,-0.0630353098441496));
#20304=CARTESIAN_POINT('',(-0.2019,0.11935,0.0217732969592676));
#20305=CARTESIAN_POINT('',(-0.2019,0.11935,0.114773296959268));
#20306=CARTESIAN_POINT('',(-0.2019,0.03175,0.114773296959268));
#20307=CARTESIAN_POINT('',(-0.2019,-0.05985,0.114773296959268));
#20308=CARTESIAN_POINT('',(-0.2019,-0.05985,0.0217732969592676));
#20309=CARTESIAN_POINT('',(-0.2019,-0.05985,-0.0782267030407324));
#20310=CARTESIAN_POINT('',(-0.2019,0.03175,-0.0782267030407324));
#20311=CARTESIAN_POINT('',(-0.2019,0.02175,-0.0782267030407324));
#20312=CARTESIAN_POINT('',(-0.2019,0.02175,0.0217732969592676));
#20313=CARTESIAN_POINT('',(-0.2019,0.02175,-0.0742267030407324));
#20314=CARTESIAN_POINT('',(-0.2019,0.03175,-0.0742267030407324));
#20315=CARTESIAN_POINT('',(-0.2019,0.04175,-0.0742267030407324));
#20316=CARTESIAN_POINT('',(-0.2019,0.04175,0.0217732969592676));
#20317=CARTESIAN_POINT('',(-0.2019,0.04175,-0.0782267030407324));
#20318=CARTESIAN_POINT('',(-0.2019,0.03175,-0.0782267030407324));
#20319=CARTESIAN_POINT('',(-0.2019,0.11935,-0.0782267030407324));
#20320=CARTESIAN_POINT('',(-0.2019,0.11935,0.0217732969592676));
#20321=CARTESIAN_POINT('',(-0.2019,0.11935,-0.0730353098441496));
#20322=CARTESIAN_POINT('',(-0.2019,0.03175,-0.0730353098441496));
#20323=CARTESIAN_POINT('',(-0.2019,0.06935,-0.0730353098441496));
#20324=CARTESIAN_POINT('',(-0.2019,0.06935,0.0217732969592676));
#20325=CARTESIAN_POINT('',(-0.2019,0.06935,0.0717732969592676));
#20326=CARTESIAN_POINT('',(-0.2019,0.03175,0.0717732969592676));
#20327=CARTESIAN_POINT('',(-0.2019,0.07935,0.0717732969592676));
#20328=CARTESIAN_POINT('',(-0.2019,0.07935,0.0217732969592676));
#20329=CARTESIAN_POINT('',(-0.164016802120209,0.11935,0.0217732969592676));
#20330=CARTESIAN_POINT('',(-0.164016802120209,0.11935,-0.0630353098441496));
#20331=CARTESIAN_POINT('',(-0.126133604240417,0.11935,-0.0630353098441496));
#20332=CARTESIAN_POINT('',(-0.126133604240417,0.11935,0.0217732969592676));
#20333=CARTESIAN_POINT('',(-0.126133604240417,0.11935,0.114773296959268));
#20334=CARTESIAN_POINT('',(-0.164016802120209,0.11935,0.114773296959268));
#20335=CARTESIAN_POINT('',(-0.164016802120209,0.11935,0.0217732969592676));
#20336=CARTESIAN_POINT('',(-0.203133604240418,0.11935,-0.0730353098441496));
#20337=CARTESIAN_POINT('',(-0.126133604240417,0.11935,-0.0730353098441496));
#20338=CARTESIAN_POINT('',(-0.164016802120209,0.11935,-0.0782267030407324));
#20339=CARTESIAN_POINT('',(-0.126133604240417,0.11935,-0.0782267030407324));
#20340=CARTESIAN_POINT('',(-0.126133604240417,0.11935,0.0217732969592676));
#20341=CARTESIAN_POINT('',(-0.203133604240418,0.07935,-0.000631006442441004));
#20342=CARTESIAN_POINT('',(-0.126133604240417,0.07935,-0.000631006442441004));
#20343=CARTESIAN_POINT('',(-0.126133604240417,0.07935,-0.0630353098441496));
#20344=CARTESIAN_POINT('',(-0.126133604240417,0.07935,0.0717732969592676));
#20345=CARTESIAN_POINT('',(-0.164016802120209,0.07935,-0.0630353098441496));
#20346=CARTESIAN_POINT('',(-0.203133604240418,0.07935,0.0717732969592676));
#20347=CARTESIAN_POINT('',(-0.17078844769001,0.03175,0.0741732969592676));
#20348=CARTESIAN_POINT('',(-0.17078844769001,0.03175,0.124973296959268));
#20349=CARTESIAN_POINT('',(-0.145352277721479,0.03175,0.124973296959268));
#20350=CARTESIAN_POINT('',(-0.17078844769001,0.03175,0.114773296959268));
#20351=CARTESIAN_POINT('',(-0.196224617658541,0.03175,0.114773296959268));
#20352=CARTESIAN_POINT('',(-0.2159,0.03175,-0.0782267030407324));
#20353=CARTESIAN_POINT('',(-0.0899412653116466,0.0325749899148941,-0.0782267030407324));
#20354=CARTESIAN_POINT('',(-0.0899412653116466,0.0960749899148941,-0.0782267030407324));
#20355=CARTESIAN_POINT('',(-0.0899412653116466,-0.0309250100851059,-0.0782267030407324));
#20356=CARTESIAN_POINT('',(-0.102641265311647,0.0960749899148941,-0.0782267030407324));
#20357=CARTESIAN_POINT('',(-0.115341265311647,0.0960749899148941,-0.0782267030407324));
#20358=CARTESIAN_POINT('',(-0.115341265311647,0.0325749899148941,-0.0782267030407324));
#20359=CARTESIAN_POINT('',(-0.115341265311647,-0.0309250100851059,-0.0782267030407324));
#20360=CARTESIAN_POINT('',(-0.102641265311647,-0.0309250100851059,-0.0782267030407324));
#20361=CARTESIAN_POINT('',(-0.2159,-0.06985,-0.0782267030407324));
#20362=CARTESIAN_POINT('',(-0.2159,-0.06985,-0.0782267030407324));
#20363=CARTESIAN_POINT('',(-0.2159,0.03175,-0.0782267030407324));
#20364=CARTESIAN_POINT('',(-0.2159,0.13335,-0.0782267030407324));
#20365=CARTESIAN_POINT('',(-0.2159,0.13335,-0.0782267030407324));
#20366=CARTESIAN_POINT('',(-0.164016802120209,-0.05985,-0.0782267030407324));
#20367=CARTESIAN_POINT('',(-0.126133604240417,-0.05985,-0.0782267030407324));
#20368=CARTESIAN_POINT('',(-0.126133604240417,0.03175,-0.0782267030407324));
#20369=CARTESIAN_POINT('',(-0.126133604240417,-0.05385,-0.0782267030407324));
#20370=CARTESIAN_POINT('',(-0.164016802120209,-0.05385,-0.0782267030407324));
#20371=CARTESIAN_POINT('',(-0.118133604240417,-0.05385,-0.0782267030407324));
#20372=CARTESIAN_POINT('',(-0.118133604240417,0.03175,-0.0782267030407324));
#20373=CARTESIAN_POINT('',(-0.118133604240417,-0.03385,-0.0782267030407324));
#20374=CARTESIAN_POINT('',(-0.118133604240417,-0.03385,-0.0782267030407324));
#20375=CARTESIAN_POINT('',(-0.126133604240417,-0.03385,-0.0782267030407324));
#20376=CARTESIAN_POINT('',(-0.126133604240417,0.03175,-0.0782267030407324));
#20377=CARTESIAN_POINT('',(-0.126133604240417,0.09735,-0.0782267030407324));
#20378=CARTESIAN_POINT('',(-0.118133604240417,0.09735,-0.0782267030407324));
#20379=CARTESIAN_POINT('',(-0.118133604240417,0.09735,-0.0782267030407324));
#20380=CARTESIAN_POINT('',(-0.118133604240417,0.03175,-0.0782267030407324));
#20381=CARTESIAN_POINT('',(-0.118133604240417,0.11735,-0.0782267030407324));
#20382=CARTESIAN_POINT('',(-0.164016802120209,0.11735,-0.0782267030407324));
#20383=CARTESIAN_POINT('',(-0.126133604240417,0.11735,-0.0782267030407324));
#20384=CARTESIAN_POINT('',(-0.126133604240417,0.03175,-0.0782267030407324));
#20385=CARTESIAN_POINT('',(-0.2059,0.04175,-0.0782267030407324));
#20386=CARTESIAN_POINT('',(-0.2059,0.04175,-0.0782267030407324));
#20387=CARTESIAN_POINT('',(-0.2059,0.03175,-0.0782267030407324));
#20388=CARTESIAN_POINT('',(-0.2059,0.02175,-0.0782267030407324));
#20389=CARTESIAN_POINT('',(-0.2059,0.02175,-0.0782267030407324));
#20390=CARTESIAN_POINT('',(-0.0899412653116466,0.0325749899148941,0.124973296959268));
#20391=CARTESIAN_POINT('',(-0.0899412653116466,0.03175,-0.0583732969592676));
#20392=CARTESIAN_POINT('',(-0.0899412653116466,0.00825,-0.0583732969592676));
#20393=CARTESIAN_POINT('',(-0.0899412653116466,0.05525,-0.0583732969592676));
#20394=CARTESIAN_POINT('',(-0.0899412653116466,0.05525,-0.0360732969592676));
#20395=CARTESIAN_POINT('',(-0.0899412653116466,0.05525,-0.00837329695926759));
#20396=CARTESIAN_POINT('',(-0.0899412653116466,0.03175,-0.00837329695926759));
#20397=CARTESIAN_POINT('',(-0.0899412653116466,0.00825,-0.00837329695926758));
#20398=CARTESIAN_POINT('',(-0.0899412653116466,0.00825,-0.00837329695926759));
#20399=CARTESIAN_POINT('',(-0.0899412653116466,0.00825,-0.0133732969592676));
#20400=CARTESIAN_POINT('',(-0.0899412653116466,0.03175,-0.0133732969592676));
#20401=CARTESIAN_POINT('',(-0.0899412653116466,-0.0309250100851059,-0.0133732969592676));
#20402=CARTESIAN_POINT('',(-0.0899412653116466,-0.0309250100851059,0.124973296959268));
#20403=CARTESIAN_POINT('',(-0.0899412653116466,-0.0309250100851059,0.071345217303978));
#20404=CARTESIAN_POINT('',(-0.0899412653116466,0.03175,0.0713452173039779));
#20405=CARTESIAN_POINT('',(-0.0899412653116466,0.00825,0.0713452173039779));
#20406=CARTESIAN_POINT('',(-0.0899412653116466,0.00825,0.0663452173039779));
#20407=CARTESIAN_POINT('',(-0.0899412653116466,0.00825,0.0663452173039779));
#20408=CARTESIAN_POINT('',(-0.0899412653116466,0.03175,0.0663452173039779));
#20409=CARTESIAN_POINT('',(-0.0899412653116466,0.05525,0.0663452173039779));
#20410=CARTESIAN_POINT('',(-0.0899412653116466,0.05525,0.088645217303978));
#20411=CARTESIAN_POINT('',(-0.0899412653116466,0.05525,0.116345217303978));
#20412=CARTESIAN_POINT('',(-0.0899412653116466,0.03175,0.116345217303978));
#20413=CARTESIAN_POINT('',(-0.0899412653116466,0.00825,0.116345217303978));
#20414=CARTESIAN_POINT('',(-0.0899412653116466,0.00825,0.116345217303978));
#20415=CARTESIAN_POINT('',(-0.0899412653116466,0.00825,0.111345217303978));
#20416=CARTESIAN_POINT('',(-0.0899412653116466,0.03175,0.111345217303978));
#20417=CARTESIAN_POINT('',(-0.0899412653116466,-0.0309250100851059,0.111345217303978));
#20418=CARTESIAN_POINT('',(-0.0899412653116466,-0.0309250100851059,0.124973296959268));
#20419=CARTESIAN_POINT('',(-0.0899412653116466,-0.0309250100851059,0.124973296959268));
#20420=CARTESIAN_POINT('',(-0.0899412653116466,0.0325749899148941,0.124973296959268));
#20421=CARTESIAN_POINT('',(-0.0899412653116466,0.0960749899148941,0.124973296959268));
#20422=CARTESIAN_POINT('',(-0.0899412653116466,0.0960749899148941,0.124973296959268));
#20423=CARTESIAN_POINT('',(-0.0899412653116466,-0.0309250100851059,0.124973296959268));
#20424=CARTESIAN_POINT('',(-0.0899412653116466,-0.0309250100851059,-0.0533732969592675));
#20425=CARTESIAN_POINT('',(-0.0899412653116466,0.03175,-0.0533732969592676));
#20426=CARTESIAN_POINT('',(-0.0899412653116466,0.00825,-0.0533732969592676));
#20427=CARTESIAN_POINT('',(-0.0899412653116466,0.00825,-0.0583732969592676));
#20428=CARTESIAN_POINT('',(-0.102641265311647,-0.0309250100851059,0.124973296959268));
#20429=CARTESIAN_POINT('',(-0.090424,-0.0309250100851059,-0.0133732969592676));
#20430=CARTESIAN_POINT('',(-0.090424,-0.0309250100851059,-0.0133732969592676));
#20431=CARTESIAN_POINT('',(-0.090424,-0.0309250100851059,0.0115592571316228));
#20432=CARTESIAN_POINT('',(-0.090424,-0.0309250100851059,-0.0533732969592676));
#20433=CARTESIAN_POINT('',(-0.090424,-0.0309250100851059,-0.0533732969592676));
#20434=CARTESIAN_POINT('',(-0.115341265311647,-0.0309250100851059,0.124973296959268));
#20435=CARTESIAN_POINT('',(-0.115341265311647,-0.0309250100851059,0.124973296959268));
#20436=CARTESIAN_POINT('',(-0.102641265311647,-0.0309250100851059,0.124973296959268));
#20437=CARTESIAN_POINT('',(-0.090424,-0.0309250100851059,0.111345217303978));
#20438=CARTESIAN_POINT('',(-0.090424,-0.0309250100851059,0.111345217303978));
#20439=CARTESIAN_POINT('',(-0.090424,-0.0309250100851059,0.0115592571316228));
#20440=CARTESIAN_POINT('',(-0.090424,-0.0309250100851059,0.0713452173039779));
#20441=CARTESIAN_POINT('',(-0.090424,-0.0309250100851059,0.0713452173039779));
#20442=CARTESIAN_POINT('',(-0.126133604240417,0.03175,0.0217732969592676));
#20443=CARTESIAN_POINT('',(-0.126133604240417,0.0328820198774338,0.0262734554708004));
#20444=CARTESIAN_POINT('',(-0.126133604240417,0.0328820198774338,0.0292734554708004));
#20445=CARTESIAN_POINT('',(-0.126133604240417,-0.00597029553924222,0.0953899323940277));
#20446=CARTESIAN_POINT('',(-0.126133604240417,-0.00597029553924222,0.107585648953915));
#20447=CARTESIAN_POINT('',(-0.126133604240417,-0.00597029553924222,0.0831942158341408));
#20448=CARTESIAN_POINT('',(-0.126133604240417,0.0115497163133114,0.0831942158341408));
#20449=CARTESIAN_POINT('',(-0.126133604240417,0.029069728165865,0.0831942158341408));
#20450=CARTESIAN_POINT('',(-0.126133604240417,0.029069728165865,0.0953899323940277));
#20451=CARTESIAN_POINT('',(-0.126133604240417,0.029069728165865,0.107585648953915));
#20452=CARTESIAN_POINT('',(-0.126133604240417,0.0115497163133114,0.107585648953915));
#20453=CARTESIAN_POINT('',(-0.126133604240417,0.07435,-0.0730353098441496));
#20454=CARTESIAN_POINT('',(-0.126133604240417,0.06935,-0.0730353098441496));
#20455=CARTESIAN_POINT('',(-0.126133604240417,0.11735,0.0217732969592676));
#20456=CARTESIAN_POINT('',(-0.126133604240417,0.11735,-0.0742267030407324));
#20457=CARTESIAN_POINT('',(-0.126133604240417,0.03175,-0.0742267030407324));
#20458=CARTESIAN_POINT('',(-0.126133604240417,0.09735,-0.0742267030407324));
#20459=CARTESIAN_POINT('',(-0.126133604240417,0.09735,0.0217732969592676));
#20460=CARTESIAN_POINT('',(-0.126133604240417,-0.03385,0.0217732969592676));
#20461=CARTESIAN_POINT('',(-0.126133604240417,-0.03385,-0.0742267030407324));
#20462=CARTESIAN_POINT('',(-0.126133604240417,0.03175,-0.0742267030407324));
#20463=CARTESIAN_POINT('',(-0.126133604240417,-0.05385,-0.0742267030407324));
#20464=CARTESIAN_POINT('',(-0.126133604240417,-0.05385,0.0217732969592676));
#20465=CARTESIAN_POINT('',(-0.126133604240417,-0.05985,0.0217732969592676));
#20466=CARTESIAN_POINT('',(-0.126133604240417,-0.05985,-0.0582267030407324));
#20467=CARTESIAN_POINT('',(-0.126133604240417,-0.05685,-0.0582267030407324));
#20468=CARTESIAN_POINT('',(-0.126133604240417,-0.05385,-0.0582267030407324));
#20469=CARTESIAN_POINT('',(-0.126133604240417,-0.05385,-0.0291133515203662));
#20470=CARTESIAN_POINT('',(-0.126133604240417,-0.05385,0.));
#20471=CARTESIAN_POINT('',(-0.126133604240417,-0.05685,0.));
#20472=CARTESIAN_POINT('',(-0.126133604240417,-0.05985,0.));
#20473=CARTESIAN_POINT('',(-0.126133604240417,-0.05985,0.0217732969592676));
#20474=CARTESIAN_POINT('',(-0.126133604240417,-0.05985,0.114773296959268));
#20475=CARTESIAN_POINT('',(-0.126133604240417,0.03175,0.114773296959268));
#20476=CARTESIAN_POINT('',(-0.126133604240417,0.11935,-0.0630353098441496));
#20477=CARTESIAN_POINT('',(-0.126133604240417,0.07435,0.0717732969592676));
#20478=CARTESIAN_POINT('',(-0.126133604240417,0.06935,0.0717732969592676));
#20479=CARTESIAN_POINT('',(-0.126133604240417,0.06935,-0.000631006442441004));
#20480=CARTESIAN_POINT('',(-0.2159,-0.06985,-0.0782267030407324));
#20481=CARTESIAN_POINT('',(-0.2159,-0.06985,0.114813296959268));
#20482=CARTESIAN_POINT('',(-0.2159,-0.06985,0.114813296959268));
#20483=CARTESIAN_POINT('',(-0.2159,-0.06985,-0.0782267030407324));
#20484=CARTESIAN_POINT('',(-0.2159,0.13335,-0.0782267030407324));
#20485=CARTESIAN_POINT('',(-0.2159,0.13335,-0.0782267030407324));
#20486=CARTESIAN_POINT('',(-0.2159,0.13335,0.114813296959268));
#20487=CARTESIAN_POINT('',(-0.0635,0.13335,0.114813296959268));
#20488=CARTESIAN_POINT('',(-0.2159,0.03175,-0.0147267030407324));
#20489=CARTESIAN_POINT('',(-0.2159,0.03175,-0.0486445857584477));
#20490=CARTESIAN_POINT('',(-0.2159,0.02175,-0.0486445857584477));
#20491=CARTESIAN_POINT('',(-0.2159,0.13335,0.114813296959268));
#20492=CARTESIAN_POINT('',(-0.2159,0.03175,0.124973296959268));
#20493=CARTESIAN_POINT('',(-0.102641265311647,0.0960749899148941,0.124973296959268));
#20494=CARTESIAN_POINT('',(-0.115341265311647,0.0960749899148941,0.124973296959268));
#20495=CARTESIAN_POINT('',(-0.115341265311647,0.0325749899148941,0.124973296959268));
#20496=CARTESIAN_POINT('',(-0.20574,-0.06985,0.124973296959268));
#20497=CARTESIAN_POINT('',(-0.20574,0.12319,0.124973296959268));
#20498=CARTESIAN_POINT('',(-0.20574,-0.05969,0.124973296959268));
#20499=CARTESIAN_POINT('',(-0.2159,-0.05969,0.124973296959268));
#20500=CARTESIAN_POINT('',(-0.2159,0.12319,0.124973296959268));
#20501=CARTESIAN_POINT('',(-0.2159,0.13335,0.114813296959268));
#20502=CARTESIAN_POINT('',(-0.2159,0.13335,0.114813296959268));
#20503=CARTESIAN_POINT('',(-0.2159,0.03175,0.114813296959268));
#20504=CARTESIAN_POINT('',(-0.182033333333333,-0.0359833333333334,0.148679963625934));
#20505=CARTESIAN_POINT('',(-0.2159,-0.05969,0.124973296959268));
#20506=CARTESIAN_POINT('',(-0.115341265311647,0.0325749899148941,0.124973296959268));
#20507=CARTESIAN_POINT('',(-0.115341265311647,0.0328820198774338,0.0262734554708004));
#20508=CARTESIAN_POINT('',(-0.115341265311647,0.0328820198774338,0.0292734554708004));
#20509=CARTESIAN_POINT('',(-0.115341265311647,0.0960749899148941,0.124973296959268));
#20510=CARTESIAN_POINT('',(-0.102641265311647,0.0960749899148941,0.124973296959268));
#20511=CARTESIAN_POINT('',(-0.1397,0.03175,-0.0742267030407324));
#20512=CARTESIAN_POINT('',(-0.118133604240417,-0.03385,-0.0742267030407324));
#20513=CARTESIAN_POINT('',(-0.118133604240417,-0.03385,-0.0742267030407324));
#20514=CARTESIAN_POINT('',(-0.118133604240417,0.03175,-0.0742267030407324));
#20515=CARTESIAN_POINT('',(-0.118133604240417,-0.05385,-0.0742267030407324));
#20516=CARTESIAN_POINT('',(-0.164016802120209,-0.05385,-0.0742267030407324));
#20517=CARTESIAN_POINT('',(-0.118133604240417,-0.03385,-0.0742267030407324));
#20518=CARTESIAN_POINT('',(-0.118133604240417,-0.03385,-0.0742267030407324));
#20519=CARTESIAN_POINT('',(-0.164016802120209,-0.05385,-0.0742267030407324));
#20520=CARTESIAN_POINT('',(-0.118133604240417,-0.05385,-0.0742267030407324));
#20521=CARTESIAN_POINT('',(-0.118133604240417,0.03175,-0.0742267030407324));
#20522=CARTESIAN_POINT('',(-0.1397,0.03175,-0.0742267030407324));
#20523=CARTESIAN_POINT('',(-0.164016802120209,0.11735,-0.0742267030407324));
#20524=CARTESIAN_POINT('',(-0.118133604240417,0.11735,-0.0742267030407324));
#20525=CARTESIAN_POINT('',(-0.118133604240417,0.03175,-0.0742267030407324));
#20526=CARTESIAN_POINT('',(-0.118133604240417,0.09735,-0.0742267030407324));
#20527=CARTESIAN_POINT('',(-0.118133604240417,0.09735,-0.0742267030407324));
#20528=CARTESIAN_POINT('',(-0.164016802120209,0.11735,-0.0742267030407324));
#20529=CARTESIAN_POINT('',(-0.118133604240417,0.11735,-0.0742267030407324));
#20530=CARTESIAN_POINT('',(-0.118133604240417,0.09735,-0.0742267030407324));
#20531=CARTESIAN_POINT('',(-0.118133604240417,0.09735,-0.0742267030407324));
#20532=CARTESIAN_POINT('',(-0.118133604240417,0.03175,-0.0742267030407324));
#20533=CARTESIAN_POINT('',(-0.2059,0.04175,-0.0742267030407324));
#20534=CARTESIAN_POINT('',(-0.2059,0.04175,-0.0742267030407324));
#20535=CARTESIAN_POINT('',(-0.2059,0.04175,-0.0742267030407324));
#20536=CARTESIAN_POINT('',(-0.2059,0.04175,-0.0742267030407324));
#20537=CARTESIAN_POINT('',(-0.2059,0.02175,-0.0742267030407324));
#20538=CARTESIAN_POINT('',(-0.2059,0.02175,-0.0742267030407324));
#20539=CARTESIAN_POINT('',(-0.2059,0.02175,-0.0742267030407324));
#20540=CARTESIAN_POINT('',(-0.2059,0.02175,-0.0742267030407324));
#20541=CARTESIAN_POINT('',(-0.1397,0.03175,-0.0742267030407324));
#20542=CARTESIAN_POINT('',(-0.2059,0.03175,-0.0742267030407324));
#20543=CARTESIAN_POINT('',(-0.2059,0.03175,-0.0742267030407324));
#20544=CARTESIAN_POINT('',(-0.164016802120209,-0.05985,0.0217732969592676));
#20545=CARTESIAN_POINT('',(-0.164016802120209,-0.05985,0.114773296959268));
#20546=CARTESIAN_POINT('',(-0.0461336042404175,-0.05985,0.));
#20547=CARTESIAN_POINT('',(-0.0461336042404175,-0.05985,-0.0582267030407324));
#20548=CARTESIAN_POINT('',(-0.0461336042404175,-0.05385,-0.0291133515203662));
#20549=CARTESIAN_POINT('',(-0.0461336042404175,-0.05385,0.));
#20550=CARTESIAN_POINT('',(-0.0461336042404175,-0.05385,-0.0582267030407324));
#20551=CARTESIAN_POINT('',(-0.0461336042404175,-0.05685,-0.0582267030407324));
#20552=CARTESIAN_POINT('',(-0.0461336042404175,-0.05685,0.));
#20553=CARTESIAN_POINT('',(-0.1397,0.03175,0.114773296959268));
#20554=CARTESIAN_POINT('',(-0.203133604240418,0.07435,-0.0730353098441496));
#20555=CARTESIAN_POINT('',(-0.203133604240418,0.06935,-0.0730353098441496));
#20556=CARTESIAN_POINT('',(-0.203133604240418,0.06935,-0.000631006442441004));
#20557=CARTESIAN_POINT('',(-0.203133604240418,0.06935,0.0717732969592676));
#20558=CARTESIAN_POINT('',(-0.203133604240418,0.07435,0.0717732969592676));
#20559=CARTESIAN_POINT('',(-0.164016802120209,0.11935,-0.0630353098441496));
#20560=CARTESIAN_POINT('',(-0.2009,0.03175,-0.0486445857584477));
#20561=CARTESIAN_POINT('',(-0.154133604240417,0.0115497163133114,0.103085648953915));
#20562=CARTESIAN_POINT('',(-0.154133604240417,0.024569728165865,0.103085648953915));
#20563=CARTESIAN_POINT('',(-0.154133604240417,0.024569728165865,0.103085648953915));
#20564=CARTESIAN_POINT('',(-0.137133604240417,0.024569728165865,0.103085648953915));
#20565=CARTESIAN_POINT('',(-0.137133604240417,0.0115497163133114,0.103085648953915));
#20566=CARTESIAN_POINT('',(-0.137133604240417,-0.00147029553924222,0.103085648953915));
#20567=CARTESIAN_POINT('',(-0.154133604240417,-0.00147029553924222,0.103085648953915));
#20568=CARTESIAN_POINT('',(-0.154133604240417,-0.00147029553924222,0.103085648953915));
#20569=CARTESIAN_POINT('',(-0.154133604240417,0.0115497163133114,0.103085648953915));
#20570=CARTESIAN_POINT('',(-0.154133604240417,-0.00147029553924222,0.0953899323940277));
#20571=CARTESIAN_POINT('',(-0.137133604240417,-0.00147029553924222,0.0953899323940277));
#20572=CARTESIAN_POINT('',(-0.137133604240417,-0.00147029553924222,0.0876942158341408));
#20573=CARTESIAN_POINT('',(-0.154133604240417,-0.00147029553924222,0.0876942158341408));
#20574=CARTESIAN_POINT('',(-0.154133604240417,-0.00147029553924222,0.0876942158341408));
#20575=CARTESIAN_POINT('',(-0.154133604240417,-0.00147029553924222,0.0953899323940277));
#20576=CARTESIAN_POINT('',(-0.154133604240417,0.0115497163133114,0.0876942158341408));
#20577=CARTESIAN_POINT('',(-0.137133604240417,0.0115497163133114,0.0876942158341408));
#20578=CARTESIAN_POINT('',(-0.137133604240417,0.024569728165865,0.0876942158341408));
#20579=CARTESIAN_POINT('',(-0.154133604240417,0.024569728165865,0.0876942158341408));
#20580=CARTESIAN_POINT('',(-0.154133604240417,0.024569728165865,0.0876942158341408));
#20581=CARTESIAN_POINT('',(-0.154133604240417,0.0115497163133114,0.0876942158341408));
#20582=CARTESIAN_POINT('',(-0.154133604240417,-0.00597029553924222,0.0953899323940277));
#20583=CARTESIAN_POINT('',(-0.154133604240417,-0.00597029553924222,0.107585648953915));
#20584=CARTESIAN_POINT('',(-0.154133604240417,-0.00597029553924222,0.107585648953915));
#20585=CARTESIAN_POINT('',(-0.154133604240417,-0.00597029553924222,0.0953899323940277));
#20586=CARTESIAN_POINT('',(-0.154133604240417,-0.00597029553924222,0.0831942158341408));
#20587=CARTESIAN_POINT('',(-0.154133604240417,-0.00597029553924222,0.0831942158341408));
#20588=CARTESIAN_POINT('',(-0.154133604240417,0.0115497163133114,0.107585648953915));
#20589=CARTESIAN_POINT('',(-0.154133604240417,0.029069728165865,0.107585648953915));
#20590=CARTESIAN_POINT('',(-0.154133604240417,0.029069728165865,0.107585648953915));
#20591=CARTESIAN_POINT('',(-0.154133604240417,0.0115497163133114,0.107585648953915));
#20592=CARTESIAN_POINT('',(-0.154133604240417,0.029069728165865,0.0953899323940277));
#20593=CARTESIAN_POINT('',(-0.142192482948303,0.029069728165865,0.0953899323940277));
#20594=CARTESIAN_POINT('',(-0.142192482948303,0.029069728165865,0.0919487937187217));
#20595=CARTESIAN_POINT('',(-0.154133604240417,0.029069728165865,0.0831942158341408));
#20596=CARTESIAN_POINT('',(-0.154133604240417,0.029069728165865,0.0831942158341408));
#20597=CARTESIAN_POINT('',(-0.154133604240417,0.029069728165865,0.0953899323940277));
#20598=CARTESIAN_POINT('',(-0.154133604240417,0.0115497163133114,0.0831942158341408));
#20599=CARTESIAN_POINT('',(-0.154133604240417,0.0115497163133114,0.0831942158341408));
#20600=CARTESIAN_POINT('',(-0.154133604240417,0.024569728165865,0.0953899323940277));
#20601=CARTESIAN_POINT('',(-0.142192482948303,0.024569728165865,0.0953899323940277));
#20602=CARTESIAN_POINT('',(-0.142192482948303,0.024569728165865,0.0919487937187217));
#20603=CARTESIAN_POINT('',(-0.137133604240417,0.024569728165865,0.0953899323940277));
#20604=CARTESIAN_POINT('',(-0.154133604240417,0.024569728165865,0.0953899323940277));
#20605=CARTESIAN_POINT('',(-0.154133604240417,0.02975,0.0182732969592676));
#20606=CARTESIAN_POINT('',(-0.137133604240417,0.02975,0.0182732969592676));
#20607=CARTESIAN_POINT('',(-0.142192482948303,0.033569728165865,0.0953899323940277));
#20608=CARTESIAN_POINT('',(-0.090424,0.05525,0.088645217303978));
#20609=CARTESIAN_POINT('',(-0.090424,0.05525,0.116345217303978));
#20610=CARTESIAN_POINT('',(-0.090424,0.05525,0.0663452173039779));
#20611=CARTESIAN_POINT('',(-0.090424,0.00825,0.0713452173039779));
#20612=CARTESIAN_POINT('',(-0.090424,0.00825,0.0713452173039779));
#20613=CARTESIAN_POINT('',(-0.090424,0.00825,0.0713452173039779));
#20614=CARTESIAN_POINT('',(-0.090424,0.00825,0.0713452173039779));
#20615=CARTESIAN_POINT('',(-0.090424,0.00825,0.111345217303978));
#20616=CARTESIAN_POINT('',(-0.090424,0.00825,0.111345217303978));
#20617=CARTESIAN_POINT('',(-0.090424,0.00825,0.111345217303978));
#20618=CARTESIAN_POINT('',(-0.090424,0.00825,0.111345217303978));
#20619=CARTESIAN_POINT('',(-0.090424,0.00825,0.088645217303978));
#20620=CARTESIAN_POINT('',(-0.090424,0.00825,0.088645217303978));
#20621=CARTESIAN_POINT('',(-0.090424,0.00825,0.088645217303978));
#20622=CARTESIAN_POINT('',(-0.090424,0.00825,0.0663452173039779));
#20623=CARTESIAN_POINT('',(-0.090424,0.00825,0.116345217303978));
#20624=CARTESIAN_POINT('',(-0.090424,0.03175,0.116345217303978));
#20625=CARTESIAN_POINT('',(-0.090424,0.03175,0.0663452173039779));
#20626=CARTESIAN_POINT('',(-0.090424,0.00825,-0.0533732969592676));
#20627=CARTESIAN_POINT('',(-0.090424,0.00825,-0.0533732969592676));
#20628=CARTESIAN_POINT('',(-0.090424,0.00825,-0.0533732969592676));
#20629=CARTESIAN_POINT('',(-0.090424,0.00825,-0.0533732969592676));
#20630=CARTESIAN_POINT('',(-0.090424,0.00825,-0.0133732969592676));
#20631=CARTESIAN_POINT('',(-0.090424,0.00825,-0.0133732969592676));
#20632=CARTESIAN_POINT('',(-0.090424,0.00825,-0.0133732969592676));
#20633=CARTESIAN_POINT('',(-0.090424,0.00825,-0.0133732969592676));
#20634=CARTESIAN_POINT('',(-0.090424,0.00825,-0.0360732969592676));
#20635=CARTESIAN_POINT('',(-0.090424,0.00825,-0.0360732969592676));
#20636=CARTESIAN_POINT('',(-0.090424,0.00825,-0.0360732969592676));
#20637=CARTESIAN_POINT('',(-0.090424,0.00825,-0.0583732969592676));
#20638=CARTESIAN_POINT('',(-0.090424,0.00825,-0.00837329695926759));
#20639=CARTESIAN_POINT('',(-0.090424,0.05525,-0.0360732969592676));
#20640=CARTESIAN_POINT('',(-0.090424,0.05525,-0.00837329695926759));
#20641=CARTESIAN_POINT('',(-0.090424,0.05525,-0.0583732969592676));
#20642=CARTESIAN_POINT('',(-0.090424,0.03175,-0.00837329695926759));
#20643=CARTESIAN_POINT('',(-0.090424,0.03175,-0.0583732969592676));
#20644=CARTESIAN_POINT('',(-0.110133604240417,0.0328820198774338,0.0262734554708004));
#20645=CARTESIAN_POINT('',(0.,0.,0.));
#20646=CARTESIAN_POINT('',(-0.0675,0.03175,0.263137289173471));
#20647=CARTESIAN_POINT('',(-0.0655,0.03175,0.263137289173471));
#20648=CARTESIAN_POINT('',(-0.0655,0.0170514067869408,0.263137289173471));
#20649=CARTESIAN_POINT('',(-0.0635,0.03175,0.263137289173471));
#20650=CARTESIAN_POINT('',(-0.0635,0.0170514067869408,0.263137289173471));
#20651=CARTESIAN_POINT('',(-0.0675,0.03175,0.263137289173471));
#20652=CARTESIAN_POINT('',(-0.0675,0.03175,0.263137289173471));
#20653=CARTESIAN_POINT('',(-0.0675,0.02675,0.263137289173471));
#20654=CARTESIAN_POINT('',(-0.0675,0.03175,0.263137289173471));
#20655=CARTESIAN_POINT('',(-0.0675,0.0190514067869408,0.263137289173471));
#20656=CARTESIAN_POINT('',(-0.0635,0.03175,0.263137289173471));
#20657=CARTESIAN_POINT('',(-0.0635,0.03175,0.263137289173471));
#20658=CARTESIAN_POINT('',(-0.0635,0.02675,0.263137289173471));
#20659=CARTESIAN_POINT('',(-0.0675,0.03175,0.263137289173471));
#20660=CARTESIAN_POINT('',(-0.0595,0.03175,0.263137289173471));
#20661=CARTESIAN_POINT('',(0.,0.,0.));
#20662=CARTESIAN_POINT('',(-0.0595,0.03175,0.263137289173471));
#20663=CARTESIAN_POINT('',(-0.0635,0.03175,0.263137289173471));
#20664=CARTESIAN_POINT('',(-0.0635,0.02675,0.263137289173471));
#20665=CARTESIAN_POINT('',(-0.0615,0.03175,0.263137289173471));
#20666=CARTESIAN_POINT('',(-0.0615,0.03675,0.263137289173471));
#20667=CARTESIAN_POINT('',(-0.0535,0.03175,0.263137289173471));
#20668=CARTESIAN_POINT('',(-0.0535,0.03175,0.263137289173471));
#20669=CARTESIAN_POINT('',(-0.0535,0.0200514067869408,0.263137289173471));
#20670=CARTESIAN_POINT('',(-0.0635,0.03175,0.263137289173471));
#20671=CARTESIAN_POINT('',(-0.0635,0.0200514067869408,0.263137289173471));
#20672=CARTESIAN_POINT('',(-0.0535,0.03175,0.170693296959268));
#20673=CARTESIAN_POINT('',(-0.0535,0.03175,0.263137289173471));
#20674=CARTESIAN_POINT('',(-0.0535,0.0414485932130592,0.263137289173471));
#20675=CARTESIAN_POINT('',(-0.0635,0.03175,0.170693296959268));
#20676=CARTESIAN_POINT('',(-0.0615,0.03175,0.263137289173471));
#20677=CARTESIAN_POINT('',(-0.0615,0.03175,0.263137289173471));
#20678=CARTESIAN_POINT('',(-0.0615,0.0414485932130592,0.263137289173471));
#20679=CARTESIAN_POINT('',(-0.0615,0.03175,0.263137289173471));
#20680=CARTESIAN_POINT('',(0.,0.,0.));
#20681=CARTESIAN_POINT('',(0.0508,0.13335,-0.0782267030407324));
#20682=CARTESIAN_POINT('',(0.0508,0.13335,-0.0655267030407324));
#20683=CARTESIAN_POINT('',(0.1397,0.13335,-0.0655267030407324));
#20684=CARTESIAN_POINT('',(-0.0381,0.13335,-0.0655267030407324));
#20685=CARTESIAN_POINT('',(0.1397,0.13335,-0.0782267030407324));
#20686=CARTESIAN_POINT('',(0.1397,0.13335,0.0487732969592676));
#20687=CARTESIAN_POINT('',(0.0508,0.13335,0.0487732969592676));
#20688=CARTESIAN_POINT('',(-0.0381,0.13335,0.0487732969592676));
#20689=CARTESIAN_POINT('',(-0.0381,0.13335,-0.0782267030407324));
#20690=CARTESIAN_POINT('',(0.1524,0.03175,-0.0782267030407324));
#20691=CARTESIAN_POINT('',(0.1524,0.03175,-0.0655267030407324));
#20692=CARTESIAN_POINT('',(0.1524,-0.05715,-0.0655267030407324));
#20693=CARTESIAN_POINT('',(0.1524,-0.05215,-0.0655267030407324));
#20694=CARTESIAN_POINT('',(0.1524,-0.05715,-0.0782267030407324));
#20695=CARTESIAN_POINT('',(0.1524,-0.05715,0.0487732969592676));
#20696=CARTESIAN_POINT('',(0.1524,-0.05615,0.0487732969592676));
#20697=CARTESIAN_POINT('',(0.1524,-0.05215,0.0487732969592676));
#20698=CARTESIAN_POINT('',(0.1524,-0.05215,-0.0782267030407324));
#20699=CARTESIAN_POINT('',(0.1524,0.03175,-0.0782267030407324));
#20700=CARTESIAN_POINT('',(0.1524,0.109576119959354,-0.0782267030407324));
#20701=CARTESIAN_POINT('',(0.1524,0.109576119959354,0.0192259845088587));
#20702=CARTESIAN_POINT('',(0.1524,0.109576119959354,-0.0432162787724868));
#20703=CARTESIAN_POINT('',(0.1524,0.0968761199593544,0.0192259845088587));
#20704=CARTESIAN_POINT('',(0.1524,0.0968761199593544,0.0319259845088586));
#20705=CARTESIAN_POINT('',(0.1524,0.03175,0.0319259845088586));
#20706=CARTESIAN_POINT('',(0.1524,-0.0333761199593545,0.0319259845088586));
#20707=CARTESIAN_POINT('',(0.1524,-0.0333761199593544,0.0192259845088587));
#20708=CARTESIAN_POINT('',(0.1524,-0.0460761199593544,0.0192259845088587));
#20709=CARTESIAN_POINT('',(0.1524,-0.0460761199593544,-0.0782267030407324));
#20710=CARTESIAN_POINT('',(0.1524,-0.0460761199593544,-0.0432162787724867));
#20711=CARTESIAN_POINT('',(0.1524,-0.0333761199593544,-0.0432162787724867));
#20712=CARTESIAN_POINT('',(0.1524,-0.0333761199593545,-0.0559162787724867));
#20713=CARTESIAN_POINT('',(0.1524,0.03175,-0.0559162787724867));
#20714=CARTESIAN_POINT('',(0.1524,0.0968761199593544,-0.0559162787724867));
#20715=CARTESIAN_POINT('',(0.1524,0.0968761199593544,-0.0432162787724868));
#20716=CARTESIAN_POINT('',(0.1524,0.03175,-0.0655267030407324));
#20717=CARTESIAN_POINT('',(0.1524,-0.05015,-0.0655267030407324));
#20718=CARTESIAN_POINT('',(0.1524,0.12065,-0.0655267030407324));
#20719=CARTESIAN_POINT('',(0.1524,-0.05015,-0.0782267030407324));
#20720=CARTESIAN_POINT('',(0.1524,-0.05015,0.0487732969592676));
#20721=CARTESIAN_POINT('',(0.1524,0.03175,0.0487732969592676));
#20722=CARTESIAN_POINT('',(0.1524,0.12065,0.0487732969592676));
#20723=CARTESIAN_POINT('',(0.1524,0.12065,-0.0782267030407324));
#20724=CARTESIAN_POINT('',(-0.0508,0.03175,-0.0782267030407324));
#20725=CARTESIAN_POINT('',(-0.0508,-0.05715,-0.0782267030407324));
#20726=CARTESIAN_POINT('',(-0.0508,-0.05715,-0.0655267030407324));
#20727=CARTESIAN_POINT('',(-0.0508,-0.05715,-0.0582267030407324));
#20728=CARTESIAN_POINT('',(-0.0508,0.03175,-0.0655267030407324));
#20729=CARTESIAN_POINT('',(-0.0508,-0.05215,-0.0655267030407324));
#20730=CARTESIAN_POINT('',(-0.0508,-0.05215,-0.0782267030407324));
#20731=CARTESIAN_POINT('',(-0.0508,-0.05215,-0.0582267030407324));
#20732=CARTESIAN_POINT('',(-0.0508,-0.05615,-0.0582267030407324));
#20733=CARTESIAN_POINT('',(-0.0508,0.03175,-0.0782267030407324));
#20734=CARTESIAN_POINT('',(-0.0508,0.03175,-0.0583732969592676));
#20735=CARTESIAN_POINT('',(-0.0508,0.05525,-0.0583732969592676));
#20736=CARTESIAN_POINT('',(-0.0508,0.00825,-0.0583732969592676));
#20737=CARTESIAN_POINT('',(-0.0508,0.00825,-0.0360732969592676));
#20738=CARTESIAN_POINT('',(-0.0508,0.00825,-0.00837329695926759));
#20739=CARTESIAN_POINT('',(-0.0508,0.03175,-0.00837329695926759));
#20740=CARTESIAN_POINT('',(-0.0508,0.05525,-0.00837329695926759));
#20741=CARTESIAN_POINT('',(-0.0508,0.05525,-0.0360732969592676));
#20742=CARTESIAN_POINT('',(-0.0508,-0.05015,-0.0083767030407324));
#20743=CARTESIAN_POINT('',(-0.0508,-0.05015,-0.0655267030407324));
#20744=CARTESIAN_POINT('',(-0.0508,-0.05015,0.0487732969592676));
#20745=CARTESIAN_POINT('',(-0.0508,0.03175,-0.0655267030407324));
#20746=CARTESIAN_POINT('',(-0.0508,0.12065,-0.0655267030407324));
#20747=CARTESIAN_POINT('',(-0.0508,0.12065,-0.0782267030407324));
#20748=CARTESIAN_POINT('',(-0.0508,0.12065,0.0487732969592676));
#20749=CARTESIAN_POINT('',(-0.0508,0.03175,0.0487732969592676));
#20750=CARTESIAN_POINT('',(0.1397,0.12065,-0.0782267030407324));
#20751=CARTESIAN_POINT('',(0.1397,0.12065,-0.0655267030407324));
#20752=CARTESIAN_POINT('',(0.1397,0.12065,0.0487732969592676));
#20753=CARTESIAN_POINT('',(-0.0381,0.12065,-0.0782267030407324));
#20754=CARTESIAN_POINT('',(-0.0381,0.12065,-0.0655267030407324));
#20755=CARTESIAN_POINT('',(-0.0381,0.12065,0.0487732969592676));
#20756=CARTESIAN_POINT('',(-0.0381,-0.05715,-0.0782267030407324));
#20757=CARTESIAN_POINT('',(-0.0381,-0.05715,-0.0655267030407324));
#20758=CARTESIAN_POINT('',(-0.0453890328576567,-0.06755,-0.0655267030407324));
#20759=CARTESIAN_POINT('',(-0.0381,-0.05715,-0.0582267030407324));
#20760=CARTESIAN_POINT('',(-0.0505096736459909,-0.05985,-0.0582267030407324));
#20761=CARTESIAN_POINT('',(-0.0505096736459909,-0.05985,-0.0782267030407324));
#20762=CARTESIAN_POINT('',(-0.0505096736459909,-0.05985,-1.56125112837913E-18));
#20763=CARTESIAN_POINT('',(-0.0381,-0.05715,0.));
#20764=CARTESIAN_POINT('',(-0.0508,-0.05715,-1.89560033896382E-32));
#20765=CARTESIAN_POINT('',(-0.0508,-0.05715,-0.0782267030407324));
#20766=CARTESIAN_POINT('',(-0.0508,-0.05715,0.0487732969592676));
#20767=CARTESIAN_POINT('',(-0.0381,-0.05715,0.0487732969592676));
#20768=CARTESIAN_POINT('',(-0.0453890328576567,-0.06755,0.0487732969592676));
#20769=CARTESIAN_POINT('',(-0.0453890328576567,-0.06755,-0.0782267030407324));
#20770=CARTESIAN_POINT('',(0.1397,-0.05715,-0.0782267030407324));
#20771=CARTESIAN_POINT('',(0.1397,-0.05715,-0.0655267030407324));
#20772=CARTESIAN_POINT('',(0.146989032857657,-0.06755,-0.0655267030407324));
#20773=CARTESIAN_POINT('',(0.146989032857657,-0.06755,-0.0782267030407324));
#20774=CARTESIAN_POINT('',(0.146989032857657,-0.06755,0.0487732969592676));
#20775=CARTESIAN_POINT('',(0.1397,-0.05715,0.0487732969592676));
#20776=CARTESIAN_POINT('',(-0.0461336042404175,-0.05685,-0.0582267030407324));
#20777=CARTESIAN_POINT('',(0.1592,-0.05215,-0.0582267030407324));
#20778=CARTESIAN_POINT('',(-0.0461336042404175,-0.05215,-0.0582267030407324));
#20779=CARTESIAN_POINT('',(-0.0461336042404175,-0.05185,-0.0582267030407324));
#20780=CARTESIAN_POINT('',(-0.0461336042404175,-0.05185,-0.0582267030407324));
#20781=CARTESIAN_POINT('',(-0.0461336042404175,-0.05185,-0.0582267030407324));
#20782=CARTESIAN_POINT('',(-0.0635,-0.05185,-0.0582267030407324));
#20783=CARTESIAN_POINT('',(-0.0635,0.03175,-0.0582267030407324));
#20784=CARTESIAN_POINT('',(-0.0635,-0.05985,-0.0582267030407324));
#20785=CARTESIAN_POINT('',(-0.0461336042404175,-0.05985,-0.0582267030407324));
#20786=CARTESIAN_POINT('',(-0.0461336042404175,-0.05685,0.));
#20787=CARTESIAN_POINT('',(-0.0635,0.03175,5.55111512312578E-17));
#20788=CARTESIAN_POINT('',(-0.0635,-0.05985,2.54426109809916E-18));
#20789=CARTESIAN_POINT('',(-0.0635,-0.05185,0.));
#20790=CARTESIAN_POINT('',(-0.0461336042404175,-0.05185,0.));
#20791=CARTESIAN_POINT('',(-0.0461336042404175,-0.05185,1.56125112837914E-18));
#20792=CARTESIAN_POINT('',(-0.0461336042404175,-0.05185,1.56125112837914E-18));
#20793=CARTESIAN_POINT('',(-0.0461336042404175,-0.05215,1.56125112837914E-18));
#20794=CARTESIAN_POINT('',(0.1592,-0.05215,0.));
#20795=CARTESIAN_POINT('',(-0.0508,-0.05215,0.));
#20796=CARTESIAN_POINT('',(-0.0508,-0.05615,-1.89560033896382E-32));
#20797=CARTESIAN_POINT('',(-0.0461336042404175,-0.05985,0.));
#20798=CARTESIAN_POINT('',(0.0508,0.03175,0.0487732969592676));
#20799=CARTESIAN_POINT('',(0.155723401871577,0.136673401871577,0.0487732969592676));
#20800=CARTESIAN_POINT('',(0.158223401871577,0.136673401871577,0.0487732969592676));
#20801=CARTESIAN_POINT('',(-0.0541234018715768,0.136673401871577,0.0487732969592676));
#20802=CARTESIAN_POINT('',(-0.0516234018715768,0.136673401871577,0.0487732969592676));
#20803=CARTESIAN_POINT('',(-0.05715,-0.07285,0.0487732969592676));
#20804=CARTESIAN_POINT('',(-0.05465,-0.07285,0.0487732969592676));
#20805=CARTESIAN_POINT('',(0.15875,-0.07285,0.0487732969592676));
#20806=CARTESIAN_POINT('',(0.16125,-0.07285,0.0487732969592676));
#20807=CARTESIAN_POINT('',(0.1592,-0.05015,0.0487732969592676));
#20808=CARTESIAN_POINT('',(0.1592,-0.05215,0.0487732969592676));
#20809=CARTESIAN_POINT('',(-0.0508,-0.05215,0.0487732969592676));
#20810=CARTESIAN_POINT('',(0.0508,-0.06755,0.0487732969592676));
#20811=CARTESIAN_POINT('',(0.1524,-0.06755,0.0487732969592676));
#20812=CARTESIAN_POINT('',(0.1524,-0.06755,0.0487732969592676));
#20813=CARTESIAN_POINT('',(0.1524,-0.08255,0.0487732969592676));
#20814=CARTESIAN_POINT('',(0.1524,-0.06985,0.0487732969592676));
#20815=CARTESIAN_POINT('',(0.1651,-0.06985,0.0487732969592676));
#20816=CARTESIAN_POINT('',(0.1651,0.03175,0.0487732969592676));
#20817=CARTESIAN_POINT('',(0.1651,0.13335,0.0487732969592676));
#20818=CARTESIAN_POINT('',(0.1524,0.13335,0.0487732969592676));
#20819=CARTESIAN_POINT('',(0.1524,0.14605,0.0487732969592676));
#20820=CARTESIAN_POINT('',(0.0508,0.14605,0.0487732969592676));
#20821=CARTESIAN_POINT('',(-0.0508,0.14605,0.0487732969592676));
#20822=CARTESIAN_POINT('',(-0.0508,0.13335,0.0487732969592676));
#20823=CARTESIAN_POINT('',(-0.0635,0.13335,0.0487732969592676));
#20824=CARTESIAN_POINT('',(-0.0635,0.03175,0.0487732969592676));
#20825=CARTESIAN_POINT('',(-0.0635,-0.06985,0.0487732969592676));
#20826=CARTESIAN_POINT('',(-0.0508,-0.06985,0.0487732969592676));
#20827=CARTESIAN_POINT('',(-0.0508,-0.08255,0.0487732969592676));
#20828=CARTESIAN_POINT('',(-0.0508,-0.06755,0.0487732969592676));
#20829=CARTESIAN_POINT('',(-0.0508,-0.06755,0.0487732969592676));
#20830=CARTESIAN_POINT('',(0.0508,-0.06755,0.0487732969592676));
#20831=CARTESIAN_POINT('',(-0.0508,-0.05615,0.0487732969592676));
#20832=CARTESIAN_POINT('',(-0.0635,0.03175,-0.0782267030407324));
#20833=CARTESIAN_POINT('',(-0.0635,-0.05185,-0.0782267030407324));
#20834=CARTESIAN_POINT('',(-0.0635,-0.05985,-0.0782267030407324));
#20835=CARTESIAN_POINT('',(-0.0635,0.13335,-0.0782267030407324));
#20836=CARTESIAN_POINT('',(-0.0635,0.13335,-0.0782267030407324));
#20837=CARTESIAN_POINT('',(-0.0635,0.03175,-0.0782267030407324));
#20838=CARTESIAN_POINT('',(-0.0635,-0.06985,-0.0782267030407324));
#20839=CARTESIAN_POINT('',(-0.0635,-0.06985,-0.0782267030407324));
#20840=CARTESIAN_POINT('',(-0.0635,0.03175,-0.0583732969592676));
#20841=CARTESIAN_POINT('',(-0.0635,0.05525,-0.0583732969592676));
#20842=CARTESIAN_POINT('',(-0.0635,0.00825,-0.0583732969592676));
#20843=CARTESIAN_POINT('',(-0.0635,0.05525,-0.0782267030407324));
#20844=CARTESIAN_POINT('',(-0.0635,0.05525,-0.00837329695926759));
#20845=CARTESIAN_POINT('',(-0.0635,0.03175,-0.00837329695926758));
#20846=CARTESIAN_POINT('',(-0.0635,0.00825,-0.00837329695926758));
#20847=CARTESIAN_POINT('',(-0.0635,0.00825,-0.0782267030407324));
#20848=CARTESIAN_POINT('',(0.1651,0.03175,-0.0782267030407324));
#20849=CARTESIAN_POINT('',(0.1651,0.0968761199593544,0.0192259845088587));
#20850=CARTESIAN_POINT('',(0.1651,0.109576119959354,0.0192259845088587));
#20851=CARTESIAN_POINT('',(0.1651,0.0968761199593544,0.0319259845088586));
#20852=CARTESIAN_POINT('',(0.1651,0.109576119959354,-0.011995147131814));
#20853=CARTESIAN_POINT('',(0.1651,0.109576119959354,-0.0432162787724867));
#20854=CARTESIAN_POINT('',(0.1651,0.0968761199593544,-0.0432162787724868));
#20855=CARTESIAN_POINT('',(0.1651,0.0968761199593544,-0.0559162787724867));
#20856=CARTESIAN_POINT('',(0.1651,0.03175,-0.0559162787724867));
#20857=CARTESIAN_POINT('',(0.1651,-0.0333761199593545,-0.0559162787724867));
#20858=CARTESIAN_POINT('',(0.1651,-0.0333761199593544,-0.0432162787724867));
#20859=CARTESIAN_POINT('',(0.1651,-0.0460761199593544,-0.0432162787724867));
#20860=CARTESIAN_POINT('',(0.1651,-0.0460761199593544,-0.011995147131814));
#20861=CARTESIAN_POINT('',(0.1651,-0.0460761199593544,0.0192259845088587));
#20862=CARTESIAN_POINT('',(0.1651,-0.0333761199593544,0.0192259845088587));
#20863=CARTESIAN_POINT('',(0.1651,-0.0333761199593545,0.0319259845088586));
#20864=CARTESIAN_POINT('',(0.1651,0.03175,0.0319259845088586));
#20865=CARTESIAN_POINT('',(0.1651,-0.06985,-0.0782267030407324));
#20866=CARTESIAN_POINT('',(0.1651,-0.06985,-0.0782267030407324));
#20867=CARTESIAN_POINT('',(0.1651,0.03175,-0.0782267030407324));
#20868=CARTESIAN_POINT('',(0.1651,0.13335,-0.0782267030407324));
#20869=CARTESIAN_POINT('',(0.1651,0.13335,-0.0782267030407324));
#20870=CARTESIAN_POINT('',(0.1524,-0.06985,-0.0782267030407324));
#20871=CARTESIAN_POINT('',(0.1524,-0.08255,-0.0782267030407324));
#20872=CARTESIAN_POINT('',(0.1524,-0.08255,-0.0782267030407324));
#20873=CARTESIAN_POINT('',(0.1524,-0.06985,-0.0782267030407324));
#20874=CARTESIAN_POINT('',(-0.0508,-0.06985,-0.0782267030407324));
#20875=CARTESIAN_POINT('',(-0.0508,-0.06985,-0.0782267030407324));
#20876=CARTESIAN_POINT('',(-0.0508,-0.08255,-0.0782267030407324));
#20877=CARTESIAN_POINT('',(-0.0508,-0.08255,-0.0782267030407324));
#20878=CARTESIAN_POINT('',(-0.0508,0.13335,-0.0782267030407324));
#20879=CARTESIAN_POINT('',(-0.0508,0.14605,-0.0782267030407324));
#20880=CARTESIAN_POINT('',(-0.0508,0.14605,-0.0782267030407324));
#20881=CARTESIAN_POINT('',(-0.0508,0.13335,-0.0782267030407324));
#20882=CARTESIAN_POINT('',(0.0508,0.14605,-0.0782267030407324));
#20883=CARTESIAN_POINT('',(0.1524,0.14605,-0.0782267030407324));
#20884=CARTESIAN_POINT('',(0.1524,0.14605,-0.0782267030407324));
#20885=CARTESIAN_POINT('',(0.0508,0.14605,-0.0782267030407324));
#20886=CARTESIAN_POINT('',(0.1524,0.13335,-0.0782267030407324));
#20887=CARTESIAN_POINT('',(0.1524,0.13335,-0.0782267030407324));
#20888=CARTESIAN_POINT('',(0.0508,0.03175,-0.0782267030407324));
#20889=CARTESIAN_POINT('',(-0.0381,-0.05715,-0.0782267030407324));
#20890=CARTESIAN_POINT('',(-0.0453890328576567,-0.06755,-0.0782267030407324));
#20891=CARTESIAN_POINT('',(-0.0381,-0.06985,-0.0782267030407324));
#20892=CARTESIAN_POINT('',(0.0508,-0.06755,-0.0782267030407324));
#20893=CARTESIAN_POINT('',(-0.0508,-0.06755,-0.0782267030407324));
#20894=CARTESIAN_POINT('',(-0.0508,-0.06755,-0.0782267030407324));
#20895=CARTESIAN_POINT('',(0.1524,-0.06755,-0.0782267030407324));
#20896=CARTESIAN_POINT('',(0.1524,-0.06755,-0.0782267030407324));
#20897=CARTESIAN_POINT('',(0.0508,-0.06755,-0.0782267030407324));
#20898=CARTESIAN_POINT('',(0.146989032857657,-0.06755,-0.0782267030407324));
#20899=CARTESIAN_POINT('',(0.1397,-0.05715,-0.0782267030407324));
#20900=CARTESIAN_POINT('',(0.1397,-0.06985,-0.0782267030407324));
#20901=CARTESIAN_POINT('',(0.0508,-0.06985,-0.0782267030407324));
#20902=CARTESIAN_POINT('',(0.1397,0.109576119959354,-0.011995147131814));
#20903=CARTESIAN_POINT('',(0.1397,0.109576119959354,-0.0432162787724867));
#20904=CARTESIAN_POINT('',(0.1397,0.109576119959354,0.0192259845088587));
#20905=CARTESIAN_POINT('',(0.1397,0.0968761199593544,0.0192259845088587));
#20906=CARTESIAN_POINT('',(0.1397,0.0968761199593544,0.0319259845088586));
#20907=CARTESIAN_POINT('',(0.1397,0.03175,0.0319259845088586));
#20908=CARTESIAN_POINT('',(0.1397,-0.0333761199593545,0.0319259845088586));
#20909=CARTESIAN_POINT('',(0.1397,-0.0333761199593544,0.0192259845088587));
#20910=CARTESIAN_POINT('',(0.1397,-0.0460761199593544,0.0192259845088587));
#20911=CARTESIAN_POINT('',(0.1397,-0.0460761199593544,-0.011995147131814));
#20912=CARTESIAN_POINT('',(0.1397,-0.0460761199593544,-0.0432162787724867));
#20913=CARTESIAN_POINT('',(0.1397,-0.0333761199593544,-0.0432162787724867));
#20914=CARTESIAN_POINT('',(0.1397,-0.0333761199593545,-0.0559162787724867));
#20915=CARTESIAN_POINT('',(0.1397,0.03175,-0.0559162787724867));
#20916=CARTESIAN_POINT('',(0.1397,0.0968761199593544,-0.0559162787724867));
#20917=CARTESIAN_POINT('',(0.1397,0.0968761199593544,-0.0432162787724868));
#20918=CARTESIAN_POINT('',(-0.0461336042404175,-0.05985,0.0217732969592676));
#20919=CARTESIAN_POINT('',(-0.090424,0.00825,-0.0360732969592676));
#20920=CARTESIAN_POINT('',(-0.090424,0.00825,-0.00837329695926759));
#20921=CARTESIAN_POINT('',(-0.090424,0.00825,-0.0583732969592676));
#20922=CARTESIAN_POINT('',(-0.090424,0.05525,-0.0360732969592676));
#20923=CARTESIAN_POINT('',(-0.090424,0.05525,-0.0583732969592676));
#20924=CARTESIAN_POINT('',(-0.090424,0.05525,-0.00837329695926759));
#20925=CARTESIAN_POINT('',(-0.090424,0.03175,-0.00837329695926759));
#20926=CARTESIAN_POINT('',(-0.090424,0.03175,-0.0583732969592676));
#20927=CARTESIAN_POINT('',(0.0508,-0.06755,-0.0782267030407324));
#20928=CARTESIAN_POINT('',(0.1524,-0.06755,-0.0782267030407324));
#20929=CARTESIAN_POINT('',(0.146989032857657,-0.06755,-0.0782267030407324));
#20930=CARTESIAN_POINT('',(0.1524,-0.06755,-0.0782267030407324));
#20931=CARTESIAN_POINT('',(0.0508,-0.06755,-0.0782267030407324));
#20932=CARTESIAN_POINT('',(-0.0508,-0.06755,-0.0782267030407324));
#20933=CARTESIAN_POINT('',(-0.0453890328576567,-0.06755,-0.0782267030407324));
#20934=CARTESIAN_POINT('',(-0.0508,-0.06755,-0.0782267030407324));
#20935=CARTESIAN_POINT('',(-0.0508,-0.05615,-0.0782267030407324));
#20936=CARTESIAN_POINT('',(-0.0508,-0.05215,-0.0782267030407324));
#20937=CARTESIAN_POINT('',(0.1592,-0.05015,-0.0083767030407324));
#20938=CARTESIAN_POINT('',(0.1592,-0.05015,-0.0655267030407324));
#20939=CARTESIAN_POINT('',(0.1592,-0.05215,-0.0782267030407324));
#20940=CARTESIAN_POINT('',(0.1592,-0.05215,-0.0655267030407324));
#20941=CARTESIAN_POINT('',(-0.0461336042404175,-0.05215,-0.0782267030407324));
#20942=CARTESIAN_POINT('',(-0.0461336042404175,-0.05185,-0.0291133515203662));
#20943=CARTESIAN_POINT('',(-0.0461336042404175,-0.05185,-0.0291133515203662));
#20944=CARTESIAN_POINT('',(-0.0461336042404175,-0.05185,-0.0291133515203662));
#20945=CARTESIAN_POINT('',(0.15875,-0.07285,0.0337732969592676));
#20946=CARTESIAN_POINT('',(0.15875,-0.07285,0.0337732969592676));
#20947=CARTESIAN_POINT('',(0.16125,-0.07285,0.0337732969592676));
#20948=CARTESIAN_POINT('',(0.0508,0.03175,0.0337732969592676));
#20949=CARTESIAN_POINT('',(-0.05715,-0.07285,0.0337732969592676));
#20950=CARTESIAN_POINT('',(-0.05715,-0.07285,0.0337732969592676));
#20951=CARTESIAN_POINT('',(-0.05465,-0.07285,0.0337732969592676));
#20952=CARTESIAN_POINT('',(0.0508,0.03175,0.0337732969592676));
#20953=CARTESIAN_POINT('',(-0.0541234018715768,0.136673401871577,0.0337732969592676));
#20954=CARTESIAN_POINT('',(-0.0541234018715768,0.136673401871577,0.0337732969592676));
#20955=CARTESIAN_POINT('',(-0.0516234018715768,0.136673401871577,0.0337732969592676));
#20956=CARTESIAN_POINT('',(0.0508,0.03175,0.0337732969592676));
#20957=CARTESIAN_POINT('',(0.155723401871577,0.136673401871577,0.0337732969592676));
#20958=CARTESIAN_POINT('',(0.155723401871577,0.136673401871577,0.0337732969592676));
#20959=CARTESIAN_POINT('',(0.158223401871577,0.136673401871577,0.0337732969592676));
#20960=CARTESIAN_POINT('',(0.0508,0.03175,0.0337732969592676));
#20961=CARTESIAN_POINT('',(0.0508,0.03175,-0.0655267030407324));
#20962=CARTESIAN_POINT('',(0.1397,-0.05715,-0.0655267030407324));
#20963=CARTESIAN_POINT('',(0.1397,-0.05715,-0.0655267030407324));
#20964=CARTESIAN_POINT('',(0.1397,-0.06985,-0.0655267030407324));
#20965=CARTESIAN_POINT('',(0.1397,-0.06985,-0.0655267030407324));
#20966=CARTESIAN_POINT('',(-0.0381,-0.05715,-0.0655267030407324));
#20967=CARTESIAN_POINT('',(-0.0381,-0.05715,-0.0655267030407324));
#20968=CARTESIAN_POINT('',(-0.0381,-0.06985,-0.0655267030407324));
#20969=CARTESIAN_POINT('',(-0.0381,-0.06985,-0.0655267030407324));
#20970=CARTESIAN_POINT('',(0.0508,0.03175,-0.0655267030407324));
#20971=CARTESIAN_POINT('',(0.0508,-0.06985,-0.0655267030407324));
#20972=CARTESIAN_POINT('',(0.0508,-0.06985,-0.0655267030407324));
#20973=CARTESIAN_POINT('',(0.,0.,0.));
#20974=CARTESIAN_POINT('',(-0.0873412653116466,0.0325749899148941,0.130973296959268));
#20975=CARTESIAN_POINT('',(-0.0873412653116466,0.0986749899148941,0.130973296959268));
#20976=CARTESIAN_POINT('',(-0.0873412653116466,0.0986749899148941,0.128973296959268));
#20977=CARTESIAN_POINT('',(-0.0873412653116466,0.0986749899148941,0.126973296959268));
#20978=CARTESIAN_POINT('',(-0.0873412653116466,-0.0335250100851059,0.128973296959268));
#20979=CARTESIAN_POINT('',(-0.0873412653116466,-0.0335250100851059,0.128973296959268));
#20980=CARTESIAN_POINT('',(-0.0873412653116466,-0.0335250100851059,0.130973296959268));
#20981=CARTESIAN_POINT('',(-0.0873412653116466,-0.0335250100851059,0.126973296959268));
#20982=CARTESIAN_POINT('',(-0.0873412653116466,0.0325749899148941,0.126973296959268));
#20983=CARTESIAN_POINT('',(-0.102641265311647,0.0986749899148941,0.130973296959268));
#20984=CARTESIAN_POINT('',(-0.117941265311647,0.0986749899148941,0.130973296959268));
#20985=CARTESIAN_POINT('',(-0.117941265311647,0.0986749899148941,0.128973296959268));
#20986=CARTESIAN_POINT('',(-0.117941265311647,0.0986749899148941,0.126973296959268));
#20987=CARTESIAN_POINT('',(-0.0873412653116466,0.0986749899148941,0.128973296959268));
#20988=CARTESIAN_POINT('',(-0.102641265311647,0.0986749899148941,0.126973296959268));
#20989=CARTESIAN_POINT('',(-0.117941265311647,0.0325749899148941,0.130973296959268));
#20990=CARTESIAN_POINT('',(-0.117941265311647,-0.0335250100851059,0.130973296959268));
#20991=CARTESIAN_POINT('',(-0.117941265311647,-0.0335250100851059,0.128973296959268));
#20992=CARTESIAN_POINT('',(-0.117941265311647,-0.0335250100851059,0.126973296959268));
#20993=CARTESIAN_POINT('',(-0.117941265311647,0.0986749899148941,0.128973296959268));
#20994=CARTESIAN_POINT('',(-0.117941265311647,0.0325749899148941,0.126973296959268));
#20995=CARTESIAN_POINT('',(-0.102641265311647,0.0950749899148941,0.130973296959268));
#20996=CARTESIAN_POINT('',(-0.102641265311647,0.0950749899148941,0.126973296959268));
#20997=CARTESIAN_POINT('',(-0.114341265311647,0.0950749899148941,0.126973296959268));
#20998=CARTESIAN_POINT('',(-0.0909412653116466,0.0950749899148941,0.126973296959268));
#20999=CARTESIAN_POINT('',(-0.0909412653116466,0.0950749899148941,0.130973296959268));
#21000=CARTESIAN_POINT('',(-0.0909412653116466,0.0950749899148941,0.130973296959268));
#21001=CARTESIAN_POINT('',(-0.102641265311647,0.0950749899148941,0.130973296959268));
#21002=CARTESIAN_POINT('',(-0.114341265311647,0.0950749899148941,0.130973296959268));
#21003=CARTESIAN_POINT('',(-0.114341265311647,0.0950749899148941,0.130973296959268));
#21004=CARTESIAN_POINT('',(-0.0909412653116466,0.0325749899148941,0.130973296959268));
#21005=CARTESIAN_POINT('',(-0.0909412653116466,0.0325749899148941,0.126973296959268));
#21006=CARTESIAN_POINT('',(-0.0909412653116466,-0.0299250100851059,0.126973296959268));
#21007=CARTESIAN_POINT('',(-0.0909412653116466,-0.0299250100851059,0.130973296959268));
#21008=CARTESIAN_POINT('',(-0.0909412653116466,-0.0299250100851059,0.130973296959268));
#21009=CARTESIAN_POINT('',(-0.0909412653116466,0.0325749899148941,0.130973296959268));
#21010=CARTESIAN_POINT('',(-0.102641265311647,-0.0299250100851059,0.130973296959268));
#21011=CARTESIAN_POINT('',(-0.102641265311647,-0.0299250100851059,0.126973296959268));
#21012=CARTESIAN_POINT('',(-0.114341265311647,-0.0299250100851059,0.126973296959268));
#21013=CARTESIAN_POINT('',(-0.114341265311647,-0.0299250100851059,0.130973296959268));
#21014=CARTESIAN_POINT('',(-0.114341265311647,-0.0299250100851059,0.130973296959268));
#21015=CARTESIAN_POINT('',(-0.102641265311647,-0.0299250100851059,0.130973296959268));
#21016=CARTESIAN_POINT('',(-0.114341265311647,0.0325749899148941,0.130973296959268));
#21017=CARTESIAN_POINT('',(-0.114341265311647,0.0325749899148941,0.126973296959268));
#21018=CARTESIAN_POINT('',(-0.114341265311647,0.0325749899148941,0.130973296959268));
#21019=CARTESIAN_POINT('',(-0.102641265311647,-0.0335250100851059,0.130973296959268));
#21020=CARTESIAN_POINT('',(-0.117941265311647,-0.0335250100851059,0.128973296959268));
#21021=CARTESIAN_POINT('',(-0.102641265311647,-0.0335250100851059,0.126973296959268));
#21022=CARTESIAN_POINT('',(-0.102641265311647,0.0325749899148941,0.130973296959268));
#21023=CARTESIAN_POINT('',(-0.0873412653116466,-0.0315250100851059,0.130973296959268));
#21024=CARTESIAN_POINT('',(-0.115941265311647,-0.0315250100851059,0.130973296959268));
#21025=CARTESIAN_POINT('',(-0.0893412653116466,-0.0315250100851059,0.130973296959268));
#21026=CARTESIAN_POINT('',(-0.0893412653116466,0.0986749899148941,0.130973296959268));
#21027=CARTESIAN_POINT('',(-0.0893412653116466,0.0966749899148941,0.130973296959268));
#21028=CARTESIAN_POINT('',(-0.117941265311647,0.0966749899148941,0.130973296959268));
#21029=CARTESIAN_POINT('',(-0.115941265311647,0.0966749899148941,0.130973296959268));
#21030=CARTESIAN_POINT('',(-0.115941265311647,-0.0335250100851059,0.130973296959268));
#21031=CARTESIAN_POINT('',(-0.102641265311647,0.0325749899148941,0.126973296959268));
#21032=CARTESIAN_POINT('',(-0.115941265311647,0.0325749899148941,0.130973296959268));
#21033=CARTESIAN_POINT('',(-0.111507931978313,0.0922416565815608,0.135406630292601));
#21034=CARTESIAN_POINT('',(-0.0945745986449799,-0.0101583434184392,0.152339963625934));
#21035=CARTESIAN_POINT('',(-0.102641265311647,-0.0315250100851059,0.130973296959268));
#21036=CARTESIAN_POINT('',(-0.0937745986449799,-0.0270916767517726,0.135406630292601));
#21037=CARTESIAN_POINT('',(-0.102641265311647,0.0966749899148941,0.130973296959268));
#21038=CARTESIAN_POINT('',(-0.0937745986449799,0.0922416565815608,0.135406630292601));
#21039=CARTESIAN_POINT('',(-0.0893412653116466,0.0325749899148941,0.130973296959268));
#21040=MECHANICAL_DESIGN_GEOMETRIC_PRESENTATION_REPRESENTATION('',(#12474),
#21058);
#21041=MECHANICAL_DESIGN_GEOMETRIC_PRESENTATION_REPRESENTATION('',(#12475),
#21059);
#21042=MECHANICAL_DESIGN_GEOMETRIC_PRESENTATION_REPRESENTATION('',(#12476),
#21060);
#21043=MECHANICAL_DESIGN_GEOMETRIC_PRESENTATION_REPRESENTATION('',(#12477),
#21061);
#21044=MECHANICAL_DESIGN_GEOMETRIC_PRESENTATION_REPRESENTATION('',(#12478),
#21062);
#21045=MECHANICAL_DESIGN_GEOMETRIC_PRESENTATION_REPRESENTATION('',(#12479),
#21063);
#21046=MECHANICAL_DESIGN_GEOMETRIC_PRESENTATION_REPRESENTATION('',(#12480),
#21064);
#21047=MECHANICAL_DESIGN_GEOMETRIC_PRESENTATION_REPRESENTATION('',(#12481),
#21065);
#21048=MECHANICAL_DESIGN_GEOMETRIC_PRESENTATION_REPRESENTATION('',(#12482),
#21066);
#21049=MECHANICAL_DESIGN_GEOMETRIC_PRESENTATION_REPRESENTATION('',(#12483),
#21067);
#21050=MECHANICAL_DESIGN_GEOMETRIC_PRESENTATION_REPRESENTATION('',(#12484),
#21068);
#21051=MECHANICAL_DESIGN_GEOMETRIC_PRESENTATION_REPRESENTATION('',(#12485),
#21069);
#21052=MECHANICAL_DESIGN_GEOMETRIC_PRESENTATION_REPRESENTATION('',(#12486),
#21070);
#21053=MECHANICAL_DESIGN_GEOMETRIC_PRESENTATION_REPRESENTATION('',(#12487),
#21071);
#21054=MECHANICAL_DESIGN_GEOMETRIC_PRESENTATION_REPRESENTATION('',(#12488),
#21072);
#21055=MECHANICAL_DESIGN_GEOMETRIC_PRESENTATION_REPRESENTATION('',(#12489),
#21073);
#21056=MECHANICAL_DESIGN_GEOMETRIC_PRESENTATION_REPRESENTATION('',(#12490),
#21074);
#21057=MECHANICAL_DESIGN_GEOMETRIC_PRESENTATION_REPRESENTATION('',(#12491),
#21075);
#21058=(
GEOMETRIC_REPRESENTATION_CONTEXT(3)
GLOBAL_UNCERTAINTY_ASSIGNED_CONTEXT((#21076))
GLOBAL_UNIT_ASSIGNED_CONTEXT((#21130,#21112,#21094))
REPRESENTATION_CONTEXT('top shell','TOP_LEVEL_ASSEMBLY_PART')
);
#21059=(
GEOMETRIC_REPRESENTATION_CONTEXT(3)
GLOBAL_UNCERTAINTY_ASSIGNED_CONTEXT((#21077))
GLOBAL_UNIT_ASSIGNED_CONTEXT((#21131,#21113,#21095))
REPRESENTATION_CONTEXT('water cap 2','TOP_LEVEL_ASSEMBLY_PART')
);
#21060=(
GEOMETRIC_REPRESENTATION_CONTEXT(3)
GLOBAL_UNCERTAINTY_ASSIGNED_CONTEXT((#21078))
GLOBAL_UNIT_ASSIGNED_CONTEXT((#21132,#21114,#21096))
REPRESENTATION_CONTEXT('bottom heater cap 1','TOP_LEVEL_ASSEMBLY_PART')
);
#21061=(
GEOMETRIC_REPRESENTATION_CONTEXT(3)
GLOBAL_UNCERTAINTY_ASSIGNED_CONTEXT((#21079))
GLOBAL_UNIT_ASSIGNED_CONTEXT((#21133,#21115,#21097))
REPRESENTATION_CONTEXT('electronic cover','TOP_LEVEL_ASSEMBLY_PART')
);
#21062=(
GEOMETRIC_REPRESENTATION_CONTEXT(3)
GLOBAL_UNCERTAINTY_ASSIGNED_CONTEXT((#21080))
GLOBAL_UNIT_ASSIGNED_CONTEXT((#21134,#21116,#21098))
REPRESENTATION_CONTEXT('servo arm','TOP_LEVEL_ASSEMBLY_PART')
);
#21063=(
GEOMETRIC_REPRESENTATION_CONTEXT(3)
GLOBAL_UNCERTAINTY_ASSIGNED_CONTEXT((#21081))
GLOBAL_UNIT_ASSIGNED_CONTEXT((#21135,#21117,#21099))
REPRESENTATION_CONTEXT('air water barrier','TOP_LEVEL_ASSEMBLY_PART')
);
#21064=(
GEOMETRIC_REPRESENTATION_CONTEXT(3)
GLOBAL_UNCERTAINTY_ASSIGNED_CONTEXT((#21082))
GLOBAL_UNIT_ASSIGNED_CONTEXT((#21136,#21118,#21100))
REPRESENTATION_CONTEXT('Rubber gripper','TOP_LEVEL_ASSEMBLY_PART')
);
#21065=(
GEOMETRIC_REPRESENTATION_CONTEXT(3)
GLOBAL_UNCERTAINTY_ASSIGNED_CONTEXT((#21083))
GLOBAL_UNIT_ASSIGNED_CONTEXT((#21137,#21119,#21101))
REPRESENTATION_CONTEXT('bottom heater cap 2','TOP_LEVEL_ASSEMBLY_PART')
);
#21066=(
GEOMETRIC_REPRESENTATION_CONTEXT(3)
GLOBAL_UNCERTAINTY_ASSIGNED_CONTEXT((#21084))
GLOBAL_UNIT_ASSIGNED_CONTEXT((#21138,#21120,#21102))
REPRESENTATION_CONTEXT('rubber gripper','TOP_LEVEL_ASSEMBLY_PART')
);
#21067=(
GEOMETRIC_REPRESENTATION_CONTEXT(3)
GLOBAL_UNCERTAINTY_ASSIGNED_CONTEXT((#21085))
GLOBAL_UNIT_ASSIGNED_CONTEXT((#21139,#21121,#21103))
REPRESENTATION_CONTEXT('heater cap 1','TOP_LEVEL_ASSEMBLY_PART')
);
#21068=(
GEOMETRIC_REPRESENTATION_CONTEXT(3)
GLOBAL_UNCERTAINTY_ASSIGNED_CONTEXT((#21086))
GLOBAL_UNIT_ASSIGNED_CONTEXT((#21140,#21122,#21104))
REPRESENTATION_CONTEXT('water cap 3','TOP_LEVEL_ASSEMBLY_PART')
);
#21069=(
GEOMETRIC_REPRESENTATION_CONTEXT(3)
GLOBAL_UNCERTAINTY_ASSIGNED_CONTEXT((#21087))
GLOBAL_UNIT_ASSIGNED_CONTEXT((#21141,#21123,#21105))
REPRESENTATION_CONTEXT('water cap 1','TOP_LEVEL_ASSEMBLY_PART')
);
#21070=(
GEOMETRIC_REPRESENTATION_CONTEXT(3)
GLOBAL_UNCERTAINTY_ASSIGNED_CONTEXT((#21088))
GLOBAL_UNIT_ASSIGNED_CONTEXT((#21142,#21124,#21106))
REPRESENTATION_CONTEXT('secondary electronics box',
'TOP_LEVEL_ASSEMBLY_PART')
);
#21071=(
GEOMETRIC_REPRESENTATION_CONTEXT(3)
GLOBAL_UNCERTAINTY_ASSIGNED_CONTEXT((#21089))
GLOBAL_UNIT_ASSIGNED_CONTEXT((#21143,#21125,#21107))
REPRESENTATION_CONTEXT('main electronic box','TOP_LEVEL_ASSEMBLY_PART')
);
#21072=(
GEOMETRIC_REPRESENTATION_CONTEXT(3)
GLOBAL_UNCERTAINTY_ASSIGNED_CONTEXT((#21090))
GLOBAL_UNIT_ASSIGNED_CONTEXT((#21144,#21126,#21108))
REPRESENTATION_CONTEXT('mister cap 2','TOP_LEVEL_ASSEMBLY_PART')
);
#21073=(
GEOMETRIC_REPRESENTATION_CONTEXT(3)
GLOBAL_UNCERTAINTY_ASSIGNED_CONTEXT((#21091))
GLOBAL_UNIT_ASSIGNED_CONTEXT((#21145,#21127,#21109))
REPRESENTATION_CONTEXT('mister cap','TOP_LEVEL_ASSEMBLY_PART')
);
#21074=(
GEOMETRIC_REPRESENTATION_CONTEXT(3)
GLOBAL_UNCERTAINTY_ASSIGNED_CONTEXT((#21092))
GLOBAL_UNIT_ASSIGNED_CONTEXT((#21146,#21128,#21110))
REPRESENTATION_CONTEXT('bottom shell','TOP_LEVEL_ASSEMBLY_PART')
);
#21075=(
GEOMETRIC_REPRESENTATION_CONTEXT(3)
GLOBAL_UNCERTAINTY_ASSIGNED_CONTEXT((#21093))
GLOBAL_UNIT_ASSIGNED_CONTEXT((#21147,#21129,#21111))
REPRESENTATION_CONTEXT('heater cap 2','TOP_LEVEL_ASSEMBLY_PART')
);
#21076=UNCERTAINTY_MEASURE_WITH_UNIT(LENGTH_MEASURE(1.E-8),#21130,
'DISTANCE_ACCURACY_VALUE','Maximum Tolerance applied to model');
#21077=UNCERTAINTY_MEASURE_WITH_UNIT(LENGTH_MEASURE(1.E-8),#21131,
'DISTANCE_ACCURACY_VALUE','Maximum Tolerance applied to model');
#21078=UNCERTAINTY_MEASURE_WITH_UNIT(LENGTH_MEASURE(1.E-8),#21132,
'DISTANCE_ACCURACY_VALUE','Maximum Tolerance applied to model');
#21079=UNCERTAINTY_MEASURE_WITH_UNIT(LENGTH_MEASURE(1.E-8),#21133,
'DISTANCE_ACCURACY_VALUE','Maximum Tolerance applied to model');
#21080=UNCERTAINTY_MEASURE_WITH_UNIT(LENGTH_MEASURE(1.E-8),#21134,
'DISTANCE_ACCURACY_VALUE','Maximum Tolerance applied to model');
#21081=UNCERTAINTY_MEASURE_WITH_UNIT(LENGTH_MEASURE(1.E-8),#21135,
'DISTANCE_ACCURACY_VALUE','Maximum Tolerance applied to model');
#21082=UNCERTAINTY_MEASURE_WITH_UNIT(LENGTH_MEASURE(1.E-8),#21136,
'DISTANCE_ACCURACY_VALUE','Maximum Tolerance applied to model');
#21083=UNCERTAINTY_MEASURE_WITH_UNIT(LENGTH_MEASURE(1.E-8),#21137,
'DISTANCE_ACCURACY_VALUE','Maximum Tolerance applied to model');
#21084=UNCERTAINTY_MEASURE_WITH_UNIT(LENGTH_MEASURE(1.E-8),#21138,
'DISTANCE_ACCURACY_VALUE','Maximum Tolerance applied to model');
#21085=UNCERTAINTY_MEASURE_WITH_UNIT(LENGTH_MEASURE(1.E-8),#21139,
'DISTANCE_ACCURACY_VALUE','Maximum Tolerance applied to model');
#21086=UNCERTAINTY_MEASURE_WITH_UNIT(LENGTH_MEASURE(1.E-8),#21140,
'DISTANCE_ACCURACY_VALUE','Maximum Tolerance applied to model');
#21087=UNCERTAINTY_MEASURE_WITH_UNIT(LENGTH_MEASURE(1.E-8),#21141,
'DISTANCE_ACCURACY_VALUE','Maximum Tolerance applied to model');
#21088=UNCERTAINTY_MEASURE_WITH_UNIT(LENGTH_MEASURE(1.E-8),#21142,
'DISTANCE_ACCURACY_VALUE','Maximum Tolerance applied to model');
#21089=UNCERTAINTY_MEASURE_WITH_UNIT(LENGTH_MEASURE(1.E-8),#21143,
'DISTANCE_ACCURACY_VALUE','Maximum Tolerance applied to model');
#21090=UNCERTAINTY_MEASURE_WITH_UNIT(LENGTH_MEASURE(1.E-8),#21144,
'DISTANCE_ACCURACY_VALUE','Maximum Tolerance applied to model');
#21091=UNCERTAINTY_MEASURE_WITH_UNIT(LENGTH_MEASURE(1.E-8),#21145,
'DISTANCE_ACCURACY_VALUE','Maximum Tolerance applied to model');
#21092=UNCERTAINTY_MEASURE_WITH_UNIT(LENGTH_MEASURE(1.E-8),#21146,
'DISTANCE_ACCURACY_VALUE','Maximum Tolerance applied to model');
#21093=UNCERTAINTY_MEASURE_WITH_UNIT(LENGTH_MEASURE(1.E-8),#21147,
'DISTANCE_ACCURACY_VALUE','Maximum Tolerance applied to model');
#21094=(
NAMED_UNIT(*)
SI_UNIT($,.STERADIAN.)
SOLID_ANGLE_UNIT()
);
#21095=(
NAMED_UNIT(*)
SI_UNIT($,.STERADIAN.)
SOLID_ANGLE_UNIT()
);
#21096=(
NAMED_UNIT(*)
SI_UNIT($,.STERADIAN.)
SOLID_ANGLE_UNIT()
);
#21097=(
NAMED_UNIT(*)
SI_UNIT($,.STERADIAN.)
SOLID_ANGLE_UNIT()
);
#21098=(
NAMED_UNIT(*)
SI_UNIT($,.STERADIAN.)
SOLID_ANGLE_UNIT()
);
#21099=(
NAMED_UNIT(*)
SI_UNIT($,.STERADIAN.)
SOLID_ANGLE_UNIT()
);
#21100=(
NAMED_UNIT(*)
SI_UNIT($,.STERADIAN.)
SOLID_ANGLE_UNIT()
);
#21101=(
NAMED_UNIT(*)
SI_UNIT($,.STERADIAN.)
SOLID_ANGLE_UNIT()
);
#21102=(
NAMED_UNIT(*)
SI_UNIT($,.STERADIAN.)
SOLID_ANGLE_UNIT()
);
#21103=(
NAMED_UNIT(*)
SI_UNIT($,.STERADIAN.)
SOLID_ANGLE_UNIT()
);
#21104=(
NAMED_UNIT(*)
SI_UNIT($,.STERADIAN.)
SOLID_ANGLE_UNIT()
);
#21105=(
NAMED_UNIT(*)
SI_UNIT($,.STERADIAN.)
SOLID_ANGLE_UNIT()
);
#21106=(
NAMED_UNIT(*)
SI_UNIT($,.STERADIAN.)
SOLID_ANGLE_UNIT()
);
#21107=(
NAMED_UNIT(*)
SI_UNIT($,.STERADIAN.)
SOLID_ANGLE_UNIT()
);
#21108=(
NAMED_UNIT(*)
SI_UNIT($,.STERADIAN.)
SOLID_ANGLE_UNIT()
);
#21109=(
NAMED_UNIT(*)
SI_UNIT($,.STERADIAN.)
SOLID_ANGLE_UNIT()
);
#21110=(
NAMED_UNIT(*)
SI_UNIT($,.STERADIAN.)
SOLID_ANGLE_UNIT()
);
#21111=(
NAMED_UNIT(*)
SI_UNIT($,.STERADIAN.)
SOLID_ANGLE_UNIT()
);
#21112=(
NAMED_UNIT(*)
PLANE_ANGLE_UNIT()
SI_UNIT($,.RADIAN.)
);
#21113=(
NAMED_UNIT(*)
PLANE_ANGLE_UNIT()
SI_UNIT($,.RADIAN.)
);
#21114=(
NAMED_UNIT(*)
PLANE_ANGLE_UNIT()
SI_UNIT($,.RADIAN.)
);
#21115=(
NAMED_UNIT(*)
PLANE_ANGLE_UNIT()
SI_UNIT($,.RADIAN.)
);
#21116=(
NAMED_UNIT(*)
PLANE_ANGLE_UNIT()
SI_UNIT($,.RADIAN.)
);
#21117=(
NAMED_UNIT(*)
PLANE_ANGLE_UNIT()
SI_UNIT($,.RADIAN.)
);
#21118=(
NAMED_UNIT(*)
PLANE_ANGLE_UNIT()
SI_UNIT($,.RADIAN.)
);
#21119=(
NAMED_UNIT(*)
PLANE_ANGLE_UNIT()
SI_UNIT($,.RADIAN.)
);
#21120=(
NAMED_UNIT(*)
PLANE_ANGLE_UNIT()
SI_UNIT($,.RADIAN.)
);
#21121=(
NAMED_UNIT(*)
PLANE_ANGLE_UNIT()
SI_UNIT($,.RADIAN.)
);
#21122=(
NAMED_UNIT(*)
PLANE_ANGLE_UNIT()
SI_UNIT($,.RADIAN.)
);
#21123=(
NAMED_UNIT(*)
PLANE_ANGLE_UNIT()
SI_UNIT($,.RADIAN.)
);
#21124=(
NAMED_UNIT(*)
PLANE_ANGLE_UNIT()
SI_UNIT($,.RADIAN.)
);
#21125=(
NAMED_UNIT(*)
PLANE_ANGLE_UNIT()
SI_UNIT($,.RADIAN.)
);
#21126=(
NAMED_UNIT(*)
PLANE_ANGLE_UNIT()
SI_UNIT($,.RADIAN.)
);
#21127=(
NAMED_UNIT(*)
PLANE_ANGLE_UNIT()
SI_UNIT($,.RADIAN.)
);
#21128=(
NAMED_UNIT(*)
PLANE_ANGLE_UNIT()
SI_UNIT($,.RADIAN.)
);
#21129=(
NAMED_UNIT(*)
PLANE_ANGLE_UNIT()
SI_UNIT($,.RADIAN.)
);
#21130=(
LENGTH_UNIT()
NAMED_UNIT(*)
SI_UNIT($,.METRE.)
);
#21131=(
LENGTH_UNIT()
NAMED_UNIT(*)
SI_UNIT($,.METRE.)
);
#21132=(
LENGTH_UNIT()
NAMED_UNIT(*)
SI_UNIT($,.METRE.)
);
#21133=(
LENGTH_UNIT()
NAMED_UNIT(*)
SI_UNIT($,.METRE.)
);
#21134=(
LENGTH_UNIT()
NAMED_UNIT(*)
SI_UNIT($,.METRE.)
);
#21135=(
LENGTH_UNIT()
NAMED_UNIT(*)
SI_UNIT($,.METRE.)
);
#21136=(
LENGTH_UNIT()
NAMED_UNIT(*)
SI_UNIT($,.METRE.)
);
#21137=(
LENGTH_UNIT()
NAMED_UNIT(*)
SI_UNIT($,.METRE.)
);
#21138=(
LENGTH_UNIT()
NAMED_UNIT(*)
SI_UNIT($,.METRE.)
);
#21139=(
LENGTH_UNIT()
NAMED_UNIT(*)
SI_UNIT($,.METRE.)
);
#21140=(
LENGTH_UNIT()
NAMED_UNIT(*)
SI_UNIT($,.METRE.)
);
#21141=(
LENGTH_UNIT()
NAMED_UNIT(*)
SI_UNIT($,.METRE.)
);
#21142=(
LENGTH_UNIT()
NAMED_UNIT(*)
SI_UNIT($,.METRE.)
);
#21143=(
LENGTH_UNIT()
NAMED_UNIT(*)
SI_UNIT($,.METRE.)
);
#21144=(
LENGTH_UNIT()
NAMED_UNIT(*)
SI_UNIT($,.METRE.)
);
#21145=(
LENGTH_UNIT()
NAMED_UNIT(*)
SI_UNIT($,.METRE.)
);
#21146=(
LENGTH_UNIT()
NAMED_UNIT(*)
SI_UNIT($,.METRE.)
);
#21147=(
LENGTH_UNIT()
NAMED_UNIT(*)
SI_UNIT($,.METRE.)
);
#21148=PRODUCT_DEFINITION_SHAPE('','',#21166);
#21149=PRODUCT_DEFINITION_SHAPE('','',#21167);
#21150=PRODUCT_DEFINITION_SHAPE('','',#21168);
#21151=PRODUCT_DEFINITION_SHAPE('','',#21169);
#21152=PRODUCT_DEFINITION_SHAPE('','',#21170);
#21153=PRODUCT_DEFINITION_SHAPE('','',#21171);
#21154=PRODUCT_DEFINITION_SHAPE('','',#21172);
#21155=PRODUCT_DEFINITION_SHAPE('','',#21173);
#21156=PRODUCT_DEFINITION_SHAPE('','',#21174);
#21157=PRODUCT_DEFINITION_SHAPE('','',#21175);
#21158=PRODUCT_DEFINITION_SHAPE('','',#21176);
#21159=PRODUCT_DEFINITION_SHAPE('','',#21177);
#21160=PRODUCT_DEFINITION_SHAPE('','',#21178);
#21161=PRODUCT_DEFINITION_SHAPE('','',#21179);
#21162=PRODUCT_DEFINITION_SHAPE('','',#21180);
#21163=PRODUCT_DEFINITION_SHAPE('','',#21181);
#21164=PRODUCT_DEFINITION_SHAPE('','',#21182);
#21165=PRODUCT_DEFINITION_SHAPE('','',#21183);
#21166=PRODUCT_DEFINITION('','',#21202,#21184);
#21167=PRODUCT_DEFINITION('','',#21203,#21185);
#21168=PRODUCT_DEFINITION('','',#21204,#21186);
#21169=PRODUCT_DEFINITION('','',#21205,#21187);
#21170=PRODUCT_DEFINITION('','',#21206,#21188);
#21171=PRODUCT_DEFINITION('','',#21207,#21189);
#21172=PRODUCT_DEFINITION('','',#21208,#21190);
#21173=PRODUCT_DEFINITION('','',#21209,#21191);
#21174=PRODUCT_DEFINITION('','',#21210,#21192);
#21175=PRODUCT_DEFINITION('','',#21211,#21193);
#21176=PRODUCT_DEFINITION('','',#21212,#21194);
#21177=PRODUCT_DEFINITION('','',#21213,#21195);
#21178=PRODUCT_DEFINITION('','',#21214,#21196);
#21179=PRODUCT_DEFINITION('','',#21215,#21197);
#21180=PRODUCT_DEFINITION('','',#21216,#21198);
#21181=PRODUCT_DEFINITION('','',#21217,#21199);
#21182=PRODUCT_DEFINITION('','',#21218,#21200);
#21183=PRODUCT_DEFINITION('','',#21219,#21201);
#21184=PRODUCT_DEFINITION_CONTEXT('',#21310,'design');
#21185=PRODUCT_DEFINITION_CONTEXT('',#21311,'design');
#21186=PRODUCT_DEFINITION_CONTEXT('',#21312,'design');
#21187=PRODUCT_DEFINITION_CONTEXT('',#21313,'design');
#21188=PRODUCT_DEFINITION_CONTEXT('',#21314,'design');
#21189=PRODUCT_DEFINITION_CONTEXT('',#21315,'design');
#21190=PRODUCT_DEFINITION_CONTEXT('',#21316,'design');
#21191=PRODUCT_DEFINITION_CONTEXT('',#21317,'design');
#21192=PRODUCT_DEFINITION_CONTEXT('',#21318,'design');
#21193=PRODUCT_DEFINITION_CONTEXT('',#21319,'design');
#21194=PRODUCT_DEFINITION_CONTEXT('',#21320,'design');
#21195=PRODUCT_DEFINITION_CONTEXT('',#21321,'design');
#21196=PRODUCT_DEFINITION_CONTEXT('',#21322,'design');
#21197=PRODUCT_DEFINITION_CONTEXT('',#21323,'design');
#21198=PRODUCT_DEFINITION_CONTEXT('',#21324,'design');
#21199=PRODUCT_DEFINITION_CONTEXT('',#21325,'design');
#21200=PRODUCT_DEFINITION_CONTEXT('',#21326,'design');
#21201=PRODUCT_DEFINITION_CONTEXT('',#21327,'design');
#21202=PRODUCT_DEFINITION_FORMATION_WITH_SPECIFIED_SOURCE('','',#21238,
 .NOT_KNOWN.);
#21203=PRODUCT_DEFINITION_FORMATION_WITH_SPECIFIED_SOURCE('','',#21239,
 .NOT_KNOWN.);
#21204=PRODUCT_DEFINITION_FORMATION_WITH_SPECIFIED_SOURCE('','',#21240,
 .NOT_KNOWN.);
#21205=PRODUCT_DEFINITION_FORMATION_WITH_SPECIFIED_SOURCE('','',#21241,
 .NOT_KNOWN.);
#21206=PRODUCT_DEFINITION_FORMATION_WITH_SPECIFIED_SOURCE('','',#21242,
 .NOT_KNOWN.);
#21207=PRODUCT_DEFINITION_FORMATION_WITH_SPECIFIED_SOURCE('','',#21243,
 .NOT_KNOWN.);
#21208=PRODUCT_DEFINITION_FORMATION_WITH_SPECIFIED_SOURCE('','',#21244,
 .NOT_KNOWN.);
#21209=PRODUCT_DEFINITION_FORMATION_WITH_SPECIFIED_SOURCE('','',#21245,
 .NOT_KNOWN.);
#21210=PRODUCT_DEFINITION_FORMATION_WITH_SPECIFIED_SOURCE('','',#21246,
 .NOT_KNOWN.);
#21211=PRODUCT_DEFINITION_FORMATION_WITH_SPECIFIED_SOURCE('','',#21247,
 .NOT_KNOWN.);
#21212=PRODUCT_DEFINITION_FORMATION_WITH_SPECIFIED_SOURCE('','',#21248,
 .NOT_KNOWN.);
#21213=PRODUCT_DEFINITION_FORMATION_WITH_SPECIFIED_SOURCE('','',#21249,
 .NOT_KNOWN.);
#21214=PRODUCT_DEFINITION_FORMATION_WITH_SPECIFIED_SOURCE('','',#21250,
 .NOT_KNOWN.);
#21215=PRODUCT_DEFINITION_FORMATION_WITH_SPECIFIED_SOURCE('','',#21251,
 .NOT_KNOWN.);
#21216=PRODUCT_DEFINITION_FORMATION_WITH_SPECIFIED_SOURCE('','',#21252,
 .NOT_KNOWN.);
#21217=PRODUCT_DEFINITION_FORMATION_WITH_SPECIFIED_SOURCE('','',#21253,
 .NOT_KNOWN.);
#21218=PRODUCT_DEFINITION_FORMATION_WITH_SPECIFIED_SOURCE('','',#21254,
 .NOT_KNOWN.);
#21219=PRODUCT_DEFINITION_FORMATION_WITH_SPECIFIED_SOURCE('','',#21255,
 .NOT_KNOWN.);
#21220=PRODUCT_RELATED_PRODUCT_CATEGORY('','',(#21238));
#21221=PRODUCT_RELATED_PRODUCT_CATEGORY('','',(#21239));
#21222=PRODUCT_RELATED_PRODUCT_CATEGORY('','',(#21240));
#21223=PRODUCT_RELATED_PRODUCT_CATEGORY('','',(#21241));
#21224=PRODUCT_RELATED_PRODUCT_CATEGORY('','',(#21242));
#21225=PRODUCT_RELATED_PRODUCT_CATEGORY('','',(#21243));
#21226=PRODUCT_RELATED_PRODUCT_CATEGORY('','',(#21244));
#21227=PRODUCT_RELATED_PRODUCT_CATEGORY('','',(#21245));
#21228=PRODUCT_RELATED_PRODUCT_CATEGORY('','',(#21246));
#21229=PRODUCT_RELATED_PRODUCT_CATEGORY('','',(#21247));
#21230=PRODUCT_RELATED_PRODUCT_CATEGORY('','',(#21248));
#21231=PRODUCT_RELATED_PRODUCT_CATEGORY('','',(#21249));
#21232=PRODUCT_RELATED_PRODUCT_CATEGORY('','',(#21250));
#21233=PRODUCT_RELATED_PRODUCT_CATEGORY('','',(#21251));
#21234=PRODUCT_RELATED_PRODUCT_CATEGORY('','',(#21252));
#21235=PRODUCT_RELATED_PRODUCT_CATEGORY('','',(#21253));
#21236=PRODUCT_RELATED_PRODUCT_CATEGORY('','',(#21254));
#21237=PRODUCT_RELATED_PRODUCT_CATEGORY('','',(#21255));
#21238=PRODUCT('top shell','top shell','top shell',(#21274));
#21239=PRODUCT('water cap 2','water cap 2','water cap 2',(#21275));
#21240=PRODUCT('bottom heater cap 1','bottom heater cap 1',
'bottom heater cap 1',(#21276));
#21241=PRODUCT('electronic cover','electronic cover','electronic cover',
(#21277));
#21242=PRODUCT('servo arm','servo arm','servo arm',(#21278));
#21243=PRODUCT('air water barrier','air water barrier',
'air water barrier',(#21279));
#21244=PRODUCT('Rubber gripper','Rubber gripper','Rubber gripper',(#21280));
#21245=PRODUCT('bottom heater cap 2','bottom heater cap 2',
'bottom heater cap 2',(#21281));
#21246=PRODUCT('rubber gripper','rubber gripper','rubber gripper',(#21282));
#21247=PRODUCT('heater cap 1','heater cap 1','heater cap 1',(#21283));
#21248=PRODUCT('water cap 3','water cap 3','water cap 3',(#21284));
#21249=PRODUCT('water cap 1','water cap 1','water cap 1',(#21285));
#21250=PRODUCT('secondary electronics box','secondary electronics box',
'secondary electronics box',(#21286));
#21251=PRODUCT('main electronic box','main electronic box',
'main electronic box',(#21287));
#21252=PRODUCT('mister cap 2','mister cap 2','mister cap 2',(#21288));
#21253=PRODUCT('mister cap','mister cap','mister cap',(#21289));
#21254=PRODUCT('bottom shell','bottom shell','bottom shell',(#21290));
#21255=PRODUCT('heater cap 2','heater cap 2','heater cap 2',(#21291));
#21256=PRODUCT_CATEGORY('','');
#21257=PRODUCT_CATEGORY('','');
#21258=PRODUCT_CATEGORY('','');
#21259=PRODUCT_CATEGORY('','');
#21260=PRODUCT_CATEGORY('','');
#21261=PRODUCT_CATEGORY('','');
#21262=PRODUCT_CATEGORY('','');
#21263=PRODUCT_CATEGORY('','');
#21264=PRODUCT_CATEGORY('','');
#21265=PRODUCT_CATEGORY('','');
#21266=PRODUCT_CATEGORY('','');
#21267=PRODUCT_CATEGORY('','');
#21268=PRODUCT_CATEGORY('','');
#21269=PRODUCT_CATEGORY('','');
#21270=PRODUCT_CATEGORY('','');
#21271=PRODUCT_CATEGORY('','');
#21272=PRODUCT_CATEGORY('','');
#21273=PRODUCT_CATEGORY('','');
#21274=PRODUCT_CONTEXT('',#21310,'mechanical');
#21275=PRODUCT_CONTEXT('',#21311,'mechanical');
#21276=PRODUCT_CONTEXT('',#21312,'mechanical');
#21277=PRODUCT_CONTEXT('',#21313,'mechanical');
#21278=PRODUCT_CONTEXT('',#21314,'mechanical');
#21279=PRODUCT_CONTEXT('',#21315,'mechanical');
#21280=PRODUCT_CONTEXT('',#21316,'mechanical');
#21281=PRODUCT_CONTEXT('',#21317,'mechanical');
#21282=PRODUCT_CONTEXT('',#21318,'mechanical');
#21283=PRODUCT_CONTEXT('',#21319,'mechanical');
#21284=PRODUCT_CONTEXT('',#21320,'mechanical');
#21285=PRODUCT_CONTEXT('',#21321,'mechanical');
#21286=PRODUCT_CONTEXT('',#21322,'mechanical');
#21287=PRODUCT_CONTEXT('',#21323,'mechanical');
#21288=PRODUCT_CONTEXT('',#21324,'mechanical');
#21289=PRODUCT_CONTEXT('',#21325,'mechanical');
#21290=PRODUCT_CONTEXT('',#21326,'mechanical');
#21291=PRODUCT_CONTEXT('',#21327,'mechanical');
#21292=APPLICATION_PROTOCOL_DEFINITION('international standard',
'ap242_managed_model_based_3d_engineering',2020,#21310);
#21293=APPLICATION_PROTOCOL_DEFINITION('international standard',
'ap242_managed_model_based_3d_engineering',2020,#21311);
#21294=APPLICATION_PROTOCOL_DEFINITION('international standard',
'ap242_managed_model_based_3d_engineering',2020,#21312);
#21295=APPLICATION_PROTOCOL_DEFINITION('international standard',
'ap242_managed_model_based_3d_engineering',2020,#21313);
#21296=APPLICATION_PROTOCOL_DEFINITION('international standard',
'ap242_managed_model_based_3d_engineering',2020,#21314);
#21297=APPLICATION_PROTOCOL_DEFINITION('international standard',
'ap242_managed_model_based_3d_engineering',2020,#21315);
#21298=APPLICATION_PROTOCOL_DEFINITION('international standard',
'ap242_managed_model_based_3d_engineering',2020,#21316);
#21299=APPLICATION_PROTOCOL_DEFINITION('international standard',
'ap242_managed_model_based_3d_engineering',2020,#21317);
#21300=APPLICATION_PROTOCOL_DEFINITION('international standard',
'ap242_managed_model_based_3d_engineering',2020,#21318);
#21301=APPLICATION_PROTOCOL_DEFINITION('international standard',
'ap242_managed_model_based_3d_engineering',2020,#21319);
#21302=APPLICATION_PROTOCOL_DEFINITION('international standard',
'ap242_managed_model_based_3d_engineering',2020,#21320);
#21303=APPLICATION_PROTOCOL_DEFINITION('international standard',
'ap242_managed_model_based_3d_engineering',2020,#21321);
#21304=APPLICATION_PROTOCOL_DEFINITION('international standard',
'ap242_managed_model_based_3d_engineering',2020,#21322);
#21305=APPLICATION_PROTOCOL_DEFINITION('international standard',
'ap242_managed_model_based_3d_engineering',2020,#21323);
#21306=APPLICATION_PROTOCOL_DEFINITION('international standard',
'ap242_managed_model_based_3d_engineering',2020,#21324);
#21307=APPLICATION_PROTOCOL_DEFINITION('international standard',
'ap242_managed_model_based_3d_engineering',2020,#21325);
#21308=APPLICATION_PROTOCOL_DEFINITION('international standard',
'ap242_managed_model_based_3d_engineering',2020,#21326);
#21309=APPLICATION_PROTOCOL_DEFINITION('international standard',
'ap242_managed_model_based_3d_engineering',2020,#21327);
#21310=APPLICATION_CONTEXT('managed model based 3d engineering');
#21311=APPLICATION_CONTEXT('managed model based 3d engineering');
#21312=APPLICATION_CONTEXT('managed model based 3d engineering');
#21313=APPLICATION_CONTEXT('managed model based 3d engineering');
#21314=APPLICATION_CONTEXT('managed model based 3d engineering');
#21315=APPLICATION_CONTEXT('managed model based 3d engineering');
#21316=APPLICATION_CONTEXT('managed model based 3d engineering');
#21317=APPLICATION_CONTEXT('managed model based 3d engineering');
#21318=APPLICATION_CONTEXT('managed model based 3d engineering');
#21319=APPLICATION_CONTEXT('managed model based 3d engineering');
#21320=APPLICATION_CONTEXT('managed model based 3d engineering');
#21321=APPLICATION_CONTEXT('managed model based 3d engineering');
#21322=APPLICATION_CONTEXT('managed model based 3d engineering');
#21323=APPLICATION_CONTEXT('managed model based 3d engineering');
#21324=APPLICATION_CONTEXT('managed model based 3d engineering');
#21325=APPLICATION_CONTEXT('managed model based 3d engineering');
#21326=APPLICATION_CONTEXT('managed model based 3d engineering');
#21327=APPLICATION_CONTEXT('managed model based 3d engineering');
ENDSEC;
END-ISO-10303-21;
