ISO-10303-21;
HEADER;
/* Generated by software containing ST-Developer
 * from STEP Tools, Inc. (www.steptools.com) 
 */
/* OPTION: using custom renumber hook */

FILE_DESCRIPTION(
/* description */ ('STEP AP242 Edition 2',
'CAx-IF Rec.Pracs.---Representation and Presentation of Product Manufa
cturing Information (PMI)---4.0---2014-10-13',
'CAx-IF Rec.Pracs.---3D Tessellated Geometry---0.4---2014-09-14','2;1',
'CAx-IF Rec.Pracs.---User Defined Attributes---1.5---2016-08-15'),
/* implementation_level */ '2;1');

FILE_NAME(
/* name */ 'happy plant - heater cap 1',
/* time_stamp */ '2026-10-08T17:34:15Z',
/* author */ (''),
/* organization */ (''),
/* preprocessor_version */ 'ST-DEVELOPER v20',
/* originating_system */ 'ONSHAPE BY PTC INC, 1.221',
/* authorisation */ '  ');

FILE_SCHEMA (('AP242_MANAGED_MODEL_BASED_3D_ENGINEERING_MIM_LF { 1 0 10303 442 3 1 4 }'));
ENDSEC;

DATA;
#10=SHAPE_REPRESENTATION_RELATIONSHIP('','',#1879,#11);
#11=ADVANCED_BREP_SHAPE_REPRESENTATION('',(#1877),#3117);
#12=CYLINDRICAL_SURFACE('',#1972,0.00157929221075609);
#13=CYLINDRICAL_SURFACE('',#1974,0.00157929221075609);
#14=CYLINDRICAL_SURFACE('',#1976,0.00157929221075609);
#15=CYLINDRICAL_SURFACE('',#1978,0.00157929221075609);
#16=CYLINDRICAL_SURFACE('',#1980,0.00157929221075609);
#17=CYLINDRICAL_SURFACE('',#1982,0.00157929221075609);
#18=CYLINDRICAL_SURFACE('',#1984,0.00157929221075609);
#19=CYLINDRICAL_SURFACE('',#1986,0.00157929221075609);
#20=CYLINDRICAL_SURFACE('',#1988,0.00157929221075609);
#21=CYLINDRICAL_SURFACE('',#1990,0.00157929221075609);
#22=CYLINDRICAL_SURFACE('',#1992,0.00157929221075609);
#23=CYLINDRICAL_SURFACE('',#1994,0.00157929221075609);
#24=CYLINDRICAL_SURFACE('',#1996,0.00157929221075609);
#25=CYLINDRICAL_SURFACE('',#1998,0.00157929221075609);
#26=CYLINDRICAL_SURFACE('',#2000,0.00157929221075609);
#27=CYLINDRICAL_SURFACE('',#2002,0.00157929221075609);
#28=CYLINDRICAL_SURFACE('',#2004,0.00157929221075609);
#29=CYLINDRICAL_SURFACE('',#2006,0.00157929221075609);
#30=CYLINDRICAL_SURFACE('',#2008,0.00157929221075609);
#31=CYLINDRICAL_SURFACE('',#2010,0.00157929221075609);
#32=CYLINDRICAL_SURFACE('',#2012,0.00157929221075609);
#33=CYLINDRICAL_SURFACE('',#2014,0.00157929221075609);
#34=CYLINDRICAL_SURFACE('',#2016,0.00157929221075609);
#35=CYLINDRICAL_SURFACE('',#2018,0.00157929221075609);
#36=CYLINDRICAL_SURFACE('',#2020,0.00157929221075609);
#37=CYLINDRICAL_SURFACE('',#2022,0.00157929221075609);
#38=CYLINDRICAL_SURFACE('',#2024,0.00157929221075609);
#39=CYLINDRICAL_SURFACE('',#2026,0.00157929221075609);
#40=CYLINDRICAL_SURFACE('',#2028,0.00157929221075609);
#41=CYLINDRICAL_SURFACE('',#2030,0.00157929221075609);
#42=CYLINDRICAL_SURFACE('',#2032,0.00157929221075609);
#43=CYLINDRICAL_SURFACE('',#2034,0.00157929221075609);
#44=CYLINDRICAL_SURFACE('',#2036,0.00157929221075609);
#45=CYLINDRICAL_SURFACE('',#2038,0.00157929221075609);
#46=CYLINDRICAL_SURFACE('',#2040,0.00157929221075609);
#47=CYLINDRICAL_SURFACE('',#2042,0.00157929221075609);
#48=CYLINDRICAL_SURFACE('',#2044,0.00157929221075609);
#49=CYLINDRICAL_SURFACE('',#2046,0.00157929221075609);
#50=CYLINDRICAL_SURFACE('',#2048,0.00157929221075609);
#51=CYLINDRICAL_SURFACE('',#2050,0.00157929221075609);
#52=CYLINDRICAL_SURFACE('',#2051,0.00157929221075609);
#53=CYLINDRICAL_SURFACE('',#2053,0.00157929221075609);
#54=CIRCLE('',#1882,0.00157929221075609);
#55=CIRCLE('',#1883,0.00157929221075609);
#56=CIRCLE('',#1884,0.00157929221075609);
#57=CIRCLE('',#1885,0.00157929221075609);
#58=CIRCLE('',#1886,0.00157929221075609);
#59=CIRCLE('',#1887,0.00157929221075609);
#60=CIRCLE('',#1888,0.00157929221075609);
#61=CIRCLE('',#1889,0.00157929221075609);
#62=CIRCLE('',#1890,0.00157929221075609);
#63=CIRCLE('',#1891,0.00157929221075609);
#64=CIRCLE('',#1892,0.00157929221075609);
#65=CIRCLE('',#1893,0.00157929221075609);
#66=CIRCLE('',#1894,0.00157929221075609);
#67=CIRCLE('',#1895,0.00157929221075609);
#68=CIRCLE('',#1896,0.00157929221075609);
#69=CIRCLE('',#1897,0.00157929221075609);
#70=CIRCLE('',#1898,0.00157929221075609);
#71=CIRCLE('',#1899,0.00157929221075609);
#72=CIRCLE('',#1900,0.00157929221075609);
#73=CIRCLE('',#1901,0.00157929221075609);
#74=CIRCLE('',#1902,0.00157929221075609);
#75=CIRCLE('',#1903,0.00157929221075609);
#76=CIRCLE('',#1904,0.00157929221075609);
#77=CIRCLE('',#1905,0.00157929221075609);
#78=CIRCLE('',#1906,0.00157929221075609);
#79=CIRCLE('',#1907,0.00157929221075609);
#80=CIRCLE('',#1908,0.00157929221075609);
#81=CIRCLE('',#1909,0.00157929221075609);
#82=CIRCLE('',#1910,0.00157929221075609);
#83=CIRCLE('',#1911,0.00157929221075609);
#84=CIRCLE('',#1912,0.00157929221075609);
#85=CIRCLE('',#1913,0.00157929221075609);
#86=CIRCLE('',#1914,0.00157929221075609);
#87=CIRCLE('',#1915,0.00157929221075609);
#88=CIRCLE('',#1916,0.00157929221075609);
#89=CIRCLE('',#1917,0.00157929221075609);
#90=CIRCLE('',#1918,0.00157929221075609);
#91=CIRCLE('',#1919,0.00157929221075609);
#92=CIRCLE('',#1920,0.00157929221075609);
#93=CIRCLE('',#1921,0.00157929221075609);
#94=CIRCLE('',#1922,0.00157929221075609);
#95=CIRCLE('',#1923,0.00157929221075609);
#96=CIRCLE('',#1925,0.00157929221075609);
#97=CIRCLE('',#1926,0.00157929221075609);
#98=CIRCLE('',#1927,0.00157929221075609);
#99=CIRCLE('',#1928,0.00157929221075609);
#100=CIRCLE('',#1929,0.00157929221075609);
#101=CIRCLE('',#1930,0.00157929221075609);
#102=CIRCLE('',#1931,0.00157929221075609);
#103=CIRCLE('',#1932,0.00157929221075609);
#104=CIRCLE('',#1933,0.00157929221075609);
#105=CIRCLE('',#1934,0.00157929221075609);
#106=CIRCLE('',#1935,0.00157929221075609);
#107=CIRCLE('',#1936,0.00157929221075609);
#108=CIRCLE('',#1937,0.00157929221075609);
#109=CIRCLE('',#1938,0.00157929221075609);
#110=CIRCLE('',#1939,0.00157929221075609);
#111=CIRCLE('',#1940,0.00157929221075609);
#112=CIRCLE('',#1941,0.00157929221075609);
#113=CIRCLE('',#1942,0.00157929221075609);
#114=CIRCLE('',#1943,0.00157929221075609);
#115=CIRCLE('',#1944,0.00157929221075609);
#116=CIRCLE('',#1945,0.00157929221075609);
#117=CIRCLE('',#1946,0.00157929221075609);
#118=CIRCLE('',#1947,0.00157929221075609);
#119=CIRCLE('',#1948,0.00157929221075609);
#120=CIRCLE('',#1949,0.00157929221075609);
#121=CIRCLE('',#1950,0.00157929221075609);
#122=CIRCLE('',#1951,0.00157929221075609);
#123=CIRCLE('',#1952,0.00157929221075609);
#124=CIRCLE('',#1953,0.00157929221075609);
#125=CIRCLE('',#1954,0.00157929221075609);
#126=CIRCLE('',#1955,0.00157929221075609);
#127=CIRCLE('',#1956,0.00157929221075609);
#128=CIRCLE('',#1957,0.00157929221075609);
#129=CIRCLE('',#1958,0.00157929221075609);
#130=CIRCLE('',#1959,0.00157929221075609);
#131=CIRCLE('',#1960,0.00157929221075609);
#132=CIRCLE('',#1961,0.00157929221075609);
#133=CIRCLE('',#1962,0.00157929221075609);
#134=CIRCLE('',#1963,0.00157929221075609);
#135=CIRCLE('',#1964,0.00157929221075609);
#136=CIRCLE('',#1965,0.00157929221075609);
#137=CIRCLE('',#1966,0.00157929221075609);
#138=ORIENTED_EDGE('',*,*,#666,.T.);
#139=ORIENTED_EDGE('',*,*,#667,.F.);
#140=ORIENTED_EDGE('',*,*,#668,.F.);
#141=ORIENTED_EDGE('',*,*,#669,.T.);
#142=ORIENTED_EDGE('',*,*,#670,.T.);
#143=ORIENTED_EDGE('',*,*,#671,.T.);
#144=ORIENTED_EDGE('',*,*,#672,.F.);
#145=ORIENTED_EDGE('',*,*,#673,.F.);
#146=ORIENTED_EDGE('',*,*,#674,.T.);
#147=ORIENTED_EDGE('',*,*,#675,.T.);
#148=ORIENTED_EDGE('',*,*,#676,.F.);
#149=ORIENTED_EDGE('',*,*,#677,.F.);
#150=ORIENTED_EDGE('',*,*,#678,.T.);
#151=ORIENTED_EDGE('',*,*,#679,.T.);
#152=ORIENTED_EDGE('',*,*,#680,.F.);
#153=ORIENTED_EDGE('',*,*,#681,.F.);
#154=ORIENTED_EDGE('',*,*,#682,.T.);
#155=ORIENTED_EDGE('',*,*,#683,.T.);
#156=ORIENTED_EDGE('',*,*,#684,.F.);
#157=ORIENTED_EDGE('',*,*,#685,.F.);
#158=ORIENTED_EDGE('',*,*,#686,.T.);
#159=ORIENTED_EDGE('',*,*,#687,.T.);
#160=ORIENTED_EDGE('',*,*,#688,.F.);
#161=ORIENTED_EDGE('',*,*,#689,.F.);
#162=ORIENTED_EDGE('',*,*,#690,.T.);
#163=ORIENTED_EDGE('',*,*,#691,.T.);
#164=ORIENTED_EDGE('',*,*,#692,.F.);
#165=ORIENTED_EDGE('',*,*,#693,.F.);
#166=ORIENTED_EDGE('',*,*,#694,.T.);
#167=ORIENTED_EDGE('',*,*,#695,.T.);
#168=ORIENTED_EDGE('',*,*,#696,.F.);
#169=ORIENTED_EDGE('',*,*,#697,.F.);
#170=ORIENTED_EDGE('',*,*,#698,.T.);
#171=ORIENTED_EDGE('',*,*,#699,.T.);
#172=ORIENTED_EDGE('',*,*,#700,.F.);
#173=ORIENTED_EDGE('',*,*,#701,.F.);
#174=ORIENTED_EDGE('',*,*,#702,.T.);
#175=ORIENTED_EDGE('',*,*,#703,.T.);
#176=ORIENTED_EDGE('',*,*,#704,.F.);
#177=ORIENTED_EDGE('',*,*,#705,.F.);
#178=ORIENTED_EDGE('',*,*,#706,.T.);
#179=ORIENTED_EDGE('',*,*,#707,.T.);
#180=ORIENTED_EDGE('',*,*,#708,.F.);
#181=ORIENTED_EDGE('',*,*,#709,.F.);
#182=ORIENTED_EDGE('',*,*,#710,.T.);
#183=ORIENTED_EDGE('',*,*,#711,.T.);
#184=ORIENTED_EDGE('',*,*,#712,.F.);
#185=ORIENTED_EDGE('',*,*,#713,.F.);
#186=ORIENTED_EDGE('',*,*,#714,.T.);
#187=ORIENTED_EDGE('',*,*,#715,.T.);
#188=ORIENTED_EDGE('',*,*,#716,.F.);
#189=ORIENTED_EDGE('',*,*,#717,.F.);
#190=ORIENTED_EDGE('',*,*,#718,.T.);
#191=ORIENTED_EDGE('',*,*,#719,.T.);
#192=ORIENTED_EDGE('',*,*,#720,.F.);
#193=ORIENTED_EDGE('',*,*,#721,.F.);
#194=ORIENTED_EDGE('',*,*,#722,.T.);
#195=ORIENTED_EDGE('',*,*,#723,.T.);
#196=ORIENTED_EDGE('',*,*,#724,.F.);
#197=ORIENTED_EDGE('',*,*,#725,.F.);
#198=ORIENTED_EDGE('',*,*,#726,.T.);
#199=ORIENTED_EDGE('',*,*,#727,.T.);
#200=ORIENTED_EDGE('',*,*,#728,.F.);
#201=ORIENTED_EDGE('',*,*,#729,.F.);
#202=ORIENTED_EDGE('',*,*,#730,.T.);
#203=ORIENTED_EDGE('',*,*,#731,.T.);
#204=ORIENTED_EDGE('',*,*,#732,.F.);
#205=ORIENTED_EDGE('',*,*,#733,.F.);
#206=ORIENTED_EDGE('',*,*,#734,.T.);
#207=ORIENTED_EDGE('',*,*,#735,.T.);
#208=ORIENTED_EDGE('',*,*,#736,.F.);
#209=ORIENTED_EDGE('',*,*,#737,.F.);
#210=ORIENTED_EDGE('',*,*,#738,.T.);
#211=ORIENTED_EDGE('',*,*,#739,.T.);
#212=ORIENTED_EDGE('',*,*,#740,.F.);
#213=ORIENTED_EDGE('',*,*,#741,.F.);
#214=ORIENTED_EDGE('',*,*,#742,.T.);
#215=ORIENTED_EDGE('',*,*,#743,.T.);
#216=ORIENTED_EDGE('',*,*,#744,.F.);
#217=ORIENTED_EDGE('',*,*,#745,.F.);
#218=ORIENTED_EDGE('',*,*,#746,.T.);
#219=ORIENTED_EDGE('',*,*,#747,.T.);
#220=ORIENTED_EDGE('',*,*,#748,.F.);
#221=ORIENTED_EDGE('',*,*,#749,.F.);
#222=ORIENTED_EDGE('',*,*,#750,.T.);
#223=ORIENTED_EDGE('',*,*,#751,.T.);
#224=ORIENTED_EDGE('',*,*,#752,.F.);
#225=ORIENTED_EDGE('',*,*,#753,.F.);
#226=ORIENTED_EDGE('',*,*,#754,.F.);
#227=ORIENTED_EDGE('',*,*,#755,.F.);
#228=ORIENTED_EDGE('',*,*,#756,.T.);
#229=ORIENTED_EDGE('',*,*,#757,.T.);
#230=ORIENTED_EDGE('',*,*,#758,.F.);
#231=ORIENTED_EDGE('',*,*,#759,.F.);
#232=ORIENTED_EDGE('',*,*,#760,.T.);
#233=ORIENTED_EDGE('',*,*,#761,.T.);
#234=ORIENTED_EDGE('',*,*,#762,.F.);
#235=ORIENTED_EDGE('',*,*,#763,.F.);
#236=ORIENTED_EDGE('',*,*,#764,.T.);
#237=ORIENTED_EDGE('',*,*,#765,.T.);
#238=ORIENTED_EDGE('',*,*,#766,.F.);
#239=ORIENTED_EDGE('',*,*,#767,.F.);
#240=ORIENTED_EDGE('',*,*,#768,.T.);
#241=ORIENTED_EDGE('',*,*,#769,.T.);
#242=ORIENTED_EDGE('',*,*,#770,.F.);
#243=ORIENTED_EDGE('',*,*,#771,.F.);
#244=ORIENTED_EDGE('',*,*,#772,.T.);
#245=ORIENTED_EDGE('',*,*,#773,.T.);
#246=ORIENTED_EDGE('',*,*,#774,.F.);
#247=ORIENTED_EDGE('',*,*,#775,.F.);
#248=ORIENTED_EDGE('',*,*,#776,.T.);
#249=ORIENTED_EDGE('',*,*,#777,.T.);
#250=ORIENTED_EDGE('',*,*,#778,.F.);
#251=ORIENTED_EDGE('',*,*,#779,.F.);
#252=ORIENTED_EDGE('',*,*,#780,.T.);
#253=ORIENTED_EDGE('',*,*,#781,.T.);
#254=ORIENTED_EDGE('',*,*,#782,.F.);
#255=ORIENTED_EDGE('',*,*,#783,.F.);
#256=ORIENTED_EDGE('',*,*,#784,.T.);
#257=ORIENTED_EDGE('',*,*,#785,.T.);
#258=ORIENTED_EDGE('',*,*,#786,.F.);
#259=ORIENTED_EDGE('',*,*,#787,.F.);
#260=ORIENTED_EDGE('',*,*,#788,.T.);
#261=ORIENTED_EDGE('',*,*,#789,.T.);
#262=ORIENTED_EDGE('',*,*,#790,.F.);
#263=ORIENTED_EDGE('',*,*,#791,.F.);
#264=ORIENTED_EDGE('',*,*,#792,.T.);
#265=ORIENTED_EDGE('',*,*,#793,.T.);
#266=ORIENTED_EDGE('',*,*,#794,.F.);
#267=ORIENTED_EDGE('',*,*,#795,.F.);
#268=ORIENTED_EDGE('',*,*,#796,.T.);
#269=ORIENTED_EDGE('',*,*,#797,.T.);
#270=ORIENTED_EDGE('',*,*,#798,.F.);
#271=ORIENTED_EDGE('',*,*,#799,.F.);
#272=ORIENTED_EDGE('',*,*,#800,.T.);
#273=ORIENTED_EDGE('',*,*,#801,.T.);
#274=ORIENTED_EDGE('',*,*,#802,.F.);
#275=ORIENTED_EDGE('',*,*,#803,.F.);
#276=ORIENTED_EDGE('',*,*,#804,.T.);
#277=ORIENTED_EDGE('',*,*,#805,.T.);
#278=ORIENTED_EDGE('',*,*,#806,.F.);
#279=ORIENTED_EDGE('',*,*,#807,.F.);
#280=ORIENTED_EDGE('',*,*,#808,.T.);
#281=ORIENTED_EDGE('',*,*,#809,.T.);
#282=ORIENTED_EDGE('',*,*,#810,.F.);
#283=ORIENTED_EDGE('',*,*,#811,.F.);
#284=ORIENTED_EDGE('',*,*,#812,.T.);
#285=ORIENTED_EDGE('',*,*,#813,.T.);
#286=ORIENTED_EDGE('',*,*,#814,.F.);
#287=ORIENTED_EDGE('',*,*,#815,.F.);
#288=ORIENTED_EDGE('',*,*,#816,.T.);
#289=ORIENTED_EDGE('',*,*,#817,.T.);
#290=ORIENTED_EDGE('',*,*,#818,.F.);
#291=ORIENTED_EDGE('',*,*,#819,.F.);
#292=ORIENTED_EDGE('',*,*,#820,.T.);
#293=ORIENTED_EDGE('',*,*,#821,.T.);
#294=ORIENTED_EDGE('',*,*,#822,.F.);
#295=ORIENTED_EDGE('',*,*,#823,.F.);
#296=ORIENTED_EDGE('',*,*,#824,.T.);
#297=ORIENTED_EDGE('',*,*,#825,.T.);
#298=ORIENTED_EDGE('',*,*,#826,.F.);
#299=ORIENTED_EDGE('',*,*,#827,.F.);
#300=ORIENTED_EDGE('',*,*,#828,.T.);
#301=ORIENTED_EDGE('',*,*,#829,.T.);
#302=ORIENTED_EDGE('',*,*,#830,.F.);
#303=ORIENTED_EDGE('',*,*,#831,.F.);
#304=ORIENTED_EDGE('',*,*,#832,.T.);
#305=ORIENTED_EDGE('',*,*,#833,.T.);
#306=ORIENTED_EDGE('',*,*,#834,.F.);
#307=ORIENTED_EDGE('',*,*,#835,.F.);
#308=ORIENTED_EDGE('',*,*,#836,.T.);
#309=ORIENTED_EDGE('',*,*,#837,.T.);
#310=ORIENTED_EDGE('',*,*,#838,.F.);
#311=ORIENTED_EDGE('',*,*,#839,.F.);
#312=ORIENTED_EDGE('',*,*,#840,.T.);
#313=ORIENTED_EDGE('',*,*,#841,.T.);
#314=ORIENTED_EDGE('',*,*,#842,.T.);
#315=ORIENTED_EDGE('',*,*,#794,.T.);
#316=ORIENTED_EDGE('',*,*,#843,.F.);
#317=ORIENTED_EDGE('',*,*,#666,.F.);
#318=ORIENTED_EDGE('',*,*,#844,.T.);
#319=ORIENTED_EDGE('',*,*,#795,.T.);
#320=ORIENTED_EDGE('',*,*,#842,.F.);
#321=ORIENTED_EDGE('',*,*,#669,.F.);
#322=ORIENTED_EDGE('',*,*,#845,.T.);
#323=ORIENTED_EDGE('',*,*,#796,.F.);
#324=ORIENTED_EDGE('',*,*,#844,.F.);
#325=ORIENTED_EDGE('',*,*,#668,.T.);
#326=ORIENTED_EDGE('',*,*,#843,.T.);
#327=ORIENTED_EDGE('',*,*,#797,.F.);
#328=ORIENTED_EDGE('',*,*,#845,.F.);
#329=ORIENTED_EDGE('',*,*,#667,.T.);
#330=ORIENTED_EDGE('',*,*,#846,.F.);
#331=ORIENTED_EDGE('',*,*,#672,.T.);
#332=ORIENTED_EDGE('',*,*,#847,.T.);
#333=ORIENTED_EDGE('',*,*,#801,.F.);
#334=ORIENTED_EDGE('',*,*,#848,.F.);
#335=ORIENTED_EDGE('',*,*,#673,.T.);
#336=ORIENTED_EDGE('',*,*,#846,.T.);
#337=ORIENTED_EDGE('',*,*,#800,.F.);
#338=ORIENTED_EDGE('',*,*,#670,.F.);
#339=ORIENTED_EDGE('',*,*,#848,.T.);
#340=ORIENTED_EDGE('',*,*,#799,.T.);
#341=ORIENTED_EDGE('',*,*,#849,.F.);
#342=ORIENTED_EDGE('',*,*,#671,.F.);
#343=ORIENTED_EDGE('',*,*,#849,.T.);
#344=ORIENTED_EDGE('',*,*,#798,.T.);
#345=ORIENTED_EDGE('',*,*,#847,.F.);
#346=ORIENTED_EDGE('',*,*,#850,.F.);
#347=ORIENTED_EDGE('',*,*,#676,.T.);
#348=ORIENTED_EDGE('',*,*,#851,.T.);
#349=ORIENTED_EDGE('',*,*,#793,.F.);
#350=ORIENTED_EDGE('',*,*,#852,.F.);
#351=ORIENTED_EDGE('',*,*,#677,.T.);
#352=ORIENTED_EDGE('',*,*,#850,.T.);
#353=ORIENTED_EDGE('',*,*,#792,.F.);
#354=ORIENTED_EDGE('',*,*,#674,.F.);
#355=ORIENTED_EDGE('',*,*,#852,.T.);
#356=ORIENTED_EDGE('',*,*,#791,.T.);
#357=ORIENTED_EDGE('',*,*,#853,.F.);
#358=ORIENTED_EDGE('',*,*,#675,.F.);
#359=ORIENTED_EDGE('',*,*,#853,.T.);
#360=ORIENTED_EDGE('',*,*,#790,.T.);
#361=ORIENTED_EDGE('',*,*,#851,.F.);
#362=ORIENTED_EDGE('',*,*,#854,.F.);
#363=ORIENTED_EDGE('',*,*,#680,.T.);
#364=ORIENTED_EDGE('',*,*,#855,.T.);
#365=ORIENTED_EDGE('',*,*,#805,.F.);
#366=ORIENTED_EDGE('',*,*,#856,.F.);
#367=ORIENTED_EDGE('',*,*,#681,.T.);
#368=ORIENTED_EDGE('',*,*,#854,.T.);
#369=ORIENTED_EDGE('',*,*,#804,.F.);
#370=ORIENTED_EDGE('',*,*,#678,.F.);
#371=ORIENTED_EDGE('',*,*,#856,.T.);
#372=ORIENTED_EDGE('',*,*,#803,.T.);
#373=ORIENTED_EDGE('',*,*,#857,.F.);
#374=ORIENTED_EDGE('',*,*,#679,.F.);
#375=ORIENTED_EDGE('',*,*,#857,.T.);
#376=ORIENTED_EDGE('',*,*,#802,.T.);
#377=ORIENTED_EDGE('',*,*,#855,.F.);
#378=ORIENTED_EDGE('',*,*,#858,.F.);
#379=ORIENTED_EDGE('',*,*,#684,.T.);
#380=ORIENTED_EDGE('',*,*,#859,.T.);
#381=ORIENTED_EDGE('',*,*,#789,.F.);
#382=ORIENTED_EDGE('',*,*,#860,.F.);
#383=ORIENTED_EDGE('',*,*,#685,.T.);
#384=ORIENTED_EDGE('',*,*,#858,.T.);
#385=ORIENTED_EDGE('',*,*,#788,.F.);
#386=ORIENTED_EDGE('',*,*,#682,.F.);
#387=ORIENTED_EDGE('',*,*,#860,.T.);
#388=ORIENTED_EDGE('',*,*,#787,.T.);
#389=ORIENTED_EDGE('',*,*,#861,.F.);
#390=ORIENTED_EDGE('',*,*,#683,.F.);
#391=ORIENTED_EDGE('',*,*,#861,.T.);
#392=ORIENTED_EDGE('',*,*,#786,.T.);
#393=ORIENTED_EDGE('',*,*,#859,.F.);
#394=ORIENTED_EDGE('',*,*,#862,.F.);
#395=ORIENTED_EDGE('',*,*,#688,.T.);
#396=ORIENTED_EDGE('',*,*,#863,.T.);
#397=ORIENTED_EDGE('',*,*,#809,.F.);
#398=ORIENTED_EDGE('',*,*,#864,.F.);
#399=ORIENTED_EDGE('',*,*,#689,.T.);
#400=ORIENTED_EDGE('',*,*,#862,.T.);
#401=ORIENTED_EDGE('',*,*,#808,.F.);
#402=ORIENTED_EDGE('',*,*,#686,.F.);
#403=ORIENTED_EDGE('',*,*,#864,.T.);
#404=ORIENTED_EDGE('',*,*,#807,.T.);
#405=ORIENTED_EDGE('',*,*,#865,.F.);
#406=ORIENTED_EDGE('',*,*,#687,.F.);
#407=ORIENTED_EDGE('',*,*,#865,.T.);
#408=ORIENTED_EDGE('',*,*,#806,.T.);
#409=ORIENTED_EDGE('',*,*,#863,.F.);
#410=ORIENTED_EDGE('',*,*,#866,.F.);
#411=ORIENTED_EDGE('',*,*,#692,.T.);
#412=ORIENTED_EDGE('',*,*,#867,.T.);
#413=ORIENTED_EDGE('',*,*,#785,.F.);
#414=ORIENTED_EDGE('',*,*,#868,.F.);
#415=ORIENTED_EDGE('',*,*,#693,.T.);
#416=ORIENTED_EDGE('',*,*,#866,.T.);
#417=ORIENTED_EDGE('',*,*,#784,.F.);
#418=ORIENTED_EDGE('',*,*,#690,.F.);
#419=ORIENTED_EDGE('',*,*,#868,.T.);
#420=ORIENTED_EDGE('',*,*,#783,.T.);
#421=ORIENTED_EDGE('',*,*,#869,.F.);
#422=ORIENTED_EDGE('',*,*,#691,.F.);
#423=ORIENTED_EDGE('',*,*,#869,.T.);
#424=ORIENTED_EDGE('',*,*,#782,.T.);
#425=ORIENTED_EDGE('',*,*,#867,.F.);
#426=ORIENTED_EDGE('',*,*,#870,.F.);
#427=ORIENTED_EDGE('',*,*,#696,.T.);
#428=ORIENTED_EDGE('',*,*,#871,.T.);
#429=ORIENTED_EDGE('',*,*,#813,.F.);
#430=ORIENTED_EDGE('',*,*,#872,.F.);
#431=ORIENTED_EDGE('',*,*,#697,.T.);
#432=ORIENTED_EDGE('',*,*,#870,.T.);
#433=ORIENTED_EDGE('',*,*,#812,.F.);
#434=ORIENTED_EDGE('',*,*,#694,.F.);
#435=ORIENTED_EDGE('',*,*,#872,.T.);
#436=ORIENTED_EDGE('',*,*,#811,.T.);
#437=ORIENTED_EDGE('',*,*,#873,.F.);
#438=ORIENTED_EDGE('',*,*,#695,.F.);
#439=ORIENTED_EDGE('',*,*,#873,.T.);
#440=ORIENTED_EDGE('',*,*,#810,.T.);
#441=ORIENTED_EDGE('',*,*,#871,.F.);
#442=ORIENTED_EDGE('',*,*,#874,.F.);
#443=ORIENTED_EDGE('',*,*,#700,.T.);
#444=ORIENTED_EDGE('',*,*,#875,.T.);
#445=ORIENTED_EDGE('',*,*,#781,.F.);
#446=ORIENTED_EDGE('',*,*,#876,.F.);
#447=ORIENTED_EDGE('',*,*,#701,.T.);
#448=ORIENTED_EDGE('',*,*,#874,.T.);
#449=ORIENTED_EDGE('',*,*,#780,.F.);
#450=ORIENTED_EDGE('',*,*,#698,.F.);
#451=ORIENTED_EDGE('',*,*,#876,.T.);
#452=ORIENTED_EDGE('',*,*,#779,.T.);
#453=ORIENTED_EDGE('',*,*,#877,.F.);
#454=ORIENTED_EDGE('',*,*,#699,.F.);
#455=ORIENTED_EDGE('',*,*,#877,.T.);
#456=ORIENTED_EDGE('',*,*,#778,.T.);
#457=ORIENTED_EDGE('',*,*,#875,.F.);
#458=ORIENTED_EDGE('',*,*,#878,.F.);
#459=ORIENTED_EDGE('',*,*,#704,.T.);
#460=ORIENTED_EDGE('',*,*,#879,.T.);
#461=ORIENTED_EDGE('',*,*,#817,.F.);
#462=ORIENTED_EDGE('',*,*,#880,.F.);
#463=ORIENTED_EDGE('',*,*,#705,.T.);
#464=ORIENTED_EDGE('',*,*,#878,.T.);
#465=ORIENTED_EDGE('',*,*,#816,.F.);
#466=ORIENTED_EDGE('',*,*,#702,.F.);
#467=ORIENTED_EDGE('',*,*,#880,.T.);
#468=ORIENTED_EDGE('',*,*,#815,.T.);
#469=ORIENTED_EDGE('',*,*,#881,.F.);
#470=ORIENTED_EDGE('',*,*,#703,.F.);
#471=ORIENTED_EDGE('',*,*,#881,.T.);
#472=ORIENTED_EDGE('',*,*,#814,.T.);
#473=ORIENTED_EDGE('',*,*,#879,.F.);
#474=ORIENTED_EDGE('',*,*,#882,.F.);
#475=ORIENTED_EDGE('',*,*,#708,.T.);
#476=ORIENTED_EDGE('',*,*,#883,.T.);
#477=ORIENTED_EDGE('',*,*,#777,.F.);
#478=ORIENTED_EDGE('',*,*,#884,.F.);
#479=ORIENTED_EDGE('',*,*,#709,.T.);
#480=ORIENTED_EDGE('',*,*,#882,.T.);
#481=ORIENTED_EDGE('',*,*,#776,.F.);
#482=ORIENTED_EDGE('',*,*,#706,.F.);
#483=ORIENTED_EDGE('',*,*,#884,.T.);
#484=ORIENTED_EDGE('',*,*,#775,.T.);
#485=ORIENTED_EDGE('',*,*,#885,.F.);
#486=ORIENTED_EDGE('',*,*,#707,.F.);
#487=ORIENTED_EDGE('',*,*,#885,.T.);
#488=ORIENTED_EDGE('',*,*,#774,.T.);
#489=ORIENTED_EDGE('',*,*,#883,.F.);
#490=ORIENTED_EDGE('',*,*,#886,.F.);
#491=ORIENTED_EDGE('',*,*,#712,.T.);
#492=ORIENTED_EDGE('',*,*,#887,.T.);
#493=ORIENTED_EDGE('',*,*,#821,.F.);
#494=ORIENTED_EDGE('',*,*,#888,.F.);
#495=ORIENTED_EDGE('',*,*,#713,.T.);
#496=ORIENTED_EDGE('',*,*,#886,.T.);
#497=ORIENTED_EDGE('',*,*,#820,.F.);
#498=ORIENTED_EDGE('',*,*,#710,.F.);
#499=ORIENTED_EDGE('',*,*,#888,.T.);
#500=ORIENTED_EDGE('',*,*,#819,.T.);
#501=ORIENTED_EDGE('',*,*,#889,.F.);
#502=ORIENTED_EDGE('',*,*,#711,.F.);
#503=ORIENTED_EDGE('',*,*,#889,.T.);
#504=ORIENTED_EDGE('',*,*,#818,.T.);
#505=ORIENTED_EDGE('',*,*,#887,.F.);
#506=ORIENTED_EDGE('',*,*,#890,.F.);
#507=ORIENTED_EDGE('',*,*,#716,.T.);
#508=ORIENTED_EDGE('',*,*,#891,.T.);
#509=ORIENTED_EDGE('',*,*,#773,.F.);
#510=ORIENTED_EDGE('',*,*,#892,.F.);
#511=ORIENTED_EDGE('',*,*,#717,.T.);
#512=ORIENTED_EDGE('',*,*,#890,.T.);
#513=ORIENTED_EDGE('',*,*,#772,.F.);
#514=ORIENTED_EDGE('',*,*,#714,.F.);
#515=ORIENTED_EDGE('',*,*,#892,.T.);
#516=ORIENTED_EDGE('',*,*,#771,.T.);
#517=ORIENTED_EDGE('',*,*,#893,.F.);
#518=ORIENTED_EDGE('',*,*,#715,.F.);
#519=ORIENTED_EDGE('',*,*,#893,.T.);
#520=ORIENTED_EDGE('',*,*,#770,.T.);
#521=ORIENTED_EDGE('',*,*,#891,.F.);
#522=ORIENTED_EDGE('',*,*,#894,.F.);
#523=ORIENTED_EDGE('',*,*,#720,.T.);
#524=ORIENTED_EDGE('',*,*,#895,.T.);
#525=ORIENTED_EDGE('',*,*,#825,.F.);
#526=ORIENTED_EDGE('',*,*,#896,.F.);
#527=ORIENTED_EDGE('',*,*,#721,.T.);
#528=ORIENTED_EDGE('',*,*,#894,.T.);
#529=ORIENTED_EDGE('',*,*,#824,.F.);
#530=ORIENTED_EDGE('',*,*,#718,.F.);
#531=ORIENTED_EDGE('',*,*,#896,.T.);
#532=ORIENTED_EDGE('',*,*,#823,.T.);
#533=ORIENTED_EDGE('',*,*,#897,.F.);
#534=ORIENTED_EDGE('',*,*,#719,.F.);
#535=ORIENTED_EDGE('',*,*,#897,.T.);
#536=ORIENTED_EDGE('',*,*,#822,.T.);
#537=ORIENTED_EDGE('',*,*,#895,.F.);
#538=ORIENTED_EDGE('',*,*,#898,.F.);
#539=ORIENTED_EDGE('',*,*,#724,.T.);
#540=ORIENTED_EDGE('',*,*,#899,.T.);
#541=ORIENTED_EDGE('',*,*,#769,.F.);
#542=ORIENTED_EDGE('',*,*,#900,.F.);
#543=ORIENTED_EDGE('',*,*,#725,.T.);
#544=ORIENTED_EDGE('',*,*,#898,.T.);
#545=ORIENTED_EDGE('',*,*,#768,.F.);
#546=ORIENTED_EDGE('',*,*,#722,.F.);
#547=ORIENTED_EDGE('',*,*,#900,.T.);
#548=ORIENTED_EDGE('',*,*,#767,.T.);
#549=ORIENTED_EDGE('',*,*,#901,.F.);
#550=ORIENTED_EDGE('',*,*,#723,.F.);
#551=ORIENTED_EDGE('',*,*,#901,.T.);
#552=ORIENTED_EDGE('',*,*,#766,.T.);
#553=ORIENTED_EDGE('',*,*,#899,.F.);
#554=ORIENTED_EDGE('',*,*,#902,.F.);
#555=ORIENTED_EDGE('',*,*,#728,.T.);
#556=ORIENTED_EDGE('',*,*,#903,.T.);
#557=ORIENTED_EDGE('',*,*,#829,.F.);
#558=ORIENTED_EDGE('',*,*,#904,.F.);
#559=ORIENTED_EDGE('',*,*,#729,.T.);
#560=ORIENTED_EDGE('',*,*,#902,.T.);
#561=ORIENTED_EDGE('',*,*,#828,.F.);
#562=ORIENTED_EDGE('',*,*,#726,.F.);
#563=ORIENTED_EDGE('',*,*,#904,.T.);
#564=ORIENTED_EDGE('',*,*,#827,.T.);
#565=ORIENTED_EDGE('',*,*,#905,.F.);
#566=ORIENTED_EDGE('',*,*,#727,.F.);
#567=ORIENTED_EDGE('',*,*,#905,.T.);
#568=ORIENTED_EDGE('',*,*,#826,.T.);
#569=ORIENTED_EDGE('',*,*,#903,.F.);
#570=ORIENTED_EDGE('',*,*,#906,.F.);
#571=ORIENTED_EDGE('',*,*,#732,.T.);
#572=ORIENTED_EDGE('',*,*,#907,.T.);
#573=ORIENTED_EDGE('',*,*,#765,.F.);
#574=ORIENTED_EDGE('',*,*,#908,.F.);
#575=ORIENTED_EDGE('',*,*,#733,.T.);
#576=ORIENTED_EDGE('',*,*,#906,.T.);
#577=ORIENTED_EDGE('',*,*,#764,.F.);
#578=ORIENTED_EDGE('',*,*,#730,.F.);
#579=ORIENTED_EDGE('',*,*,#908,.T.);
#580=ORIENTED_EDGE('',*,*,#763,.T.);
#581=ORIENTED_EDGE('',*,*,#909,.F.);
#582=ORIENTED_EDGE('',*,*,#731,.F.);
#583=ORIENTED_EDGE('',*,*,#909,.T.);
#584=ORIENTED_EDGE('',*,*,#762,.T.);
#585=ORIENTED_EDGE('',*,*,#907,.F.);
#586=ORIENTED_EDGE('',*,*,#910,.F.);
#587=ORIENTED_EDGE('',*,*,#736,.T.);
#588=ORIENTED_EDGE('',*,*,#911,.T.);
#589=ORIENTED_EDGE('',*,*,#833,.F.);
#590=ORIENTED_EDGE('',*,*,#912,.F.);
#591=ORIENTED_EDGE('',*,*,#737,.T.);
#592=ORIENTED_EDGE('',*,*,#910,.T.);
#593=ORIENTED_EDGE('',*,*,#832,.F.);
#594=ORIENTED_EDGE('',*,*,#734,.F.);
#595=ORIENTED_EDGE('',*,*,#912,.T.);
#596=ORIENTED_EDGE('',*,*,#831,.T.);
#597=ORIENTED_EDGE('',*,*,#913,.F.);
#598=ORIENTED_EDGE('',*,*,#735,.F.);
#599=ORIENTED_EDGE('',*,*,#913,.T.);
#600=ORIENTED_EDGE('',*,*,#830,.T.);
#601=ORIENTED_EDGE('',*,*,#911,.F.);
#602=ORIENTED_EDGE('',*,*,#914,.F.);
#603=ORIENTED_EDGE('',*,*,#740,.T.);
#604=ORIENTED_EDGE('',*,*,#915,.T.);
#605=ORIENTED_EDGE('',*,*,#761,.F.);
#606=ORIENTED_EDGE('',*,*,#916,.F.);
#607=ORIENTED_EDGE('',*,*,#741,.T.);
#608=ORIENTED_EDGE('',*,*,#914,.T.);
#609=ORIENTED_EDGE('',*,*,#760,.F.);
#610=ORIENTED_EDGE('',*,*,#738,.F.);
#611=ORIENTED_EDGE('',*,*,#916,.T.);
#612=ORIENTED_EDGE('',*,*,#759,.T.);
#613=ORIENTED_EDGE('',*,*,#917,.F.);
#614=ORIENTED_EDGE('',*,*,#739,.F.);
#615=ORIENTED_EDGE('',*,*,#917,.T.);
#616=ORIENTED_EDGE('',*,*,#758,.T.);
#617=ORIENTED_EDGE('',*,*,#915,.F.);
#618=ORIENTED_EDGE('',*,*,#918,.F.);
#619=ORIENTED_EDGE('',*,*,#744,.T.);
#620=ORIENTED_EDGE('',*,*,#919,.T.);
#621=ORIENTED_EDGE('',*,*,#837,.F.);
#622=ORIENTED_EDGE('',*,*,#920,.F.);
#623=ORIENTED_EDGE('',*,*,#745,.T.);
#624=ORIENTED_EDGE('',*,*,#918,.T.);
#625=ORIENTED_EDGE('',*,*,#836,.F.);
#626=ORIENTED_EDGE('',*,*,#742,.F.);
#627=ORIENTED_EDGE('',*,*,#920,.T.);
#628=ORIENTED_EDGE('',*,*,#835,.T.);
#629=ORIENTED_EDGE('',*,*,#921,.F.);
#630=ORIENTED_EDGE('',*,*,#743,.F.);
#631=ORIENTED_EDGE('',*,*,#921,.T.);
#632=ORIENTED_EDGE('',*,*,#834,.T.);
#633=ORIENTED_EDGE('',*,*,#919,.F.);
#634=ORIENTED_EDGE('',*,*,#922,.F.);
#635=ORIENTED_EDGE('',*,*,#748,.T.);
#636=ORIENTED_EDGE('',*,*,#923,.T.);
#637=ORIENTED_EDGE('',*,*,#757,.F.);
#638=ORIENTED_EDGE('',*,*,#924,.F.);
#639=ORIENTED_EDGE('',*,*,#749,.T.);
#640=ORIENTED_EDGE('',*,*,#922,.T.);
#641=ORIENTED_EDGE('',*,*,#756,.F.);
#642=ORIENTED_EDGE('',*,*,#746,.F.);
#643=ORIENTED_EDGE('',*,*,#924,.T.);
#644=ORIENTED_EDGE('',*,*,#755,.T.);
#645=ORIENTED_EDGE('',*,*,#925,.F.);
#646=ORIENTED_EDGE('',*,*,#747,.F.);
#647=ORIENTED_EDGE('',*,*,#925,.T.);
#648=ORIENTED_EDGE('',*,*,#754,.T.);
#649=ORIENTED_EDGE('',*,*,#923,.F.);
#650=ORIENTED_EDGE('',*,*,#751,.F.);
#651=ORIENTED_EDGE('',*,*,#926,.T.);
#652=ORIENTED_EDGE('',*,*,#838,.T.);
#653=ORIENTED_EDGE('',*,*,#927,.F.);
#654=ORIENTED_EDGE('',*,*,#750,.F.);
#655=ORIENTED_EDGE('',*,*,#928,.T.);
#656=ORIENTED_EDGE('',*,*,#839,.T.);
#657=ORIENTED_EDGE('',*,*,#926,.F.);
#658=ORIENTED_EDGE('',*,*,#928,.F.);
#659=ORIENTED_EDGE('',*,*,#753,.T.);
#660=ORIENTED_EDGE('',*,*,#929,.T.);
#661=ORIENTED_EDGE('',*,*,#840,.F.);
#662=ORIENTED_EDGE('',*,*,#929,.F.);
#663=ORIENTED_EDGE('',*,*,#752,.T.);
#664=ORIENTED_EDGE('',*,*,#927,.T.);
#665=ORIENTED_EDGE('',*,*,#841,.F.);
#666=EDGE_CURVE('',#930,#931,#1106,.T.);
#667=EDGE_CURVE('',#932,#931,#1107,.T.);
#668=EDGE_CURVE('',#933,#932,#1108,.T.);
#669=EDGE_CURVE('',#933,#930,#1109,.T.);
#670=EDGE_CURVE('',#934,#935,#1110,.T.);
#671=EDGE_CURVE('',#935,#936,#54,.T.);
#672=EDGE_CURVE('',#937,#936,#1111,.T.);
#673=EDGE_CURVE('',#934,#937,#55,.F.);
#674=EDGE_CURVE('',#938,#939,#1112,.T.);
#675=EDGE_CURVE('',#939,#940,#56,.T.);
#676=EDGE_CURVE('',#941,#940,#1113,.T.);
#677=EDGE_CURVE('',#938,#941,#57,.F.);
#678=EDGE_CURVE('',#942,#943,#1114,.T.);
#679=EDGE_CURVE('',#943,#944,#58,.T.);
#680=EDGE_CURVE('',#945,#944,#1115,.T.);
#681=EDGE_CURVE('',#942,#945,#59,.F.);
#682=EDGE_CURVE('',#946,#947,#1116,.T.);
#683=EDGE_CURVE('',#947,#948,#60,.T.);
#684=EDGE_CURVE('',#949,#948,#1117,.T.);
#685=EDGE_CURVE('',#946,#949,#61,.F.);
#686=EDGE_CURVE('',#950,#951,#1118,.T.);
#687=EDGE_CURVE('',#951,#952,#62,.T.);
#688=EDGE_CURVE('',#953,#952,#1119,.T.);
#689=EDGE_CURVE('',#950,#953,#63,.F.);
#690=EDGE_CURVE('',#954,#955,#1120,.T.);
#691=EDGE_CURVE('',#955,#956,#64,.T.);
#692=EDGE_CURVE('',#957,#956,#1121,.T.);
#693=EDGE_CURVE('',#954,#957,#65,.F.);
#694=EDGE_CURVE('',#958,#959,#1122,.T.);
#695=EDGE_CURVE('',#959,#960,#66,.T.);
#696=EDGE_CURVE('',#961,#960,#1123,.T.);
#697=EDGE_CURVE('',#958,#961,#67,.F.);
#698=EDGE_CURVE('',#962,#963,#1124,.T.);
#699=EDGE_CURVE('',#963,#964,#68,.T.);
#700=EDGE_CURVE('',#965,#964,#1125,.T.);
#701=EDGE_CURVE('',#962,#965,#69,.F.);
#702=EDGE_CURVE('',#966,#967,#1126,.T.);
#703=EDGE_CURVE('',#967,#968,#70,.T.);
#704=EDGE_CURVE('',#969,#968,#1127,.T.);
#705=EDGE_CURVE('',#966,#969,#71,.F.);
#706=EDGE_CURVE('',#970,#971,#1128,.T.);
#707=EDGE_CURVE('',#971,#972,#72,.T.);
#708=EDGE_CURVE('',#973,#972,#1129,.T.);
#709=EDGE_CURVE('',#970,#973,#73,.F.);
#710=EDGE_CURVE('',#974,#975,#1130,.T.);
#711=EDGE_CURVE('',#975,#976,#74,.T.);
#712=EDGE_CURVE('',#977,#976,#1131,.T.);
#713=EDGE_CURVE('',#974,#977,#75,.F.);
#714=EDGE_CURVE('',#978,#979,#1132,.T.);
#715=EDGE_CURVE('',#979,#980,#76,.T.);
#716=EDGE_CURVE('',#981,#980,#1133,.T.);
#717=EDGE_CURVE('',#978,#981,#77,.F.);
#718=EDGE_CURVE('',#982,#983,#1134,.T.);
#719=EDGE_CURVE('',#983,#984,#78,.T.);
#720=EDGE_CURVE('',#985,#984,#1135,.T.);
#721=EDGE_CURVE('',#982,#985,#79,.F.);
#722=EDGE_CURVE('',#986,#987,#1136,.T.);
#723=EDGE_CURVE('',#987,#988,#80,.T.);
#724=EDGE_CURVE('',#989,#988,#1137,.T.);
#725=EDGE_CURVE('',#986,#989,#81,.F.);
#726=EDGE_CURVE('',#990,#991,#1138,.T.);
#727=EDGE_CURVE('',#991,#992,#82,.T.);
#728=EDGE_CURVE('',#993,#992,#1139,.T.);
#729=EDGE_CURVE('',#990,#993,#83,.F.);
#730=EDGE_CURVE('',#994,#995,#1140,.T.);
#731=EDGE_CURVE('',#995,#996,#84,.T.);
#732=EDGE_CURVE('',#997,#996,#1141,.T.);
#733=EDGE_CURVE('',#994,#997,#85,.F.);
#734=EDGE_CURVE('',#998,#999,#1142,.T.);
#735=EDGE_CURVE('',#999,#1000,#86,.T.);
#736=EDGE_CURVE('',#1001,#1000,#1143,.T.);
#737=EDGE_CURVE('',#998,#1001,#87,.F.);
#738=EDGE_CURVE('',#1002,#1003,#1144,.T.);
#739=EDGE_CURVE('',#1003,#1004,#88,.T.);
#740=EDGE_CURVE('',#1005,#1004,#1145,.T.);
#741=EDGE_CURVE('',#1002,#1005,#89,.F.);
#742=EDGE_CURVE('',#1006,#1007,#1146,.T.);
#743=EDGE_CURVE('',#1007,#1008,#90,.T.);
#744=EDGE_CURVE('',#1009,#1008,#1147,.T.);
#745=EDGE_CURVE('',#1006,#1009,#91,.F.);
#746=EDGE_CURVE('',#1010,#1011,#1148,.T.);
#747=EDGE_CURVE('',#1011,#1012,#92,.T.);
#748=EDGE_CURVE('',#1013,#1012,#1149,.T.);
#749=EDGE_CURVE('',#1010,#1013,#93,.F.);
#750=EDGE_CURVE('',#1014,#1015,#1150,.T.);
#751=EDGE_CURVE('',#1015,#1016,#94,.T.);
#752=EDGE_CURVE('',#1017,#1016,#1151,.T.);
#753=EDGE_CURVE('',#1014,#1017,#95,.F.);
#754=EDGE_CURVE('',#1018,#1019,#96,.T.);
#755=EDGE_CURVE('',#1020,#1018,#1152,.T.);
#756=EDGE_CURVE('',#1020,#1021,#97,.T.);
#757=EDGE_CURVE('',#1021,#1019,#1153,.T.);
#758=EDGE_CURVE('',#1022,#1023,#98,.T.);
#759=EDGE_CURVE('',#1024,#1022,#1154,.T.);
#760=EDGE_CURVE('',#1024,#1025,#99,.T.);
#761=EDGE_CURVE('',#1025,#1023,#1155,.T.);
#762=EDGE_CURVE('',#1026,#1027,#100,.T.);
#763=EDGE_CURVE('',#1028,#1026,#1156,.T.);
#764=EDGE_CURVE('',#1028,#1029,#101,.T.);
#765=EDGE_CURVE('',#1029,#1027,#1157,.T.);
#766=EDGE_CURVE('',#1030,#1031,#102,.T.);
#767=EDGE_CURVE('',#1032,#1030,#1158,.T.);
#768=EDGE_CURVE('',#1032,#1033,#103,.T.);
#769=EDGE_CURVE('',#1033,#1031,#1159,.T.);
#770=EDGE_CURVE('',#1034,#1035,#104,.T.);
#771=EDGE_CURVE('',#1036,#1034,#1160,.T.);
#772=EDGE_CURVE('',#1036,#1037,#105,.T.);
#773=EDGE_CURVE('',#1037,#1035,#1161,.T.);
#774=EDGE_CURVE('',#1038,#1039,#106,.T.);
#775=EDGE_CURVE('',#1040,#1038,#1162,.T.);
#776=EDGE_CURVE('',#1040,#1041,#107,.T.);
#777=EDGE_CURVE('',#1041,#1039,#1163,.T.);
#778=EDGE_CURVE('',#1042,#1043,#108,.T.);
#779=EDGE_CURVE('',#1044,#1042,#1164,.T.);
#780=EDGE_CURVE('',#1044,#1045,#109,.T.);
#781=EDGE_CURVE('',#1045,#1043,#1165,.T.);
#782=EDGE_CURVE('',#1046,#1047,#110,.T.);
#783=EDGE_CURVE('',#1048,#1046,#1166,.T.);
#784=EDGE_CURVE('',#1048,#1049,#111,.T.);
#785=EDGE_CURVE('',#1049,#1047,#1167,.T.);
#786=EDGE_CURVE('',#1050,#1051,#112,.T.);
#787=EDGE_CURVE('',#1052,#1050,#1168,.T.);
#788=EDGE_CURVE('',#1052,#1053,#113,.T.);
#789=EDGE_CURVE('',#1053,#1051,#1169,.T.);
#790=EDGE_CURVE('',#1054,#1055,#114,.T.);
#791=EDGE_CURVE('',#1056,#1054,#1170,.T.);
#792=EDGE_CURVE('',#1056,#1057,#115,.T.);
#793=EDGE_CURVE('',#1057,#1055,#1171,.T.);
#794=EDGE_CURVE('',#1058,#1059,#1172,.T.);
#795=EDGE_CURVE('',#1060,#1058,#1173,.T.);
#796=EDGE_CURVE('',#1060,#1061,#1174,.T.);
#797=EDGE_CURVE('',#1061,#1059,#1175,.T.);
#798=EDGE_CURVE('',#1062,#1063,#116,.T.);
#799=EDGE_CURVE('',#1064,#1062,#1176,.T.);
#800=EDGE_CURVE('',#1064,#1065,#117,.T.);
#801=EDGE_CURVE('',#1065,#1063,#1177,.T.);
#802=EDGE_CURVE('',#1066,#1067,#118,.T.);
#803=EDGE_CURVE('',#1068,#1066,#1178,.T.);
#804=EDGE_CURVE('',#1068,#1069,#119,.T.);
#805=EDGE_CURVE('',#1069,#1067,#1179,.T.);
#806=EDGE_CURVE('',#1070,#1071,#120,.T.);
#807=EDGE_CURVE('',#1072,#1070,#1180,.T.);
#808=EDGE_CURVE('',#1072,#1073,#121,.T.);
#809=EDGE_CURVE('',#1073,#1071,#1181,.T.);
#810=EDGE_CURVE('',#1074,#1075,#122,.T.);
#811=EDGE_CURVE('',#1076,#1074,#1182,.T.);
#812=EDGE_CURVE('',#1076,#1077,#123,.T.);
#813=EDGE_CURVE('',#1077,#1075,#1183,.T.);
#814=EDGE_CURVE('',#1078,#1079,#124,.T.);
#815=EDGE_CURVE('',#1080,#1078,#1184,.T.);
#816=EDGE_CURVE('',#1080,#1081,#125,.T.);
#817=EDGE_CURVE('',#1081,#1079,#1185,.T.);
#818=EDGE_CURVE('',#1082,#1083,#126,.T.);
#819=EDGE_CURVE('',#1084,#1082,#1186,.T.);
#820=EDGE_CURVE('',#1084,#1085,#127,.T.);
#821=EDGE_CURVE('',#1085,#1083,#1187,.T.);
#822=EDGE_CURVE('',#1086,#1087,#128,.T.);
#823=EDGE_CURVE('',#1088,#1086,#1188,.T.);
#824=EDGE_CURVE('',#1088,#1089,#129,.T.);
#825=EDGE_CURVE('',#1089,#1087,#1189,.T.);
#826=EDGE_CURVE('',#1090,#1091,#130,.T.);
#827=EDGE_CURVE('',#1092,#1090,#1190,.T.);
#828=EDGE_CURVE('',#1092,#1093,#131,.T.);
#829=EDGE_CURVE('',#1093,#1091,#1191,.T.);
#830=EDGE_CURVE('',#1094,#1095,#132,.T.);
#831=EDGE_CURVE('',#1096,#1094,#1192,.T.);
#832=EDGE_CURVE('',#1096,#1097,#133,.T.);
#833=EDGE_CURVE('',#1097,#1095,#1193,.T.);
#834=EDGE_CURVE('',#1098,#1099,#134,.T.);
#835=EDGE_CURVE('',#1100,#1098,#1194,.T.);
#836=EDGE_CURVE('',#1100,#1101,#135,.T.);
#837=EDGE_CURVE('',#1101,#1099,#1195,.T.);
#838=EDGE_CURVE('',#1102,#1103,#136,.T.);
#839=EDGE_CURVE('',#1104,#1102,#1196,.T.);
#840=EDGE_CURVE('',#1104,#1105,#137,.T.);
#841=EDGE_CURVE('',#1105,#1103,#1197,.T.);
#842=EDGE_CURVE('',#930,#1058,#1198,.T.);
#843=EDGE_CURVE('',#931,#1059,#1199,.T.);
#844=EDGE_CURVE('',#933,#1060,#1200,.T.);
#845=EDGE_CURVE('',#932,#1061,#1201,.T.);
#846=EDGE_CURVE('',#937,#1065,#1202,.T.);
#847=EDGE_CURVE('',#936,#1063,#1203,.T.);
#848=EDGE_CURVE('',#934,#1064,#1204,.T.);
#849=EDGE_CURVE('',#935,#1062,#1205,.T.);
#850=EDGE_CURVE('',#941,#1057,#1206,.T.);
#851=EDGE_CURVE('',#940,#1055,#1207,.T.);
#852=EDGE_CURVE('',#938,#1056,#1208,.T.);
#853=EDGE_CURVE('',#939,#1054,#1209,.T.);
#854=EDGE_CURVE('',#945,#1069,#1210,.T.);
#855=EDGE_CURVE('',#944,#1067,#1211,.T.);
#856=EDGE_CURVE('',#942,#1068,#1212,.T.);
#857=EDGE_CURVE('',#943,#1066,#1213,.T.);
#858=EDGE_CURVE('',#949,#1053,#1214,.T.);
#859=EDGE_CURVE('',#948,#1051,#1215,.T.);
#860=EDGE_CURVE('',#946,#1052,#1216,.T.);
#861=EDGE_CURVE('',#947,#1050,#1217,.T.);
#862=EDGE_CURVE('',#953,#1073,#1218,.T.);
#863=EDGE_CURVE('',#952,#1071,#1219,.T.);
#864=EDGE_CURVE('',#950,#1072,#1220,.T.);
#865=EDGE_CURVE('',#951,#1070,#1221,.T.);
#866=EDGE_CURVE('',#957,#1049,#1222,.T.);
#867=EDGE_CURVE('',#956,#1047,#1223,.T.);
#868=EDGE_CURVE('',#954,#1048,#1224,.T.);
#869=EDGE_CURVE('',#955,#1046,#1225,.T.);
#870=EDGE_CURVE('',#961,#1077,#1226,.T.);
#871=EDGE_CURVE('',#960,#1075,#1227,.T.);
#872=EDGE_CURVE('',#958,#1076,#1228,.T.);
#873=EDGE_CURVE('',#959,#1074,#1229,.T.);
#874=EDGE_CURVE('',#965,#1045,#1230,.T.);
#875=EDGE_CURVE('',#964,#1043,#1231,.T.);
#876=EDGE_CURVE('',#962,#1044,#1232,.T.);
#877=EDGE_CURVE('',#963,#1042,#1233,.T.);
#878=EDGE_CURVE('',#969,#1081,#1234,.T.);
#879=EDGE_CURVE('',#968,#1079,#1235,.T.);
#880=EDGE_CURVE('',#966,#1080,#1236,.T.);
#881=EDGE_CURVE('',#967,#1078,#1237,.T.);
#882=EDGE_CURVE('',#973,#1041,#1238,.T.);
#883=EDGE_CURVE('',#972,#1039,#1239,.T.);
#884=EDGE_CURVE('',#970,#1040,#1240,.T.);
#885=EDGE_CURVE('',#971,#1038,#1241,.T.);
#886=EDGE_CURVE('',#977,#1085,#1242,.T.);
#887=EDGE_CURVE('',#976,#1083,#1243,.T.);
#888=EDGE_CURVE('',#974,#1084,#1244,.T.);
#889=EDGE_CURVE('',#975,#1082,#1245,.T.);
#890=EDGE_CURVE('',#981,#1037,#1246,.T.);
#891=EDGE_CURVE('',#980,#1035,#1247,.T.);
#892=EDGE_CURVE('',#978,#1036,#1248,.T.);
#893=EDGE_CURVE('',#979,#1034,#1249,.T.);
#894=EDGE_CURVE('',#985,#1089,#1250,.T.);
#895=EDGE_CURVE('',#984,#1087,#1251,.T.);
#896=EDGE_CURVE('',#982,#1088,#1252,.T.);
#897=EDGE_CURVE('',#983,#1086,#1253,.T.);
#898=EDGE_CURVE('',#989,#1033,#1254,.T.);
#899=EDGE_CURVE('',#988,#1031,#1255,.T.);
#900=EDGE_CURVE('',#986,#1032,#1256,.T.);
#901=EDGE_CURVE('',#987,#1030,#1257,.T.);
#902=EDGE_CURVE('',#993,#1093,#1258,.T.);
#903=EDGE_CURVE('',#992,#1091,#1259,.T.);
#904=EDGE_CURVE('',#990,#1092,#1260,.T.);
#905=EDGE_CURVE('',#991,#1090,#1261,.T.);
#906=EDGE_CURVE('',#997,#1029,#1262,.T.);
#907=EDGE_CURVE('',#996,#1027,#1263,.T.);
#908=EDGE_CURVE('',#994,#1028,#1264,.T.);
#909=EDGE_CURVE('',#995,#1026,#1265,.T.);
#910=EDGE_CURVE('',#1001,#1097,#1266,.T.);
#911=EDGE_CURVE('',#1000,#1095,#1267,.T.);
#912=EDGE_CURVE('',#998,#1096,#1268,.T.);
#913=EDGE_CURVE('',#999,#1094,#1269,.T.);
#914=EDGE_CURVE('',#1005,#1025,#1270,.T.);
#915=EDGE_CURVE('',#1004,#1023,#1271,.T.);
#916=EDGE_CURVE('',#1002,#1024,#1272,.T.);
#917=EDGE_CURVE('',#1003,#1022,#1273,.T.);
#918=EDGE_CURVE('',#1009,#1101,#1274,.T.);
#919=EDGE_CURVE('',#1008,#1099,#1275,.T.);
#920=EDGE_CURVE('',#1006,#1100,#1276,.T.);
#921=EDGE_CURVE('',#1007,#1098,#1277,.T.);
#922=EDGE_CURVE('',#1013,#1021,#1278,.T.);
#923=EDGE_CURVE('',#1012,#1019,#1279,.T.);
#924=EDGE_CURVE('',#1010,#1020,#1280,.T.);
#925=EDGE_CURVE('',#1011,#1018,#1281,.T.);
#926=EDGE_CURVE('',#1015,#1102,#1282,.T.);
#927=EDGE_CURVE('',#1016,#1103,#1283,.T.);
#928=EDGE_CURVE('',#1014,#1104,#1284,.T.);
#929=EDGE_CURVE('',#1017,#1105,#1285,.T.);
#930=VERTEX_POINT('',#2588);
#931=VERTEX_POINT('',#2589);
#932=VERTEX_POINT('',#2591);
#933=VERTEX_POINT('',#2593);
#934=VERTEX_POINT('',#2596);
#935=VERTEX_POINT('',#2597);
#936=VERTEX_POINT('',#2599);
#937=VERTEX_POINT('',#2601);
#938=VERTEX_POINT('',#2604);
#939=VERTEX_POINT('',#2605);
#940=VERTEX_POINT('',#2607);
#941=VERTEX_POINT('',#2609);
#942=VERTEX_POINT('',#2612);
#943=VERTEX_POINT('',#2613);
#944=VERTEX_POINT('',#2615);
#945=VERTEX_POINT('',#2617);
#946=VERTEX_POINT('',#2620);
#947=VERTEX_POINT('',#2621);
#948=VERTEX_POINT('',#2623);
#949=VERTEX_POINT('',#2625);
#950=VERTEX_POINT('',#2628);
#951=VERTEX_POINT('',#2629);
#952=VERTEX_POINT('',#2631);
#953=VERTEX_POINT('',#2633);
#954=VERTEX_POINT('',#2636);
#955=VERTEX_POINT('',#2637);
#956=VERTEX_POINT('',#2639);
#957=VERTEX_POINT('',#2641);
#958=VERTEX_POINT('',#2644);
#959=VERTEX_POINT('',#2645);
#960=VERTEX_POINT('',#2647);
#961=VERTEX_POINT('',#2649);
#962=VERTEX_POINT('',#2652);
#963=VERTEX_POINT('',#2653);
#964=VERTEX_POINT('',#2655);
#965=VERTEX_POINT('',#2657);
#966=VERTEX_POINT('',#2660);
#967=VERTEX_POINT('',#2661);
#968=VERTEX_POINT('',#2663);
#969=VERTEX_POINT('',#2665);
#970=VERTEX_POINT('',#2668);
#971=VERTEX_POINT('',#2669);
#972=VERTEX_POINT('',#2671);
#973=VERTEX_POINT('',#2673);
#974=VERTEX_POINT('',#2676);
#975=VERTEX_POINT('',#2677);
#976=VERTEX_POINT('',#2679);
#977=VERTEX_POINT('',#2681);
#978=VERTEX_POINT('',#2684);
#979=VERTEX_POINT('',#2685);
#980=VERTEX_POINT('',#2687);
#981=VERTEX_POINT('',#2689);
#982=VERTEX_POINT('',#2692);
#983=VERTEX_POINT('',#2693);
#984=VERTEX_POINT('',#2695);
#985=VERTEX_POINT('',#2697);
#986=VERTEX_POINT('',#2700);
#987=VERTEX_POINT('',#2701);
#988=VERTEX_POINT('',#2703);
#989=VERTEX_POINT('',#2705);
#990=VERTEX_POINT('',#2708);
#991=VERTEX_POINT('',#2709);
#992=VERTEX_POINT('',#2711);
#993=VERTEX_POINT('',#2713);
#994=VERTEX_POINT('',#2716);
#995=VERTEX_POINT('',#2717);
#996=VERTEX_POINT('',#2719);
#997=VERTEX_POINT('',#2721);
#998=VERTEX_POINT('',#2724);
#999=VERTEX_POINT('',#2725);
#1000=VERTEX_POINT('',#2727);
#1001=VERTEX_POINT('',#2729);
#1002=VERTEX_POINT('',#2732);
#1003=VERTEX_POINT('',#2733);
#1004=VERTEX_POINT('',#2735);
#1005=VERTEX_POINT('',#2737);
#1006=VERTEX_POINT('',#2740);
#1007=VERTEX_POINT('',#2741);
#1008=VERTEX_POINT('',#2743);
#1009=VERTEX_POINT('',#2745);
#1010=VERTEX_POINT('',#2748);
#1011=VERTEX_POINT('',#2749);
#1012=VERTEX_POINT('',#2751);
#1013=VERTEX_POINT('',#2753);
#1014=VERTEX_POINT('',#2756);
#1015=VERTEX_POINT('',#2757);
#1016=VERTEX_POINT('',#2759);
#1017=VERTEX_POINT('',#2761);
#1018=VERTEX_POINT('',#2765);
#1019=VERTEX_POINT('',#2766);
#1020=VERTEX_POINT('',#2768);
#1021=VERTEX_POINT('',#2770);
#1022=VERTEX_POINT('',#2773);
#1023=VERTEX_POINT('',#2774);
#1024=VERTEX_POINT('',#2776);
#1025=VERTEX_POINT('',#2778);
#1026=VERTEX_POINT('',#2781);
#1027=VERTEX_POINT('',#2782);
#1028=VERTEX_POINT('',#2784);
#1029=VERTEX_POINT('',#2786);
#1030=VERTEX_POINT('',#2789);
#1031=VERTEX_POINT('',#2790);
#1032=VERTEX_POINT('',#2792);
#1033=VERTEX_POINT('',#2794);
#1034=VERTEX_POINT('',#2797);
#1035=VERTEX_POINT('',#2798);
#1036=VERTEX_POINT('',#2800);
#1037=VERTEX_POINT('',#2802);
#1038=VERTEX_POINT('',#2805);
#1039=VERTEX_POINT('',#2806);
#1040=VERTEX_POINT('',#2808);
#1041=VERTEX_POINT('',#2810);
#1042=VERTEX_POINT('',#2813);
#1043=VERTEX_POINT('',#2814);
#1044=VERTEX_POINT('',#2816);
#1045=VERTEX_POINT('',#2818);
#1046=VERTEX_POINT('',#2821);
#1047=VERTEX_POINT('',#2822);
#1048=VERTEX_POINT('',#2824);
#1049=VERTEX_POINT('',#2826);
#1050=VERTEX_POINT('',#2829);
#1051=VERTEX_POINT('',#2830);
#1052=VERTEX_POINT('',#2832);
#1053=VERTEX_POINT('',#2834);
#1054=VERTEX_POINT('',#2837);
#1055=VERTEX_POINT('',#2838);
#1056=VERTEX_POINT('',#2840);
#1057=VERTEX_POINT('',#2842);
#1058=VERTEX_POINT('',#2845);
#1059=VERTEX_POINT('',#2846);
#1060=VERTEX_POINT('',#2848);
#1061=VERTEX_POINT('',#2850);
#1062=VERTEX_POINT('',#2853);
#1063=VERTEX_POINT('',#2854);
#1064=VERTEX_POINT('',#2856);
#1065=VERTEX_POINT('',#2858);
#1066=VERTEX_POINT('',#2861);
#1067=VERTEX_POINT('',#2862);
#1068=VERTEX_POINT('',#2864);
#1069=VERTEX_POINT('',#2866);
#1070=VERTEX_POINT('',#2869);
#1071=VERTEX_POINT('',#2870);
#1072=VERTEX_POINT('',#2872);
#1073=VERTEX_POINT('',#2874);
#1074=VERTEX_POINT('',#2877);
#1075=VERTEX_POINT('',#2878);
#1076=VERTEX_POINT('',#2880);
#1077=VERTEX_POINT('',#2882);
#1078=VERTEX_POINT('',#2885);
#1079=VERTEX_POINT('',#2886);
#1080=VERTEX_POINT('',#2888);
#1081=VERTEX_POINT('',#2890);
#1082=VERTEX_POINT('',#2893);
#1083=VERTEX_POINT('',#2894);
#1084=VERTEX_POINT('',#2896);
#1085=VERTEX_POINT('',#2898);
#1086=VERTEX_POINT('',#2901);
#1087=VERTEX_POINT('',#2902);
#1088=VERTEX_POINT('',#2904);
#1089=VERTEX_POINT('',#2906);
#1090=VERTEX_POINT('',#2909);
#1091=VERTEX_POINT('',#2910);
#1092=VERTEX_POINT('',#2912);
#1093=VERTEX_POINT('',#2914);
#1094=VERTEX_POINT('',#2917);
#1095=VERTEX_POINT('',#2918);
#1096=VERTEX_POINT('',#2920);
#1097=VERTEX_POINT('',#2922);
#1098=VERTEX_POINT('',#2925);
#1099=VERTEX_POINT('',#2926);
#1100=VERTEX_POINT('',#2928);
#1101=VERTEX_POINT('',#2930);
#1102=VERTEX_POINT('',#2933);
#1103=VERTEX_POINT('',#2934);
#1104=VERTEX_POINT('',#2936);
#1105=VERTEX_POINT('',#2938);
#1106=LINE('',#2587,#1286);
#1107=LINE('',#2590,#1287);
#1108=LINE('',#2592,#1288);
#1109=LINE('',#2594,#1289);
#1110=LINE('',#2595,#1290);
#1111=LINE('',#2600,#1291);
#1112=LINE('',#2603,#1292);
#1113=LINE('',#2608,#1293);
#1114=LINE('',#2611,#1294);
#1115=LINE('',#2616,#1295);
#1116=LINE('',#2619,#1296);
#1117=LINE('',#2624,#1297);
#1118=LINE('',#2627,#1298);
#1119=LINE('',#2632,#1299);
#1120=LINE('',#2635,#1300);
#1121=LINE('',#2640,#1301);
#1122=LINE('',#2643,#1302);
#1123=LINE('',#2648,#1303);
#1124=LINE('',#2651,#1304);
#1125=LINE('',#2656,#1305);
#1126=LINE('',#2659,#1306);
#1127=LINE('',#2664,#1307);
#1128=LINE('',#2667,#1308);
#1129=LINE('',#2672,#1309);
#1130=LINE('',#2675,#1310);
#1131=LINE('',#2680,#1311);
#1132=LINE('',#2683,#1312);
#1133=LINE('',#2688,#1313);
#1134=LINE('',#2691,#1314);
#1135=LINE('',#2696,#1315);
#1136=LINE('',#2699,#1316);
#1137=LINE('',#2704,#1317);
#1138=LINE('',#2707,#1318);
#1139=LINE('',#2712,#1319);
#1140=LINE('',#2715,#1320);
#1141=LINE('',#2720,#1321);
#1142=LINE('',#2723,#1322);
#1143=LINE('',#2728,#1323);
#1144=LINE('',#2731,#1324);
#1145=LINE('',#2736,#1325);
#1146=LINE('',#2739,#1326);
#1147=LINE('',#2744,#1327);
#1148=LINE('',#2747,#1328);
#1149=LINE('',#2752,#1329);
#1150=LINE('',#2755,#1330);
#1151=LINE('',#2760,#1331);
#1152=LINE('',#2767,#1332);
#1153=LINE('',#2771,#1333);
#1154=LINE('',#2775,#1334);
#1155=LINE('',#2779,#1335);
#1156=LINE('',#2783,#1336);
#1157=LINE('',#2787,#1337);
#1158=LINE('',#2791,#1338);
#1159=LINE('',#2795,#1339);
#1160=LINE('',#2799,#1340);
#1161=LINE('',#2803,#1341);
#1162=LINE('',#2807,#1342);
#1163=LINE('',#2811,#1343);
#1164=LINE('',#2815,#1344);
#1165=LINE('',#2819,#1345);
#1166=LINE('',#2823,#1346);
#1167=LINE('',#2827,#1347);
#1168=LINE('',#2831,#1348);
#1169=LINE('',#2835,#1349);
#1170=LINE('',#2839,#1350);
#1171=LINE('',#2843,#1351);
#1172=LINE('',#2844,#1352);
#1173=LINE('',#2847,#1353);
#1174=LINE('',#2849,#1354);
#1175=LINE('',#2851,#1355);
#1176=LINE('',#2855,#1356);
#1177=LINE('',#2859,#1357);
#1178=LINE('',#2863,#1358);
#1179=LINE('',#2867,#1359);
#1180=LINE('',#2871,#1360);
#1181=LINE('',#2875,#1361);
#1182=LINE('',#2879,#1362);
#1183=LINE('',#2883,#1363);
#1184=LINE('',#2887,#1364);
#1185=LINE('',#2891,#1365);
#1186=LINE('',#2895,#1366);
#1187=LINE('',#2899,#1367);
#1188=LINE('',#2903,#1368);
#1189=LINE('',#2907,#1369);
#1190=LINE('',#2911,#1370);
#1191=LINE('',#2915,#1371);
#1192=LINE('',#2919,#1372);
#1193=LINE('',#2923,#1373);
#1194=LINE('',#2927,#1374);
#1195=LINE('',#2931,#1375);
#1196=LINE('',#2935,#1376);
#1197=LINE('',#2939,#1377);
#1198=LINE('',#2941,#1378);
#1199=LINE('',#2942,#1379);
#1200=LINE('',#2944,#1380);
#1201=LINE('',#2946,#1381);
#1202=LINE('',#2949,#1382);
#1203=LINE('',#2950,#1383);
#1204=LINE('',#2952,#1384);
#1205=LINE('',#2954,#1385);
#1206=LINE('',#2957,#1386);
#1207=LINE('',#2958,#1387);
#1208=LINE('',#2960,#1388);
#1209=LINE('',#2962,#1389);
#1210=LINE('',#2965,#1390);
#1211=LINE('',#2966,#1391);
#1212=LINE('',#2968,#1392);
#1213=LINE('',#2970,#1393);
#1214=LINE('',#2973,#1394);
#1215=LINE('',#2974,#1395);
#1216=LINE('',#2976,#1396);
#1217=LINE('',#2978,#1397);
#1218=LINE('',#2981,#1398);
#1219=LINE('',#2982,#1399);
#1220=LINE('',#2984,#1400);
#1221=LINE('',#2986,#1401);
#1222=LINE('',#2989,#1402);
#1223=LINE('',#2990,#1403);
#1224=LINE('',#2992,#1404);
#1225=LINE('',#2994,#1405);
#1226=LINE('',#2997,#1406);
#1227=LINE('',#2998,#1407);
#1228=LINE('',#3000,#1408);
#1229=LINE('',#3002,#1409);
#1230=LINE('',#3005,#1410);
#1231=LINE('',#3006,#1411);
#1232=LINE('',#3008,#1412);
#1233=LINE('',#3010,#1413);
#1234=LINE('',#3013,#1414);
#1235=LINE('',#3014,#1415);
#1236=LINE('',#3016,#1416);
#1237=LINE('',#3018,#1417);
#1238=LINE('',#3021,#1418);
#1239=LINE('',#3022,#1419);
#1240=LINE('',#3024,#1420);
#1241=LINE('',#3026,#1421);
#1242=LINE('',#3029,#1422);
#1243=LINE('',#3030,#1423);
#1244=LINE('',#3032,#1424);
#1245=LINE('',#3034,#1425);
#1246=LINE('',#3037,#1426);
#1247=LINE('',#3038,#1427);
#1248=LINE('',#3040,#1428);
#1249=LINE('',#3042,#1429);
#1250=LINE('',#3045,#1430);
#1251=LINE('',#3046,#1431);
#1252=LINE('',#3048,#1432);
#1253=LINE('',#3050,#1433);
#1254=LINE('',#3053,#1434);
#1255=LINE('',#3054,#1435);
#1256=LINE('',#3056,#1436);
#1257=LINE('',#3058,#1437);
#1258=LINE('',#3061,#1438);
#1259=LINE('',#3062,#1439);
#1260=LINE('',#3064,#1440);
#1261=LINE('',#3066,#1441);
#1262=LINE('',#3069,#1442);
#1263=LINE('',#3070,#1443);
#1264=LINE('',#3072,#1444);
#1265=LINE('',#3074,#1445);
#1266=LINE('',#3077,#1446);
#1267=LINE('',#3078,#1447);
#1268=LINE('',#3080,#1448);
#1269=LINE('',#3082,#1449);
#1270=LINE('',#3085,#1450);
#1271=LINE('',#3086,#1451);
#1272=LINE('',#3088,#1452);
#1273=LINE('',#3090,#1453);
#1274=LINE('',#3093,#1454);
#1275=LINE('',#3094,#1455);
#1276=LINE('',#3096,#1456);
#1277=LINE('',#3098,#1457);
#1278=LINE('',#3101,#1458);
#1279=LINE('',#3102,#1459);
#1280=LINE('',#3104,#1460);
#1281=LINE('',#3106,#1461);
#1282=LINE('',#3109,#1462);
#1283=LINE('',#3110,#1463);
#1284=LINE('',#3112,#1464);
#1285=LINE('',#3114,#1465);
#1286=VECTOR('',#2059,1.);
#1287=VECTOR('',#2060,1.);
#1288=VECTOR('',#2061,1.);
#1289=VECTOR('',#2062,1.);
#1290=VECTOR('',#2063,1.);
#1291=VECTOR('',#2066,1.);
#1292=VECTOR('',#2069,1.);
#1293=VECTOR('',#2072,1.);
#1294=VECTOR('',#2075,1.);
#1295=VECTOR('',#2078,1.);
#1296=VECTOR('',#2081,1.);
#1297=VECTOR('',#2084,1.);
#1298=VECTOR('',#2087,1.);
#1299=VECTOR('',#2090,1.);
#1300=VECTOR('',#2093,1.);
#1301=VECTOR('',#2096,1.);
#1302=VECTOR('',#2099,1.);
#1303=VECTOR('',#2102,1.);
#1304=VECTOR('',#2105,1.);
#1305=VECTOR('',#2108,1.);
#1306=VECTOR('',#2111,1.);
#1307=VECTOR('',#2114,1.);
#1308=VECTOR('',#2117,1.);
#1309=VECTOR('',#2120,1.);
#1310=VECTOR('',#2123,1.);
#1311=VECTOR('',#2126,1.);
#1312=VECTOR('',#2129,1.);
#1313=VECTOR('',#2132,1.);
#1314=VECTOR('',#2135,1.);
#1315=VECTOR('',#2138,1.);
#1316=VECTOR('',#2141,1.);
#1317=VECTOR('',#2144,1.);
#1318=VECTOR('',#2147,1.);
#1319=VECTOR('',#2150,1.);
#1320=VECTOR('',#2153,1.);
#1321=VECTOR('',#2156,1.);
#1322=VECTOR('',#2159,1.);
#1323=VECTOR('',#2162,1.);
#1324=VECTOR('',#2165,1.);
#1325=VECTOR('',#2168,1.);
#1326=VECTOR('',#2171,1.);
#1327=VECTOR('',#2174,1.);
#1328=VECTOR('',#2177,1.);
#1329=VECTOR('',#2180,1.);
#1330=VECTOR('',#2183,1.);
#1331=VECTOR('',#2186,1.);
#1332=VECTOR('',#2193,1.);
#1333=VECTOR('',#2196,1.);
#1334=VECTOR('',#2199,1.);
#1335=VECTOR('',#2202,1.);
#1336=VECTOR('',#2205,1.);
#1337=VECTOR('',#2208,1.);
#1338=VECTOR('',#2211,1.);
#1339=VECTOR('',#2214,1.);
#1340=VECTOR('',#2217,1.);
#1341=VECTOR('',#2220,1.);
#1342=VECTOR('',#2223,1.);
#1343=VECTOR('',#2226,1.);
#1344=VECTOR('',#2229,1.);
#1345=VECTOR('',#2232,1.);
#1346=VECTOR('',#2235,1.);
#1347=VECTOR('',#2238,1.);
#1348=VECTOR('',#2241,1.);
#1349=VECTOR('',#2244,1.);
#1350=VECTOR('',#2247,1.);
#1351=VECTOR('',#2250,1.);
#1352=VECTOR('',#2251,1.);
#1353=VECTOR('',#2252,1.);
#1354=VECTOR('',#2253,1.);
#1355=VECTOR('',#2254,1.);
#1356=VECTOR('',#2257,1.);
#1357=VECTOR('',#2260,1.);
#1358=VECTOR('',#2263,1.);
#1359=VECTOR('',#2266,1.);
#1360=VECTOR('',#2269,1.);
#1361=VECTOR('',#2272,1.);
#1362=VECTOR('',#2275,1.);
#1363=VECTOR('',#2278,1.);
#1364=VECTOR('',#2281,1.);
#1365=VECTOR('',#2284,1.);
#1366=VECTOR('',#2287,1.);
#1367=VECTOR('',#2290,1.);
#1368=VECTOR('',#2293,1.);
#1369=VECTOR('',#2296,1.);
#1370=VECTOR('',#2299,1.);
#1371=VECTOR('',#2302,1.);
#1372=VECTOR('',#2305,1.);
#1373=VECTOR('',#2308,1.);
#1374=VECTOR('',#2311,1.);
#1375=VECTOR('',#2314,1.);
#1376=VECTOR('',#2317,1.);
#1377=VECTOR('',#2320,1.);
#1378=VECTOR('',#2323,1.);
#1379=VECTOR('',#2324,1.);
#1380=VECTOR('',#2327,1.);
#1381=VECTOR('',#2330,1.);
#1382=VECTOR('',#2335,1.);
#1383=VECTOR('',#2336,1.);
#1384=VECTOR('',#2339,1.);
#1385=VECTOR('',#2342,1.);
#1386=VECTOR('',#2347,1.);
#1387=VECTOR('',#2348,1.);
#1388=VECTOR('',#2351,1.);
#1389=VECTOR('',#2354,1.);
#1390=VECTOR('',#2359,1.);
#1391=VECTOR('',#2360,1.);
#1392=VECTOR('',#2363,1.);
#1393=VECTOR('',#2366,1.);
#1394=VECTOR('',#2371,1.);
#1395=VECTOR('',#2372,1.);
#1396=VECTOR('',#2375,1.);
#1397=VECTOR('',#2378,1.);
#1398=VECTOR('',#2383,1.);
#1399=VECTOR('',#2384,1.);
#1400=VECTOR('',#2387,1.);
#1401=VECTOR('',#2390,1.);
#1402=VECTOR('',#2395,1.);
#1403=VECTOR('',#2396,1.);
#1404=VECTOR('',#2399,1.);
#1405=VECTOR('',#2402,1.);
#1406=VECTOR('',#2407,1.);
#1407=VECTOR('',#2408,1.);
#1408=VECTOR('',#2411,1.);
#1409=VECTOR('',#2414,1.);
#1410=VECTOR('',#2419,1.);
#1411=VECTOR('',#2420,1.);
#1412=VECTOR('',#2423,1.);
#1413=VECTOR('',#2426,1.);
#1414=VECTOR('',#2431,1.);
#1415=VECTOR('',#2432,1.);
#1416=VECTOR('',#2435,1.);
#1417=VECTOR('',#2438,1.);
#1418=VECTOR('',#2443,1.);
#1419=VECTOR('',#2444,1.);
#1420=VECTOR('',#2447,1.);
#1421=VECTOR('',#2450,1.);
#1422=VECTOR('',#2455,1.);
#1423=VECTOR('',#2456,1.);
#1424=VECTOR('',#2459,1.);
#1425=VECTOR('',#2462,1.);
#1426=VECTOR('',#2467,1.);
#1427=VECTOR('',#2468,1.);
#1428=VECTOR('',#2471,1.);
#1429=VECTOR('',#2474,1.);
#1430=VECTOR('',#2479,1.);
#1431=VECTOR('',#2480,1.);
#1432=VECTOR('',#2483,1.);
#1433=VECTOR('',#2486,1.);
#1434=VECTOR('',#2491,1.);
#1435=VECTOR('',#2492,1.);
#1436=VECTOR('',#2495,1.);
#1437=VECTOR('',#2498,1.);
#1438=VECTOR('',#2503,1.);
#1439=VECTOR('',#2504,1.);
#1440=VECTOR('',#2507,1.);
#1441=VECTOR('',#2510,1.);
#1442=VECTOR('',#2515,1.);
#1443=VECTOR('',#2516,1.);
#1444=VECTOR('',#2519,1.);
#1445=VECTOR('',#2522,1.);
#1446=VECTOR('',#2527,1.);
#1447=VECTOR('',#2528,1.);
#1448=VECTOR('',#2531,1.);
#1449=VECTOR('',#2534,1.);
#1450=VECTOR('',#2539,1.);
#1451=VECTOR('',#2540,1.);
#1452=VECTOR('',#2543,1.);
#1453=VECTOR('',#2546,1.);
#1454=VECTOR('',#2551,1.);
#1455=VECTOR('',#2552,1.);
#1456=VECTOR('',#2555,1.);
#1457=VECTOR('',#2558,1.);
#1458=VECTOR('',#2563,1.);
#1459=VECTOR('',#2564,1.);
#1460=VECTOR('',#2567,1.);
#1461=VECTOR('',#2570,1.);
#1462=VECTOR('',#2575,1.);
#1463=VECTOR('',#2576,1.);
#1464=VECTOR('',#2579,1.);
#1465=VECTOR('',#2582,1.);
#1466=EDGE_LOOP('',(#138,#139,#140,#141));
#1467=EDGE_LOOP('',(#142,#143,#144,#145));
#1468=EDGE_LOOP('',(#146,#147,#148,#149));
#1469=EDGE_LOOP('',(#150,#151,#152,#153));
#1470=EDGE_LOOP('',(#154,#155,#156,#157));
#1471=EDGE_LOOP('',(#158,#159,#160,#161));
#1472=EDGE_LOOP('',(#162,#163,#164,#165));
#1473=EDGE_LOOP('',(#166,#167,#168,#169));
#1474=EDGE_LOOP('',(#170,#171,#172,#173));
#1475=EDGE_LOOP('',(#174,#175,#176,#177));
#1476=EDGE_LOOP('',(#178,#179,#180,#181));
#1477=EDGE_LOOP('',(#182,#183,#184,#185));
#1478=EDGE_LOOP('',(#186,#187,#188,#189));
#1479=EDGE_LOOP('',(#190,#191,#192,#193));
#1480=EDGE_LOOP('',(#194,#195,#196,#197));
#1481=EDGE_LOOP('',(#198,#199,#200,#201));
#1482=EDGE_LOOP('',(#202,#203,#204,#205));
#1483=EDGE_LOOP('',(#206,#207,#208,#209));
#1484=EDGE_LOOP('',(#210,#211,#212,#213));
#1485=EDGE_LOOP('',(#214,#215,#216,#217));
#1486=EDGE_LOOP('',(#218,#219,#220,#221));
#1487=EDGE_LOOP('',(#222,#223,#224,#225));
#1488=EDGE_LOOP('',(#226,#227,#228,#229));
#1489=EDGE_LOOP('',(#230,#231,#232,#233));
#1490=EDGE_LOOP('',(#234,#235,#236,#237));
#1491=EDGE_LOOP('',(#238,#239,#240,#241));
#1492=EDGE_LOOP('',(#242,#243,#244,#245));
#1493=EDGE_LOOP('',(#246,#247,#248,#249));
#1494=EDGE_LOOP('',(#250,#251,#252,#253));
#1495=EDGE_LOOP('',(#254,#255,#256,#257));
#1496=EDGE_LOOP('',(#258,#259,#260,#261));
#1497=EDGE_LOOP('',(#262,#263,#264,#265));
#1498=EDGE_LOOP('',(#266,#267,#268,#269));
#1499=EDGE_LOOP('',(#270,#271,#272,#273));
#1500=EDGE_LOOP('',(#274,#275,#276,#277));
#1501=EDGE_LOOP('',(#278,#279,#280,#281));
#1502=EDGE_LOOP('',(#282,#283,#284,#285));
#1503=EDGE_LOOP('',(#286,#287,#288,#289));
#1504=EDGE_LOOP('',(#290,#291,#292,#293));
#1505=EDGE_LOOP('',(#294,#295,#296,#297));
#1506=EDGE_LOOP('',(#298,#299,#300,#301));
#1507=EDGE_LOOP('',(#302,#303,#304,#305));
#1508=EDGE_LOOP('',(#306,#307,#308,#309));
#1509=EDGE_LOOP('',(#310,#311,#312,#313));
#1510=EDGE_LOOP('',(#314,#315,#316,#317));
#1511=EDGE_LOOP('',(#318,#319,#320,#321));
#1512=EDGE_LOOP('',(#322,#323,#324,#325));
#1513=EDGE_LOOP('',(#326,#327,#328,#329));
#1514=EDGE_LOOP('',(#330,#331,#332,#333));
#1515=EDGE_LOOP('',(#334,#335,#336,#337));
#1516=EDGE_LOOP('',(#338,#339,#340,#341));
#1517=EDGE_LOOP('',(#342,#343,#344,#345));
#1518=EDGE_LOOP('',(#346,#347,#348,#349));
#1519=EDGE_LOOP('',(#350,#351,#352,#353));
#1520=EDGE_LOOP('',(#354,#355,#356,#357));
#1521=EDGE_LOOP('',(#358,#359,#360,#361));
#1522=EDGE_LOOP('',(#362,#363,#364,#365));
#1523=EDGE_LOOP('',(#366,#367,#368,#369));
#1524=EDGE_LOOP('',(#370,#371,#372,#373));
#1525=EDGE_LOOP('',(#374,#375,#376,#377));
#1526=EDGE_LOOP('',(#378,#379,#380,#381));
#1527=EDGE_LOOP('',(#382,#383,#384,#385));
#1528=EDGE_LOOP('',(#386,#387,#388,#389));
#1529=EDGE_LOOP('',(#390,#391,#392,#393));
#1530=EDGE_LOOP('',(#394,#395,#396,#397));
#1531=EDGE_LOOP('',(#398,#399,#400,#401));
#1532=EDGE_LOOP('',(#402,#403,#404,#405));
#1533=EDGE_LOOP('',(#406,#407,#408,#409));
#1534=EDGE_LOOP('',(#410,#411,#412,#413));
#1535=EDGE_LOOP('',(#414,#415,#416,#417));
#1536=EDGE_LOOP('',(#418,#419,#420,#421));
#1537=EDGE_LOOP('',(#422,#423,#424,#425));
#1538=EDGE_LOOP('',(#426,#427,#428,#429));
#1539=EDGE_LOOP('',(#430,#431,#432,#433));
#1540=EDGE_LOOP('',(#434,#435,#436,#437));
#1541=EDGE_LOOP('',(#438,#439,#440,#441));
#1542=EDGE_LOOP('',(#442,#443,#444,#445));
#1543=EDGE_LOOP('',(#446,#447,#448,#449));
#1544=EDGE_LOOP('',(#450,#451,#452,#453));
#1545=EDGE_LOOP('',(#454,#455,#456,#457));
#1546=EDGE_LOOP('',(#458,#459,#460,#461));
#1547=EDGE_LOOP('',(#462,#463,#464,#465));
#1548=EDGE_LOOP('',(#466,#467,#468,#469));
#1549=EDGE_LOOP('',(#470,#471,#472,#473));
#1550=EDGE_LOOP('',(#474,#475,#476,#477));
#1551=EDGE_LOOP('',(#478,#479,#480,#481));
#1552=EDGE_LOOP('',(#482,#483,#484,#485));
#1553=EDGE_LOOP('',(#486,#487,#488,#489));
#1554=EDGE_LOOP('',(#490,#491,#492,#493));
#1555=EDGE_LOOP('',(#494,#495,#496,#497));
#1556=EDGE_LOOP('',(#498,#499,#500,#501));
#1557=EDGE_LOOP('',(#502,#503,#504,#505));
#1558=EDGE_LOOP('',(#506,#507,#508,#509));
#1559=EDGE_LOOP('',(#510,#511,#512,#513));
#1560=EDGE_LOOP('',(#514,#515,#516,#517));
#1561=EDGE_LOOP('',(#518,#519,#520,#521));
#1562=EDGE_LOOP('',(#522,#523,#524,#525));
#1563=EDGE_LOOP('',(#526,#527,#528,#529));
#1564=EDGE_LOOP('',(#530,#531,#532,#533));
#1565=EDGE_LOOP('',(#534,#535,#536,#537));
#1566=EDGE_LOOP('',(#538,#539,#540,#541));
#1567=EDGE_LOOP('',(#542,#543,#544,#545));
#1568=EDGE_LOOP('',(#546,#547,#548,#549));
#1569=EDGE_LOOP('',(#550,#551,#552,#553));
#1570=EDGE_LOOP('',(#554,#555,#556,#557));
#1571=EDGE_LOOP('',(#558,#559,#560,#561));
#1572=EDGE_LOOP('',(#562,#563,#564,#565));
#1573=EDGE_LOOP('',(#566,#567,#568,#569));
#1574=EDGE_LOOP('',(#570,#571,#572,#573));
#1575=EDGE_LOOP('',(#574,#575,#576,#577));
#1576=EDGE_LOOP('',(#578,#579,#580,#581));
#1577=EDGE_LOOP('',(#582,#583,#584,#585));
#1578=EDGE_LOOP('',(#586,#587,#588,#589));
#1579=EDGE_LOOP('',(#590,#591,#592,#593));
#1580=EDGE_LOOP('',(#594,#595,#596,#597));
#1581=EDGE_LOOP('',(#598,#599,#600,#601));
#1582=EDGE_LOOP('',(#602,#603,#604,#605));
#1583=EDGE_LOOP('',(#606,#607,#608,#609));
#1584=EDGE_LOOP('',(#610,#611,#612,#613));
#1585=EDGE_LOOP('',(#614,#615,#616,#617));
#1586=EDGE_LOOP('',(#618,#619,#620,#621));
#1587=EDGE_LOOP('',(#622,#623,#624,#625));
#1588=EDGE_LOOP('',(#626,#627,#628,#629));
#1589=EDGE_LOOP('',(#630,#631,#632,#633));
#1590=EDGE_LOOP('',(#634,#635,#636,#637));
#1591=EDGE_LOOP('',(#638,#639,#640,#641));
#1592=EDGE_LOOP('',(#642,#643,#644,#645));
#1593=EDGE_LOOP('',(#646,#647,#648,#649));
#1594=EDGE_LOOP('',(#650,#651,#652,#653));
#1595=EDGE_LOOP('',(#654,#655,#656,#657));
#1596=EDGE_LOOP('',(#658,#659,#660,#661));
#1597=EDGE_LOOP('',(#662,#663,#664,#665));
#1598=FACE_BOUND('',#1466,.T.);
#1599=FACE_BOUND('',#1467,.T.);
#1600=FACE_BOUND('',#1468,.T.);
#1601=FACE_BOUND('',#1469,.T.);
#1602=FACE_BOUND('',#1470,.T.);
#1603=FACE_BOUND('',#1471,.T.);
#1604=FACE_BOUND('',#1472,.T.);
#1605=FACE_BOUND('',#1473,.T.);
#1606=FACE_BOUND('',#1474,.T.);
#1607=FACE_BOUND('',#1475,.T.);
#1608=FACE_BOUND('',#1476,.T.);
#1609=FACE_BOUND('',#1477,.T.);
#1610=FACE_BOUND('',#1478,.T.);
#1611=FACE_BOUND('',#1479,.T.);
#1612=FACE_BOUND('',#1480,.T.);
#1613=FACE_BOUND('',#1481,.T.);
#1614=FACE_BOUND('',#1482,.T.);
#1615=FACE_BOUND('',#1483,.T.);
#1616=FACE_BOUND('',#1484,.T.);
#1617=FACE_BOUND('',#1485,.T.);
#1618=FACE_BOUND('',#1486,.T.);
#1619=FACE_BOUND('',#1487,.T.);
#1620=FACE_BOUND('',#1488,.T.);
#1621=FACE_BOUND('',#1489,.T.);
#1622=FACE_BOUND('',#1490,.T.);
#1623=FACE_BOUND('',#1491,.T.);
#1624=FACE_BOUND('',#1492,.T.);
#1625=FACE_BOUND('',#1493,.T.);
#1626=FACE_BOUND('',#1494,.T.);
#1627=FACE_BOUND('',#1495,.T.);
#1628=FACE_BOUND('',#1496,.T.);
#1629=FACE_BOUND('',#1497,.T.);
#1630=FACE_BOUND('',#1498,.T.);
#1631=FACE_BOUND('',#1499,.T.);
#1632=FACE_BOUND('',#1500,.T.);
#1633=FACE_BOUND('',#1501,.T.);
#1634=FACE_BOUND('',#1502,.T.);
#1635=FACE_BOUND('',#1503,.T.);
#1636=FACE_BOUND('',#1504,.T.);
#1637=FACE_BOUND('',#1505,.T.);
#1638=FACE_BOUND('',#1506,.T.);
#1639=FACE_BOUND('',#1507,.T.);
#1640=FACE_BOUND('',#1508,.T.);
#1641=FACE_BOUND('',#1509,.T.);
#1642=FACE_BOUND('',#1510,.T.);
#1643=FACE_BOUND('',#1511,.T.);
#1644=FACE_BOUND('',#1512,.T.);
#1645=FACE_BOUND('',#1513,.T.);
#1646=FACE_BOUND('',#1514,.T.);
#1647=FACE_BOUND('',#1515,.T.);
#1648=FACE_BOUND('',#1516,.T.);
#1649=FACE_BOUND('',#1517,.T.);
#1650=FACE_BOUND('',#1518,.T.);
#1651=FACE_BOUND('',#1519,.T.);
#1652=FACE_BOUND('',#1520,.T.);
#1653=FACE_BOUND('',#1521,.T.);
#1654=FACE_BOUND('',#1522,.T.);
#1655=FACE_BOUND('',#1523,.T.);
#1656=FACE_BOUND('',#1524,.T.);
#1657=FACE_BOUND('',#1525,.T.);
#1658=FACE_BOUND('',#1526,.T.);
#1659=FACE_BOUND('',#1527,.T.);
#1660=FACE_BOUND('',#1528,.T.);
#1661=FACE_BOUND('',#1529,.T.);
#1662=FACE_BOUND('',#1530,.T.);
#1663=FACE_BOUND('',#1531,.T.);
#1664=FACE_BOUND('',#1532,.T.);
#1665=FACE_BOUND('',#1533,.T.);
#1666=FACE_BOUND('',#1534,.T.);
#1667=FACE_BOUND('',#1535,.T.);
#1668=FACE_BOUND('',#1536,.T.);
#1669=FACE_BOUND('',#1537,.T.);
#1670=FACE_BOUND('',#1538,.T.);
#1671=FACE_BOUND('',#1539,.T.);
#1672=FACE_BOUND('',#1540,.T.);
#1673=FACE_BOUND('',#1541,.T.);
#1674=FACE_BOUND('',#1542,.T.);
#1675=FACE_BOUND('',#1543,.T.);
#1676=FACE_BOUND('',#1544,.T.);
#1677=FACE_BOUND('',#1545,.T.);
#1678=FACE_BOUND('',#1546,.T.);
#1679=FACE_BOUND('',#1547,.T.);
#1680=FACE_BOUND('',#1548,.T.);
#1681=FACE_BOUND('',#1549,.T.);
#1682=FACE_BOUND('',#1550,.T.);
#1683=FACE_BOUND('',#1551,.T.);
#1684=FACE_BOUND('',#1552,.T.);
#1685=FACE_BOUND('',#1553,.T.);
#1686=FACE_BOUND('',#1554,.T.);
#1687=FACE_BOUND('',#1555,.T.);
#1688=FACE_BOUND('',#1556,.T.);
#1689=FACE_BOUND('',#1557,.T.);
#1690=FACE_BOUND('',#1558,.T.);
#1691=FACE_BOUND('',#1559,.T.);
#1692=FACE_BOUND('',#1560,.T.);
#1693=FACE_BOUND('',#1561,.T.);
#1694=FACE_BOUND('',#1562,.T.);
#1695=FACE_BOUND('',#1563,.T.);
#1696=FACE_BOUND('',#1564,.T.);
#1697=FACE_BOUND('',#1565,.T.);
#1698=FACE_BOUND('',#1566,.T.);
#1699=FACE_BOUND('',#1567,.T.);
#1700=FACE_BOUND('',#1568,.T.);
#1701=FACE_BOUND('',#1569,.T.);
#1702=FACE_BOUND('',#1570,.T.);
#1703=FACE_BOUND('',#1571,.T.);
#1704=FACE_BOUND('',#1572,.T.);
#1705=FACE_BOUND('',#1573,.T.);
#1706=FACE_BOUND('',#1574,.T.);
#1707=FACE_BOUND('',#1575,.T.);
#1708=FACE_BOUND('',#1576,.T.);
#1709=FACE_BOUND('',#1577,.T.);
#1710=FACE_BOUND('',#1578,.T.);
#1711=FACE_BOUND('',#1579,.T.);
#1712=FACE_BOUND('',#1580,.T.);
#1713=FACE_BOUND('',#1581,.T.);
#1714=FACE_BOUND('',#1582,.T.);
#1715=FACE_BOUND('',#1583,.T.);
#1716=FACE_BOUND('',#1584,.T.);
#1717=FACE_BOUND('',#1585,.T.);
#1718=FACE_BOUND('',#1586,.T.);
#1719=FACE_BOUND('',#1587,.T.);
#1720=FACE_BOUND('',#1588,.T.);
#1721=FACE_BOUND('',#1589,.T.);
#1722=FACE_BOUND('',#1590,.T.);
#1723=FACE_BOUND('',#1591,.T.);
#1724=FACE_BOUND('',#1592,.T.);
#1725=FACE_BOUND('',#1593,.T.);
#1726=FACE_BOUND('',#1594,.T.);
#1727=FACE_BOUND('',#1595,.T.);
#1728=FACE_BOUND('',#1596,.T.);
#1729=FACE_BOUND('',#1597,.T.);
#1730=PLANE('',#1881);
#1731=PLANE('',#1924);
#1732=PLANE('',#1967);
#1733=PLANE('',#1968);
#1734=PLANE('',#1969);
#1735=PLANE('',#1970);
#1736=PLANE('',#1971);
#1737=PLANE('',#1973);
#1738=PLANE('',#1975);
#1739=PLANE('',#1977);
#1740=PLANE('',#1979);
#1741=PLANE('',#1981);
#1742=PLANE('',#1983);
#1743=PLANE('',#1985);
#1744=PLANE('',#1987);
#1745=PLANE('',#1989);
#1746=PLANE('',#1991);
#1747=PLANE('',#1993);
#1748=PLANE('',#1995);
#1749=PLANE('',#1997);
#1750=PLANE('',#1999);
#1751=PLANE('',#2001);
#1752=PLANE('',#2003);
#1753=PLANE('',#2005);
#1754=PLANE('',#2007);
#1755=PLANE('',#2009);
#1756=PLANE('',#2011);
#1757=PLANE('',#2013);
#1758=PLANE('',#2015);
#1759=PLANE('',#2017);
#1760=PLANE('',#2019);
#1761=PLANE('',#2021);
#1762=PLANE('',#2023);
#1763=PLANE('',#2025);
#1764=PLANE('',#2027);
#1765=PLANE('',#2029);
#1766=PLANE('',#2031);
#1767=PLANE('',#2033);
#1768=PLANE('',#2035);
#1769=PLANE('',#2037);
#1770=PLANE('',#2039);
#1771=PLANE('',#2041);
#1772=PLANE('',#2043);
#1773=PLANE('',#2045);
#1774=PLANE('',#2047);
#1775=PLANE('',#2049);
#1776=PLANE('',#2052);
#1777=PLANE('',#2054);
#1778=ADVANCED_FACE('',(#1598,#1599,#1600,#1601,#1602,#1603,#1604,#1605,
#1606,#1607,#1608,#1609,#1610,#1611,#1612,#1613,#1614,#1615,#1616,#1617,
#1618,#1619),#1730,.F.);
#1779=ADVANCED_FACE('',(#1620,#1621,#1622,#1623,#1624,#1625,#1626,#1627,
#1628,#1629,#1630,#1631,#1632,#1633,#1634,#1635,#1636,#1637,#1638,#1639,
#1640,#1641),#1731,.T.);
#1780=ADVANCED_FACE('',(#1642),#1732,.F.);
#1781=ADVANCED_FACE('',(#1643),#1733,.F.);
#1782=ADVANCED_FACE('',(#1644),#1734,.T.);
#1783=ADVANCED_FACE('',(#1645),#1735,.T.);
#1784=ADVANCED_FACE('',(#1646),#1736,.T.);
#1785=ADVANCED_FACE('',(#1647),#12,.F.);
#1786=ADVANCED_FACE('',(#1648),#1737,.F.);
#1787=ADVANCED_FACE('',(#1649),#13,.F.);
#1788=ADVANCED_FACE('',(#1650),#1738,.T.);
#1789=ADVANCED_FACE('',(#1651),#14,.F.);
#1790=ADVANCED_FACE('',(#1652),#1739,.F.);
#1791=ADVANCED_FACE('',(#1653),#15,.F.);
#1792=ADVANCED_FACE('',(#1654),#1740,.T.);
#1793=ADVANCED_FACE('',(#1655),#16,.F.);
#1794=ADVANCED_FACE('',(#1656),#1741,.F.);
#1795=ADVANCED_FACE('',(#1657),#17,.F.);
#1796=ADVANCED_FACE('',(#1658),#1742,.T.);
#1797=ADVANCED_FACE('',(#1659),#18,.F.);
#1798=ADVANCED_FACE('',(#1660),#1743,.F.);
#1799=ADVANCED_FACE('',(#1661),#19,.F.);
#1800=ADVANCED_FACE('',(#1662),#1744,.T.);
#1801=ADVANCED_FACE('',(#1663),#20,.F.);
#1802=ADVANCED_FACE('',(#1664),#1745,.F.);
#1803=ADVANCED_FACE('',(#1665),#21,.F.);
#1804=ADVANCED_FACE('',(#1666),#1746,.T.);
#1805=ADVANCED_FACE('',(#1667),#22,.F.);
#1806=ADVANCED_FACE('',(#1668),#1747,.F.);
#1807=ADVANCED_FACE('',(#1669),#23,.F.);
#1808=ADVANCED_FACE('',(#1670),#1748,.T.);
#1809=ADVANCED_FACE('',(#1671),#24,.F.);
#1810=ADVANCED_FACE('',(#1672),#1749,.F.);
#1811=ADVANCED_FACE('',(#1673),#25,.F.);
#1812=ADVANCED_FACE('',(#1674),#1750,.T.);
#1813=ADVANCED_FACE('',(#1675),#26,.F.);
#1814=ADVANCED_FACE('',(#1676),#1751,.F.);
#1815=ADVANCED_FACE('',(#1677),#27,.F.);
#1816=ADVANCED_FACE('',(#1678),#1752,.T.);
#1817=ADVANCED_FACE('',(#1679),#28,.F.);
#1818=ADVANCED_FACE('',(#1680),#1753,.F.);
#1819=ADVANCED_FACE('',(#1681),#29,.F.);
#1820=ADVANCED_FACE('',(#1682),#1754,.T.);
#1821=ADVANCED_FACE('',(#1683),#30,.F.);
#1822=ADVANCED_FACE('',(#1684),#1755,.F.);
#1823=ADVANCED_FACE('',(#1685),#31,.F.);
#1824=ADVANCED_FACE('',(#1686),#1756,.T.);
#1825=ADVANCED_FACE('',(#1687),#32,.F.);
#1826=ADVANCED_FACE('',(#1688),#1757,.F.);
#1827=ADVANCED_FACE('',(#1689),#33,.F.);
#1828=ADVANCED_FACE('',(#1690),#1758,.T.);
#1829=ADVANCED_FACE('',(#1691),#34,.F.);
#1830=ADVANCED_FACE('',(#1692),#1759,.F.);
#1831=ADVANCED_FACE('',(#1693),#35,.F.);
#1832=ADVANCED_FACE('',(#1694),#1760,.T.);
#1833=ADVANCED_FACE('',(#1695),#36,.F.);
#1834=ADVANCED_FACE('',(#1696),#1761,.F.);
#1835=ADVANCED_FACE('',(#1697),#37,.F.);
#1836=ADVANCED_FACE('',(#1698),#1762,.T.);
#1837=ADVANCED_FACE('',(#1699),#38,.F.);
#1838=ADVANCED_FACE('',(#1700),#1763,.F.);
#1839=ADVANCED_FACE('',(#1701),#39,.F.);
#1840=ADVANCED_FACE('',(#1702),#1764,.T.);
#1841=ADVANCED_FACE('',(#1703),#40,.F.);
#1842=ADVANCED_FACE('',(#1704),#1765,.F.);
#1843=ADVANCED_FACE('',(#1705),#41,.F.);
#1844=ADVANCED_FACE('',(#1706),#1766,.T.);
#1845=ADVANCED_FACE('',(#1707),#42,.F.);
#1846=ADVANCED_FACE('',(#1708),#1767,.F.);
#1847=ADVANCED_FACE('',(#1709),#43,.F.);
#1848=ADVANCED_FACE('',(#1710),#1768,.T.);
#1849=ADVANCED_FACE('',(#1711),#44,.F.);
#1850=ADVANCED_FACE('',(#1712),#1769,.F.);
#1851=ADVANCED_FACE('',(#1713),#45,.F.);
#1852=ADVANCED_FACE('',(#1714),#1770,.T.);
#1853=ADVANCED_FACE('',(#1715),#46,.F.);
#1854=ADVANCED_FACE('',(#1716),#1771,.F.);
#1855=ADVANCED_FACE('',(#1717),#47,.F.);
#1856=ADVANCED_FACE('',(#1718),#1772,.T.);
#1857=ADVANCED_FACE('',(#1719),#48,.F.);
#1858=ADVANCED_FACE('',(#1720),#1773,.F.);
#1859=ADVANCED_FACE('',(#1721),#49,.F.);
#1860=ADVANCED_FACE('',(#1722),#1774,.T.);
#1861=ADVANCED_FACE('',(#1723),#50,.F.);
#1862=ADVANCED_FACE('',(#1724),#1775,.F.);
#1863=ADVANCED_FACE('',(#1725),#51,.F.);
#1864=ADVANCED_FACE('',(#1726),#52,.F.);
#1865=ADVANCED_FACE('',(#1727),#1776,.F.);
#1866=ADVANCED_FACE('',(#1728),#53,.F.);
#1867=ADVANCED_FACE('',(#1729),#1777,.T.);
#1868=CLOSED_SHELL('',(#1778,#1779,#1780,#1781,#1782,#1783,#1784,#1785,
#1786,#1787,#1788,#1789,#1790,#1791,#1792,#1793,#1794,#1795,#1796,#1797,
#1798,#1799,#1800,#1801,#1802,#1803,#1804,#1805,#1806,#1807,#1808,#1809,
#1810,#1811,#1812,#1813,#1814,#1815,#1816,#1817,#1818,#1819,#1820,#1821,
#1822,#1823,#1824,#1825,#1826,#1827,#1828,#1829,#1830,#1831,#1832,#1833,
#1834,#1835,#1836,#1837,#1838,#1839,#1840,#1841,#1842,#1843,#1844,#1845,
#1846,#1847,#1848,#1849,#1850,#1851,#1852,#1853,#1854,#1855,#1856,#1857,
#1858,#1859,#1860,#1861,#1862,#1863,#1864,#1865,#1866,#1867));
#1869=STYLED_ITEM('',(#1870),#1877);
#1870=PRESENTATION_STYLE_ASSIGNMENT((#1871));
#1871=SURFACE_STYLE_USAGE(.BOTH.,#1872);
#1872=SURFACE_SIDE_STYLE('',(#1873));
#1873=SURFACE_STYLE_FILL_AREA(#1874);
#1874=FILL_AREA_STYLE('',(#1875));
#1875=FILL_AREA_STYLE_COLOUR('',#1876);
#1876=COLOUR_RGB('',0.917647058823529,0.917647058823529,0.917647058823529);
#1877=MANIFOLD_SOLID_BREP('heater cap 1',#1868);
#1878=SHAPE_DEFINITION_REPRESENTATION(#3122,#1879);
#1879=SHAPE_REPRESENTATION('heater cap 1',(#1880),#3117);
#1880=AXIS2_PLACEMENT_3D('',#2585,#2055,#2056);
#1881=AXIS2_PLACEMENT_3D('',#2586,#2057,#2058);
#1882=AXIS2_PLACEMENT_3D('',#2598,#2064,#2065);
#1883=AXIS2_PLACEMENT_3D('',#2602,#2067,#2068);
#1884=AXIS2_PLACEMENT_3D('',#2606,#2070,#2071);
#1885=AXIS2_PLACEMENT_3D('',#2610,#2073,#2074);
#1886=AXIS2_PLACEMENT_3D('',#2614,#2076,#2077);
#1887=AXIS2_PLACEMENT_3D('',#2618,#2079,#2080);
#1888=AXIS2_PLACEMENT_3D('',#2622,#2082,#2083);
#1889=AXIS2_PLACEMENT_3D('',#2626,#2085,#2086);
#1890=AXIS2_PLACEMENT_3D('',#2630,#2088,#2089);
#1891=AXIS2_PLACEMENT_3D('',#2634,#2091,#2092);
#1892=AXIS2_PLACEMENT_3D('',#2638,#2094,#2095);
#1893=AXIS2_PLACEMENT_3D('',#2642,#2097,#2098);
#1894=AXIS2_PLACEMENT_3D('',#2646,#2100,#2101);
#1895=AXIS2_PLACEMENT_3D('',#2650,#2103,#2104);
#1896=AXIS2_PLACEMENT_3D('',#2654,#2106,#2107);
#1897=AXIS2_PLACEMENT_3D('',#2658,#2109,#2110);
#1898=AXIS2_PLACEMENT_3D('',#2662,#2112,#2113);
#1899=AXIS2_PLACEMENT_3D('',#2666,#2115,#2116);
#1900=AXIS2_PLACEMENT_3D('',#2670,#2118,#2119);
#1901=AXIS2_PLACEMENT_3D('',#2674,#2121,#2122);
#1902=AXIS2_PLACEMENT_3D('',#2678,#2124,#2125);
#1903=AXIS2_PLACEMENT_3D('',#2682,#2127,#2128);
#1904=AXIS2_PLACEMENT_3D('',#2686,#2130,#2131);
#1905=AXIS2_PLACEMENT_3D('',#2690,#2133,#2134);
#1906=AXIS2_PLACEMENT_3D('',#2694,#2136,#2137);
#1907=AXIS2_PLACEMENT_3D('',#2698,#2139,#2140);
#1908=AXIS2_PLACEMENT_3D('',#2702,#2142,#2143);
#1909=AXIS2_PLACEMENT_3D('',#2706,#2145,#2146);
#1910=AXIS2_PLACEMENT_3D('',#2710,#2148,#2149);
#1911=AXIS2_PLACEMENT_3D('',#2714,#2151,#2152);
#1912=AXIS2_PLACEMENT_3D('',#2718,#2154,#2155);
#1913=AXIS2_PLACEMENT_3D('',#2722,#2157,#2158);
#1914=AXIS2_PLACEMENT_3D('',#2726,#2160,#2161);
#1915=AXIS2_PLACEMENT_3D('',#2730,#2163,#2164);
#1916=AXIS2_PLACEMENT_3D('',#2734,#2166,#2167);
#1917=AXIS2_PLACEMENT_3D('',#2738,#2169,#2170);
#1918=AXIS2_PLACEMENT_3D('',#2742,#2172,#2173);
#1919=AXIS2_PLACEMENT_3D('',#2746,#2175,#2176);
#1920=AXIS2_PLACEMENT_3D('',#2750,#2178,#2179);
#1921=AXIS2_PLACEMENT_3D('',#2754,#2181,#2182);
#1922=AXIS2_PLACEMENT_3D('',#2758,#2184,#2185);
#1923=AXIS2_PLACEMENT_3D('',#2762,#2187,#2188);
#1924=AXIS2_PLACEMENT_3D('',#2763,#2189,#2190);
#1925=AXIS2_PLACEMENT_3D('',#2764,#2191,#2192);
#1926=AXIS2_PLACEMENT_3D('',#2769,#2194,#2195);
#1927=AXIS2_PLACEMENT_3D('',#2772,#2197,#2198);
#1928=AXIS2_PLACEMENT_3D('',#2777,#2200,#2201);
#1929=AXIS2_PLACEMENT_3D('',#2780,#2203,#2204);
#1930=AXIS2_PLACEMENT_3D('',#2785,#2206,#2207);
#1931=AXIS2_PLACEMENT_3D('',#2788,#2209,#2210);
#1932=AXIS2_PLACEMENT_3D('',#2793,#2212,#2213);
#1933=AXIS2_PLACEMENT_3D('',#2796,#2215,#2216);
#1934=AXIS2_PLACEMENT_3D('',#2801,#2218,#2219);
#1935=AXIS2_PLACEMENT_3D('',#2804,#2221,#2222);
#1936=AXIS2_PLACEMENT_3D('',#2809,#2224,#2225);
#1937=AXIS2_PLACEMENT_3D('',#2812,#2227,#2228);
#1938=AXIS2_PLACEMENT_3D('',#2817,#2230,#2231);
#1939=AXIS2_PLACEMENT_3D('',#2820,#2233,#2234);
#1940=AXIS2_PLACEMENT_3D('',#2825,#2236,#2237);
#1941=AXIS2_PLACEMENT_3D('',#2828,#2239,#2240);
#1942=AXIS2_PLACEMENT_3D('',#2833,#2242,#2243);
#1943=AXIS2_PLACEMENT_3D('',#2836,#2245,#2246);
#1944=AXIS2_PLACEMENT_3D('',#2841,#2248,#2249);
#1945=AXIS2_PLACEMENT_3D('',#2852,#2255,#2256);
#1946=AXIS2_PLACEMENT_3D('',#2857,#2258,#2259);
#1947=AXIS2_PLACEMENT_3D('',#2860,#2261,#2262);
#1948=AXIS2_PLACEMENT_3D('',#2865,#2264,#2265);
#1949=AXIS2_PLACEMENT_3D('',#2868,#2267,#2268);
#1950=AXIS2_PLACEMENT_3D('',#2873,#2270,#2271);
#1951=AXIS2_PLACEMENT_3D('',#2876,#2273,#2274);
#1952=AXIS2_PLACEMENT_3D('',#2881,#2276,#2277);
#1953=AXIS2_PLACEMENT_3D('',#2884,#2279,#2280);
#1954=AXIS2_PLACEMENT_3D('',#2889,#2282,#2283);
#1955=AXIS2_PLACEMENT_3D('',#2892,#2285,#2286);
#1956=AXIS2_PLACEMENT_3D('',#2897,#2288,#2289);
#1957=AXIS2_PLACEMENT_3D('',#2900,#2291,#2292);
#1958=AXIS2_PLACEMENT_3D('',#2905,#2294,#2295);
#1959=AXIS2_PLACEMENT_3D('',#2908,#2297,#2298);
#1960=AXIS2_PLACEMENT_3D('',#2913,#2300,#2301);
#1961=AXIS2_PLACEMENT_3D('',#2916,#2303,#2304);
#1962=AXIS2_PLACEMENT_3D('',#2921,#2306,#2307);
#1963=AXIS2_PLACEMENT_3D('',#2924,#2309,#2310);
#1964=AXIS2_PLACEMENT_3D('',#2929,#2312,#2313);
#1965=AXIS2_PLACEMENT_3D('',#2932,#2315,#2316);
#1966=AXIS2_PLACEMENT_3D('',#2937,#2318,#2319);
#1967=AXIS2_PLACEMENT_3D('',#2940,#2321,#2322);
#1968=AXIS2_PLACEMENT_3D('',#2943,#2325,#2326);
#1969=AXIS2_PLACEMENT_3D('',#2945,#2328,#2329);
#1970=AXIS2_PLACEMENT_3D('',#2947,#2331,#2332);
#1971=AXIS2_PLACEMENT_3D('',#2948,#2333,#2334);
#1972=AXIS2_PLACEMENT_3D('',#2951,#2337,#2338);
#1973=AXIS2_PLACEMENT_3D('',#2953,#2340,#2341);
#1974=AXIS2_PLACEMENT_3D('',#2955,#2343,#2344);
#1975=AXIS2_PLACEMENT_3D('',#2956,#2345,#2346);
#1976=AXIS2_PLACEMENT_3D('',#2959,#2349,#2350);
#1977=AXIS2_PLACEMENT_3D('',#2961,#2352,#2353);
#1978=AXIS2_PLACEMENT_3D('',#2963,#2355,#2356);
#1979=AXIS2_PLACEMENT_3D('',#2964,#2357,#2358);
#1980=AXIS2_PLACEMENT_3D('',#2967,#2361,#2362);
#1981=AXIS2_PLACEMENT_3D('',#2969,#2364,#2365);
#1982=AXIS2_PLACEMENT_3D('',#2971,#2367,#2368);
#1983=AXIS2_PLACEMENT_3D('',#2972,#2369,#2370);
#1984=AXIS2_PLACEMENT_3D('',#2975,#2373,#2374);
#1985=AXIS2_PLACEMENT_3D('',#2977,#2376,#2377);
#1986=AXIS2_PLACEMENT_3D('',#2979,#2379,#2380);
#1987=AXIS2_PLACEMENT_3D('',#2980,#2381,#2382);
#1988=AXIS2_PLACEMENT_3D('',#2983,#2385,#2386);
#1989=AXIS2_PLACEMENT_3D('',#2985,#2388,#2389);
#1990=AXIS2_PLACEMENT_3D('',#2987,#2391,#2392);
#1991=AXIS2_PLACEMENT_3D('',#2988,#2393,#2394);
#1992=AXIS2_PLACEMENT_3D('',#2991,#2397,#2398);
#1993=AXIS2_PLACEMENT_3D('',#2993,#2400,#2401);
#1994=AXIS2_PLACEMENT_3D('',#2995,#2403,#2404);
#1995=AXIS2_PLACEMENT_3D('',#2996,#2405,#2406);
#1996=AXIS2_PLACEMENT_3D('',#2999,#2409,#2410);
#1997=AXIS2_PLACEMENT_3D('',#3001,#2412,#2413);
#1998=AXIS2_PLACEMENT_3D('',#3003,#2415,#2416);
#1999=AXIS2_PLACEMENT_3D('',#3004,#2417,#2418);
#2000=AXIS2_PLACEMENT_3D('',#3007,#2421,#2422);
#2001=AXIS2_PLACEMENT_3D('',#3009,#2424,#2425);
#2002=AXIS2_PLACEMENT_3D('',#3011,#2427,#2428);
#2003=AXIS2_PLACEMENT_3D('',#3012,#2429,#2430);
#2004=AXIS2_PLACEMENT_3D('',#3015,#2433,#2434);
#2005=AXIS2_PLACEMENT_3D('',#3017,#2436,#2437);
#2006=AXIS2_PLACEMENT_3D('',#3019,#2439,#2440);
#2007=AXIS2_PLACEMENT_3D('',#3020,#2441,#2442);
#2008=AXIS2_PLACEMENT_3D('',#3023,#2445,#2446);
#2009=AXIS2_PLACEMENT_3D('',#3025,#2448,#2449);
#2010=AXIS2_PLACEMENT_3D('',#3027,#2451,#2452);
#2011=AXIS2_PLACEMENT_3D('',#3028,#2453,#2454);
#2012=AXIS2_PLACEMENT_3D('',#3031,#2457,#2458);
#2013=AXIS2_PLACEMENT_3D('',#3033,#2460,#2461);
#2014=AXIS2_PLACEMENT_3D('',#3035,#2463,#2464);
#2015=AXIS2_PLACEMENT_3D('',#3036,#2465,#2466);
#2016=AXIS2_PLACEMENT_3D('',#3039,#2469,#2470);
#2017=AXIS2_PLACEMENT_3D('',#3041,#2472,#2473);
#2018=AXIS2_PLACEMENT_3D('',#3043,#2475,#2476);
#2019=AXIS2_PLACEMENT_3D('',#3044,#2477,#2478);
#2020=AXIS2_PLACEMENT_3D('',#3047,#2481,#2482);
#2021=AXIS2_PLACEMENT_3D('',#3049,#2484,#2485);
#2022=AXIS2_PLACEMENT_3D('',#3051,#2487,#2488);
#2023=AXIS2_PLACEMENT_3D('',#3052,#2489,#2490);
#2024=AXIS2_PLACEMENT_3D('',#3055,#2493,#2494);
#2025=AXIS2_PLACEMENT_3D('',#3057,#2496,#2497);
#2026=AXIS2_PLACEMENT_3D('',#3059,#2499,#2500);
#2027=AXIS2_PLACEMENT_3D('',#3060,#2501,#2502);
#2028=AXIS2_PLACEMENT_3D('',#3063,#2505,#2506);
#2029=AXIS2_PLACEMENT_3D('',#3065,#2508,#2509);
#2030=AXIS2_PLACEMENT_3D('',#3067,#2511,#2512);
#2031=AXIS2_PLACEMENT_3D('',#3068,#2513,#2514);
#2032=AXIS2_PLACEMENT_3D('',#3071,#2517,#2518);
#2033=AXIS2_PLACEMENT_3D('',#3073,#2520,#2521);
#2034=AXIS2_PLACEMENT_3D('',#3075,#2523,#2524);
#2035=AXIS2_PLACEMENT_3D('',#3076,#2525,#2526);
#2036=AXIS2_PLACEMENT_3D('',#3079,#2529,#2530);
#2037=AXIS2_PLACEMENT_3D('',#3081,#2532,#2533);
#2038=AXIS2_PLACEMENT_3D('',#3083,#2535,#2536);
#2039=AXIS2_PLACEMENT_3D('',#3084,#2537,#2538);
#2040=AXIS2_PLACEMENT_3D('',#3087,#2541,#2542);
#2041=AXIS2_PLACEMENT_3D('',#3089,#2544,#2545);
#2042=AXIS2_PLACEMENT_3D('',#3091,#2547,#2548);
#2043=AXIS2_PLACEMENT_3D('',#3092,#2549,#2550);
#2044=AXIS2_PLACEMENT_3D('',#3095,#2553,#2554);
#2045=AXIS2_PLACEMENT_3D('',#3097,#2556,#2557);
#2046=AXIS2_PLACEMENT_3D('',#3099,#2559,#2560);
#2047=AXIS2_PLACEMENT_3D('',#3100,#2561,#2562);
#2048=AXIS2_PLACEMENT_3D('',#3103,#2565,#2566);
#2049=AXIS2_PLACEMENT_3D('',#3105,#2568,#2569);
#2050=AXIS2_PLACEMENT_3D('',#3107,#2571,#2572);
#2051=AXIS2_PLACEMENT_3D('',#3108,#2573,#2574);
#2052=AXIS2_PLACEMENT_3D('',#3111,#2577,#2578);
#2053=AXIS2_PLACEMENT_3D('',#3113,#2580,#2581);
#2054=AXIS2_PLACEMENT_3D('',#3115,#2583,#2584);
#2055=DIRECTION('',(0.,0.,1.));
#2056=DIRECTION('',(1.,0.,0.));
#2057=DIRECTION('',(0.,0.,1.));
#2058=DIRECTION('',(1.,0.,0.));
#2059=DIRECTION('',(0.,-1.,0.));
#2060=DIRECTION('',(1.,0.,0.));
#2061=DIRECTION('',(0.,-1.,0.));
#2062=DIRECTION('',(1.,0.,0.));
#2063=DIRECTION('',(0.,-1.,0.));
#2064=DIRECTION('',(0.,0.,1.));
#2065=DIRECTION('',(1.,0.,0.));
#2066=DIRECTION('',(0.,-1.,0.));
#2067=DIRECTION('',(0.,0.,1.));
#2068=DIRECTION('',(1.,0.,0.));
#2069=DIRECTION('',(0.,-1.,0.));
#2070=DIRECTION('',(0.,0.,1.));
#2071=DIRECTION('',(1.,0.,0.));
#2072=DIRECTION('',(0.,-1.,0.));
#2073=DIRECTION('',(0.,0.,1.));
#2074=DIRECTION('',(1.,0.,0.));
#2075=DIRECTION('',(0.,-1.,0.));
#2076=DIRECTION('',(0.,0.,1.));
#2077=DIRECTION('',(1.,0.,0.));
#2078=DIRECTION('',(0.,-1.,0.));
#2079=DIRECTION('',(0.,0.,1.));
#2080=DIRECTION('',(1.,0.,0.));
#2081=DIRECTION('',(0.,-1.,0.));
#2082=DIRECTION('',(0.,0.,1.));
#2083=DIRECTION('',(1.,0.,0.));
#2084=DIRECTION('',(0.,-1.,0.));
#2085=DIRECTION('',(0.,0.,1.));
#2086=DIRECTION('',(1.,0.,0.));
#2087=DIRECTION('',(0.,-1.,0.));
#2088=DIRECTION('',(0.,0.,1.));
#2089=DIRECTION('',(1.,0.,0.));
#2090=DIRECTION('',(0.,-1.,0.));
#2091=DIRECTION('',(0.,0.,1.));
#2092=DIRECTION('',(1.,0.,0.));
#2093=DIRECTION('',(0.,-1.,0.));
#2094=DIRECTION('',(0.,0.,1.));
#2095=DIRECTION('',(1.,0.,0.));
#2096=DIRECTION('',(0.,-1.,0.));
#2097=DIRECTION('',(0.,0.,1.));
#2098=DIRECTION('',(1.,0.,0.));
#2099=DIRECTION('',(0.,-1.,0.));
#2100=DIRECTION('',(0.,0.,1.));
#2101=DIRECTION('',(1.,0.,0.));
#2102=DIRECTION('',(0.,-1.,0.));
#2103=DIRECTION('',(0.,0.,1.));
#2104=DIRECTION('',(1.,0.,0.));
#2105=DIRECTION('',(0.,-1.,0.));
#2106=DIRECTION('',(0.,0.,1.));
#2107=DIRECTION('',(1.,0.,0.));
#2108=DIRECTION('',(0.,-1.,0.));
#2109=DIRECTION('',(0.,0.,1.));
#2110=DIRECTION('',(1.,0.,0.));
#2111=DIRECTION('',(0.,-1.,0.));
#2112=DIRECTION('',(0.,0.,1.));
#2113=DIRECTION('',(1.,0.,0.));
#2114=DIRECTION('',(0.,-1.,0.));
#2115=DIRECTION('',(0.,0.,1.));
#2116=DIRECTION('',(1.,0.,0.));
#2117=DIRECTION('',(0.,-1.,0.));
#2118=DIRECTION('',(0.,0.,1.));
#2119=DIRECTION('',(1.,0.,0.));
#2120=DIRECTION('',(0.,-1.,0.));
#2121=DIRECTION('',(0.,0.,1.));
#2122=DIRECTION('',(1.,0.,0.));
#2123=DIRECTION('',(0.,-1.,0.));
#2124=DIRECTION('',(0.,0.,1.));
#2125=DIRECTION('',(1.,0.,0.));
#2126=DIRECTION('',(0.,-1.,0.));
#2127=DIRECTION('',(0.,0.,1.));
#2128=DIRECTION('',(1.,0.,0.));
#2129=DIRECTION('',(0.,-1.,0.));
#2130=DIRECTION('',(0.,0.,1.));
#2131=DIRECTION('',(1.,0.,0.));
#2132=DIRECTION('',(0.,-1.,0.));
#2133=DIRECTION('',(0.,0.,1.));
#2134=DIRECTION('',(1.,0.,0.));
#2135=DIRECTION('',(0.,-1.,0.));
#2136=DIRECTION('',(0.,0.,1.));
#2137=DIRECTION('',(1.,0.,0.));
#2138=DIRECTION('',(0.,-1.,0.));
#2139=DIRECTION('',(0.,0.,1.));
#2140=DIRECTION('',(1.,0.,0.));
#2141=DIRECTION('',(0.,-1.,0.));
#2142=DIRECTION('',(0.,0.,1.));
#2143=DIRECTION('',(1.,0.,0.));
#2144=DIRECTION('',(0.,-1.,0.));
#2145=DIRECTION('',(0.,0.,1.));
#2146=DIRECTION('',(1.,0.,0.));
#2147=DIRECTION('',(0.,-1.,0.));
#2148=DIRECTION('',(0.,0.,1.));
#2149=DIRECTION('',(1.,0.,0.));
#2150=DIRECTION('',(0.,-1.,0.));
#2151=DIRECTION('',(0.,0.,1.));
#2152=DIRECTION('',(1.,0.,0.));
#2153=DIRECTION('',(0.,-1.,0.));
#2154=DIRECTION('',(0.,0.,1.));
#2155=DIRECTION('',(1.,0.,0.));
#2156=DIRECTION('',(0.,-1.,0.));
#2157=DIRECTION('',(0.,0.,1.));
#2158=DIRECTION('',(1.,0.,0.));
#2159=DIRECTION('',(0.,-1.,0.));
#2160=DIRECTION('',(0.,0.,1.));
#2161=DIRECTION('',(1.,0.,0.));
#2162=DIRECTION('',(0.,-1.,0.));
#2163=DIRECTION('',(0.,0.,1.));
#2164=DIRECTION('',(1.,0.,0.));
#2165=DIRECTION('',(0.,-1.,0.));
#2166=DIRECTION('',(0.,0.,1.));
#2167=DIRECTION('',(1.,0.,0.));
#2168=DIRECTION('',(0.,-1.,0.));
#2169=DIRECTION('',(0.,0.,1.));
#2170=DIRECTION('',(1.,0.,0.));
#2171=DIRECTION('',(0.,-1.,0.));
#2172=DIRECTION('',(0.,0.,1.));
#2173=DIRECTION('',(1.,0.,0.));
#2174=DIRECTION('',(0.,-1.,0.));
#2175=DIRECTION('',(0.,0.,1.));
#2176=DIRECTION('',(1.,0.,0.));
#2177=DIRECTION('',(0.,-1.,0.));
#2178=DIRECTION('',(0.,0.,1.));
#2179=DIRECTION('',(1.,0.,0.));
#2180=DIRECTION('',(0.,-1.,0.));
#2181=DIRECTION('',(0.,0.,1.));
#2182=DIRECTION('',(1.,0.,0.));
#2183=DIRECTION('',(0.,-1.,0.));
#2184=DIRECTION('',(0.,0.,1.));
#2185=DIRECTION('',(1.,0.,0.));
#2186=DIRECTION('',(0.,-1.,0.));
#2187=DIRECTION('',(0.,0.,1.));
#2188=DIRECTION('',(1.,0.,0.));
#2189=DIRECTION('',(0.,0.,1.));
#2190=DIRECTION('',(1.,0.,0.));
#2191=DIRECTION('',(0.,0.,1.));
#2192=DIRECTION('',(1.,0.,0.));
#2193=DIRECTION('',(0.,-1.,0.));
#2194=DIRECTION('',(0.,0.,-1.));
#2195=DIRECTION('',(1.,0.,0.));
#2196=DIRECTION('',(0.,-1.,0.));
#2197=DIRECTION('',(0.,0.,1.));
#2198=DIRECTION('',(1.,0.,0.));
#2199=DIRECTION('',(0.,-1.,0.));
#2200=DIRECTION('',(0.,0.,-1.));
#2201=DIRECTION('',(1.,0.,0.));
#2202=DIRECTION('',(0.,-1.,0.));
#2203=DIRECTION('',(0.,0.,1.));
#2204=DIRECTION('',(1.,0.,0.));
#2205=DIRECTION('',(0.,-1.,0.));
#2206=DIRECTION('',(0.,0.,-1.));
#2207=DIRECTION('',(1.,0.,0.));
#2208=DIRECTION('',(0.,-1.,0.));
#2209=DIRECTION('',(0.,0.,1.));
#2210=DIRECTION('',(1.,0.,0.));
#2211=DIRECTION('',(0.,-1.,0.));
#2212=DIRECTION('',(0.,0.,-1.));
#2213=DIRECTION('',(1.,0.,0.));
#2214=DIRECTION('',(0.,-1.,0.));
#2215=DIRECTION('',(0.,0.,1.));
#2216=DIRECTION('',(1.,0.,0.));
#2217=DIRECTION('',(0.,-1.,0.));
#2218=DIRECTION('',(0.,0.,-1.));
#2219=DIRECTION('',(1.,0.,0.));
#2220=DIRECTION('',(0.,-1.,0.));
#2221=DIRECTION('',(0.,0.,1.));
#2222=DIRECTION('',(1.,0.,0.));
#2223=DIRECTION('',(0.,-1.,0.));
#2224=DIRECTION('',(0.,0.,-1.));
#2225=DIRECTION('',(1.,0.,0.));
#2226=DIRECTION('',(0.,-1.,0.));
#2227=DIRECTION('',(0.,0.,1.));
#2228=DIRECTION('',(1.,0.,0.));
#2229=DIRECTION('',(0.,-1.,0.));
#2230=DIRECTION('',(0.,0.,-1.));
#2231=DIRECTION('',(1.,0.,0.));
#2232=DIRECTION('',(0.,-1.,0.));
#2233=DIRECTION('',(0.,0.,1.));
#2234=DIRECTION('',(1.,0.,0.));
#2235=DIRECTION('',(0.,-1.,0.));
#2236=DIRECTION('',(0.,0.,-1.));
#2237=DIRECTION('',(1.,0.,0.));
#2238=DIRECTION('',(0.,-1.,0.));
#2239=DIRECTION('',(0.,0.,1.));
#2240=DIRECTION('',(1.,0.,0.));
#2241=DIRECTION('',(0.,-1.,0.));
#2242=DIRECTION('',(0.,0.,-1.));
#2243=DIRECTION('',(1.,0.,0.));
#2244=DIRECTION('',(0.,-1.,0.));
#2245=DIRECTION('',(0.,0.,1.));
#2246=DIRECTION('',(1.,0.,0.));
#2247=DIRECTION('',(0.,-1.,0.));
#2248=DIRECTION('',(0.,0.,-1.));
#2249=DIRECTION('',(1.,0.,0.));
#2250=DIRECTION('',(0.,-1.,0.));
#2251=DIRECTION('',(0.,-1.,0.));
#2252=DIRECTION('',(1.,0.,0.));
#2253=DIRECTION('',(0.,-1.,0.));
#2254=DIRECTION('',(1.,0.,0.));
#2255=DIRECTION('',(0.,0.,1.));
#2256=DIRECTION('',(1.,0.,0.));
#2257=DIRECTION('',(0.,-1.,0.));
#2258=DIRECTION('',(0.,0.,-1.));
#2259=DIRECTION('',(1.,0.,0.));
#2260=DIRECTION('',(0.,-1.,0.));
#2261=DIRECTION('',(0.,0.,1.));
#2262=DIRECTION('',(1.,0.,0.));
#2263=DIRECTION('',(0.,-1.,0.));
#2264=DIRECTION('',(0.,0.,-1.));
#2265=DIRECTION('',(1.,0.,0.));
#2266=DIRECTION('',(0.,-1.,0.));
#2267=DIRECTION('',(0.,0.,1.));
#2268=DIRECTION('',(1.,0.,0.));
#2269=DIRECTION('',(0.,-1.,0.));
#2270=DIRECTION('',(0.,0.,-1.));
#2271=DIRECTION('',(1.,0.,0.));
#2272=DIRECTION('',(0.,-1.,0.));
#2273=DIRECTION('',(0.,0.,1.));
#2274=DIRECTION('',(1.,0.,0.));
#2275=DIRECTION('',(0.,-1.,0.));
#2276=DIRECTION('',(0.,0.,-1.));
#2277=DIRECTION('',(1.,0.,0.));
#2278=DIRECTION('',(0.,-1.,0.));
#2279=DIRECTION('',(0.,0.,1.));
#2280=DIRECTION('',(1.,0.,0.));
#2281=DIRECTION('',(0.,-1.,0.));
#2282=DIRECTION('',(0.,0.,-1.));
#2283=DIRECTION('',(1.,0.,0.));
#2284=DIRECTION('',(0.,-1.,0.));
#2285=DIRECTION('',(0.,0.,1.));
#2286=DIRECTION('',(1.,0.,0.));
#2287=DIRECTION('',(0.,-1.,0.));
#2288=DIRECTION('',(0.,0.,-1.));
#2289=DIRECTION('',(1.,0.,0.));
#2290=DIRECTION('',(0.,-1.,0.));
#2291=DIRECTION('',(0.,0.,1.));
#2292=DIRECTION('',(1.,0.,0.));
#2293=DIRECTION('',(0.,-1.,0.));
#2294=DIRECTION('',(0.,0.,-1.));
#2295=DIRECTION('',(1.,0.,0.));
#2296=DIRECTION('',(0.,-1.,0.));
#2297=DIRECTION('',(0.,0.,1.));
#2298=DIRECTION('',(1.,0.,0.));
#2299=DIRECTION('',(0.,-1.,0.));
#2300=DIRECTION('',(0.,0.,-1.));
#2301=DIRECTION('',(1.,0.,0.));
#2302=DIRECTION('',(0.,-1.,0.));
#2303=DIRECTION('',(0.,0.,1.));
#2304=DIRECTION('',(1.,0.,0.));
#2305=DIRECTION('',(0.,-1.,0.));
#2306=DIRECTION('',(0.,0.,-1.));
#2307=DIRECTION('',(1.,0.,0.));
#2308=DIRECTION('',(0.,-1.,0.));
#2309=DIRECTION('',(0.,0.,1.));
#2310=DIRECTION('',(1.,0.,0.));
#2311=DIRECTION('',(0.,-1.,0.));
#2312=DIRECTION('',(0.,0.,-1.));
#2313=DIRECTION('',(1.,0.,0.));
#2314=DIRECTION('',(0.,-1.,0.));
#2315=DIRECTION('',(0.,0.,1.));
#2316=DIRECTION('',(1.,0.,0.));
#2317=DIRECTION('',(0.,-1.,0.));
#2318=DIRECTION('',(0.,0.,-1.));
#2319=DIRECTION('',(1.,0.,0.));
#2320=DIRECTION('',(0.,-1.,0.));
#2321=DIRECTION('',(-1.,0.,0.));
#2322=DIRECTION('',(0.,0.,1.));
#2323=DIRECTION('',(0.,0.,1.));
#2324=DIRECTION('',(0.,0.,1.));
#2325=DIRECTION('',(0.,-1.,0.));
#2326=DIRECTION('',(0.,0.,-1.));
#2327=DIRECTION('',(0.,0.,1.));
#2328=DIRECTION('',(-1.,0.,0.));
#2329=DIRECTION('',(0.,0.,1.));
#2330=DIRECTION('',(0.,0.,1.));
#2331=DIRECTION('',(0.,-1.,0.));
#2332=DIRECTION('',(0.,0.,-1.));
#2333=DIRECTION('',(-1.,0.,0.));
#2334=DIRECTION('',(0.,0.,1.));
#2335=DIRECTION('',(0.,0.,1.));
#2336=DIRECTION('',(0.,0.,1.));
#2337=DIRECTION('',(0.,0.,1.));
#2338=DIRECTION('',(1.,0.,0.));
#2339=DIRECTION('',(0.,0.,1.));
#2340=DIRECTION('',(-1.,0.,0.));
#2341=DIRECTION('',(0.,0.,1.));
#2342=DIRECTION('',(0.,0.,1.));
#2343=DIRECTION('',(0.,0.,1.));
#2344=DIRECTION('',(1.,0.,0.));
#2345=DIRECTION('',(-1.,0.,0.));
#2346=DIRECTION('',(0.,0.,1.));
#2347=DIRECTION('',(0.,0.,1.));
#2348=DIRECTION('',(0.,0.,1.));
#2349=DIRECTION('',(0.,0.,1.));
#2350=DIRECTION('',(1.,0.,0.));
#2351=DIRECTION('',(0.,0.,1.));
#2352=DIRECTION('',(-1.,0.,0.));
#2353=DIRECTION('',(0.,0.,1.));
#2354=DIRECTION('',(0.,0.,1.));
#2355=DIRECTION('',(0.,0.,1.));
#2356=DIRECTION('',(1.,0.,0.));
#2357=DIRECTION('',(-1.,0.,0.));
#2358=DIRECTION('',(0.,0.,1.));
#2359=DIRECTION('',(0.,0.,1.));
#2360=DIRECTION('',(0.,0.,1.));
#2361=DIRECTION('',(0.,0.,1.));
#2362=DIRECTION('',(1.,0.,0.));
#2363=DIRECTION('',(0.,0.,1.));
#2364=DIRECTION('',(-1.,0.,0.));
#2365=DIRECTION('',(0.,0.,1.));
#2366=DIRECTION('',(0.,0.,1.));
#2367=DIRECTION('',(0.,0.,1.));
#2368=DIRECTION('',(1.,0.,0.));
#2369=DIRECTION('',(-1.,0.,0.));
#2370=DIRECTION('',(0.,0.,1.));
#2371=DIRECTION('',(0.,0.,1.));
#2372=DIRECTION('',(0.,0.,1.));
#2373=DIRECTION('',(0.,0.,1.));
#2374=DIRECTION('',(1.,0.,0.));
#2375=DIRECTION('',(0.,0.,1.));
#2376=DIRECTION('',(-1.,0.,0.));
#2377=DIRECTION('',(0.,0.,1.));
#2378=DIRECTION('',(0.,0.,1.));
#2379=DIRECTION('',(0.,0.,1.));
#2380=DIRECTION('',(1.,0.,0.));
#2381=DIRECTION('',(-1.,0.,0.));
#2382=DIRECTION('',(0.,0.,1.));
#2383=DIRECTION('',(0.,0.,1.));
#2384=DIRECTION('',(0.,0.,1.));
#2385=DIRECTION('',(0.,0.,1.));
#2386=DIRECTION('',(1.,0.,0.));
#2387=DIRECTION('',(0.,0.,1.));
#2388=DIRECTION('',(-1.,0.,0.));
#2389=DIRECTION('',(0.,0.,1.));
#2390=DIRECTION('',(0.,0.,1.));
#2391=DIRECTION('',(0.,0.,1.));
#2392=DIRECTION('',(1.,0.,0.));
#2393=DIRECTION('',(-1.,0.,0.));
#2394=DIRECTION('',(0.,0.,1.));
#2395=DIRECTION('',(0.,0.,1.));
#2396=DIRECTION('',(0.,0.,1.));
#2397=DIRECTION('',(0.,0.,1.));
#2398=DIRECTION('',(1.,0.,0.));
#2399=DIRECTION('',(0.,0.,1.));
#2400=DIRECTION('',(-1.,0.,0.));
#2401=DIRECTION('',(0.,0.,1.));
#2402=DIRECTION('',(0.,0.,1.));
#2403=DIRECTION('',(0.,0.,1.));
#2404=DIRECTION('',(1.,0.,0.));
#2405=DIRECTION('',(-1.,0.,0.));
#2406=DIRECTION('',(0.,0.,1.));
#2407=DIRECTION('',(0.,0.,1.));
#2408=DIRECTION('',(0.,0.,1.));
#2409=DIRECTION('',(0.,0.,1.));
#2410=DIRECTION('',(1.,0.,0.));
#2411=DIRECTION('',(0.,0.,1.));
#2412=DIRECTION('',(-1.,0.,0.));
#2413=DIRECTION('',(0.,0.,1.));
#2414=DIRECTION('',(0.,0.,1.));
#2415=DIRECTION('',(0.,0.,1.));
#2416=DIRECTION('',(1.,0.,0.));
#2417=DIRECTION('',(-1.,0.,0.));
#2418=DIRECTION('',(0.,0.,1.));
#2419=DIRECTION('',(0.,0.,1.));
#2420=DIRECTION('',(0.,0.,1.));
#2421=DIRECTION('',(0.,0.,1.));
#2422=DIRECTION('',(1.,0.,0.));
#2423=DIRECTION('',(0.,0.,1.));
#2424=DIRECTION('',(-1.,0.,0.));
#2425=DIRECTION('',(0.,0.,1.));
#2426=DIRECTION('',(0.,0.,1.));
#2427=DIRECTION('',(0.,0.,1.));
#2428=DIRECTION('',(1.,0.,0.));
#2429=DIRECTION('',(-1.,0.,0.));
#2430=DIRECTION('',(0.,0.,1.));
#2431=DIRECTION('',(0.,0.,1.));
#2432=DIRECTION('',(0.,0.,1.));
#2433=DIRECTION('',(0.,0.,1.));
#2434=DIRECTION('',(1.,0.,0.));
#2435=DIRECTION('',(0.,0.,1.));
#2436=DIRECTION('',(-1.,0.,0.));
#2437=DIRECTION('',(0.,0.,1.));
#2438=DIRECTION('',(0.,0.,1.));
#2439=DIRECTION('',(0.,0.,1.));
#2440=DIRECTION('',(1.,0.,0.));
#2441=DIRECTION('',(-1.,0.,0.));
#2442=DIRECTION('',(0.,0.,1.));
#2443=DIRECTION('',(0.,0.,1.));
#2444=DIRECTION('',(0.,0.,1.));
#2445=DIRECTION('',(0.,0.,1.));
#2446=DIRECTION('',(1.,0.,0.));
#2447=DIRECTION('',(0.,0.,1.));
#2448=DIRECTION('',(-1.,0.,0.));
#2449=DIRECTION('',(0.,0.,1.));
#2450=DIRECTION('',(0.,0.,1.));
#2451=DIRECTION('',(0.,0.,1.));
#2452=DIRECTION('',(1.,0.,0.));
#2453=DIRECTION('',(-1.,0.,0.));
#2454=DIRECTION('',(0.,0.,1.));
#2455=DIRECTION('',(0.,0.,1.));
#2456=DIRECTION('',(0.,0.,1.));
#2457=DIRECTION('',(0.,0.,1.));
#2458=DIRECTION('',(1.,0.,0.));
#2459=DIRECTION('',(0.,0.,1.));
#2460=DIRECTION('',(-1.,0.,0.));
#2461=DIRECTION('',(0.,0.,1.));
#2462=DIRECTION('',(0.,0.,1.));
#2463=DIRECTION('',(0.,0.,1.));
#2464=DIRECTION('',(1.,0.,0.));
#2465=DIRECTION('',(-1.,0.,0.));
#2466=DIRECTION('',(0.,0.,1.));
#2467=DIRECTION('',(0.,0.,1.));
#2468=DIRECTION('',(0.,0.,1.));
#2469=DIRECTION('',(0.,0.,1.));
#2470=DIRECTION('',(1.,0.,0.));
#2471=DIRECTION('',(0.,0.,1.));
#2472=DIRECTION('',(-1.,0.,0.));
#2473=DIRECTION('',(0.,0.,1.));
#2474=DIRECTION('',(0.,0.,1.));
#2475=DIRECTION('',(0.,0.,1.));
#2476=DIRECTION('',(1.,0.,0.));
#2477=DIRECTION('',(-1.,0.,0.));
#2478=DIRECTION('',(0.,0.,1.));
#2479=DIRECTION('',(0.,0.,1.));
#2480=DIRECTION('',(0.,0.,1.));
#2481=DIRECTION('',(0.,0.,1.));
#2482=DIRECTION('',(1.,0.,0.));
#2483=DIRECTION('',(0.,0.,1.));
#2484=DIRECTION('',(-1.,0.,0.));
#2485=DIRECTION('',(0.,0.,1.));
#2486=DIRECTION('',(0.,0.,1.));
#2487=DIRECTION('',(0.,0.,1.));
#2488=DIRECTION('',(1.,0.,0.));
#2489=DIRECTION('',(-1.,0.,0.));
#2490=DIRECTION('',(0.,0.,1.));
#2491=DIRECTION('',(0.,0.,1.));
#2492=DIRECTION('',(0.,0.,1.));
#2493=DIRECTION('',(0.,0.,1.));
#2494=DIRECTION('',(1.,0.,0.));
#2495=DIRECTION('',(0.,0.,1.));
#2496=DIRECTION('',(-1.,0.,0.));
#2497=DIRECTION('',(0.,0.,1.));
#2498=DIRECTION('',(0.,0.,1.));
#2499=DIRECTION('',(0.,0.,1.));
#2500=DIRECTION('',(1.,0.,0.));
#2501=DIRECTION('',(-1.,0.,0.));
#2502=DIRECTION('',(0.,0.,1.));
#2503=DIRECTION('',(0.,0.,1.));
#2504=DIRECTION('',(0.,0.,1.));
#2505=DIRECTION('',(0.,0.,1.));
#2506=DIRECTION('',(1.,0.,0.));
#2507=DIRECTION('',(0.,0.,1.));
#2508=DIRECTION('',(-1.,0.,0.));
#2509=DIRECTION('',(0.,0.,1.));
#2510=DIRECTION('',(0.,0.,1.));
#2511=DIRECTION('',(0.,0.,1.));
#2512=DIRECTION('',(1.,0.,0.));
#2513=DIRECTION('',(-1.,0.,0.));
#2514=DIRECTION('',(0.,0.,1.));
#2515=DIRECTION('',(0.,0.,1.));
#2516=DIRECTION('',(0.,0.,1.));
#2517=DIRECTION('',(0.,0.,1.));
#2518=DIRECTION('',(1.,0.,0.));
#2519=DIRECTION('',(0.,0.,1.));
#2520=DIRECTION('',(-1.,0.,0.));
#2521=DIRECTION('',(0.,0.,1.));
#2522=DIRECTION('',(0.,0.,1.));
#2523=DIRECTION('',(0.,0.,1.));
#2524=DIRECTION('',(1.,0.,0.));
#2525=DIRECTION('',(-1.,0.,0.));
#2526=DIRECTION('',(0.,0.,1.));
#2527=DIRECTION('',(0.,0.,1.));
#2528=DIRECTION('',(0.,0.,1.));
#2529=DIRECTION('',(0.,0.,1.));
#2530=DIRECTION('',(1.,0.,0.));
#2531=DIRECTION('',(0.,0.,1.));
#2532=DIRECTION('',(-1.,0.,0.));
#2533=DIRECTION('',(0.,0.,1.));
#2534=DIRECTION('',(0.,0.,1.));
#2535=DIRECTION('',(0.,0.,1.));
#2536=DIRECTION('',(1.,0.,0.));
#2537=DIRECTION('',(-1.,0.,0.));
#2538=DIRECTION('',(0.,0.,1.));
#2539=DIRECTION('',(0.,0.,1.));
#2540=DIRECTION('',(0.,0.,1.));
#2541=DIRECTION('',(0.,0.,1.));
#2542=DIRECTION('',(1.,0.,0.));
#2543=DIRECTION('',(0.,0.,1.));
#2544=DIRECTION('',(-1.,0.,0.));
#2545=DIRECTION('',(0.,0.,1.));
#2546=DIRECTION('',(0.,0.,1.));
#2547=DIRECTION('',(0.,0.,1.));
#2548=DIRECTION('',(1.,0.,0.));
#2549=DIRECTION('',(-1.,0.,0.));
#2550=DIRECTION('',(0.,0.,1.));
#2551=DIRECTION('',(0.,0.,1.));
#2552=DIRECTION('',(0.,0.,1.));
#2553=DIRECTION('',(0.,0.,1.));
#2554=DIRECTION('',(1.,0.,0.));
#2555=DIRECTION('',(0.,0.,1.));
#2556=DIRECTION('',(-1.,0.,0.));
#2557=DIRECTION('',(0.,0.,1.));
#2558=DIRECTION('',(0.,0.,1.));
#2559=DIRECTION('',(0.,0.,1.));
#2560=DIRECTION('',(1.,0.,0.));
#2561=DIRECTION('',(-1.,0.,0.));
#2562=DIRECTION('',(0.,0.,1.));
#2563=DIRECTION('',(0.,0.,1.));
#2564=DIRECTION('',(0.,0.,1.));
#2565=DIRECTION('',(0.,0.,1.));
#2566=DIRECTION('',(1.,0.,0.));
#2567=DIRECTION('',(0.,0.,1.));
#2568=DIRECTION('',(-1.,0.,0.));
#2569=DIRECTION('',(0.,0.,1.));
#2570=DIRECTION('',(0.,0.,1.));
#2571=DIRECTION('',(0.,0.,1.));
#2572=DIRECTION('',(1.,0.,0.));
#2573=DIRECTION('',(0.,0.,1.));
#2574=DIRECTION('',(1.,0.,0.));
#2575=DIRECTION('',(0.,0.,1.));
#2576=DIRECTION('',(0.,0.,1.));
#2577=DIRECTION('',(-1.,0.,0.));
#2578=DIRECTION('',(0.,0.,1.));
#2579=DIRECTION('',(0.,0.,1.));
#2580=DIRECTION('',(0.,0.,1.));
#2581=DIRECTION('',(1.,0.,0.));
#2582=DIRECTION('',(0.,0.,1.));
#2583=DIRECTION('',(-1.,0.,0.));
#2584=DIRECTION('',(0.,0.,1.));
#2585=CARTESIAN_POINT('',(0.,0.,0.));
#2586=CARTESIAN_POINT('',(-0.13462,0.03175,0.122973296959268));
#2587=CARTESIAN_POINT('',(-0.0909412653116466,0.0325749899148941,0.122973296959268));
#2588=CARTESIAN_POINT('',(-0.0909412653116466,0.0950749899148941,0.122973296959268));
#2589=CARTESIAN_POINT('',(-0.0909412653116466,-0.0299250100851059,0.122973296959268));
#2590=CARTESIAN_POINT('',(-0.102641265311647,-0.0299250100851059,0.122973296959268));
#2591=CARTESIAN_POINT('',(-0.114341265311647,-0.0299250100851059,0.122973296959268));
#2592=CARTESIAN_POINT('',(-0.114341265311647,0.0325749899148941,0.122973296959268));
#2593=CARTESIAN_POINT('',(-0.114341265311647,0.0950749899148941,0.122973296959268));
#2594=CARTESIAN_POINT('',(-0.102641265311647,0.0950749899148941,0.122973296959268));
#2595=CARTESIAN_POINT('',(-0.111429010423837,0.03175,0.122973296959268));
#2596=CARTESIAN_POINT('',(-0.111429010423837,0.087085048058629,0.122973296959268));
#2597=CARTESIAN_POINT('',(-0.111429010423837,0.0770524799317121,0.122973296959268));
#2598=CARTESIAN_POINT('',(-0.109849718213081,0.0770524799317121,0.122973296959268));
#2599=CARTESIAN_POINT('',(-0.108270426002325,0.0770524799317121,0.122973296959268));
#2600=CARTESIAN_POINT('',(-0.108270426002325,0.03175,0.122973296959268));
#2601=CARTESIAN_POINT('',(-0.108270426002325,0.087085048058629,0.122973296959268));
#2602=CARTESIAN_POINT('',(-0.109849718213081,0.087085048058629,0.122973296959268));
#2603=CARTESIAN_POINT('',(-0.104270426002325,0.03175,0.122973296959268));
#2604=CARTESIAN_POINT('',(-0.104270426002325,0.087085048058629,0.122973296959268));
#2605=CARTESIAN_POINT('',(-0.104270426002325,0.0770524799317121,0.122973296959268));
#2606=CARTESIAN_POINT('',(-0.102691133791569,0.0770524799317121,0.122973296959268));
#2607=CARTESIAN_POINT('',(-0.101111841580813,0.0770524799317121,0.122973296959268));
#2608=CARTESIAN_POINT('',(-0.101111841580813,0.03175,0.122973296959268));
#2609=CARTESIAN_POINT('',(-0.101111841580813,0.087085048058629,0.122973296959268));
#2610=CARTESIAN_POINT('',(-0.102691133791569,0.087085048058629,0.122973296959268));
#2611=CARTESIAN_POINT('',(-0.097511841580813,0.03175,0.122973296959268));
#2612=CARTESIAN_POINT('',(-0.097511841580813,0.087085048058629,0.122973296959268));
#2613=CARTESIAN_POINT('',(-0.097511841580813,0.0770524799317121,0.122973296959268));
#2614=CARTESIAN_POINT('',(-0.0959325493700569,0.0770524799317121,0.122973296959268));
#2615=CARTESIAN_POINT('',(-0.0943532571593008,0.0770524799317121,0.122973296959268));
#2616=CARTESIAN_POINT('',(-0.0943532571593008,0.03175,0.122973296959268));
#2617=CARTESIAN_POINT('',(-0.0943532571593008,0.087085048058629,0.122973296959268));
#2618=CARTESIAN_POINT('',(-0.0959325493700569,0.087085048058629,0.122973296959268));
#2619=CARTESIAN_POINT('',(-0.111429010423837,0.03175,0.122973296959268));
#2620=CARTESIAN_POINT('',(-0.111429010423837,0.0706460812419653,0.122973296959268));
#2621=CARTESIAN_POINT('',(-0.111429010423837,0.0606135131150484,0.122973296959268));
#2622=CARTESIAN_POINT('',(-0.109849718213081,0.0606135131150484,0.122973296959268));
#2623=CARTESIAN_POINT('',(-0.108270426002325,0.0606135131150484,0.122973296959268));
#2624=CARTESIAN_POINT('',(-0.108270426002325,0.03175,0.122973296959268));
#2625=CARTESIAN_POINT('',(-0.108270426002325,0.0706460812419653,0.122973296959268));
#2626=CARTESIAN_POINT('',(-0.109849718213081,0.0706460812419653,0.122973296959268));
#2627=CARTESIAN_POINT('',(-0.104270426002325,0.03175,0.122973296959268));
#2628=CARTESIAN_POINT('',(-0.104270426002325,0.0706460812419653,0.122973296959268));
#2629=CARTESIAN_POINT('',(-0.104270426002325,0.0606135131150484,0.122973296959268));
#2630=CARTESIAN_POINT('',(-0.102691133791569,0.0606135131150484,0.122973296959268));
#2631=CARTESIAN_POINT('',(-0.101111841580813,0.0606135131150484,0.122973296959268));
#2632=CARTESIAN_POINT('',(-0.101111841580813,0.03175,0.122973296959268));
#2633=CARTESIAN_POINT('',(-0.101111841580813,0.0706460812419653,0.122973296959268));
#2634=CARTESIAN_POINT('',(-0.102691133791569,0.0706460812419653,0.122973296959268));
#2635=CARTESIAN_POINT('',(-0.097511841580813,0.03175,0.122973296959268));
#2636=CARTESIAN_POINT('',(-0.097511841580813,0.0706460812419653,0.122973296959268));
#2637=CARTESIAN_POINT('',(-0.097511841580813,0.0606135131150484,0.122973296959268));
#2638=CARTESIAN_POINT('',(-0.0959325493700569,0.0606135131150484,0.122973296959268));
#2639=CARTESIAN_POINT('',(-0.0943532571593008,0.0606135131150484,0.122973296959268));
#2640=CARTESIAN_POINT('',(-0.0943532571593008,0.03175,0.122973296959268));
#2641=CARTESIAN_POINT('',(-0.0943532571593008,0.0706460812419653,0.122973296959268));
#2642=CARTESIAN_POINT('',(-0.0959325493700569,0.0706460812419653,0.122973296959268));
#2643=CARTESIAN_POINT('',(-0.11152599487386,0.03175,0.122973296959268));
#2644=CARTESIAN_POINT('',(-0.11152599487386,0.0546215349435806,0.122973296959268));
#2645=CARTESIAN_POINT('',(-0.11152599487386,0.0445889668166637,0.122973296959268));
#2646=CARTESIAN_POINT('',(-0.109946702663104,0.0445889668166637,0.122973296959268));
#2647=CARTESIAN_POINT('',(-0.108367410452348,0.0445889668166637,0.122973296959268));
#2648=CARTESIAN_POINT('',(-0.108367410452348,0.03175,0.122973296959268));
#2649=CARTESIAN_POINT('',(-0.108367410452348,0.0546215349435806,0.122973296959268));
#2650=CARTESIAN_POINT('',(-0.109946702663104,0.0546215349435806,0.122973296959268));
#2651=CARTESIAN_POINT('',(-0.104367410452348,0.03175,0.122973296959268));
#2652=CARTESIAN_POINT('',(-0.104367410452348,0.0546215349435806,0.122973296959268));
#2653=CARTESIAN_POINT('',(-0.104367410452348,0.0445889668166637,0.122973296959268));
#2654=CARTESIAN_POINT('',(-0.102788118241591,0.0445889668166637,0.122973296959268));
#2655=CARTESIAN_POINT('',(-0.101208826030835,0.0445889668166637,0.122973296959268));
#2656=CARTESIAN_POINT('',(-0.101208826030835,0.03175,0.122973296959268));
#2657=CARTESIAN_POINT('',(-0.101208826030835,0.0546215349435806,0.122973296959268));
#2658=CARTESIAN_POINT('',(-0.102788118241591,0.0546215349435806,0.122973296959268));
#2659=CARTESIAN_POINT('',(-0.0976088260308354,0.03175,0.122973296959268));
#2660=CARTESIAN_POINT('',(-0.0976088260308354,0.0546215349435806,0.122973296959268));
#2661=CARTESIAN_POINT('',(-0.0976088260308354,0.0445889668166637,0.122973296959268));
#2662=CARTESIAN_POINT('',(-0.0960295338200793,0.0445889668166637,0.122973296959268));
#2663=CARTESIAN_POINT('',(-0.0944502416093232,0.0445889668166637,0.122973296959268));
#2664=CARTESIAN_POINT('',(-0.0944502416093232,0.03175,0.122973296959268));
#2665=CARTESIAN_POINT('',(-0.0944502416093232,0.0546215349435806,0.122973296959268));
#2666=CARTESIAN_POINT('',(-0.0960295338200793,0.0546215349435806,0.122973296959268));
#2667=CARTESIAN_POINT('',(-0.11152599487386,0.03175,0.122973296959268));
#2668=CARTESIAN_POINT('',(-0.11152599487386,0.0381825681269169,0.122973296959268));
#2669=CARTESIAN_POINT('',(-0.11152599487386,0.02815,0.122973296959268));
#2670=CARTESIAN_POINT('',(-0.109946702663104,0.02815,0.122973296959268));
#2671=CARTESIAN_POINT('',(-0.108367410452348,0.02815,0.122973296959268));
#2672=CARTESIAN_POINT('',(-0.108367410452348,0.03175,0.122973296959268));
#2673=CARTESIAN_POINT('',(-0.108367410452348,0.0381825681269169,0.122973296959268));
#2674=CARTESIAN_POINT('',(-0.109946702663104,0.0381825681269169,0.122973296959268));
#2675=CARTESIAN_POINT('',(-0.104367410452348,0.03175,0.122973296959268));
#2676=CARTESIAN_POINT('',(-0.104367410452348,0.0381825681269169,0.122973296959268));
#2677=CARTESIAN_POINT('',(-0.104367410452348,0.02815,0.122973296959268));
#2678=CARTESIAN_POINT('',(-0.102788118241591,0.02815,0.122973296959268));
#2679=CARTESIAN_POINT('',(-0.101208826030835,0.02815,0.122973296959268));
#2680=CARTESIAN_POINT('',(-0.101208826030835,0.03175,0.122973296959268));
#2681=CARTESIAN_POINT('',(-0.101208826030835,0.0381825681269169,0.122973296959268));
#2682=CARTESIAN_POINT('',(-0.102788118241591,0.0381825681269169,0.122973296959268));
#2683=CARTESIAN_POINT('',(-0.0976088260308354,0.03175,0.122973296959268));
#2684=CARTESIAN_POINT('',(-0.0976088260308354,0.0381825681269169,0.122973296959268));
#2685=CARTESIAN_POINT('',(-0.0976088260308354,0.02815,0.122973296959268));
#2686=CARTESIAN_POINT('',(-0.0960295338200793,0.02815,0.122973296959268));
#2687=CARTESIAN_POINT('',(-0.0944502416093232,0.02815,0.122973296959268));
#2688=CARTESIAN_POINT('',(-0.0944502416093232,0.03175,0.122973296959268));
#2689=CARTESIAN_POINT('',(-0.0944502416093232,0.0381825681269169,0.122973296959268));
#2690=CARTESIAN_POINT('',(-0.0960295338200793,0.0381825681269169,0.122973296959268));
#2691=CARTESIAN_POINT('',(-0.111332025973815,0.03175,0.122973296959268));
#2692=CARTESIAN_POINT('',(-0.111332025973815,0.0218100379735231,0.122973296959268));
#2693=CARTESIAN_POINT('',(-0.111332025973815,0.0117774698466062,0.122973296959268));
#2694=CARTESIAN_POINT('',(-0.109752733763059,0.0117774698466062,0.122973296959268));
#2695=CARTESIAN_POINT('',(-0.108173441552303,0.0117774698466062,0.122973296959268));
#2696=CARTESIAN_POINT('',(-0.108173441552303,0.03175,0.122973296959268));
#2697=CARTESIAN_POINT('',(-0.108173441552303,0.0218100379735231,0.122973296959268));
#2698=CARTESIAN_POINT('',(-0.109752733763059,0.0218100379735231,0.122973296959268));
#2699=CARTESIAN_POINT('',(-0.104173441552303,0.03175,0.122973296959268));
#2700=CARTESIAN_POINT('',(-0.104173441552303,0.0218100379735231,0.122973296959268));
#2701=CARTESIAN_POINT('',(-0.104173441552303,0.0117774698466062,0.122973296959268));
#2702=CARTESIAN_POINT('',(-0.102594149341547,0.0117774698466062,0.122973296959268));
#2703=CARTESIAN_POINT('',(-0.101014857130791,0.0117774698466062,0.122973296959268));
#2704=CARTESIAN_POINT('',(-0.101014857130791,0.03175,0.122973296959268));
#2705=CARTESIAN_POINT('',(-0.101014857130791,0.0218100379735231,0.122973296959268));
#2706=CARTESIAN_POINT('',(-0.102594149341547,0.0218100379735231,0.122973296959268));
#2707=CARTESIAN_POINT('',(-0.0974148571307905,0.03175,0.122973296959268));
#2708=CARTESIAN_POINT('',(-0.0974148571307905,0.0218100379735231,0.122973296959268));
#2709=CARTESIAN_POINT('',(-0.0974148571307905,0.0117774698466062,0.122973296959268));
#2710=CARTESIAN_POINT('',(-0.0958355649200344,0.0117774698466062,0.122973296959268));
#2711=CARTESIAN_POINT('',(-0.0942562727092784,0.0117774698466062,0.122973296959268));
#2712=CARTESIAN_POINT('',(-0.0942562727092784,0.03175,0.122973296959268));
#2713=CARTESIAN_POINT('',(-0.0942562727092784,0.0218100379735231,0.122973296959268));
#2714=CARTESIAN_POINT('',(-0.0958355649200344,0.0218100379735231,0.122973296959268));
#2715=CARTESIAN_POINT('',(-0.111332025973815,0.03175,0.122973296959268));
#2716=CARTESIAN_POINT('',(-0.111332025973815,0.00537107115685941,0.122973296959268));
#2717=CARTESIAN_POINT('',(-0.111332025973815,-0.00466149697005748,0.122973296959268));
#2718=CARTESIAN_POINT('',(-0.109752733763059,-0.00466149697005748,0.122973296959268));
#2719=CARTESIAN_POINT('',(-0.108173441552303,-0.00466149697005748,0.122973296959268));
#2720=CARTESIAN_POINT('',(-0.108173441552303,0.03175,0.122973296959268));
#2721=CARTESIAN_POINT('',(-0.108173441552303,0.00537107115685941,0.122973296959268));
#2722=CARTESIAN_POINT('',(-0.109752733763059,0.00537107115685941,0.122973296959268));
#2723=CARTESIAN_POINT('',(-0.104173441552303,0.03175,0.122973296959268));
#2724=CARTESIAN_POINT('',(-0.104173441552303,0.00537107115685941,0.122973296959268));
#2725=CARTESIAN_POINT('',(-0.104173441552303,-0.00466149697005748,0.122973296959268));
#2726=CARTESIAN_POINT('',(-0.102594149341547,-0.00466149697005748,0.122973296959268));
#2727=CARTESIAN_POINT('',(-0.101014857130791,-0.00466149697005748,0.122973296959268));
#2728=CARTESIAN_POINT('',(-0.101014857130791,0.03175,0.122973296959268));
#2729=CARTESIAN_POINT('',(-0.101014857130791,0.00537107115685941,0.122973296959268));
#2730=CARTESIAN_POINT('',(-0.102594149341547,0.00537107115685941,0.122973296959268));
#2731=CARTESIAN_POINT('',(-0.0974148571307905,0.03175,0.122973296959268));
#2732=CARTESIAN_POINT('',(-0.0974148571307905,0.00537107115685941,0.122973296959268));
#2733=CARTESIAN_POINT('',(-0.0974148571307905,-0.00466149697005748,0.122973296959268));
#2734=CARTESIAN_POINT('',(-0.0958355649200344,-0.00466149697005748,0.122973296959268));
#2735=CARTESIAN_POINT('',(-0.0942562727092784,-0.00466149697005748,0.122973296959268));
#2736=CARTESIAN_POINT('',(-0.0942562727092784,0.03175,0.122973296959268));
#2737=CARTESIAN_POINT('',(-0.0942562727092784,0.00537107115685941,0.122973296959268));
#2738=CARTESIAN_POINT('',(-0.0958355649200344,0.00537107115685941,0.122973296959268));
#2739=CARTESIAN_POINT('',(-0.111429010423837,0.03175,0.122973296959268));
#2740=CARTESIAN_POINT('',(-0.111429010423837,-0.0106534751415253,0.122973296959268));
#2741=CARTESIAN_POINT('',(-0.111429010423837,-0.0206860432684421,0.122973296959268));
#2742=CARTESIAN_POINT('',(-0.109849718213081,-0.0206860432684421,0.122973296959268));
#2743=CARTESIAN_POINT('',(-0.108270426002325,-0.0206860432684421,0.122973296959268));
#2744=CARTESIAN_POINT('',(-0.108270426002325,0.03175,0.122973296959268));
#2745=CARTESIAN_POINT('',(-0.108270426002325,-0.0106534751415253,0.122973296959268));
#2746=CARTESIAN_POINT('',(-0.109849718213081,-0.0106534751415253,0.122973296959268));
#2747=CARTESIAN_POINT('',(-0.104270426002325,0.03175,0.122973296959268));
#2748=CARTESIAN_POINT('',(-0.104270426002325,-0.0106534751415253,0.122973296959268));
#2749=CARTESIAN_POINT('',(-0.104270426002325,-0.0206860432684421,0.122973296959268));
#2750=CARTESIAN_POINT('',(-0.102691133791569,-0.0206860432684421,0.122973296959268));
#2751=CARTESIAN_POINT('',(-0.101111841580813,-0.0206860432684421,0.122973296959268));
#2752=CARTESIAN_POINT('',(-0.101111841580813,0.03175,0.122973296959268));
#2753=CARTESIAN_POINT('',(-0.101111841580813,-0.0106534751415253,0.122973296959268));
#2754=CARTESIAN_POINT('',(-0.102691133791569,-0.0106534751415253,0.122973296959268));
#2755=CARTESIAN_POINT('',(-0.097511841580813,0.03175,0.122973296959268));
#2756=CARTESIAN_POINT('',(-0.097511841580813,-0.0106534751415253,0.122973296959268));
#2757=CARTESIAN_POINT('',(-0.097511841580813,-0.0206860432684421,0.122973296959268));
#2758=CARTESIAN_POINT('',(-0.0959325493700569,-0.0206860432684421,0.122973296959268));
#2759=CARTESIAN_POINT('',(-0.0943532571593008,-0.0206860432684421,0.122973296959268));
#2760=CARTESIAN_POINT('',(-0.0943532571593008,0.03175,0.122973296959268));
#2761=CARTESIAN_POINT('',(-0.0943532571593008,-0.0106534751415253,0.122973296959268));
#2762=CARTESIAN_POINT('',(-0.0959325493700569,-0.0106534751415253,0.122973296959268));
#2763=CARTESIAN_POINT('',(-0.13462,0.03175,0.126973296959268));
#2764=CARTESIAN_POINT('',(-0.102691133791569,-0.0206860432684421,0.126973296959268));
#2765=CARTESIAN_POINT('',(-0.104270426002325,-0.0206860432684421,0.126973296959268));
#2766=CARTESIAN_POINT('',(-0.101111841580813,-0.0206860432684421,0.126973296959268));
#2767=CARTESIAN_POINT('',(-0.104270426002325,-0.0156697592049838,0.126973296959268));
#2768=CARTESIAN_POINT('',(-0.104270426002325,-0.0106534751415253,0.126973296959268));
#2769=CARTESIAN_POINT('',(-0.102691133791569,-0.0106534751415253,0.126973296959268));
#2770=CARTESIAN_POINT('',(-0.101111841580813,-0.0106534751415253,0.126973296959268));
#2771=CARTESIAN_POINT('',(-0.101111841580813,-0.0156697592049838,0.126973296959268));
#2772=CARTESIAN_POINT('',(-0.0958355649200344,-0.00466149697005748,0.126973296959268));
#2773=CARTESIAN_POINT('',(-0.0974148571307905,-0.00466149697005748,0.126973296959268));
#2774=CARTESIAN_POINT('',(-0.0942562727092784,-0.00466149697005748,0.126973296959268));
#2775=CARTESIAN_POINT('',(-0.0974148571307905,0.000354787093400963,0.126973296959268));
#2776=CARTESIAN_POINT('',(-0.0974148571307905,0.00537107115685941,0.126973296959268));
#2777=CARTESIAN_POINT('',(-0.0958355649200344,0.00537107115685941,0.126973296959268));
#2778=CARTESIAN_POINT('',(-0.0942562727092784,0.00537107115685941,0.126973296959268));
#2779=CARTESIAN_POINT('',(-0.0942562727092784,0.000354787093400963,0.126973296959268));
#2780=CARTESIAN_POINT('',(-0.109752733763059,-0.00466149697005748,0.126973296959268));
#2781=CARTESIAN_POINT('',(-0.111332025973815,-0.00466149697005748,0.126973296959268));
#2782=CARTESIAN_POINT('',(-0.108173441552303,-0.00466149697005748,0.126973296959268));
#2783=CARTESIAN_POINT('',(-0.111332025973815,0.000354787093400963,0.126973296959268));
#2784=CARTESIAN_POINT('',(-0.111332025973815,0.00537107115685941,0.126973296959268));
#2785=CARTESIAN_POINT('',(-0.109752733763059,0.00537107115685941,0.126973296959268));
#2786=CARTESIAN_POINT('',(-0.108173441552303,0.00537107115685941,0.126973296959268));
#2787=CARTESIAN_POINT('',(-0.108173441552303,0.000354787093400963,0.126973296959268));
#2788=CARTESIAN_POINT('',(-0.102594149341547,0.0117774698466062,0.126973296959268));
#2789=CARTESIAN_POINT('',(-0.104173441552303,0.0117774698466062,0.126973296959268));
#2790=CARTESIAN_POINT('',(-0.101014857130791,0.0117774698466062,0.126973296959268));
#2791=CARTESIAN_POINT('',(-0.104173441552303,0.0167937539100647,0.126973296959268));
#2792=CARTESIAN_POINT('',(-0.104173441552303,0.0218100379735231,0.126973296959268));
#2793=CARTESIAN_POINT('',(-0.102594149341547,0.0218100379735231,0.126973296959268));
#2794=CARTESIAN_POINT('',(-0.101014857130791,0.0218100379735231,0.126973296959268));
#2795=CARTESIAN_POINT('',(-0.101014857130791,0.0167937539100647,0.126973296959268));
#2796=CARTESIAN_POINT('',(-0.0960295338200793,0.02815,0.126973296959268));
#2797=CARTESIAN_POINT('',(-0.0976088260308354,0.02815,0.126973296959268));
#2798=CARTESIAN_POINT('',(-0.0944502416093232,0.02815,0.126973296959268));
#2799=CARTESIAN_POINT('',(-0.0976088260308354,0.0331662840634584,0.126973296959268));
#2800=CARTESIAN_POINT('',(-0.0976088260308354,0.0381825681269169,0.126973296959268));
#2801=CARTESIAN_POINT('',(-0.0960295338200793,0.0381825681269169,0.126973296959268));
#2802=CARTESIAN_POINT('',(-0.0944502416093232,0.0381825681269169,0.126973296959268));
#2803=CARTESIAN_POINT('',(-0.0944502416093232,0.0331662840634584,0.126973296959268));
#2804=CARTESIAN_POINT('',(-0.109946702663104,0.02815,0.126973296959268));
#2805=CARTESIAN_POINT('',(-0.11152599487386,0.02815,0.126973296959268));
#2806=CARTESIAN_POINT('',(-0.108367410452348,0.02815,0.126973296959268));
#2807=CARTESIAN_POINT('',(-0.11152599487386,0.0331662840634584,0.126973296959268));
#2808=CARTESIAN_POINT('',(-0.11152599487386,0.0381825681269169,0.126973296959268));
#2809=CARTESIAN_POINT('',(-0.109946702663104,0.0381825681269169,0.126973296959268));
#2810=CARTESIAN_POINT('',(-0.108367410452348,0.0381825681269169,0.126973296959268));
#2811=CARTESIAN_POINT('',(-0.108367410452348,0.0331662840634584,0.126973296959268));
#2812=CARTESIAN_POINT('',(-0.102788118241591,0.0445889668166637,0.126973296959268));
#2813=CARTESIAN_POINT('',(-0.104367410452348,0.0445889668166637,0.126973296959268));
#2814=CARTESIAN_POINT('',(-0.101208826030835,0.0445889668166637,0.126973296959268));
#2815=CARTESIAN_POINT('',(-0.104367410452348,0.0496052508801222,0.126973296959268));
#2816=CARTESIAN_POINT('',(-0.104367410452348,0.0546215349435806,0.126973296959268));
#2817=CARTESIAN_POINT('',(-0.102788118241591,0.0546215349435806,0.126973296959268));
#2818=CARTESIAN_POINT('',(-0.101208826030835,0.0546215349435806,0.126973296959268));
#2819=CARTESIAN_POINT('',(-0.101208826030835,0.0496052508801222,0.126973296959268));
#2820=CARTESIAN_POINT('',(-0.0959325493700569,0.0606135131150484,0.126973296959268));
#2821=CARTESIAN_POINT('',(-0.097511841580813,0.0606135131150484,0.126973296959268));
#2822=CARTESIAN_POINT('',(-0.0943532571593008,0.0606135131150484,0.126973296959268));
#2823=CARTESIAN_POINT('',(-0.097511841580813,0.0656297971785069,0.126973296959268));
#2824=CARTESIAN_POINT('',(-0.097511841580813,0.0706460812419653,0.126973296959268));
#2825=CARTESIAN_POINT('',(-0.0959325493700569,0.0706460812419653,0.126973296959268));
#2826=CARTESIAN_POINT('',(-0.0943532571593008,0.0706460812419653,0.126973296959268));
#2827=CARTESIAN_POINT('',(-0.0943532571593008,0.0656297971785069,0.126973296959268));
#2828=CARTESIAN_POINT('',(-0.109849718213081,0.0606135131150484,0.126973296959268));
#2829=CARTESIAN_POINT('',(-0.111429010423837,0.0606135131150484,0.126973296959268));
#2830=CARTESIAN_POINT('',(-0.108270426002325,0.0606135131150484,0.126973296959268));
#2831=CARTESIAN_POINT('',(-0.111429010423837,0.0656297971785069,0.126973296959268));
#2832=CARTESIAN_POINT('',(-0.111429010423837,0.0706460812419653,0.126973296959268));
#2833=CARTESIAN_POINT('',(-0.109849718213081,0.0706460812419653,0.126973296959268));
#2834=CARTESIAN_POINT('',(-0.108270426002325,0.0706460812419653,0.126973296959268));
#2835=CARTESIAN_POINT('',(-0.108270426002325,0.0656297971785069,0.126973296959268));
#2836=CARTESIAN_POINT('',(-0.102691133791569,0.0770524799317121,0.126973296959268));
#2837=CARTESIAN_POINT('',(-0.104270426002325,0.0770524799317121,0.126973296959268));
#2838=CARTESIAN_POINT('',(-0.101111841580813,0.0770524799317121,0.126973296959268));
#2839=CARTESIAN_POINT('',(-0.104270426002325,0.0820687639951706,0.126973296959268));
#2840=CARTESIAN_POINT('',(-0.104270426002325,0.087085048058629,0.126973296959268));
#2841=CARTESIAN_POINT('',(-0.102691133791569,0.087085048058629,0.126973296959268));
#2842=CARTESIAN_POINT('',(-0.101111841580813,0.087085048058629,0.126973296959268));
#2843=CARTESIAN_POINT('',(-0.101111841580813,0.0820687639951706,0.126973296959268));
#2844=CARTESIAN_POINT('',(-0.0909412653116466,0.0325749899148941,0.126973296959268));
#2845=CARTESIAN_POINT('',(-0.0909412653116466,0.0950749899148941,0.126973296959268));
#2846=CARTESIAN_POINT('',(-0.0909412653116466,-0.0299250100851059,0.126973296959268));
#2847=CARTESIAN_POINT('',(-0.102641265311647,0.0950749899148941,0.126973296959268));
#2848=CARTESIAN_POINT('',(-0.114341265311647,0.0950749899148941,0.126973296959268));
#2849=CARTESIAN_POINT('',(-0.114341265311647,0.0325749899148941,0.126973296959268));
#2850=CARTESIAN_POINT('',(-0.114341265311647,-0.0299250100851059,0.126973296959268));
#2851=CARTESIAN_POINT('',(-0.102641265311647,-0.0299250100851059,0.126973296959268));
#2852=CARTESIAN_POINT('',(-0.109849718213081,0.0770524799317121,0.126973296959268));
#2853=CARTESIAN_POINT('',(-0.111429010423837,0.0770524799317121,0.126973296959268));
#2854=CARTESIAN_POINT('',(-0.108270426002325,0.0770524799317121,0.126973296959268));
#2855=CARTESIAN_POINT('',(-0.111429010423837,0.0820687639951706,0.126973296959268));
#2856=CARTESIAN_POINT('',(-0.111429010423837,0.087085048058629,0.126973296959268));
#2857=CARTESIAN_POINT('',(-0.109849718213081,0.087085048058629,0.126973296959268));
#2858=CARTESIAN_POINT('',(-0.108270426002325,0.087085048058629,0.126973296959268));
#2859=CARTESIAN_POINT('',(-0.108270426002325,0.0820687639951706,0.126973296959268));
#2860=CARTESIAN_POINT('',(-0.0959325493700569,0.0770524799317121,0.126973296959268));
#2861=CARTESIAN_POINT('',(-0.097511841580813,0.0770524799317121,0.126973296959268));
#2862=CARTESIAN_POINT('',(-0.0943532571593008,0.0770524799317121,0.126973296959268));
#2863=CARTESIAN_POINT('',(-0.097511841580813,0.0820687639951706,0.126973296959268));
#2864=CARTESIAN_POINT('',(-0.097511841580813,0.087085048058629,0.126973296959268));
#2865=CARTESIAN_POINT('',(-0.0959325493700569,0.087085048058629,0.126973296959268));
#2866=CARTESIAN_POINT('',(-0.0943532571593008,0.087085048058629,0.126973296959268));
#2867=CARTESIAN_POINT('',(-0.0943532571593008,0.0820687639951706,0.126973296959268));
#2868=CARTESIAN_POINT('',(-0.102691133791569,0.0606135131150484,0.126973296959268));
#2869=CARTESIAN_POINT('',(-0.104270426002325,0.0606135131150484,0.126973296959268));
#2870=CARTESIAN_POINT('',(-0.101111841580813,0.0606135131150484,0.126973296959268));
#2871=CARTESIAN_POINT('',(-0.104270426002325,0.0656297971785069,0.126973296959268));
#2872=CARTESIAN_POINT('',(-0.104270426002325,0.0706460812419653,0.126973296959268));
#2873=CARTESIAN_POINT('',(-0.102691133791569,0.0706460812419653,0.126973296959268));
#2874=CARTESIAN_POINT('',(-0.101111841580813,0.0706460812419653,0.126973296959268));
#2875=CARTESIAN_POINT('',(-0.101111841580813,0.0656297971785069,0.126973296959268));
#2876=CARTESIAN_POINT('',(-0.109946702663104,0.0445889668166637,0.126973296959268));
#2877=CARTESIAN_POINT('',(-0.11152599487386,0.0445889668166637,0.126973296959268));
#2878=CARTESIAN_POINT('',(-0.108367410452348,0.0445889668166637,0.126973296959268));
#2879=CARTESIAN_POINT('',(-0.11152599487386,0.0496052508801222,0.126973296959268));
#2880=CARTESIAN_POINT('',(-0.11152599487386,0.0546215349435806,0.126973296959268));
#2881=CARTESIAN_POINT('',(-0.109946702663104,0.0546215349435806,0.126973296959268));
#2882=CARTESIAN_POINT('',(-0.108367410452348,0.0546215349435806,0.126973296959268));
#2883=CARTESIAN_POINT('',(-0.108367410452348,0.0496052508801222,0.126973296959268));
#2884=CARTESIAN_POINT('',(-0.0960295338200793,0.0445889668166637,0.126973296959268));
#2885=CARTESIAN_POINT('',(-0.0976088260308354,0.0445889668166637,0.126973296959268));
#2886=CARTESIAN_POINT('',(-0.0944502416093232,0.0445889668166637,0.126973296959268));
#2887=CARTESIAN_POINT('',(-0.0976088260308354,0.0496052508801222,0.126973296959268));
#2888=CARTESIAN_POINT('',(-0.0976088260308354,0.0546215349435806,0.126973296959268));
#2889=CARTESIAN_POINT('',(-0.0960295338200793,0.0546215349435806,0.126973296959268));
#2890=CARTESIAN_POINT('',(-0.0944502416093232,0.0546215349435806,0.126973296959268));
#2891=CARTESIAN_POINT('',(-0.0944502416093232,0.0496052508801222,0.126973296959268));
#2892=CARTESIAN_POINT('',(-0.102788118241591,0.02815,0.126973296959268));
#2893=CARTESIAN_POINT('',(-0.104367410452348,0.02815,0.126973296959268));
#2894=CARTESIAN_POINT('',(-0.101208826030835,0.02815,0.126973296959268));
#2895=CARTESIAN_POINT('',(-0.104367410452348,0.0331662840634584,0.126973296959268));
#2896=CARTESIAN_POINT('',(-0.104367410452348,0.0381825681269169,0.126973296959268));
#2897=CARTESIAN_POINT('',(-0.102788118241591,0.0381825681269169,0.126973296959268));
#2898=CARTESIAN_POINT('',(-0.101208826030835,0.0381825681269169,0.126973296959268));
#2899=CARTESIAN_POINT('',(-0.101208826030835,0.0331662840634584,0.126973296959268));
#2900=CARTESIAN_POINT('',(-0.109752733763059,0.0117774698466062,0.126973296959268));
#2901=CARTESIAN_POINT('',(-0.111332025973815,0.0117774698466062,0.126973296959268));
#2902=CARTESIAN_POINT('',(-0.108173441552303,0.0117774698466062,0.126973296959268));
#2903=CARTESIAN_POINT('',(-0.111332025973815,0.0167937539100647,0.126973296959268));
#2904=CARTESIAN_POINT('',(-0.111332025973815,0.0218100379735231,0.126973296959268));
#2905=CARTESIAN_POINT('',(-0.109752733763059,0.0218100379735231,0.126973296959268));
#2906=CARTESIAN_POINT('',(-0.108173441552303,0.0218100379735231,0.126973296959268));
#2907=CARTESIAN_POINT('',(-0.108173441552303,0.0167937539100647,0.126973296959268));
#2908=CARTESIAN_POINT('',(-0.0958355649200344,0.0117774698466062,0.126973296959268));
#2909=CARTESIAN_POINT('',(-0.0974148571307905,0.0117774698466062,0.126973296959268));
#2910=CARTESIAN_POINT('',(-0.0942562727092784,0.0117774698466062,0.126973296959268));
#2911=CARTESIAN_POINT('',(-0.0974148571307905,0.0167937539100647,0.126973296959268));
#2912=CARTESIAN_POINT('',(-0.0974148571307905,0.0218100379735231,0.126973296959268));
#2913=CARTESIAN_POINT('',(-0.0958355649200344,0.0218100379735231,0.126973296959268));
#2914=CARTESIAN_POINT('',(-0.0942562727092784,0.0218100379735231,0.126973296959268));
#2915=CARTESIAN_POINT('',(-0.0942562727092784,0.0167937539100647,0.126973296959268));
#2916=CARTESIAN_POINT('',(-0.102594149341547,-0.00466149697005748,0.126973296959268));
#2917=CARTESIAN_POINT('',(-0.104173441552303,-0.00466149697005748,0.126973296959268));
#2918=CARTESIAN_POINT('',(-0.101014857130791,-0.00466149697005748,0.126973296959268));
#2919=CARTESIAN_POINT('',(-0.104173441552303,0.000354787093400963,0.126973296959268));
#2920=CARTESIAN_POINT('',(-0.104173441552303,0.00537107115685941,0.126973296959268));
#2921=CARTESIAN_POINT('',(-0.102594149341547,0.00537107115685941,0.126973296959268));
#2922=CARTESIAN_POINT('',(-0.101014857130791,0.00537107115685941,0.126973296959268));
#2923=CARTESIAN_POINT('',(-0.101014857130791,0.000354787093400963,0.126973296959268));
#2924=CARTESIAN_POINT('',(-0.109849718213081,-0.0206860432684421,0.126973296959268));
#2925=CARTESIAN_POINT('',(-0.111429010423837,-0.0206860432684421,0.126973296959268));
#2926=CARTESIAN_POINT('',(-0.108270426002325,-0.0206860432684421,0.126973296959268));
#2927=CARTESIAN_POINT('',(-0.111429010423837,-0.0156697592049838,0.126973296959268));
#2928=CARTESIAN_POINT('',(-0.111429010423837,-0.0106534751415253,0.126973296959268));
#2929=CARTESIAN_POINT('',(-0.109849718213081,-0.0106534751415253,0.126973296959268));
#2930=CARTESIAN_POINT('',(-0.108270426002325,-0.0106534751415253,0.126973296959268));
#2931=CARTESIAN_POINT('',(-0.108270426002325,-0.0156697592049838,0.126973296959268));
#2932=CARTESIAN_POINT('',(-0.0959325493700569,-0.0206860432684421,0.126973296959268));
#2933=CARTESIAN_POINT('',(-0.097511841580813,-0.0206860432684421,0.126973296959268));
#2934=CARTESIAN_POINT('',(-0.0943532571593008,-0.0206860432684421,0.126973296959268));
#2935=CARTESIAN_POINT('',(-0.097511841580813,-0.0156697592049838,0.126973296959268));
#2936=CARTESIAN_POINT('',(-0.097511841580813,-0.0106534751415253,0.126973296959268));
#2937=CARTESIAN_POINT('',(-0.0959325493700569,-0.0106534751415253,0.126973296959268));
#2938=CARTESIAN_POINT('',(-0.0943532571593008,-0.0106534751415253,0.126973296959268));
#2939=CARTESIAN_POINT('',(-0.0943532571593008,-0.0156697592049838,0.126973296959268));
#2940=CARTESIAN_POINT('',(-0.0909412653116466,0.0325749899148941,0.122973296959268));
#2941=CARTESIAN_POINT('',(-0.0909412653116466,0.0950749899148941,0.122973296959268));
#2942=CARTESIAN_POINT('',(-0.0909412653116466,-0.0299250100851059,0.122973296959268));
#2943=CARTESIAN_POINT('',(-0.102641265311647,0.0950749899148941,0.122973296959268));
#2944=CARTESIAN_POINT('',(-0.114341265311647,0.0950749899148941,0.122973296959268));
#2945=CARTESIAN_POINT('',(-0.114341265311647,0.0325749899148941,0.122973296959268));
#2946=CARTESIAN_POINT('',(-0.114341265311647,-0.0299250100851059,0.122973296959268));
#2947=CARTESIAN_POINT('',(-0.102641265311647,-0.0299250100851059,0.122973296959268));
#2948=CARTESIAN_POINT('',(-0.108270426002325,0.0820687639951706,0.116973296959268));
#2949=CARTESIAN_POINT('',(-0.108270426002325,0.087085048058629,0.116973296959268));
#2950=CARTESIAN_POINT('',(-0.108270426002325,0.0770524799317121,0.116973296959268));
#2951=CARTESIAN_POINT('',(-0.109849718213081,0.087085048058629,0.116973296959268));
#2952=CARTESIAN_POINT('',(-0.111429010423837,0.087085048058629,0.116973296959268));
#2953=CARTESIAN_POINT('',(-0.111429010423837,0.0820687639951706,0.116973296959268));
#2954=CARTESIAN_POINT('',(-0.111429010423837,0.0770524799317121,0.116973296959268));
#2955=CARTESIAN_POINT('',(-0.109849718213081,0.0770524799317121,0.116973296959268));
#2956=CARTESIAN_POINT('',(-0.101111841580813,0.0820687639951706,0.116973296959268));
#2957=CARTESIAN_POINT('',(-0.101111841580813,0.087085048058629,0.116973296959268));
#2958=CARTESIAN_POINT('',(-0.101111841580813,0.0770524799317121,0.116973296959268));
#2959=CARTESIAN_POINT('',(-0.102691133791569,0.087085048058629,0.116973296959268));
#2960=CARTESIAN_POINT('',(-0.104270426002325,0.087085048058629,0.116973296959268));
#2961=CARTESIAN_POINT('',(-0.104270426002325,0.0820687639951706,0.116973296959268));
#2962=CARTESIAN_POINT('',(-0.104270426002325,0.0770524799317121,0.116973296959268));
#2963=CARTESIAN_POINT('',(-0.102691133791569,0.0770524799317121,0.116973296959268));
#2964=CARTESIAN_POINT('',(-0.0943532571593008,0.0820687639951706,0.116973296959268));
#2965=CARTESIAN_POINT('',(-0.0943532571593008,0.087085048058629,0.116973296959268));
#2966=CARTESIAN_POINT('',(-0.0943532571593008,0.0770524799317121,0.116973296959268));
#2967=CARTESIAN_POINT('',(-0.0959325493700569,0.087085048058629,0.116973296959268));
#2968=CARTESIAN_POINT('',(-0.097511841580813,0.087085048058629,0.116973296959268));
#2969=CARTESIAN_POINT('',(-0.097511841580813,0.0820687639951706,0.116973296959268));
#2970=CARTESIAN_POINT('',(-0.097511841580813,0.0770524799317121,0.116973296959268));
#2971=CARTESIAN_POINT('',(-0.0959325493700569,0.0770524799317121,0.116973296959268));
#2972=CARTESIAN_POINT('',(-0.108270426002325,0.0656297971785069,0.116973296959268));
#2973=CARTESIAN_POINT('',(-0.108270426002325,0.0706460812419653,0.116973296959268));
#2974=CARTESIAN_POINT('',(-0.108270426002325,0.0606135131150484,0.116973296959268));
#2975=CARTESIAN_POINT('',(-0.109849718213081,0.0706460812419653,0.116973296959268));
#2976=CARTESIAN_POINT('',(-0.111429010423837,0.0706460812419653,0.116973296959268));
#2977=CARTESIAN_POINT('',(-0.111429010423837,0.0656297971785069,0.116973296959268));
#2978=CARTESIAN_POINT('',(-0.111429010423837,0.0606135131150484,0.116973296959268));
#2979=CARTESIAN_POINT('',(-0.109849718213081,0.0606135131150484,0.116973296959268));
#2980=CARTESIAN_POINT('',(-0.101111841580813,0.0656297971785069,0.116973296959268));
#2981=CARTESIAN_POINT('',(-0.101111841580813,0.0706460812419653,0.116973296959268));
#2982=CARTESIAN_POINT('',(-0.101111841580813,0.0606135131150484,0.116973296959268));
#2983=CARTESIAN_POINT('',(-0.102691133791569,0.0706460812419653,0.116973296959268));
#2984=CARTESIAN_POINT('',(-0.104270426002325,0.0706460812419653,0.116973296959268));
#2985=CARTESIAN_POINT('',(-0.104270426002325,0.0656297971785069,0.116973296959268));
#2986=CARTESIAN_POINT('',(-0.104270426002325,0.0606135131150484,0.116973296959268));
#2987=CARTESIAN_POINT('',(-0.102691133791569,0.0606135131150484,0.116973296959268));
#2988=CARTESIAN_POINT('',(-0.0943532571593008,0.0656297971785069,0.116973296959268));
#2989=CARTESIAN_POINT('',(-0.0943532571593008,0.0706460812419653,0.116973296959268));
#2990=CARTESIAN_POINT('',(-0.0943532571593008,0.0606135131150484,0.116973296959268));
#2991=CARTESIAN_POINT('',(-0.0959325493700569,0.0706460812419653,0.116973296959268));
#2992=CARTESIAN_POINT('',(-0.097511841580813,0.0706460812419653,0.116973296959268));
#2993=CARTESIAN_POINT('',(-0.097511841580813,0.0656297971785069,0.116973296959268));
#2994=CARTESIAN_POINT('',(-0.097511841580813,0.0606135131150484,0.116973296959268));
#2995=CARTESIAN_POINT('',(-0.0959325493700569,0.0606135131150484,0.116973296959268));
#2996=CARTESIAN_POINT('',(-0.108367410452348,0.0496052508801222,0.116973296959268));
#2997=CARTESIAN_POINT('',(-0.108367410452348,0.0546215349435806,0.116973296959268));
#2998=CARTESIAN_POINT('',(-0.108367410452348,0.0445889668166637,0.116973296959268));
#2999=CARTESIAN_POINT('',(-0.109946702663104,0.0546215349435806,0.116973296959268));
#3000=CARTESIAN_POINT('',(-0.11152599487386,0.0546215349435806,0.116973296959268));
#3001=CARTESIAN_POINT('',(-0.11152599487386,0.0496052508801222,0.116973296959268));
#3002=CARTESIAN_POINT('',(-0.11152599487386,0.0445889668166637,0.116973296959268));
#3003=CARTESIAN_POINT('',(-0.109946702663104,0.0445889668166637,0.116973296959268));
#3004=CARTESIAN_POINT('',(-0.101208826030835,0.0496052508801222,0.116973296959268));
#3005=CARTESIAN_POINT('',(-0.101208826030835,0.0546215349435806,0.116973296959268));
#3006=CARTESIAN_POINT('',(-0.101208826030835,0.0445889668166637,0.116973296959268));
#3007=CARTESIAN_POINT('',(-0.102788118241591,0.0546215349435806,0.116973296959268));
#3008=CARTESIAN_POINT('',(-0.104367410452348,0.0546215349435806,0.116973296959268));
#3009=CARTESIAN_POINT('',(-0.104367410452348,0.0496052508801222,0.116973296959268));
#3010=CARTESIAN_POINT('',(-0.104367410452348,0.0445889668166637,0.116973296959268));
#3011=CARTESIAN_POINT('',(-0.102788118241591,0.0445889668166637,0.116973296959268));
#3012=CARTESIAN_POINT('',(-0.0944502416093232,0.0496052508801222,0.116973296959268));
#3013=CARTESIAN_POINT('',(-0.0944502416093232,0.0546215349435806,0.116973296959268));
#3014=CARTESIAN_POINT('',(-0.0944502416093232,0.0445889668166637,0.116973296959268));
#3015=CARTESIAN_POINT('',(-0.0960295338200793,0.0546215349435806,0.116973296959268));
#3016=CARTESIAN_POINT('',(-0.0976088260308354,0.0546215349435806,0.116973296959268));
#3017=CARTESIAN_POINT('',(-0.0976088260308354,0.0496052508801222,0.116973296959268));
#3018=CARTESIAN_POINT('',(-0.0976088260308354,0.0445889668166637,0.116973296959268));
#3019=CARTESIAN_POINT('',(-0.0960295338200793,0.0445889668166637,0.116973296959268));
#3020=CARTESIAN_POINT('',(-0.108367410452348,0.0331662840634584,0.116973296959268));
#3021=CARTESIAN_POINT('',(-0.108367410452348,0.0381825681269169,0.116973296959268));
#3022=CARTESIAN_POINT('',(-0.108367410452348,0.02815,0.116973296959268));
#3023=CARTESIAN_POINT('',(-0.109946702663104,0.0381825681269169,0.116973296959268));
#3024=CARTESIAN_POINT('',(-0.11152599487386,0.0381825681269169,0.116973296959268));
#3025=CARTESIAN_POINT('',(-0.11152599487386,0.0331662840634584,0.116973296959268));
#3026=CARTESIAN_POINT('',(-0.11152599487386,0.02815,0.116973296959268));
#3027=CARTESIAN_POINT('',(-0.109946702663104,0.02815,0.116973296959268));
#3028=CARTESIAN_POINT('',(-0.101208826030835,0.0331662840634584,0.116973296959268));
#3029=CARTESIAN_POINT('',(-0.101208826030835,0.0381825681269169,0.116973296959268));
#3030=CARTESIAN_POINT('',(-0.101208826030835,0.02815,0.116973296959268));
#3031=CARTESIAN_POINT('',(-0.102788118241591,0.0381825681269169,0.116973296959268));
#3032=CARTESIAN_POINT('',(-0.104367410452348,0.0381825681269169,0.116973296959268));
#3033=CARTESIAN_POINT('',(-0.104367410452348,0.0331662840634584,0.116973296959268));
#3034=CARTESIAN_POINT('',(-0.104367410452348,0.02815,0.116973296959268));
#3035=CARTESIAN_POINT('',(-0.102788118241591,0.02815,0.116973296959268));
#3036=CARTESIAN_POINT('',(-0.0944502416093232,0.0331662840634584,0.116973296959268));
#3037=CARTESIAN_POINT('',(-0.0944502416093232,0.0381825681269169,0.116973296959268));
#3038=CARTESIAN_POINT('',(-0.0944502416093232,0.02815,0.116973296959268));
#3039=CARTESIAN_POINT('',(-0.0960295338200793,0.0381825681269169,0.116973296959268));
#3040=CARTESIAN_POINT('',(-0.0976088260308354,0.0381825681269169,0.116973296959268));
#3041=CARTESIAN_POINT('',(-0.0976088260308354,0.0331662840634584,0.116973296959268));
#3042=CARTESIAN_POINT('',(-0.0976088260308354,0.02815,0.116973296959268));
#3043=CARTESIAN_POINT('',(-0.0960295338200793,0.02815,0.116973296959268));
#3044=CARTESIAN_POINT('',(-0.108173441552303,0.0167937539100647,0.116973296959268));
#3045=CARTESIAN_POINT('',(-0.108173441552303,0.0218100379735231,0.116973296959268));
#3046=CARTESIAN_POINT('',(-0.108173441552303,0.0117774698466062,0.116973296959268));
#3047=CARTESIAN_POINT('',(-0.109752733763059,0.0218100379735231,0.116973296959268));
#3048=CARTESIAN_POINT('',(-0.111332025973815,0.0218100379735231,0.116973296959268));
#3049=CARTESIAN_POINT('',(-0.111332025973815,0.0167937539100647,0.116973296959268));
#3050=CARTESIAN_POINT('',(-0.111332025973815,0.0117774698466062,0.116973296959268));
#3051=CARTESIAN_POINT('',(-0.109752733763059,0.0117774698466062,0.116973296959268));
#3052=CARTESIAN_POINT('',(-0.101014857130791,0.0167937539100647,0.116973296959268));
#3053=CARTESIAN_POINT('',(-0.101014857130791,0.0218100379735231,0.116973296959268));
#3054=CARTESIAN_POINT('',(-0.101014857130791,0.0117774698466062,0.116973296959268));
#3055=CARTESIAN_POINT('',(-0.102594149341547,0.0218100379735231,0.116973296959268));
#3056=CARTESIAN_POINT('',(-0.104173441552303,0.0218100379735231,0.116973296959268));
#3057=CARTESIAN_POINT('',(-0.104173441552303,0.0167937539100647,0.116973296959268));
#3058=CARTESIAN_POINT('',(-0.104173441552303,0.0117774698466062,0.116973296959268));
#3059=CARTESIAN_POINT('',(-0.102594149341547,0.0117774698466062,0.116973296959268));
#3060=CARTESIAN_POINT('',(-0.0942562727092784,0.0167937539100647,0.116973296959268));
#3061=CARTESIAN_POINT('',(-0.0942562727092784,0.0218100379735231,0.116973296959268));
#3062=CARTESIAN_POINT('',(-0.0942562727092784,0.0117774698466062,0.116973296959268));
#3063=CARTESIAN_POINT('',(-0.0958355649200344,0.0218100379735231,0.116973296959268));
#3064=CARTESIAN_POINT('',(-0.0974148571307905,0.0218100379735231,0.116973296959268));
#3065=CARTESIAN_POINT('',(-0.0974148571307905,0.0167937539100647,0.116973296959268));
#3066=CARTESIAN_POINT('',(-0.0974148571307905,0.0117774698466062,0.116973296959268));
#3067=CARTESIAN_POINT('',(-0.0958355649200344,0.0117774698466062,0.116973296959268));
#3068=CARTESIAN_POINT('',(-0.108173441552303,0.000354787093400963,0.116973296959268));
#3069=CARTESIAN_POINT('',(-0.108173441552303,0.00537107115685941,0.116973296959268));
#3070=CARTESIAN_POINT('',(-0.108173441552303,-0.00466149697005748,0.116973296959268));
#3071=CARTESIAN_POINT('',(-0.109752733763059,0.00537107115685941,0.116973296959268));
#3072=CARTESIAN_POINT('',(-0.111332025973815,0.00537107115685941,0.116973296959268));
#3073=CARTESIAN_POINT('',(-0.111332025973815,0.000354787093400963,0.116973296959268));
#3074=CARTESIAN_POINT('',(-0.111332025973815,-0.00466149697005748,0.116973296959268));
#3075=CARTESIAN_POINT('',(-0.109752733763059,-0.00466149697005748,0.116973296959268));
#3076=CARTESIAN_POINT('',(-0.101014857130791,0.000354787093400963,0.116973296959268));
#3077=CARTESIAN_POINT('',(-0.101014857130791,0.00537107115685941,0.116973296959268));
#3078=CARTESIAN_POINT('',(-0.101014857130791,-0.00466149697005748,0.116973296959268));
#3079=CARTESIAN_POINT('',(-0.102594149341547,0.00537107115685941,0.116973296959268));
#3080=CARTESIAN_POINT('',(-0.104173441552303,0.00537107115685941,0.116973296959268));
#3081=CARTESIAN_POINT('',(-0.104173441552303,0.000354787093400963,0.116973296959268));
#3082=CARTESIAN_POINT('',(-0.104173441552303,-0.00466149697005748,0.116973296959268));
#3083=CARTESIAN_POINT('',(-0.102594149341547,-0.00466149697005748,0.116973296959268));
#3084=CARTESIAN_POINT('',(-0.0942562727092784,0.000354787093400963,0.116973296959268));
#3085=CARTESIAN_POINT('',(-0.0942562727092784,0.00537107115685941,0.116973296959268));
#3086=CARTESIAN_POINT('',(-0.0942562727092784,-0.00466149697005748,0.116973296959268));
#3087=CARTESIAN_POINT('',(-0.0958355649200344,0.00537107115685941,0.116973296959268));
#3088=CARTESIAN_POINT('',(-0.0974148571307905,0.00537107115685941,0.116973296959268));
#3089=CARTESIAN_POINT('',(-0.0974148571307905,0.000354787093400963,0.116973296959268));
#3090=CARTESIAN_POINT('',(-0.0974148571307905,-0.00466149697005748,0.116973296959268));
#3091=CARTESIAN_POINT('',(-0.0958355649200344,-0.00466149697005748,0.116973296959268));
#3092=CARTESIAN_POINT('',(-0.108270426002325,-0.0156697592049838,0.116973296959268));
#3093=CARTESIAN_POINT('',(-0.108270426002325,-0.0106534751415253,0.116973296959268));
#3094=CARTESIAN_POINT('',(-0.108270426002325,-0.0206860432684421,0.116973296959268));
#3095=CARTESIAN_POINT('',(-0.109849718213081,-0.0106534751415253,0.116973296959268));
#3096=CARTESIAN_POINT('',(-0.111429010423837,-0.0106534751415253,0.116973296959268));
#3097=CARTESIAN_POINT('',(-0.111429010423837,-0.0156697592049838,0.116973296959268));
#3098=CARTESIAN_POINT('',(-0.111429010423837,-0.0206860432684421,0.116973296959268));
#3099=CARTESIAN_POINT('',(-0.109849718213081,-0.0206860432684421,0.116973296959268));
#3100=CARTESIAN_POINT('',(-0.101111841580813,-0.0156697592049838,0.116973296959268));
#3101=CARTESIAN_POINT('',(-0.101111841580813,-0.0106534751415253,0.116973296959268));
#3102=CARTESIAN_POINT('',(-0.101111841580813,-0.0206860432684421,0.116973296959268));
#3103=CARTESIAN_POINT('',(-0.102691133791569,-0.0106534751415253,0.116973296959268));
#3104=CARTESIAN_POINT('',(-0.104270426002325,-0.0106534751415253,0.116973296959268));
#3105=CARTESIAN_POINT('',(-0.104270426002325,-0.0156697592049838,0.116973296959268));
#3106=CARTESIAN_POINT('',(-0.104270426002325,-0.0206860432684421,0.116973296959268));
#3107=CARTESIAN_POINT('',(-0.102691133791569,-0.0206860432684421,0.116973296959268));
#3108=CARTESIAN_POINT('',(-0.0959325493700569,-0.0206860432684421,0.116973296959268));
#3109=CARTESIAN_POINT('',(-0.097511841580813,-0.0206860432684421,0.116973296959268));
#3110=CARTESIAN_POINT('',(-0.0943532571593008,-0.0206860432684421,0.116973296959268));
#3111=CARTESIAN_POINT('',(-0.097511841580813,-0.0156697592049838,0.116973296959268));
#3112=CARTESIAN_POINT('',(-0.097511841580813,-0.0106534751415253,0.116973296959268));
#3113=CARTESIAN_POINT('',(-0.0959325493700569,-0.0106534751415253,0.116973296959268));
#3114=CARTESIAN_POINT('',(-0.0943532571593008,-0.0106534751415253,0.116973296959268));
#3115=CARTESIAN_POINT('',(-0.0943532571593008,-0.0156697592049838,0.116973296959268));
#3116=MECHANICAL_DESIGN_GEOMETRIC_PRESENTATION_REPRESENTATION('',(#1869),
#3117);
#3117=(
GEOMETRIC_REPRESENTATION_CONTEXT(3)
GLOBAL_UNCERTAINTY_ASSIGNED_CONTEXT((#3118))
GLOBAL_UNIT_ASSIGNED_CONTEXT((#3121,#3120,#3119))
REPRESENTATION_CONTEXT('heater cap 1','TOP_LEVEL_ASSEMBLY_PART')
);
#3118=UNCERTAINTY_MEASURE_WITH_UNIT(LENGTH_MEASURE(1.E-8),#3121,
'DISTANCE_ACCURACY_VALUE','Maximum Tolerance applied to model');
#3119=(
NAMED_UNIT(*)
SI_UNIT($,.STERADIAN.)
SOLID_ANGLE_UNIT()
);
#3120=(
NAMED_UNIT(*)
PLANE_ANGLE_UNIT()
SI_UNIT($,.RADIAN.)
);
#3121=(
LENGTH_UNIT()
NAMED_UNIT(*)
SI_UNIT($,.METRE.)
);
#3122=PRODUCT_DEFINITION_SHAPE('','',#3123);
#3123=PRODUCT_DEFINITION('','',#3125,#3124);
#3124=PRODUCT_DEFINITION_CONTEXT('',#3131,'design');
#3125=PRODUCT_DEFINITION_FORMATION_WITH_SPECIFIED_SOURCE('','',#3127,
 .NOT_KNOWN.);
#3126=PRODUCT_RELATED_PRODUCT_CATEGORY('','',(#3127));
#3127=PRODUCT('heater cap 1','heater cap 1','heater cap 1',(#3129));
#3128=PRODUCT_CATEGORY('','');
#3129=PRODUCT_CONTEXT('',#3131,'mechanical');
#3130=APPLICATION_PROTOCOL_DEFINITION('international standard',
'ap242_managed_model_based_3d_engineering',2020,#3131);
#3131=APPLICATION_CONTEXT('managed model based 3d engineering');
ENDSEC;
END-ISO-10303-21;
